app_id,name,degree,degree_centrality,betweenness_centrality,closeness_centrality,eigenvector,local_clustering_coefficient,global_clustering_coefficient,community
55,sim_55,571,0.1745643534087435,0.022506974948532942,0.5476310061945421,0.09845602428199368,0.11740559805819277,0.19663057526932223,
12,sim_12,562,0.17181290125343932,0.023768282561588184,0.5466243315508021,0.09602415852083336,0.11580109235541515,0.19663057526932223,
1,sim_1,540,0.16508712931825129,0.019585308315803834,0.5448034643570953,0.09587910470415774,0.1248058819487391,0.19663057526932223,
13,sim_13,527,0.16111280953836746,0.018856036450557098,0.5434457551088221,0.09472747734642481,0.12794279983549903,0.19663057526932223,
16,sim_16,525,0.16050137572607764,0.01951347525299607,0.5435360584911931,0.09464091915103925,0.12886223191566704,0.19663057526932223,
11,sim_11,523,0.15988994191378783,0.020746443294953263,0.5431750249086682,0.09293198744443532,0.12558698343626148,0.19663057526932223,
44,sim_44,515,0.15744420666462855,0.01952356929024341,0.5422745358090185,0.09165146179737493,0.12641003362169922,0.19663057526932223,
50,sim_50,507,0.15499847141546927,0.018568733462746186,0.541645967875476,0.09036265639220305,0.12688760514847472,0.19663057526932223,
10,sim_10,502,0.15346988688474472,0.017227807831378016,0.5414666445952657,0.09268295343411324,0.13566492512982004,0.19663057526932223,
14,sim_14,496,0.15163558544787525,0.017905877806403955,0.5403931934577896,0.09150650071107669,0.1350276963180189,0.19663057526932223,
32,sim_32,494,0.15102415163558544,0.01738215566788228,0.540482485128883,0.09085481721550141,0.13493360488129358,0.19663057526932223,
3,sim_3,487,0.14888413329257108,0.01586163704482377,0.5399471772862331,0.09222722907266762,0.14289215064939453,0.19663057526932223,
28,sim_28,476,0.14552124732497707,0.015108909449524355,0.538790973480481,0.09092260995671064,0.14528084918177797,0.19663057526932223,
37,sim_37,461,0.14093549373280342,0.01394943195936447,0.5375513557929334,0.09001104249325023,0.15224936338772047,0.19663057526932223,
8,sim_8,449,0.1372668908590645,0.012644279002554992,0.5364053788127254,0.0898519134054532,0.15938195991091314,0.19663057526932223,
42,sim_42,448,0.1369611739529196,0.012909685541867026,0.5360537528679121,0.09049248808683584,0.16267178012144456,0.19663057526932223,
35,sim_35,445,0.13604402323448486,0.01370007132562323,0.5360537528679121,0.08676335451755442,0.15241421196477375,0.19663057526932223,
9,sim_9,443,0.13543258942219505,0.012211613626119774,0.5357903357903357,0.0894608293676852,0.1631410682001573,0.19663057526932223,
46,sim_46,438,0.1339040048914705,0.013119922862760638,0.5354395154689802,0.08587735401333994,0.15405995632320826,0.19663057526932223,
61,sim_61,437,0.13359828798532558,0.013400094812940497,0.5349141455437448,0.08726636899461868,0.15999412172233535,0.19663057526932223,
36,sim_36,436,0.13329257107918066,0.013493112923295449,0.5352642775323188,0.08462622060662124,0.15141832753348097,0.19663057526932223,
56,sim_56,435,0.13298685417303577,0.013890926910738866,0.5352642775323188,0.0829682848751559,0.14653318502039303,0.19663057526932223,
31,sim_31,430,0.13145826964231122,0.013340621400715841,0.5346518470088264,0.08337571284874695,0.15122242098986285,0.19663057526932223,
26,sim_26,427,0.1305411189238765,0.012437475838039648,0.5344771241830065,0.08298440186181982,0.1513672197117129,0.19663057526932223,
5,sim_5,426,0.13023540201773157,0.012891771285174991,0.5343898055873223,0.0851760725195081,0.16098315382491024,0.19663057526932223,
4,sim_4,420,0.12840110058086213,0.011177388774059997,0.533692282590961,0.08558295343779238,0.16646209796567793,0.19663057526932223,
78,sim_78,419,0.1280953836747172,0.012294255448397975,0.532909742587162,0.07996138892753661,0.14712633177650136,0.19663057526932223,
24,sim_24,418,0.12778966676857229,0.011308220466393619,0.5331703341483293,0.08429187864177291,0.16305807029017935,0.19663057526932223,
54,sim_54,417,0.1274839498624274,0.012391299384400851,0.5333442034893201,0.08226150106689435,0.15603670909426304,0.19663057526932223,
0,sim_0,416,0.12717823295628247,0.012402511719809965,0.5334311806914547,0.08312928529109771,0.16040315106580166,0.19663057526932223,
51,sim_51,416,0.12717823295628247,0.012523632443994067,0.5334311806914547,0.08207121653518532,0.15640639481000926,0.19663057526932223,
6,sim_6,413,0.12626108223784774,0.011751295008248373,0.5334311806914547,0.08297216582406089,0.16213357154611063,0.19663057526932223,
18,sim_18,408,0.12473249770712319,0.012762380298792073,0.5328229353314872,0.08022691439254812,0.1562484944837886,0.19663057526932223,
15,sim_15,408,0.12473249770712319,0.010922048145127915,0.5319564156773459,0.08174504839263776,0.16163222045574988,0.19663057526932223,
2,sim_2,405,0.12381534698868847,0.010828777810137835,0.53247598893049,0.08254392178182009,0.16749786089720084,0.19663057526932223,
324,sim_324,402,0.12289819627025374,0.010865667652733974,0.5319564156773459,0.080412120678772,0.16111462636939988,0.19663057526932223,
21,sim_21,397,0.12136961173952919,0.010899753652134752,0.5319564156773459,0.0817257877036844,0.170457725873343,0.19663057526932223,
71,sim_71,397,0.12136961173952919,0.010970324328330464,0.531178954205911,0.07953894409332686,0.16133628476197745,0.19663057526932223,
19,sim_19,395,0.12075817792723936,0.010352282914943087,0.5316970091027308,0.08103231209842618,0.169350382317034,0.19663057526932223,
45,sim_45,392,0.11984102720880464,0.010568155574504846,0.5314378554021121,0.08032747739021884,0.16946343754893262,0.19663057526932223,
33,sim_33,388,0.118618159584225,0.009697033994389632,0.5308341447581953,0.08217925081168494,0.18101174778230641,0.19663057526932223,
81,sim_81,387,0.1183124426780801,0.011240965029371138,0.5306619078520441,0.07756661365168695,0.16238904285656908,0.19663057526932223,
70,sim_70,379,0.11586670742892081,0.010692350310103224,0.529802397149336,0.07617977634356889,0.16311373567310242,0.19663057526932223,
84,sim_84,377,0.11525527361663099,0.010162051915635378,0.5293736850623079,0.07647634779629667,0.16636096845194423,0.19663057526932223,
82,sim_82,376,0.11494955671048608,0.010219223642960934,0.529630829015544,0.07720360594455444,0.17024113475177305,0.19663057526932223,
47,sim_47,376,0.11494955671048608,0.009925543512169064,0.529630829015544,0.08058436656042098,0.1846241134751773,0.19663057526932223,
76,sim_76,375,0.11464383980434117,0.010764418425889313,0.5295450866116238,0.07726851537858938,0.17163636363636364,0.19663057526932223,
65,sim_65,373,0.11403240599205136,0.009641128872945642,0.5287746524409958,0.07783684660245718,0.1758050102337917,0.19663057526932223,
99,sim_99,370,0.11311525527361663,0.011538988442682838,0.5294593719650372,0.07368229808412612,0.16090236578041456,0.19663057526932223,
41,sim_41,367,0.1121981045551819,0.009578813929602593,0.5288601455133387,0.07772489666616554,0.1812956924405533,0.19663057526932223,
30,sim_30,366,0.11189238764903699,0.008917048936097932,0.5286891870050106,0.07753307613319062,0.18101654315442772,0.19663057526932223,
87,sim_87,362,0.11066952002445735,0.008400814423392234,0.5280917016467549,0.07697880681989434,0.18255000688694695,0.19663057526932223,
74,sim_74,361,0.11036380311831244,0.008974282095000308,0.5280064568200161,0.07609458359190562,0.17973222530009234,0.19663057526932223,
7,sim_7,361,0.11036380311831244,0.008530742090787339,0.5284329563812601,0.0789126370758111,0.1925361649738381,0.19663057526932223,
117,sim_117,359,0.10975236930602261,0.009483060466037231,0.5280917016467549,0.07227998734213395,0.1649211808095112,0.19663057526932223,
96,sim_96,357,0.1091409354937328,0.008771913593255198,0.5268159123852473,0.07456155969781629,0.1765020614987568,0.19663057526932223,
27,sim_27,354,0.10822378477529807,0.008891660127095066,0.5279212395093609,0.07421319861819539,0.1776860165490309,0.19663057526932223,
111,sim_111,348,0.10638948333842861,0.008233544234081014,0.5268159123852473,0.07516202339806252,0.18755175726257908,0.19663057526932223,
49,sim_49,346,0.10577804952613878,0.007824077266868387,0.5264767423145018,0.07359882035287373,0.18291027896456397,0.19663057526932223,
22,sim_22,345,0.10547233261999388,0.009040500177815033,0.5265614938828075,0.0730807586807301,0.18211998651836872,0.19663057526932223,
141,sim_141,338,0.10333231427697952,0.007153191302301152,0.5266462727419096,0.07564837698247175,0.20292170737274595,0.19663057526932223,
161,sim_161,333,0.10180372974625496,0.007851778521197877,0.5256307247308372,0.07323968421745417,0.19624443720829263,0.19663057526932223,
20,sim_20,331,0.10119229593396514,0.0072743490698228734,0.5256307247308372,0.07572628517963911,0.2116451524306509,0.19663057526932223,
200,sim_200,328,0.10027514521553041,0.007247703080624467,0.5240307593719962,0.06694392196169348,0.17020959200417693,0.19663057526932223,
58,sim_58,324,0.09905227759095077,0.007840939483874274,0.525377449405718,0.07018209391037658,0.19057447540419675,0.19663057526932223,
17,sim_17,323,0.09874656068480586,0.007462112603837315,0.5243667842257134,0.07209419335509748,0.20223833240389977,0.19663057526932223,
80,sim_80,322,0.09844084377866096,0.007682691795932756,0.524198717948718,0.06907559003869716,0.18774791509452216,0.19663057526932223,
34,sim_34,322,0.09844084377866096,0.007416033794366446,0.5239468204388915,0.06730053807201777,0.17739594822081617,0.19663057526932223,
86,sim_86,318,0.09721797615408131,0.00740072534554634,0.5244508577841911,0.07020844162318235,0.19850008928039997,0.19663057526932223,
113,sim_113,317,0.09691225924793641,0.006785648838310401,0.5236113334400512,0.0688627387176139,0.19246895340015174,0.19663057526932223,
112,sim_112,315,0.09630082543564658,0.006755141310924201,0.5239468204388915,0.06972578425169178,0.19983823678091195,0.19663057526932223,
198,sim_198,312,0.09538367471721186,0.007492031661806133,0.5231089077242923,0.06666754104155076,0.18521724791821254,0.19663057526932223,
68,sim_68,312,0.09538367471721186,0.007563289575321724,0.5221069433359936,0.06439913209385517,0.1751380987715393,0.19663057526932223,
77,sim_77,310,0.09477224090492203,0.007013797559932871,0.5230252638311481,0.0664763016884654,0.18799457145839857,0.19663057526932223,
53,sim_53,306,0.0935493732803424,0.0064570754463771,0.5227744925683234,0.06730044015734057,0.19592842601521482,0.19663057526932223,
261,sim_261,305,0.09324365637419749,0.007214829695979821,0.5213579853363086,0.06470409705107429,0.18464193270060397,0.19663057526932223,
214,sim_214,305,0.09324365637419749,0.007059727516809407,0.5216905901116428,0.06137980359929677,0.16652286453839515,0.19663057526932223,
57,sim_57,303,0.09263222256190767,0.0057560729502988085,0.5225239616613419,0.06865157642326666,0.20892619063230827,0.19663057526932223,
107,sim_107,300,0.09171507184347294,0.006863619127080227,0.5219403223232807,0.06636850895585335,0.19919732441471572,0.19663057526932223,
116,sim_116,299,0.09140935493732803,0.006161562564710984,0.5221902937420179,0.06633027759646604,0.20064645013579943,0.19663057526932223,
137,sim_137,298,0.09110363803118313,0.006601379795798927,0.5207769463461233,0.06352856065273373,0.18622466273472985,0.19663057526932223,
40,sim_40,297,0.0907979211250382,0.006099360989927513,0.5216905901116428,0.0649698754574761,0.19483119483119482,0.19663057526932223,
97,sim_97,296,0.0904922042188933,0.006019050063082738,0.5205283259070655,0.06494794787194685,0.19745762711864406,0.19663057526932223,
275,sim_275,296,0.0904922042188933,0.0072310051752893425,0.5206111730065256,0.06096978956951838,0.1748969308291342,0.19663057526932223,
67,sim_67,296,0.0904922042188933,0.005454719834181024,0.5219403223232807,0.0673069842480319,0.21126889601465873,0.19663057526932223,
174,sim_174,293,0.08957505350045857,0.006395111146658867,0.5207769463461233,0.06567314664549222,0.20447426247136377,0.19663057526932223,
25,sim_25,293,0.08957505350045857,0.0066250027835996015,0.5202799427389853,0.06262304992797851,0.1874795455608023,0.19663057526932223,
101,sim_101,290,0.08865790278202385,0.005976247123284188,0.5216905901116428,0.06389869001060128,0.19840114544803722,0.19663057526932223,
129,sim_129,288,0.08804646896973402,0.006560602979212995,0.5201144856097949,0.06271630455757145,0.19386372435152924,0.19663057526932223,
192,sim_192,287,0.08774075206358911,0.005695197291417417,0.5192887759961898,0.062408982527429616,0.19339197387977874,0.19663057526932223,
114,sim_114,286,0.0874350351574442,0.005643317024363037,0.5205283259070655,0.06420953177643601,0.2060115323273218,0.19663057526932223,
52,sim_52,284,0.08682360134515438,0.0065735676898821946,0.5205283259070655,0.065138277448408,0.2143283730652466,0.19663057526932223,
94,sim_94,281,0.08590645062671966,0.005776277764098211,0.5201972010178118,0.06208976145077877,0.20055922724961872,0.19663057526932223,
126,sim_126,280,0.08560073372057474,0.006315193959937537,0.5189592257655085,0.058336626783049086,0.17990271377368153,0.19663057526932223,
39,sim_39,278,0.08498929990828492,0.005817153582919484,0.5197013028280902,0.06260995542472683,0.20694491338337273,0.19663057526932223,
23,sim_23,273,0.08346071537756038,0.006080158714286672,0.5189592257655085,0.06180952168480425,0.20924908424908426,0.19663057526932223,
115,sim_115,270,0.08254356465912564,0.005466499240653104,0.5192063492063492,0.06076278291802704,0.20696681811923448,0.19663057526932223,
88,sim_88,269,0.08223784775298074,0.004862289871228078,0.5192887759961898,0.0627187446082936,0.22116184874882094,0.19663057526932223,
494,sim_494,262,0.08009782940996636,0.0058564348313762575,0.5139849151477058,0.05051678750353251,0.1571466175309292,0.19663057526932223,
63,sim_63,261,0.07979211250382146,0.005621679308596618,0.5176451970248457,0.058168431802111946,0.2041556145004421,0.19663057526932223,
29,sim_29,258,0.07887496178538672,0.004523410775169531,0.5183013785453969,0.06345764401280007,0.24598075588936144,0.19663057526932223,
60,sim_60,257,0.07856924487924181,0.0042734031042506735,0.5187946074544013,0.06140130894041447,0.23145671206225682,0.19663057526932223,
305,sim_305,256,0.07826352797309691,0.004563889047008061,0.5167456556082148,0.057984832552314514,0.21014093137254902,0.19663057526932223,
75,sim_75,248,0.07581779272393763,0.0044552545288675475,0.5145508887840177,0.05503808207864994,0.2038657437638762,0.19663057526932223,
48,sim_48,246,0.07520635891164781,0.004076009879692051,0.5162563131313131,0.059489789058034134,0.23839389414302306,0.19663057526932223,
286,sim_286,241,0.07367777438092327,0.004332521023000476,0.5139041633935585,0.053433988742343994,0.20459889349930843,0.19663057526932223,
184,sim_184,240,0.07337205747477835,0.003655345060668792,0.512937117766975,0.05433521526591185,0.2107391910739191,0.19663057526932223,
219,sim_219,239,0.07306634056863344,0.00396113437339716,0.5142273227479957,0.056437139138912,0.22871910270384305,0.19663057526932223,
122,sim_122,239,0.07306634056863344,0.004477427475346604,0.5154427986132997,0.05604516727860571,0.2263281881790373,0.19663057526932223,
85,sim_85,236,0.0721491898501987,0.003843415417017028,0.513581409954467,0.05435057657075198,0.21799495131626398,0.19663057526932223,
224,sim_224,236,0.0721491898501987,0.003710757841541636,0.5140656922835141,0.05289823716087643,0.20670753696357735,0.19663057526932223,
127,sim_127,235,0.0718434729440538,0.0046396018676388385,0.5122142186031945,0.051564498160411504,0.20025459174395344,0.19663057526932223,
226,sim_226,233,0.07123203913176399,0.003917104555188647,0.5128566948886798,0.05277256174496993,0.21363030930886487,0.19663057526932223,
240,sim_240,232,0.07092632222561908,0.004120264525429621,0.512937117766975,0.053588918637004754,0.21980892670547844,0.19663057526932223,
185,sim_185,231,0.07062060531947416,0.003690447965081736,0.514308176100629,0.056229395113365735,0.24291360813099944,0.19663057526932223,
102,sim_102,227,0.06939773769489452,0.003992717256892266,0.5110139040774879,0.050140030382282354,0.20350083817395034,0.19663057526932223,
246,sim_246,225,0.0687863038826047,0.004043843028563021,0.5133396107972379,0.05131947434517527,0.2152777777777778,0.19663057526932223,
38,sim_38,224,0.0684805869764598,0.003634676158526426,0.5118134877171022,0.05235780019549753,0.2255765534913517,0.19663057526932223,
193,sim_193,223,0.06817487007031489,0.003316250694384977,0.5114933541829554,0.05137397177478886,0.2187613622591201,0.19663057526932223,
312,sim_312,219,0.06695200244573525,0.003638590121232751,0.5119737048051338,0.05098659811377767,0.22190105148506556,0.19663057526932223,
249,sim_249,219,0.06695200244573525,0.003771424582440055,0.5115733500156396,0.04949057892132161,0.21272673955846005,0.19663057526932223,
90,sim_90,217,0.06634056863344542,0.0034016000940061105,0.5114133833646028,0.05100607506156352,0.23071343232633557,0.19663057526932223,
180,sim_180,213,0.06511770100886578,0.003443791522628996,0.5106150483921323,0.048774673393252456,0.21746833200460625,0.19663057526932223,
220,sim_220,207,0.06328339957199633,0.003190261684493304,0.5072104202201891,0.04769342571995836,0.22058064818723325,0.19663057526932223,
402,sim_402,206,0.06297768266585142,0.0031020968968187013,0.5066604708798017,0.04480987992541759,0.19824769121477623,0.19663057526932223,
72,sim_72,205,0.0626719657597065,0.0031051150966528904,0.5083929126515387,0.04807524795757432,0.22778574844571975,0.19663057526932223,
166,sim_166,205,0.0626719657597065,0.0032400660309570093,0.508788303002022,0.04766721022972431,0.22649450023912004,0.19663057526932223,
252,sim_252,203,0.06206053194741669,0.003714546951813309,0.5083929126515387,0.04555033797448291,0.2113836999463493,0.19663057526932223,
173,sim_173,202,0.06175481504127178,0.0030735647295695345,0.5069745815251085,0.046906786195223094,0.2254076153884045,0.19663057526932223,
212,sim_212,202,0.06175481504127178,0.002571743680554434,0.5092635839950179,0.05076174187488965,0.2593960888626176,0.19663057526932223,
332,sim_332,197,0.06022623051054723,0.002966395836296089,0.505564142194745,0.04414426005326346,0.21014192479022065,0.19663057526932223,
178,sim_178,196,0.05992051360440232,0.003131680969028603,0.504783950617284,0.04290183104794734,0.20381998953427524,0.19663057526932223,
216,sim_216,192,0.05869764597982268,0.002364391045591048,0.5061117128268606,0.046905805780949224,0.2488001745200698,0.19663057526932223,
43,sim_43,192,0.05869764597982268,0.0030491314322845958,0.5064251432110234,0.044642007136800485,0.22665794066317627,0.19663057526932223,
136,sim_136,192,0.05869764597982268,0.0029016946990094656,0.5050177551335495,0.044189831494325,0.22191317626527052,0.19663057526932223,
288,sim_288,192,0.05869764597982268,0.002595315306975387,0.5051737451737451,0.04396629170693843,0.21825916230366493,0.19663057526932223,
345,sim_345,192,0.05869764597982268,0.0031633328651113086,0.5050957381099445,0.043036520267786114,0.21149650959860383,0.19663057526932223,
131,sim_131,190,0.05808621216753286,0.002565981848337013,0.5075252133436773,0.045955695532321594,0.24494569757727652,0.19663057526932223,
285,sim_285,188,0.05747477835524304,0.002535199413133352,0.5061117128268606,0.04608963125415906,0.2509386733416771,0.19663057526932223,
207,sim_207,188,0.05747477835524304,0.002454477547504834,0.5049397962334053,0.045805139524417754,0.24598930481283424,0.19663057526932223,
128,sim_128,188,0.05747477835524304,0.0029684289689278468,0.5071317829457365,0.046498551234076445,0.2516782341563318,0.19663057526932223,
490,sim_490,186,0.05686334454295322,0.0023011324743374036,0.5061117128268606,0.04516074821366794,0.24469630921243823,0.19663057526932223,
389,sim_389,185,0.056557627636808314,0.0028170054562798408,0.5035406403940886,0.04321092811008923,0.2280258519388954,0.19663057526932223,
182,sim_182,183,0.05594619382451849,0.0023960554519811854,0.505955143078113,0.044680904310509195,0.24782321503632979,0.19663057526932223,
69,sim_69,182,0.05564047691837358,0.001821701983088267,0.5079981363565771,0.04730477790888762,0.2794608706210916,0.19663057526932223,
132,sim_132,182,0.05564047691837358,0.002113728571150817,0.5049397962334053,0.0444468159982314,0.24801165685143586,0.19663057526932223,
183,sim_183,180,0.055029043106083766,0.0020844597958050485,0.5043947571318427,0.043171477094873956,0.24078212290502793,0.19663057526932223,
190,sim_190,180,0.055029043106083766,0.002313524165704017,0.504783950617284,0.04394564869591613,0.25090006207324644,0.19663057526932223,
467,sim_467,180,0.055029043106083766,0.0024275459069151234,0.5019180604572656,0.041247565380841164,0.2233395406579764,0.19663057526932223,
217,sim_217,179,0.05472332619993885,0.0022057295932836054,0.504861861398364,0.04495633970250803,0.26388801707363,0.19663057526932223,
119,sim_119,179,0.05472332619993885,0.0022733526696070133,0.502457757296467,0.04054433678519878,0.2171866172870504,0.19663057526932223,
374,sim_374,176,0.053806175481504126,0.002210286278982845,0.5007654623392529,0.04124216597938395,0.23253246753246753,0.19663057526932223,
186,sim_186,175,0.05350045857535921,0.0023923554049974163,0.5012258657676985,0.03917446770506534,0.21247947454844007,0.19663057526932223,
146,sim_146,175,0.05350045857535921,0.002484497350386781,0.5035406403940886,0.041032186377765956,0.23474548440065682,0.19663057526932223,
155,sim_155,174,0.053194741669214306,0.0023318818377898545,0.4990083905415713,0.03779039929537973,0.20397315792970566,0.19663057526932223,
271,sim_271,173,0.05288902476306939,0.001980600710054292,0.5009188361408882,0.040026814969095006,0.22724828605995429,0.19663057526932223,
269,sim_269,170,0.051971874044634665,0.0028113376066332013,0.49977081741787627,0.037814366596446526,0.21322659241211278,0.19663057526932223,
284,sim_284,168,0.051360440232344845,0.002233423706422557,0.49650880388585306,0.035141731088315364,0.18919304248645566,0.19663057526932223,
274,sim_274,168,0.051360440232344845,0.002308750638233712,0.49650880388585306,0.035724493393020786,0.19510978043912175,0.19663057526932223,
147,sim_147,168,0.051360440232344845,0.0023820821085641943,0.5006121824303642,0.03975158932030705,0.23645566010835473,0.19663057526932223,
103,sim_103,168,0.051360440232344845,0.0024728157018991427,0.5013026819923372,0.03964041121932249,0.23182207014542344,0.19663057526932223,
104,sim_104,167,0.05105472332619994,0.002182737159708747,0.5018410555385088,0.04031303765963969,0.2453646923021427,0.19663057526932223,
251,sim_251,165,0.05044328951391012,0.0016646797227064475,0.497869101978691,0.03922049422555313,0.2367331855136733,0.19663057526932223,
199,sim_199,164,0.050137572607765205,0.002290389760674291,0.5045503624865032,0.041722949522681865,0.2664970821487356,0.19663057526932223,
167,sim_167,164,0.050137572607765205,0.0021287852275798705,0.49733921240687246,0.03746489474933255,0.22250486308544068,0.19663057526932223,
105,sim_105,164,0.050137572607765205,0.002006085488203838,0.50099555827845,0.038817456465594244,0.2345503516384857,0.19663057526932223,
239,sim_239,163,0.0498318557016203,0.0017596102694641947,0.5030759766225776,0.04251465732009684,0.28054230099219873,0.19663057526932223,
98,sim_98,163,0.0498318557016203,0.002101790310028411,0.49969446990528565,0.037967928885231025,0.23244717109747784,0.19663057526932223,
399,sim_399,162,0.049526138795475384,0.002415167704871651,0.49802070645554203,0.036268616238457785,0.2139406487232574,0.19663057526932223,
621,sim_621,161,0.04922042188933048,0.001935491816732806,0.497112462006079,0.03724685793755662,0.22709627329192547,0.19663057526932223,
243,sim_243,160,0.048914704983185564,0.0019039900781958805,0.50099555827845,0.03961916929941205,0.2578616352201258,0.19663057526932223,
62,sim_62,160,0.048914704983185564,0.0013860514312806376,0.502457757296467,0.04254752939832425,0.29135220125786165,0.19663057526932223,
281,sim_281,160,0.048914704983185564,0.001961633774639483,0.49538088747539,0.03623454218501303,0.219811320754717,0.19663057526932223,
59,sim_59,159,0.04860898807704066,0.002327577450098725,0.5006121824303642,0.039852736669722985,0.259692699625826,0.19663057526932223,
354,sim_354,159,0.04860898807704066,0.0019166893777640595,0.49269468293417684,0.03392228622534747,0.20014330069262,0.19663057526932223,
344,sim_344,159,0.04860898807704066,0.001939694800695683,0.49733921240687246,0.03670267182300596,0.22832577024122283,0.19663057526932223,
208,sim_208,158,0.04830327117089575,0.00191306060024138,0.4960570215347285,0.03723043288707716,0.23679754898008545,0.19663057526932223,
273,sim_273,157,0.04799755426475084,0.002215026106052713,0.4910674072962018,0.03301708149074434,0.19067450596113017,0.19663057526932223,
418,sim_418,157,0.04799755426475084,0.00207063491299566,0.49523088569265705,0.03472336309525671,0.21304915890903153,0.19663057526932223,
142,sim_142,156,0.04769183735860593,0.0017677173307586187,0.4921017000150444,0.03353999910330722,0.2001654259718776,0.19663057526932223,
326,sim_326,155,0.04738612045246102,0.0017591333770146844,0.49470659407138534,0.034732927607128664,0.21675743611227483,0.19663057526932223,
228,sim_228,155,0.04738612045246102,0.0016712368978496189,0.49832419256550886,0.038507125289708725,0.2568077084206116,0.19663057526932223,
172,sim_172,154,0.04708040354631611,0.0017020610756282206,0.4968104495747266,0.0376478862744019,0.2523554876496053,0.19663057526932223,
135,sim_135,153,0.0467746866401712,0.0020289243125457264,0.49718802249582006,0.037137258607182845,0.250687994496044,0.19663057526932223,
92,sim_92,152,0.04646896973402629,0.0015950387783591636,0.5017640742445161,0.04092835598967342,0.29635761589403975,0.19663057526932223,
118,sim_118,152,0.04646896973402629,0.0014529974296211621,0.49688591827434303,0.03826038065098917,0.26734053677239455,0.19663057526932223,
278,sim_278,151,0.046163252827881376,0.0015782278758417223,0.5013026819923372,0.039683147846183056,0.28582781456953643,0.19663057526932223,
531,sim_531,151,0.046163252827881376,0.0013717400018470993,0.497641868248897,0.03810802552770007,0.2698454746136865,0.19663057526932223,
89,sim_89,151,0.046163252827881376,0.0018956897666207672,0.492991710625471,0.03458977191928177,0.22498896247240618,0.19663057526932223,
159,sim_159,151,0.046163252827881376,0.0013765325765876266,0.49916068976041506,0.03967322154691565,0.2900662251655629,0.19663057526932223,
106,sim_106,149,0.04555181901559156,0.0014453107711702258,0.5003824384274131,0.04099932687167417,0.31208053691275167,0.19663057526932223,
459,sim_459,149,0.04555181901559156,0.001565732235048358,0.4981724032896741,0.036857201034556863,0.2570288409214584,0.19663057526932223,
298,sim_298,148,0.04524610210944665,0.0016303582003070634,0.49523088569265705,0.03586226137884807,0.24692038977753264,0.19663057526932223,
188,sim_188,148,0.04524610210944665,0.0015530798185801288,0.49410876132930515,0.03572129719160598,0.24848317705460563,0.19663057526932223,
539,sim_539,148,0.04524610210944665,0.0014470334749535933,0.4931403588120006,0.03380095989674719,0.22448979591836735,0.19663057526932223,
247,sim_247,148,0.04524610210944665,0.0013182385518021118,0.497112462006079,0.038840577678025234,0.28975914690200405,0.19663057526932223,
204,sim_204,146,0.04463466829715683,0.00199225001383514,0.492991710625471,0.03437832686949646,0.2358053849787435,0.19663057526932223,
464,sim_464,144,0.04402323448486701,0.001503797925557275,0.49062546872656365,0.0332403300596331,0.2270784770784771,0.19663057526932223,
91,sim_91,144,0.04402323448486701,0.0019730124238994478,0.4917318099819603,0.032143872061645,0.21736596736596736,0.19663057526932223,
149,sim_149,143,0.0437175175787221,0.001558604233938159,0.4921017000150444,0.0328961502912232,0.2246626612823796,0.19663057526932223,
365,sim_365,140,0.04280036686028737,0.001502707018829624,0.4914362980769231,0.03167358057049771,0.22404933196300103,0.19663057526932223,
151,sim_151,140,0.04280036686028737,0.0009172839199606638,0.49931308197221796,0.0390077323983189,0.31778006166495376,0.19663057526932223,
967,sim_967,140,0.04280036686028737,0.0015706740160330642,0.4890118104350426,0.03027572595530131,0.2065775950668037,0.19663057526932223,
564,sim_564,139,0.04249464995414246,0.0014589942691356768,0.4876994185179663,0.03152686685328744,0.2276092169742467,0.19663057526932223,
565,sim_565,139,0.04249464995414246,0.0015372122723062499,0.4956060606060606,0.03496841265500516,0.2644145553122719,0.19663057526932223,
175,sim_175,138,0.042188933047997555,0.0012646347111771594,0.4944822373393802,0.035299996831994675,0.2752565323177827,0.19663057526932223,
541,sim_541,137,0.04188321614185264,0.0015051936143102853,0.49410876132930515,0.03360262708337297,0.25364963503649635,0.19663057526932223,
362,sim_362,136,0.041577499235707735,0.0014527297596802003,0.49047833258359574,0.03285031378162493,0.2526143790849673,0.19663057526932223,
811,sim_811,136,0.041577499235707735,0.0012896992269465662,0.4890118104350426,0.03207977451917519,0.23638344226579522,0.19663057526932223,
398,sim_398,136,0.041577499235707735,0.0014321329391802657,0.49321471652593485,0.034697402257021955,0.27647058823529413,0.19663057526932223,
109,sim_109,135,0.04127178232956282,0.0014296249788084826,0.48748137108792844,0.030572795500402736,0.22410171365395246,0.19663057526932223,
205,sim_205,135,0.04127178232956282,0.0015193814139278779,0.4866111276405832,0.02961467802556495,0.2150359314538419,0.19663057526932223,
383,sim_383,134,0.040966065423417915,0.0013197428287354106,0.4895973656638228,0.03262239001439048,0.2554146560430928,0.19663057526932223,
407,sim_407,133,0.040660348517273,0.0012994097235202423,0.4935123717561859,0.03427392224639989,0.2781954887218045,0.19663057526932223,
293,sim_293,133,0.040660348517273,0.0014167897596056823,0.4890118104350426,0.03113719039051887,0.23763955342902712,0.19663057526932223,
387,sim_387,131,0.04004891470498318,0.0018161904056141788,0.49121489713170147,0.031352767826087466,0.24885496183206107,0.19663057526932223,
445,sim_445,130,0.039743197798838274,0.0012512640255075902,0.4882818331094193,0.03163070415439775,0.2579606440071556,0.19663057526932223,
396,sim_396,130,0.039743197798838274,0.0014365789910968936,0.487917661097852,0.030493131651429747,0.237567084078712,0.19663057526932223,
357,sim_357,130,0.039743197798838274,0.0010453076385795628,0.4864663890541344,0.031005541274837588,0.24925462134764462,0.19663057526932223,
514,sim_514,129,0.03943748089269336,0.001235410873117522,0.4882089552238806,0.03185583228792957,0.26356589147286824,0.19663057526932223,
215,sim_215,129,0.03943748089269336,0.001311493620035624,0.48704586063132815,0.029626787301410152,0.22940891472868216,0.19663057526932223,
679,sim_679,129,0.03943748089269336,0.0012092663827640894,0.4888656404124944,0.031243808437815775,0.250484496124031,0.19663057526932223,
144,sim_144,129,0.03943748089269336,0.0013290579985623752,0.4885735623599701,0.030992807616836714,0.24588178294573643,0.19663057526932223,
242,sim_242,129,0.03943748089269336,0.0012516747940673116,0.4890849282296651,0.03134856950592009,0.2552083333333333,0.19663057526932223,
303,sim_303,129,0.03943748089269336,0.0013803951397028812,0.4864663890541344,0.02927365278842671,0.22759205426356588,0.19663057526932223,
266,sim_266,129,0.03943748089269336,0.0011902167898842954,0.4895240945824603,0.03258554590975936,0.2759205426356589,0.19663057526932223,
262,sim_262,128,0.039131763986548454,0.001139466518914064,0.4882089552238806,0.031465431383633925,0.2607037401574803,0.19663057526932223,
209,sim_209,128,0.039131763986548454,0.001441706480705669,0.48871955774689974,0.030783742388211716,0.2471702755905512,0.19663057526932223,
143,sim_143,127,0.03882604708040355,0.0014162764421947157,0.4914362980769231,0.032530615704416115,0.27671541057367827,0.19663057526932223,
397,sim_397,126,0.038520330174258634,0.0016265624981668379,0.4855997624703088,0.02777721341575584,0.21396825396825397,0.19663057526932223,
299,sim_299,126,0.038520330174258634,0.0012697737983906952,0.49262048192771085,0.03271940889505173,0.2866031746031746,0.19663057526932223,
73,sim_73,125,0.03821461326811373,0.0014184883384442395,0.4886465491484912,0.030476404921911848,0.24941935483870967,0.19663057526932223,
619,sim_619,124,0.037908896361968814,0.0013117441842356691,0.4831610044313146,0.027777386656100682,0.21780750065565171,0.19663057526932223,
322,sim_322,124,0.037908896361968814,0.0013559777166441882,0.484879928846724,0.028450810047016505,0.23210070810385522,0.19663057526932223,
333,sim_333,124,0.037908896361968814,0.0012581837015581186,0.48102941176470587,0.02829217666624342,0.23144505638604773,0.19663057526932223,
291,sim_291,123,0.03760317945582391,0.0009505103141760065,0.49114114114114116,0.03300576966684787,0.3000133280021325,0.19663057526932223,
701,sim_701,123,0.03760317945582391,0.0011019154144773608,0.4850237247924081,0.028737448835293018,0.23910435825669732,0.19663057526932223,
717,sim_717,123,0.03760317945582391,0.001165755384693531,0.4864663890541344,0.03140147292048262,0.27828868452618954,0.19663057526932223,
752,sim_752,121,0.03699174564353409,0.0012612272896540858,0.4811709326272433,0.026137372897917156,0.2071625344352617,0.19663057526932223,
254,sim_254,121,0.03699174564353409,0.001161187767663707,0.48974397364874983,0.03100298834230232,0.2768595041322314,0.19663057526932223,
294,sim_294,120,0.03668602873738917,0.001062229510509691,0.48466439472514444,0.028389679160894202,0.24145658263305322,0.19663057526932223,
194,sim_194,120,0.03668602873738917,0.0011279581137196052,0.4890849282296651,0.031215674493843708,0.2837535014005602,0.19663057526932223,
696,sim_696,120,0.03668602873738917,0.0013170655010828522,0.4785662033650329,0.02544456230386797,0.20140056022408964,0.19663057526932223,
1309,sim_1309,120,0.03668602873738917,0.0013805597155775947,0.4711219933746219,0.022084997265342333,0.15756302521008403,0.19663057526932223,
232,sim_232,119,0.036380311831244266,0.0011197639703247567,0.48152509936699545,0.02736883215764224,0.2321606608745193,0.19663057526932223,
366,sim_366,119,0.036380311831244266,0.001082003547257432,0.48216391509433965,0.027901687534136865,0.24184589089873237,0.19663057526932223,
170,sim_170,119,0.036380311831244266,0.000808510881130553,0.4933634992458522,0.03515477723243179,0.359635379575559,0.19663057526932223,
343,sim_343,119,0.036380311831244266,0.001254455885604006,0.4885735623599701,0.029957775960092924,0.2743198974505056,0.19663057526932223,
256,sim_256,117,0.035768878018954446,0.0010312466615026816,0.489377618192699,0.03017726974694246,0.28485116416150896,0.19663057526932223,
130,sim_130,117,0.035768878018954446,0.001159767514893011,0.48733611442193087,0.029553171044912036,0.27276746242263483,0.19663057526932223,
95,sim_95,116,0.03546316111280954,0.0010012441893450547,0.4882818331094193,0.030393415443856375,0.2886056971514243,0.19663057526932223,
813,sim_813,116,0.03546316111280954,0.0009509060376778142,0.48762671437090044,0.02987310906919509,0.2845577211394303,0.19663057526932223,
282,sim_282,116,0.03546316111280954,0.0008885670376921297,0.4909200060033018,0.031568540920985565,0.30884557721139433,0.19663057526932223,
874,sim_874,115,0.035157444206664626,0.0011203043666598333,0.47997065297138664,0.02708576307758611,0.2418001525553013,0.19663057526932223,
120,sim_120,115,0.035157444206664626,0.0010818718598717544,0.48380417098062417,0.028322272284669468,0.26193745232646837,0.19663057526932223,
328,sim_328,115,0.035157444206664626,0.0009137915102773425,0.4863217365447517,0.029282911869690318,0.2785659801678108,0.19663057526932223,
423,sim_423,115,0.035157444206664626,0.0009516714080195614,0.48473621813870776,0.02927676619537802,0.2793287566742944,0.19663057526932223,
83,sim_83,114,0.03485172730051972,0.0009839006514142695,0.4785662033650329,0.026033494057249636,0.23303834808259588,0.19663057526932223,
382,sim_382,114,0.03485172730051972,0.0010127272857956221,0.4728245157559988,0.023523592559930383,0.19934792734047507,0.19663057526932223,
168,sim_168,114,0.03485172730051972,0.0010850895730004377,0.4901843248913532,0.03118738165881665,0.31252911038658593,0.19663057526932223,
223,sim_223,113,0.034546010394374806,0.0009268566203620688,0.48617717003567185,0.02957278728459164,0.29377370417193427,0.19663057526932223,
356,sim_356,113,0.034546010394374806,0.0010112584863358524,0.4813125367863449,0.028324207826598415,0.2729140328697851,0.19663057526932223,
330,sim_330,113,0.034546010394374806,0.0009587965482698956,0.4794078850945332,0.026594806448917117,0.2402022756005057,0.19663057526932223,
253,sim_253,112,0.0342402934882299,0.0010250253696727114,0.4786362306116476,0.026913264435881594,0.24983912483912485,0.19663057526932223,
479,sim_479,112,0.0342402934882299,0.000787734267220698,0.48755403189745117,0.02916308059676508,0.2849099099099099,0.19663057526932223,
308,sim_308,112,0.0342402934882299,0.0008597010398922444,0.48308964702407325,0.029153085994141344,0.2924710424710425,0.19663057526932223,
125,sim_125,112,0.0342402934882299,0.0008022024936119727,0.4900374531835206,0.031138423309793977,0.32625482625482627,0.19663057526932223,
408,sim_408,111,0.033934576582084985,0.0010019247832437545,0.4831610044313146,0.026951248109651434,0.25356265356265356,0.19663057526932223,
201,sim_201,110,0.03362885967594008,0.0007535491026475103,0.4858882947118241,0.030230506642799474,0.3175979983319433,0.19663057526932223,
831,sim_831,110,0.03362885967594008,0.0009766707935864643,0.483375203191961,0.02691231463116624,0.2610508757297748,0.19663057526932223,
461,sim_461,109,0.033323142769795165,0.0009156450491483855,0.48011155144576545,0.027060577241940893,0.2691131498470948,0.19663057526932223,
347,sim_347,109,0.033323142769795165,0.0009833539737205408,0.4766831827455552,0.025405792335514914,0.24277947672443084,0.19663057526932223,
327,sim_327,109,0.033323142769795165,0.0007719170484880454,0.475574294853155,0.025508781338417604,0.2415902140672783,0.19663057526932223,
211,sim_211,109,0.033323142769795165,0.0008896529900030488,0.48416222616933097,0.02829947416804508,0.2832144070676181,0.19663057526932223,
156,sim_156,108,0.03301742586365026,0.0008898358958798822,0.4769612131816856,0.025921935979384986,0.254932502596054,0.19663057526932223,
475,sim_475,108,0.03301742586365026,0.001010907560074419,0.47241478913922585,0.0238245025825495,0.21928002769124263,0.19663057526932223,
233,sim_233,108,0.03301742586365026,0.0007973389520394182,0.485960481354925,0.030332068394539936,0.33402561439944617,0.19663057526932223,
244,sim_244,108,0.03301742586365026,0.0006366413270039878,0.48574398574398575,0.03159101640949789,0.36171685704395984,0.19663057526932223,
181,sim_181,107,0.032711708957505345,0.0009384330907593789,0.4749528096413533,0.025240719020181088,0.24880973373302767,0.19663057526932223,
276,sim_276,107,0.032711708957505345,0.0009208956837135631,0.4738519484282196,0.024396067930354787,0.2317051666372774,0.19663057526932223,
481,sim_481,106,0.03240599205136044,0.0009028913170601484,0.4813125367863449,0.02660308422895544,0.26864330637915546,0.19663057526932223,
358,sim_358,105,0.03210027514521553,0.0008976122304356698,0.4781464698143546,0.025088025972277977,0.2518315018315018,0.19663057526932223,
639,sim_639,104,0.03179455823907062,0.0007497225031135595,0.4786362306116476,0.02626127016742139,0.2813666915608663,0.19663057526932223,
906,sim_906,103,0.03148884133292571,0.000900024752633414,0.4746771150776375,0.02358902810881798,0.24100513992004569,0.19663057526932223,
385,sim_385,103,0.03148884133292571,0.0006603787640803362,0.48102941176470587,0.027434704328213298,0.3074433656957929,0.19663057526932223,
829,sim_829,103,0.03148884133292571,0.0009598213648432778,0.4716654650324441,0.02244972394548999,0.21739958119169997,0.19663057526932223,
608,sim_608,103,0.03148884133292571,0.0008940306708810309,0.47488385598141697,0.02419139569568436,0.24462212069293737,0.19663057526932223,
177,sim_177,103,0.03148884133292571,0.0006669274817074296,0.4827331759149941,0.02851225360128874,0.32609937178755,0.19663057526932223,
222,sim_222,102,0.031183124426780798,0.0006876772299122296,0.48138337012509197,0.026587847765403846,0.2919821393904096,0.19663057526932223,
598,sim_598,102,0.031183124426780798,0.0008362971136140358,0.476544289044289,0.02473451483027784,0.2616967579110852,0.19663057526932223,
361,sim_361,102,0.031183124426780798,0.0007081377872353776,0.48011155144576545,0.027121155001832653,0.30324208891477383,0.19663057526932223,
349,sim_349,102,0.031183124426780798,0.0007735209898052505,0.47982983717177646,0.02573609290868557,0.275674626286158,0.19663057526932223,
463,sim_463,102,0.031183124426780798,0.0008043501345199672,0.47522882464041843,0.024510628301966708,0.2572316055134925,0.19663057526932223,
307,sim_307,102,0.031183124426780798,0.000849869872377226,0.481241724290128,0.02624221650759732,0.2816928751698699,0.19663057526932223,
419,sim_419,102,0.031183124426780798,0.0009076280857034366,0.4780765857936276,0.02497562366894975,0.2657736361871481,0.19663057526932223,
165,sim_165,101,0.03087740752063589,0.0008700690155894312,0.4787062783550417,0.024453580588328628,0.25722772277227723,0.19663057526932223,
411,sim_411,101,0.03087740752063589,0.0006988108917993512,0.4745393877847091,0.025036210890163994,0.2734653465346535,0.19663057526932223,
851,sim_851,101,0.03087740752063589,0.0008479795523258006,0.4680881511161992,0.021169544236568538,0.201980198019802,0.19663057526932223,
478,sim_478,100,0.03057169061449098,0.0009635037209102466,0.4741266850268155,0.023051930413740547,0.23333333333333334,0.19663057526932223,
1050,sim_1050,100,0.03057169061449098,0.0007817519146011768,0.4585085506027474,0.018094364499364413,0.16303030303030303,0.19663057526932223,
325,sim_325,99,0.03026597370834607,0.0008214377807302006,0.4737833140208575,0.0230801507529332,0.24118738404452691,0.19663057526932223,
454,sim_454,99,0.03026597370834607,0.0007844455156591736,0.47835624451594033,0.024805087083672153,0.27705627705627706,0.19663057526932223,
290,sim_290,99,0.03026597370834607,0.0006158256761452296,0.48187978786093105,0.027306063645697626,0.33601319315605027,0.19663057526932223,
529,sim_529,98,0.02996025680220116,0.0007249242922978425,0.4747460087082729,0.02416878795743364,0.2730906795707974,0.19663057526932223,
414,sim_414,98,0.02996025680220116,0.0007636512172961232,0.4768221574344023,0.023586982742506573,0.2646749421418052,0.19663057526932223,
442,sim_442,97,0.02965453989605625,0.000570950884293081,0.4764748725418791,0.025352478572590424,0.3024054982817869,0.19663057526932223,
321,sim_321,97,0.02965453989605625,0.0005261617626121824,0.4787763466042155,0.025919214294329387,0.311426116838488,0.19663057526932223,
711,sim_711,97,0.02965453989605625,0.000816095275351193,0.4689605734767025,0.021827345162445527,0.2347508591065292,0.19663057526932223,
684,sim_684,97,0.02965453989605625,0.0012330699226439491,0.46496090973702914,0.019798098565356425,0.20210481099656358,0.19663057526932223,
241,sim_241,96,0.02934882298991134,0.0005941849664899824,0.4764748725418791,0.025584417543164234,0.3094298245614035,0.19663057526932223,
410,sim_410,96,0.02934882298991134,0.0008487966773826198,0.4664860239589276,0.020770238817889503,0.20942982456140352,0.19663057526932223,
100,sim_100,95,0.02904310608376643,0.000634406496932288,0.4716654650324441,0.0236591017175897,0.2701007838745801,0.19663057526932223,
591,sim_591,95,0.02904310608376643,0.0007473057665465292,0.47037676157607133,0.023236070605657917,0.264501679731243,0.19663057526932223,
759,sim_759,95,0.02904310608376643,0.0006712451610138827,0.47241478913922585,0.023235821040462356,0.2671892497200448,0.19663057526932223,
1196,sim_1196,94,0.02873738917762152,0.0008276145615918674,0.46775346775346777,0.021222138430017135,0.23221230839624799,0.19663057526932223,
238,sim_238,94,0.02873738917762152,0.0005376166086638092,0.4739892769163889,0.024656525643751016,0.30084648821779914,0.19663057526932223,
597,sim_597,94,0.02873738917762152,0.0006575814794744755,0.4689605734767025,0.022246354539801744,0.2525737817433082,0.19663057526932223,
552,sim_552,93,0.02843167227147661,0.0006539088796473629,0.46595441595441595,0.02121321371540769,0.24146797568957457,0.19663057526932223,
311,sim_311,93,0.02843167227147661,0.0008244451940837653,0.46370853416501273,0.02067855948650443,0.23398784478728377,0.19663057526932223,
517,sim_517,93,0.02843167227147661,0.0009337694356192211,0.4696338837042355,0.022567042799624515,0.26718092566619916,0.19663057526932223,
428,sim_428,93,0.02843167227147661,0.0007407131602872914,0.470782959124928,0.02206162266911212,0.2540906965871903,0.19663057526932223,
1069,sim_1069,93,0.02843167227147661,0.000617942629851087,0.4662865288667142,0.02057814801771133,0.22230014025245443,0.19663057526932223,
346,sim_346,93,0.02843167227147661,0.0005120488911621927,0.47371469949312095,0.024418974117689587,0.3024777933613838,0.19663057526932223,
235,sim_235,92,0.0281259553653317,0.0004951220261610482,0.47316649790250254,0.024188136410064804,0.3067367415193502,0.19663057526932223,
771,sim_771,92,0.0281259553653317,0.0007428603095308118,0.45857283050609843,0.01816112637770261,0.19206880076445293,0.19663057526932223,
248,sim_248,92,0.0281259553653317,0.0007217197316009972,0.46608720433171846,0.02067331238979502,0.23769708552317248,0.19663057526932223,
355,sim_355,91,0.02782023845918679,0.000538467286205223,0.4739892769163889,0.023646799131534585,0.2962148962148962,0.19663057526932223,
785,sim_785,91,0.02782023845918679,0.0006824891500188829,0.4658880501353084,0.020078625451843756,0.21831501831501832,0.19663057526932223,
336,sim_336,90,0.027514521553041883,0.000586928594641563,0.47227837135431705,0.022923045897343133,0.282896379525593,0.19663057526932223,
855,sim_855,90,0.027514521553041883,0.000580017165644894,0.470782959124928,0.02285862208097987,0.27815230961298376,0.19663057526932223,
351,sim_351,90,0.027514521553041883,0.0008291598544533399,0.4678203661327231,0.0215102889295923,0.26541822721598,0.19663057526932223,
237,sim_237,90,0.027514521553041883,0.0008507382092498701,0.47227837135431705,0.02228520267326179,0.27265917602996254,0.19663057526932223,
213,sim_213,89,0.027208804646896973,0.0005161153038435449,0.4711898588303083,0.023053022524615368,0.2982635342185904,0.19663057526932223,
124,sim_124,89,0.027208804646896973,0.0005780369669101516,0.4747460087082729,0.02495340956323467,0.3368232890704801,0.19663057526932223,
157,sim_157,89,0.027208804646896973,0.0005103464489396715,0.4789165446559297,0.025895516194213427,0.35444330949948927,0.19663057526932223,
845,sim_845,88,0.026903087740752063,0.0005661534916307186,0.46489482660602616,0.02033159090208092,0.2473876698014629,0.19663057526932223,
245,sim_245,88,0.026903087740752063,0.0006855687602232998,0.4713256484149856,0.021981920653805793,0.2727272727272727,0.19663057526932223,
320,sim_320,88,0.026903087740752063,0.0006154541909138901,0.47037676157607133,0.021759152013865666,0.26515151515151514,0.19663057526932223,
441,sim_441,88,0.026903087740752063,0.0005193012729759148,0.47723956813539536,0.024254622084274337,0.33072100313479624,0.19663057526932223,
492,sim_492,87,0.026597370834607153,0.0006813393602867087,0.4706474820143885,0.022667467218557287,0.2943063352044908,0.19663057526932223,
602,sim_602,87,0.026597370834607153,0.0005993748897828658,0.46357709750566894,0.020072062210959068,0.24325046778936113,0.19663057526932223,
268,sim_268,86,0.026291653928462243,0.0006473608555870988,0.470106352400115,0.022030760334221508,0.2837209302325581,0.19663057526932223,
640,sim_640,86,0.026291653928462243,0.000635309368579524,0.46154931564837026,0.018490083566917868,0.21751025991792067,0.19663057526932223,
543,sim_543,86,0.026291653928462243,0.00079960286629393,0.4711898588303083,0.021610144935030495,0.28098495212038305,0.19663057526932223,
426,sim_426,86,0.026291653928462243,0.0006671142432807193,0.46194040389775454,0.019812473690933786,0.24404924760601915,0.19663057526932223,
164,sim_164,85,0.025985937022317333,0.0005180248103115513,0.4781464698143546,0.025137325977048867,0.3711484593837535,0.19663057526932223,
263,sim_263,85,0.025985937022317333,0.0005865018145087389,0.4620056497175141,0.01988503470921426,0.2434173669467787,0.19663057526932223,
444,sim_444,85,0.025985937022317333,0.0005072478734372785,0.470038798677971,0.021906867790516055,0.28991596638655465,0.19663057526932223,
700,sim_700,85,0.025985937022317333,0.0006943255312648258,0.46038001407459533,0.019342211396997544,0.24593837535014004,0.19663057526932223,
536,sim_536,84,0.025680220116172423,0.0006796187393849255,0.45793084138317236,0.0184353996229827,0.22518646012621915,0.19663057526932223,
279,sim_279,83,0.025374503210027512,0.00038360057848016747,0.4695664656904967,0.022627144476194953,0.3253012048192771,0.19663057526932223,
339,sim_339,83,0.025374503210027512,0.0006140705194433992,0.463840045377198,0.01934140807542949,0.2509550396708786,0.19663057526932223,
601,sim_601,83,0.025374503210027512,0.0004967563103766255,0.46194040389775454,0.020502540119883,0.2785777255362915,0.19663057526932223,
775,sim_775,83,0.025374503210027512,0.0005607545378731371,0.46370853416501273,0.020399760817465282,0.2832794593006171,0.19663057526932223,
145,sim_145,83,0.025374503210027512,0.00041667703337821535,0.4672857142857143,0.022481469106441436,0.32324419629738466,0.19663057526932223,
632,sim_632,82,0.025068786303882602,0.00042919403970504837,0.4663530082691759,0.02035350280522607,0.27883167720566093,0.19663057526932223,
1221,sim_1221,82,0.025068786303882602,0.0005691463895458501,0.4629865534324133,0.0189751626809584,0.2517314062029509,0.19663057526932223,
437,sim_437,81,0.024763069397737692,0.0004262421470206586,0.46936432773712156,0.022125349740599494,0.32222222222222224,0.19663057526932223,
500,sim_500,81,0.024763069397737692,0.0005328665633195161,0.46489482660602616,0.019735543097062387,0.2722222222222222,0.19663057526932223,
123,sim_123,81,0.024763069397737692,0.00036576092315638437,0.4745393877847091,0.024188202027037354,0.3802469135802469,0.19663057526932223,
431,sim_431,80,0.024457352491592782,0.0005832187621719374,0.46141910001410635,0.018510403355009183,0.24240506329113923,0.19663057526932223,
731,sim_731,80,0.024457352491592782,0.00045589806236191304,0.45474767134714306,0.01680086905445227,0.22120253164556963,0.19663057526932223,
267,sim_267,80,0.024457352491592782,0.0005060635335114133,0.46038001407459533,0.018066152271465612,0.24113924050632912,0.19663057526932223,
196,sim_196,79,0.024151635585447875,0.0004418605192704241,0.46929698708751794,0.021312177170087005,0.32294709509899383,0.19663057526932223,
1199,sim_1199,79,0.024151635585447875,0.000553403878464234,0.4543055555555556,0.017100600559511726,0.23596234988640052,0.19663057526932223,
1645,sim_1645,79,0.024151635585447875,0.0005032802357976239,0.45607919687674287,0.018089069473602663,0.25381369685167154,0.19663057526932223,
309,sim_309,79,0.024151635585447875,0.0004106416898237895,0.46768658850443234,0.02116000215010727,0.31678026614735477,0.19663057526932223,
497,sim_497,79,0.024151635585447875,0.0004497740873901523,0.46688552669140737,0.02044046122239962,0.2891918208373905,0.19663057526932223,
749,sim_749,79,0.024151635585447875,0.0004923009616829324,0.4588945005611672,0.018694716759892874,0.2557611165206102,0.19663057526932223,
380,sim_380,78,0.023845918679302965,0.0005104908798476099,0.46922966575814085,0.020731944579289473,0.31834831834831834,0.19663057526932223,
348,sim_348,78,0.023845918679302965,0.00046807307186329375,0.46331444759206797,0.019736205100259044,0.2863802863802864,0.19663057526932223,
716,sim_716,76,0.023234484867013145,0.00040601825903320386,0.46608720433171846,0.02111324907037891,0.3452631578947368,0.19663057526932223,
457,sim_457,76,0.023234484867013145,0.00043083085041237934,0.46476271668087527,0.019511316096034282,0.29578947368421055,0.19663057526932223,
827,sim_827,76,0.023234484867013145,0.0003295618472949971,0.4661536269060852,0.021158489151636758,0.34421052631578947,0.19663057526932223,
755,sim_755,75,0.022928767960868235,0.00040781169836765467,0.4525456557830659,0.01699789107193939,0.25045045045045045,0.19663057526932223,
310,sim_310,75,0.022928767960868235,0.0004517423984614184,0.4569073893001816,0.017291535149976025,0.2508108108108108,0.19663057526932223,
296,sim_296,75,0.022928767960868235,0.00029726493027335986,0.46902781760825923,0.021954456208357974,0.36576576576576575,0.19663057526932223,
225,sim_225,74,0.022623051054723325,0.0004243142146181158,0.45825161109554496,0.018266986487408352,0.2876712328767123,0.19663057526932223,
495,sim_495,74,0.022623051054723325,0.000369515378307972,0.4560156141084623,0.0175970047818541,0.25990373935579414,0.19663057526932223,
477,sim_477,74,0.022623051054723325,0.000366640248140644,0.46875895672112355,0.021206676393226712,0.35431321732691595,0.19663057526932223,
179,sim_179,74,0.022623051054723325,0.0003413438435006647,0.46489482660602616,0.02041701692089498,0.33469085523880043,0.19663057526932223,
496,sim_496,74,0.022623051054723325,0.0004207664361149682,0.45620641562064157,0.017039173772051226,0.24953720844131802,0.19663057526932223,
66,sim_66,73,0.022317334148578415,0.0002273286758917451,0.46788728365040766,0.021671005594395124,0.3797564687975647,0.19663057526932223,
456,sim_456,73,0.022317334148578415,0.0005604617480432957,0.4537383825773339,0.016852255344409497,0.258751902587519,0.19663057526932223,
687,sim_687,73,0.022317334148578415,0.0004625530283357601,0.4592166222097431,0.018674059305908902,0.2907153729071537,0.19663057526932223,
292,sim_292,73,0.022317334148578415,0.0003689829423996894,0.4627245720752582,0.019920137622352178,0.3302891933028919,0.19663057526932223,
511,sim_511,73,0.022317334148578415,0.00039588838677485097,0.46416914999290476,0.019914005673772685,0.3359969558599696,0.19663057526932223,
334,sim_334,72,0.022011617242433505,0.0003496723442553655,0.46180996752788367,0.018758638075254616,0.3082942097026604,0.19663057526932223,
191,sim_191,72,0.022011617242433505,0.000338902488457358,0.4567797793604245,0.018518849395140587,0.291471048513302,0.19663057526932223,
506,sim_506,72,0.022011617242433505,0.00044058389394706723,0.4608340377571147,0.018941008688882603,0.30438184663536777,0.19663057526932223,
378,sim_378,71,0.021705900336288594,0.0004897749876854143,0.4578667413213886,0.017430628497974075,0.27645875251509056,0.19663057526932223,
480,sim_480,71,0.021705900336288594,0.00038511926810541624,0.4543055555555556,0.016959868902231178,0.2599597585513079,0.19663057526932223,
231,sim_231,71,0.021705900336288594,0.0004866807288472591,0.45883013045307897,0.017845468781761086,0.29577464788732394,0.19663057526932223,
359,sim_359,71,0.021705900336288594,0.00039543343789480336,0.4644327701263666,0.019578752434218697,0.3299798792756539,0.19663057526932223,
733,sim_733,71,0.021705900336288594,0.0004435422624153128,0.4503648630042682,0.01652810600570014,0.262374245472837,0.19663057526932223,
740,sim_740,70,0.021400183430143684,0.0003822416465507164,0.4493749141365572,0.015375367066625761,0.24057971014492754,0.19663057526932223,
465,sim_465,70,0.021400183430143684,0.00047741394805356175,0.45716282320055907,0.01704956494542654,0.2782608695652174,0.19663057526932223,
352,sim_352,70,0.021400183430143684,0.0003024628432775912,0.4612889578338739,0.01841873896040044,0.3167701863354037,0.19663057526932223,
554,sim_554,69,0.021094466523998778,0.00036014100151285795,0.46364280652019846,0.019559311920721967,0.3516624040920716,0.19663057526932223,
319,sim_319,69,0.021094466523998778,0.0002940275780677836,0.46038001407459533,0.019138678047558633,0.34441602728047743,0.19663057526932223,
530,sim_530,69,0.021094466523998778,0.000330021753767998,0.4458833151581243,0.01529498050644068,0.24680306905370844,0.19663057526932223,
169,sim_169,68,0.020788749617853867,0.00033560688735893716,0.4624628870352043,0.018366851296870847,0.3279192273924495,0.19663057526932223,
236,sim_236,68,0.020788749617853867,0.00023695899270511744,0.460056258790436,0.019332210756283014,0.35645302897278314,0.19663057526932223,
300,sim_300,68,0.020788749617853867,0.0003606773453685571,0.46509313237594196,0.018627090035693707,0.3160667251975417,0.19663057526932223,
575,sim_575,67,0.020483032711708957,0.0003533471687271017,0.4498693439691927,0.015567315996321319,0.28177295341474445,0.19663057526932223,
835,sim_835,67,0.020483032711708957,0.00035489012819293604,0.46522543023751955,0.019597141040741152,0.3686114880144731,0.19663057526932223,
604,sim_604,67,0.020483032711708957,0.0003440745582440216,0.44832785087719296,0.015916615459261776,0.27589326096788785,0.19663057526932223,
499,sim_499,67,0.020483032711708957,0.0003082348807624795,0.4447919499592059,0.01575713234058173,0.2668475802804161,0.19663057526932223,
652,sim_652,67,0.020483032711708957,0.00033608365953469724,0.4449734729968712,0.014524420871458447,0.23473541383989144,0.19663057526932223,
505,sim_505,67,0.020483032711708957,0.0003472614393927831,0.4569073893001816,0.017367188524171743,0.30845771144278605,0.19663057526932223,
218,sim_218,66,0.020177315805564047,0.00037141710045670087,0.46695217701641684,0.0197145049740914,0.37948717948717947,0.19663057526932223,
420,sim_420,66,0.020177315805564047,0.00045520583808820433,0.45148378191856453,0.0158079679708047,0.27692307692307694,0.19663057526932223,
518,sim_518,66,0.020177315805564047,0.0002585479827091403,0.4613540197461213,0.019109625461020255,0.36923076923076925,0.19663057526932223,
453,sim_453,66,0.020177315805564047,0.00041704680235370883,0.46509313237594196,0.019211307956296306,0.36643356643356645,0.19663057526932223,
802,sim_802,66,0.020177315805564047,0.00032150323076736605,0.45474767134714306,0.01561826889221966,0.26573426573426573,0.19663057526932223,
393,sim_393,66,0.020177315805564047,0.00039637760599850935,0.45462126476719944,0.01662096938865104,0.2937062937062937,0.19663057526932223,
400,sim_400,66,0.020177315805564047,0.0002992951660183645,0.4553173719376392,0.017681402784746347,0.3300699300699301,0.19663057526932223,
257,sim_257,66,0.020177315805564047,0.00022960213840920521,0.46141910001410635,0.019462892110759,0.3682983682983683,0.19663057526932223,
833,sim_833,66,0.020177315805564047,0.00036594999517875046,0.4530470914127424,0.016242531559057916,0.29184149184149183,0.19663057526932223,
923,sim_923,66,0.020177315805564047,0.0003305156036805714,0.45386429859858474,0.016483024946725752,0.29557109557109557,0.19663057526932223,
719,sim_719,65,0.019871598899419137,0.00035966555625162577,0.46265912305516266,0.018110313669679426,0.3471153846153846,0.19663057526932223,
895,sim_895,65,0.019871598899419137,0.000320696286986878,0.4442482683688714,0.014818960274202719,0.25576923076923075,0.19663057526932223,
487,sim_487,65,0.019871598899419137,0.00037120493327330166,0.4447919499592059,0.01447101658611462,0.24711538461538463,0.19663057526932223,
807,sim_807,65,0.019871598899419137,0.00042114805039619686,0.4484507814642172,0.014276696192106393,0.24519230769230768,0.19663057526932223,
313,sim_313,64,0.019565881993274227,0.00028998323002632476,0.44783680175246443,0.015711419536865362,0.2857142857142857,0.19663057526932223,
329,sim_329,64,0.019565881993274227,0.00029749913613218295,0.44968380533406654,0.01588381424843463,0.2961309523809524,0.19663057526932223,
446,sim_446,64,0.019565881993274227,0.00034162649436293865,0.45895888873298724,0.017070229312876807,0.32837301587301587,0.19663057526932223,
692,sim_692,64,0.019565881993274227,0.00032897284666043904,0.45336105336105337,0.01719472661576629,0.33630952380952384,0.19663057526932223,
277,sim_277,63,0.019260165087129317,0.000298063058237547,0.4539902845246357,0.017438766385379334,0.33538146441372246,0.19663057526932223,
409,sim_409,63,0.019260165087129317,0.00031600696503580986,0.45506399554813576,0.016272911139072962,0.3051715309779826,0.19663057526932223,
1255,sim_1255,63,0.019260165087129317,0.0003889218582715895,0.44802081906588137,0.014645743780178015,0.26216077828981055,0.19663057526932223,
1361,sim_1361,63,0.019260165087129317,0.0004265528380248529,0.4351470001330318,0.01166084831099059,0.19457245263696876,0.19663057526932223,
618,sim_618,63,0.019260165087129317,0.0002496028754528002,0.4630520951302378,0.018136701357773566,0.3671274961597542,0.19663057526932223,
1116,sim_1116,63,0.019260165087129317,0.0004908246128368801,0.4528589228852277,0.015322752376365508,0.28520225294418844,0.19663057526932223,
1045,sim_1045,62,0.018954448180984407,0.0003740372590972927,0.4452763408657773,0.014379138642441724,0.26493918561607616,0.19663057526932223,
1390,sim_1390,62,0.018954448180984407,0.00026519538386350015,0.43864824996647445,0.013140400960376691,0.24167107350608144,0.19663057526932223,
784,sim_784,62,0.018954448180984407,0.00023844993731820423,0.4491281065494988,0.015300414431303162,0.29296668429402434,0.19663057526932223,
535,sim_535,62,0.018954448180984407,0.0003195993162902177,0.45525400139178845,0.01606743186739427,0.31464833421470123,0.19663057526932223,
519,sim_519,62,0.018954448180984407,0.00025682177982009767,0.46265912305516266,0.017673298726942812,0.3643574828133263,0.19663057526932223,
287,sim_287,62,0.018954448180984407,0.0003291697901749934,0.4498693439691927,0.016137373375549872,0.3178212585933369,0.19663057526932223,
133,sim_133,61,0.018648731274839497,0.0001855929670603467,0.4601209734139823,0.018505726697371567,0.39344262295081966,0.19663057526932223,
521,sim_521,61,0.018648731274839497,0.0002674431707846231,0.4407167879277823,0.013728367174079418,0.25901639344262295,0.19663057526932223,
630,sim_630,61,0.018648731274839497,0.0004088885691944139,0.446126568466994,0.014624578273352293,0.28032786885245903,0.19663057526932223,
742,sim_742,61,0.018648731274839497,0.00037962363324076825,0.44624829467939975,0.014655070286035927,0.28469945355191256,0.19663057526932223,
1787,sim_1787,61,0.018648731274839497,0.0003223660541909146,0.44894317869887457,0.015515641945596587,0.29890710382513663,0.19663057526932223,
379,sim_379,61,0.018648731274839497,0.0003868627750854287,0.44394679695982625,0.014421865931879201,0.2721311475409836,0.19663057526932223,
392,sim_392,61,0.018648731274839497,0.0002372343972751741,0.4567797793604245,0.016736162567791757,0.33825136612021856,0.19663057526932223,
301,sim_301,61,0.018648731274839497,0.0001971759904063121,0.44777549623545515,0.01519577959203815,0.2923497267759563,0.19663057526932223,
1029,sim_1029,61,0.018648731274839497,0.00032108350329948597,0.4499931214747558,0.01583370863701869,0.31366120218579235,0.19663057526932223,
801,sim_801,60,0.018343014368694587,0.0002519953607224075,0.44582254327381765,0.014739011638480147,0.29152542372881357,0.19663057526932223,
1018,sim_1018,60,0.018343014368694587,0.00044760268233094686,0.44220629985129106,0.013714230403123997,0.25254237288135595,0.19663057526932223,
258,sim_258,60,0.018343014368694587,0.0003127313161180599,0.4499312242090784,0.015369395824352535,0.319774011299435,0.19663057526932223,
413,sim_413,60,0.018343014368694587,0.00023549798181629343,0.4454582595669345,0.015259650592746577,0.30903954802259886,0.19663057526932223,
108,sim_108,60,0.018343014368694587,0.00030599655367519066,0.4486968449931413,0.014980375490831482,0.29717514124293787,0.19663057526932223,
574,sim_574,60,0.018343014368694587,0.0001987492830574993,0.4472245009570686,0.014134739971038188,0.28135593220338984,0.19663057526932223,
526,sim_526,60,0.018343014368694587,0.0002602986357255979,0.4367156208277704,0.01269051882857654,0.22768361581920904,0.19663057526932223,
433,sim_433,60,0.018343014368694587,0.00025718127554876,0.45142147391664367,0.015420859532750993,0.30338983050847457,0.19663057526932223,
656,sim_656,59,0.018037297462549676,0.00026406433804918554,0.44783680175246443,0.014597163077385353,0.29865575686732904,0.19663057526932223,
789,sim_789,59,0.018037297462549676,0.0002913260660615847,0.4426251691474966,0.013910789004335818,0.25891291642314435,0.19663057526932223,
1120,sim_1120,59,0.018037297462549676,0.00037244932724108716,0.43994620040349697,0.012848273520781805,0.2513150204558738,0.19663057526932223,
121,sim_121,59,0.018037297462549676,0.00016412213869776033,0.45857283050609843,0.0180043369980884,0.3962594973699591,0.19663057526932223,
653,sim_653,59,0.018037297462549676,0.0002482569375918035,0.4532354163779964,0.016039563147192504,0.347749853886616,0.19663057526932223,
1173,sim_1173,59,0.018037297462549676,0.000331465220629883,0.43982788758908165,0.012887267980530573,0.25189947399181767,0.19663057526932223,
435,sim_435,59,0.018037297462549676,0.000263960323045723,0.4457617879531207,0.014981094502104997,0.3167738164815897,0.19663057526932223,
862,sim_862,59,0.018037297462549676,0.0003182179825592892,0.44430861179027437,0.013882828108783688,0.27235534774985387,0.19663057526932223,
725,sim_725,58,0.01773158055640477,0.0003264221310322998,0.4543055555555556,0.01585948757558362,0.3248638838475499,0.19663057526932223,
458,sim_458,58,0.01773158055640477,0.000270498595244603,0.45292162835779565,0.015838775751193048,0.3351482153660012,0.19663057526932223,
1249,sim_1249,58,0.01773158055640477,0.00029392208019381395,0.44461057496262063,0.014301623564720702,0.2970356926799758,0.19663057526932223,
1031,sim_1031,58,0.01773158055640477,0.0001534886046363692,0.4402422611036339,0.013970116831285176,0.28191167574107684,0.19663057526932223,
488,sim_488,58,0.01773158055640477,0.0002465301795071266,0.45079933847850057,0.01587431623042653,0.35390199637023595,0.19663057526932223,
691,sim_691,57,0.01742586365025986,0.00016947077889854014,0.4511101916976969,0.01606620228741065,0.35964912280701755,0.19663057526932223,
930,sim_930,57,0.01742586365025986,0.00038941666915436973,0.436890610391345,0.012166192381629292,0.23057644110275688,0.19663057526932223,
646,sim_646,57,0.01742586365025986,0.00033652773926173395,0.4419673017159843,0.01321651950065281,0.262531328320802,0.19663057526932223,
763,sim_763,57,0.01742586365025986,0.00021818525238504426,0.4452763408657773,0.013983465728947844,0.28634085213032584,0.19663057526932223,
1211,sim_1211,57,0.01742586365025986,0.00031080775903212564,0.4365407713866275,0.012612439599567355,0.25375939849624063,0.19663057526932223,
289,sim_289,56,0.01712014674411495,0.00017399732379981756,0.44783680175246443,0.014950610098525599,0.34285714285714286,0.19663057526932223,
1539,sim_1539,56,0.01712014674411495,0.00030801434202946227,0.4455189321710705,0.01326085209197615,0.2785714285714286,0.19663057526932223,
381,sim_381,56,0.01712014674411495,0.00019551201911512643,0.44802081906588137,0.015033870332767945,0.33181818181818185,0.19663057526932223,
666,sim_666,56,0.01712014674411495,0.00016827091167767198,0.4550006955070246,0.01663658394399759,0.37532467532467534,0.19663057526932223,
1168,sim_1168,55,0.01681442983797004,0.0002476301898318486,0.4467968856713564,0.013807083462255126,0.2882154882154882,0.19663057526932223,
686,sim_686,55,0.01681442983797004,0.00020330173182270543,0.4482664108537755,0.014416861979433902,0.33131313131313134,0.19663057526932223,
250,sim_250,55,0.01681442983797004,0.0001395984792712465,0.4502408809359945,0.015623692752171415,0.37306397306397304,0.19663057526932223,
280,sim_280,55,0.01681442983797004,0.00019521903392813512,0.4394733306462448,0.013729832460557409,0.30707070707070705,0.19663057526932223,
342,sim_342,55,0.01681442983797004,0.00028931170641251566,0.44473147518694767,0.013602425873061043,0.2828282828282828,0.19663057526932223,
572,sim_572,55,0.01681442983797004,0.00022017373169233389,0.4492514764455432,0.015055634247145818,0.3501683501683502,0.19663057526932223,
999,sim_999,55,0.01681442983797004,0.00021462990375460114,0.4450945706898898,0.014429939319924057,0.31851851851851853,0.19663057526932223,
1614,sim_1614,55,0.01681442983797004,0.0002697763680372341,0.43439575033200534,0.011946411326812397,0.2572390572390572,0.19663057526932223,
1371,sim_1371,55,0.01681442983797004,0.00022384999170653512,0.4241991959538322,0.01077774016092289,0.21818181818181817,0.19663057526932223,
1298,sim_1298,55,0.01681442983797004,0.00021984512769883957,0.42646675358539765,0.010744348677502425,0.21077441077441078,0.19663057526932223,
1428,sim_1428,55,0.01681442983797004,0.00022337051584462098,0.4423258958755916,0.013354936227251722,0.29494949494949496,0.19663057526932223,
662,sim_662,55,0.01681442983797004,0.0002773936678138319,0.4486968449931413,0.014554040464058376,0.32727272727272727,0.19663057526932223,
580,sim_580,54,0.01650871293182513,0.000269434449304432,0.44746922024623803,0.013967405312432462,0.31516422082459816,0.19663057526932223,
944,sim_944,54,0.01650871293182513,0.00019024853097386076,0.4416689170942479,0.01319598320033402,0.29000698812019565,0.19663057526932223,
340,sim_340,54,0.01650871293182513,0.000179270543708273,0.44691897800245933,0.014808291950857927,0.33752620545073375,0.19663057526932223,
297,sim_297,54,0.01650871293182513,0.0001199099367746148,0.4494984196784389,0.015918366274563285,0.3969252271139064,0.19663057526932223,
1294,sim_1294,54,0.01650871293182513,0.00022847947003153726,0.4450340136054422,0.013843828965176656,0.31446540880503143,0.19663057526932223,
559,sim_559,54,0.01650871293182513,0.00036236266133502057,0.44154967602591794,0.013202659116012736,0.29559748427672955,0.19663057526932223,
1164,sim_1164,54,0.01650871293182513,0.00025115742780837993,0.4318151815181518,0.011534785732790638,0.23829489867225717,0.19663057526932223,
509,sim_509,54,0.01650871293182513,0.0002132180917395817,0.44131138694009714,0.013696028682583,0.3081761006289308,0.19663057526932223,
1434,sim_1434,54,0.01650871293182513,0.00024944874888683,0.4321574844761527,0.011373440493732822,0.2278127183787561,0.19663057526932223,
781,sim_781,53,0.01620299602568022,0.00016866886175806158,0.4426850724049262,0.013325460973978874,0.29172714078374457,0.19663057526932223,
795,sim_795,53,0.01620299602568022,0.00021823413988418045,0.44455014949714594,0.014537108181374813,0.3505079825834543,0.19663057526932223,
1334,sim_1334,53,0.01620299602568022,0.00017244700524165016,0.4437661104327771,0.01363399219663294,0.3200290275761974,0.19663057526932223,
989,sim_989,53,0.01620299602568022,0.0001834858997304002,0.4380608008571046,0.012813017258927766,0.2895500725689405,0.19663057526932223,
338,sim_338,53,0.01620299602568022,0.00021995599432424678,0.4446710168569875,0.014453043360283685,0.35921625544267055,0.19663057526932223,
981,sim_981,53,0.01620299602568022,0.0001952366109312925,0.4411328388401888,0.013338698577673244,0.2997097242380261,0.19663057526932223,
139,sim_139,53,0.01620299602568022,0.00025333328443323815,0.4501169671116004,0.01510189454192526,0.3505079825834543,0.19663057526932223,
810,sim_810,53,0.01620299602568022,0.00017842005999394502,0.43906040268456376,0.012753587027703506,0.274310595065312,0.19663057526932223,
1033,sim_1033,53,0.01620299602568022,0.00027180777731252413,0.44214652608813193,0.013368605776853268,0.31059506531204645,0.19663057526932223,
1080,sim_1080,53,0.01620299602568022,0.0001838903151635865,0.42713502219900756,0.011196537863719052,0.2351233671988389,0.19663057526932223,
928,sim_928,53,0.01620299602568022,0.00027344923110138997,0.44012378902045207,0.012919501129673688,0.2888243831640058,0.19663057526932223,
176,sim_176,52,0.01589727911953531,0.00022003520086408558,0.4365407713866275,0.012589436073575516,0.27978883861236803,0.19663057526932223,
980,sim_980,52,0.01589727911953531,0.0002527713979954084,0.44083557951482477,0.013046994296390108,0.30844645550527905,0.19663057526932223,
331,sim_331,52,0.01589727911953531,0.00014264425693438714,0.4337621005171728,0.012712314463316532,0.3235294117647059,0.19663057526932223,
1661,sim_1661,52,0.01589727911953531,0.00033133596552637205,0.431986265187533,0.011287003219512337,0.2526395173453997,0.19663057526932223,
401,sim_401,52,0.01589727911953531,0.00017750393489020222,0.44322493224932247,0.013723928580762343,0.33182503770739064,0.19663057526932223,
560,sim_560,52,0.01589727911953531,0.0001912271473572739,0.434107498341075,0.011966813079811253,0.28205128205128205,0.19663057526932223,
577,sim_577,52,0.01589727911953531,0.00015492407737711028,0.4460049086446687,0.014540832491514404,0.37858220211161386,0.19663057526932223,
1195,sim_1195,52,0.01589727911953531,0.0002546150293650893,0.4237046632124352,0.009722379588591257,0.21116138763197587,0.19663057526932223,
79,sim_79,51,0.015591562213390399,0.00016157781619750302,0.4499312242090784,0.01478877447302367,0.3819607843137255,0.19663057526932223,
751,sim_751,51,0.015591562213390399,0.00023627185104825775,0.4441879413362303,0.013314432203456555,0.32862745098039214,0.19663057526932223,
1431,sim_1431,51,0.015591562213390399,0.00022527215833376637,0.4411923388184516,0.01291740215078276,0.3262745098039216,0.19663057526932223,
760,sim_760,51,0.015591562213390399,0.00034507514247930507,0.44089499932605475,0.013428700823020757,0.31529411764705884,0.19663057526932223,
234,sim_234,51,0.015591562213390399,0.00015831603477322478,0.4351470001330318,0.012723127792914249,0.29490196078431374,0.19663057526932223,
842,sim_842,51,0.015591562213390399,0.00014332934613911526,0.44310484963424546,0.013670426732083126,0.34509803921568627,0.19663057526932223,
295,sim_295,51,0.015591562213390399,0.0002017127536762805,0.44226608977825854,0.013245786447395292,0.3215686274509804,0.19663057526932223,
259,sim_259,50,0.01528584530724549,0.0001919500402604642,0.44053872053872056,0.012657478188564154,0.31755102040816324,0.19663057526932223,
533,sim_533,50,0.01528584530724549,0.0002035338873798729,0.439709638392257,0.012936645905852777,0.31265306122448977,0.19663057526932223,
1270,sim_1270,50,0.01528584530724549,0.0001948532611211426,0.4139458364970893,0.008532327940272947,0.1853061224489796,0.19663057526932223,
1067,sim_1067,50,0.01528584530724549,0.0001903783062150616,0.4446710168569875,0.013277591367195822,0.3273469387755102,0.19663057526932223,
957,sim_957,50,0.01528584530724549,0.0001703969519877874,0.44557962130499934,0.014401181246768698,0.37551020408163266,0.19663057526932223,
154,sim_154,50,0.01528584530724549,0.0001596481927689802,0.4510479867622725,0.015576050611797414,0.41877551020408166,0.19663057526932223,
427,sim_427,50,0.01528584530724549,0.00026563547288148084,0.4296597924602653,0.011095319697113203,0.26285714285714284,0.19663057526932223,
796,sim_796,50,0.01528584530724549,0.00018687300988737382,0.434222753219169,0.01128658467386306,0.2693877551020408,0.19663057526932223,
462,sim_462,50,0.01528584530724549,0.0002165117779201324,0.43045137518094484,0.011426105789510163,0.27510204081632655,0.19663057526932223,
317,sim_317,50,0.01528584530724549,0.00018258654220770602,0.43130274261603374,0.011720397868835481,0.28653061224489795,0.19663057526932223,
368,sim_368,49,0.01498012840110058,0.00019275520105313236,0.4403015210660923,0.012580064987909914,0.3273809523809524,0.19663057526932223,
1473,sim_1473,49,0.01498012840110058,0.000263854650548292,0.4339923046304896,0.011164001499903552,0.2602040816326531,0.19663057526932223,
542,sim_542,49,0.01498012840110058,0.00020454354206556462,0.43894256575415996,0.01219020137765325,0.30612244897959184,0.19663057526932223,
730,sim_730,49,0.01498012840110058,0.00016680159278026048,0.4403607969843834,0.01348382554071776,0.3435374149659864,0.19663057526932223,
469,sim_469,49,0.01498012840110058,0.00010860725407894232,0.4398870360408822,0.013271897594127188,0.3520408163265306,0.19663057526932223,
715,sim_715,49,0.01498012840110058,0.0003160357243474859,0.432729196983728,0.011338152788488041,0.26360544217687076,0.19663057526932223,
1707,sim_1707,49,0.01498012840110058,0.0002132720485253806,0.4315872806438844,0.011441576722776573,0.28401360544217685,0.19663057526932223,
909,sim_909,48,0.01467441149495567,0.0001732411162571697,0.4334172518881675,0.011443059563519641,0.30141843971631205,0.19663057526932223,
422,sim_422,48,0.01467441149495567,8.386422168485875e-05,0.44226608977825854,0.013287792941605323,0.374113475177305,0.19663057526932223,
515,sim_515,48,0.01467441149495567,0.00018766626478703883,0.43335983041865395,0.01111174369813508,0.2774822695035461,0.19663057526932223,
404,sim_404,47,0.01436869458881076,0.00016916933176976134,0.44059806034482757,0.013187251841040427,0.35707678075855687,0.19663057526932223,
150,sim_150,47,0.01436869458881076,0.00018015258020297203,0.432843721053328,0.011174427434025674,0.28862164662349676,0.19663057526932223,
412,sim_412,47,0.01436869458881076,0.0001582898590977824,0.44000538068334677,0.012993075850571498,0.3709528214616096,0.19663057526932223,
1002,sim_1002,47,0.01436869458881076,0.00019587352042302634,0.4271908057986156,0.010090044693494095,0.2590194264569843,0.19663057526932223,
982,sim_982,47,0.01436869458881076,0.00021859610831334995,0.43290100582318686,0.011094647531824302,0.2913968547641073,0.19663057526932223,
708,sim_708,47,0.01436869458881076,0.00018583391594767417,0.42255522542307195,0.009904509027289794,0.2543940795559667,0.19663057526932223,
451,sim_451,47,0.01436869458881076,0.0002326511359246374,0.4298291721419185,0.010567989538484224,0.2599444958371878,0.19663057526932223,
1771,sim_1771,47,0.01436869458881076,0.00020310125099287998,0.42618892508143325,0.010141183021106523,0.2608695652173913,0.19663057526932223,
664,sim_664,47,0.01436869458881076,0.0001531720177996153,0.439709638392257,0.012141100461909216,0.33024976873265494,0.19663057526932223,
1114,sim_1114,47,0.01436869458881076,0.00018752280836209907,0.422719048849832,0.01015144825259312,0.2553191489361702,0.19663057526932223,
658,sim_658,47,0.01436869458881076,0.0001407750399175481,0.4466138722009831,0.014175160905794156,0.4181313598519889,0.19663057526932223,
522,sim_522,47,0.01436869458881076,0.00011244652681387734,0.4450945706898898,0.013875939517977616,0.3829787234042553,0.19663057526932223,
1194,sim_1194,47,0.01436869458881076,0.00017893312900743694,0.43227170609224264,0.011301806653654156,0.2960222016651249,0.19663057526932223,
620,sim_620,46,0.01406297768266585,0.0001965600481602801,0.43045137518094484,0.010785607059515279,0.2927536231884058,0.19663057526932223,
624,sim_624,46,0.01406297768266585,0.00015856887340886427,0.44250541125541126,0.012886621956568119,0.3690821256038647,0.19663057526932223,
858,sim_858,46,0.01406297768266585,0.0002027362714962628,0.4233756148071447,0.009187760101860636,0.24154589371980675,0.19663057526932223,
1107,sim_1107,46,0.01406297768266585,0.0001688830454119757,0.4204910656896773,0.009103363389957224,0.2289855072463768,0.19663057526932223,
859,sim_859,46,0.01406297768266585,0.00015932860466239327,0.4263555787278415,0.010580344596796222,0.27053140096618356,0.19663057526932223,
471,sim_471,46,0.01406297768266585,0.0001565248449351386,0.43353214049039096,0.012053597197211696,0.3536231884057971,0.19663057526932223,
1060,sim_1060,46,0.01406297768266585,0.00011874897245347992,0.42780538843839916,0.010873433597822972,0.2966183574879227,0.19663057526932223,
1670,sim_1670,45,0.013757260776520942,0.0001240167522930653,0.4266336246250163,0.010313953795275842,0.2828282828282828,0.19663057526932223,
538,sim_538,45,0.013757260776520942,0.00014183030123343914,0.43033811340613076,0.010718625303062073,0.2898989898989899,0.19663057526932223,
485,sim_485,45,0.013757260776520942,0.00011643080633256603,0.4410138870163139,0.013592445688078728,0.41919191919191917,0.19663057526932223,
1003,sim_1003,45,0.013757260776520942,0.0002955268322672955,0.428365636458879,0.010716955979149404,0.31414141414141417,0.19663057526932223,
272,sim_272,45,0.013757260776520942,8.647766439960825e-05,0.4402422611036339,0.01265351427485294,0.3808080808080808,0.19663057526932223,
493,sim_493,45,0.013757260776520942,0.00018825485427982521,0.4223369916074887,0.009742919532575419,0.2585858585858586,0.19663057526932223,
900,sim_900,45,0.013757260776520942,0.0001898545052339838,0.42898360655737705,0.01022696798826486,0.2696969696969697,0.19663057526932223,
973,sim_973,45,0.013757260776520942,0.00012134370680200601,0.4337621005171728,0.011508181954966822,0.31616161616161614,0.19663057526932223,
1303,sim_1303,45,0.013757260776520942,0.00013354121429370652,0.4189829640066607,0.009359245895389192,0.2404040404040404,0.19663057526932223,
534,sim_534,44,0.013451543870376031,0.00013298629637121552,0.43192922223689423,0.011319523691271588,0.3224101479915433,0.19663057526932223,
403,sim_403,44,0.013451543870376031,0.0002045932077920757,0.4336470900172345,0.011382342107891855,0.3192389006342495,0.19663057526932223,
163,sim_163,44,0.013451543870376031,8.65829764551534e-05,0.4382368703108253,0.013335107591315006,0.4323467230443975,0.19663057526932223,
544,sim_544,44,0.013451543870376031,0.00017265769534803433,0.422282468370772,0.009530422304376682,0.2568710359408034,0.19663057526932223,
863,sim_863,44,0.013451543870376031,0.000156276926859741,0.4314165127934582,0.011072119605130402,0.3118393234672304,0.19663057526932223,
335,sim_335,44,0.013451543870376031,0.0001464975317740411,0.43584277148567624,0.011487443337750394,0.34355179704016914,0.19663057526932223,
1923,sim_1923,44,0.013451543870376031,0.0001845816247139625,0.42386937929247115,0.01006691060545754,0.29809725158562367,0.19663057526932223,
702,sim_702,44,0.013451543870376031,0.00012445022198599297,0.43526280771789755,0.011651850138952117,0.3382663847780127,0.19663057526932223,
1436,sim_1436,43,0.013145826964231121,0.0001886570495599523,0.41727261130246207,0.008701310771901347,0.2292358803986711,0.19663057526932223,
850,sim_850,43,0.013145826964231121,0.00011970500795883739,0.42769351464435146,0.010987972574740669,0.3344407530454042,0.19663057526932223,
1551,sim_1551,43,0.013145826964231121,0.00017954445163119058,0.42277368489078454,0.009476416602906119,0.24806201550387597,0.19663057526932223,
486,sim_486,43,0.013145826964231121,0.00019045371153957928,0.431986265187533,0.010483659898743126,0.3078626799557032,0.19663057526932223,
798,sim_798,43,0.013145826964231121,0.0001447253658882199,0.41946652987945626,0.00929827383459289,0.26578073089701,0.19663057526932223,
158,sim_158,43,0.013145826964231121,0.0001780449882012408,0.4410138870163139,0.012423279991510723,0.3787375415282392,0.19663057526932223,
1093,sim_1093,43,0.013145826964231121,0.00014325262771862522,0.42146630588841644,0.009636475604226664,0.2823920265780731,0.19663057526932223,
227,sim_227,43,0.013145826964231121,7.98604376027513e-05,0.4464310085983349,0.014596808087871043,0.4739756367663344,0.19663057526932223,
1335,sim_1335,43,0.013145826964231121,0.00018928142521597175,0.42146630588841644,0.008597950113990291,0.23920265780730898,0.19663057526932223,
787,sim_787,43,0.013145826964231121,0.00012942032784804615,0.4291524534242981,0.010607762862150932,0.327796234772979,0.19663057526932223,
1764,sim_1764,43,0.013145826964231121,0.0002078459840136443,0.4339923046304896,0.011013753735532802,0.3178294573643411,0.19663057526932223,
1775,sim_1775,43,0.013145826964231121,0.00017551304684455167,0.4282534694946321,0.010356144281231992,0.2868217054263566,0.19663057526932223,
735,sim_735,43,0.013145826964231121,0.0001687326066907969,0.43113219981547385,0.010726943561829327,0.3211517165005537,0.19663057526932223,
583,sim_583,43,0.013145826964231121,0.00017597199804653412,0.43067807768268596,0.010622554421605363,0.2901439645625692,0.19663057526932223,
1130,sim_1130,42,0.012840110058086211,0.00013657882579831793,0.4316442333069411,0.010785345279640524,0.32984901277584205,0.19663057526932223,
1636,sim_1636,42,0.012840110058086211,0.0001073914836625266,0.4137364027321022,0.00860999498727875,0.2613240418118467,0.19663057526932223,
1366,sim_1366,42,0.012840110058086211,0.00011779453214711616,0.43084826132771337,0.011643635295473556,0.3704994192799071,0.19663057526932223,
825,sim_825,42,0.012840110058086211,0.00022569536327195225,0.4218467887541914,0.008784565750661909,0.2590011614401858,0.19663057526932223,
728,sim_728,42,0.012840110058086211,0.00015779501671904603,0.42580057276750843,0.010586330819076109,0.33681765389082463,0.19663057526932223,
776,sim_776,42,0.012840110058086211,0.00012613738398251767,0.43572665512188624,0.011279363552876828,0.34959349593495936,0.19663057526932223,
1177,sim_1177,42,0.012840110058086211,0.00012779849725870167,0.430111768573307,0.01007333235473472,0.29849012775842043,0.19663057526932223,
1603,sim_1603,42,0.012840110058086211,0.0001285288961026083,0.4298291721419185,0.011107694862774893,0.37282229965156793,0.19663057526932223,
567,sim_567,42,0.012840110058086211,0.00016610846385973723,0.4205992027774206,0.009340566747276145,0.2578397212543554,0.19663057526932223,
849,sim_849,42,0.012840110058086211,9.495377663847693e-05,0.44190759254255607,0.012577477647032218,0.4181184668989547,0.19663057526932223,
1440,sim_1440,42,0.012840110058086211,0.00010170781353339556,0.4245846313603323,0.009810598466142365,0.3089430894308943,0.19663057526932223,
885,sim_885,42,0.012840110058086211,8.722986818911537e-05,0.4423258958755916,0.013372276915796231,0.45528455284552843,0.19663057526932223,
510,sim_510,41,0.012534393151941301,0.00011640733290924439,0.4203829841922632,0.009736628188962862,0.3146341463414634,0.19663057526932223,
1734,sim_1734,41,0.012534393151941301,0.00013776715866869815,0.4194127452237466,0.009111512286790264,0.2817073170731707,0.19663057526932223,
1582,sim_1582,41,0.012534393151941301,0.00012827803900220284,0.4259114583333333,0.009841709004150751,0.3170731707317073,0.19663057526932223,
443,sim_443,41,0.012534393151941301,0.00013751447865926667,0.42898360655737705,0.010693614704474476,0.3439024390243902,0.19663057526932223,
416,sim_416,41,0.012534393151941301,0.00014138566124228806,0.4240342234897589,0.009976120626416169,0.31585365853658537,0.19663057526932223,
750,sim_750,41,0.012534393151941301,0.0001410774986861702,0.43888367100496445,0.012169601898261743,0.4060975609756098,0.19663057526932223,
566,sim_566,41,0.012534393151941301,0.0001326868851497349,0.424915562483762,0.009805226841841232,0.3,0.19663057526932223,
2108,sim_2108,41,0.012534393151941301,0.00021813014882859813,0.4100539049768083,0.007935999811101024,0.24390243902439024,0.19663057526932223,
363,sim_363,41,0.012534393151941301,7.321776947571195e-05,0.4273024167210973,0.010941363126052296,0.3548780487804878,0.19663057526932223,
550,sim_550,41,0.012534393151941301,0.0001014905966257392,0.4347999468297222,0.011984470698695142,0.40853658536585363,0.19663057526932223,
1265,sim_1265,41,0.012534393151941301,0.00010779322909036593,0.43261473350085966,0.011504151577596319,0.36829268292682926,0.19663057526932223,
391,sim_391,40,0.012228676245796391,9.578917934874572e-05,0.4259669227764032,0.010064708239703506,0.3333333333333333,0.19663057526932223,
657,sim_657,40,0.012228676245796391,0.00012602405076000416,0.4297162375197057,0.010669374675242314,0.35128205128205126,0.19663057526932223,
1876,sim_1876,40,0.012228676245796391,0.00015549239614054327,0.42386937929247115,0.009745035791335961,0.3076923076923077,0.19663057526932223,
663,sim_663,40,0.012228676245796391,9.788430655885502e-05,0.42842174197773414,0.011044631736295083,0.36538461538461536,0.19663057526932223,
814,sim_814,40,0.012228676245796391,0.0001611381487068315,0.420274958242323,0.009085283819837378,0.28717948717948716,0.19663057526932223,
455,sim_455,40,0.012228676245796391,0.0001450103659864268,0.4298291721419185,0.010461277129853399,0.35128205128205126,0.19663057526932223,
794,sim_794,40,0.012228676245796391,0.00013391239292930444,0.4260224016671008,0.009688324650519681,0.30128205128205127,0.19663057526932223,
1009,sim_1009,40,0.012228676245796391,0.00012705062463024024,0.42853399711777806,0.009971347564151736,0.3217948717948718,0.19663057526932223,
569,sim_569,40,0.012228676245796391,9.340111746866168e-05,0.4281974080377013,0.010476024488165023,0.36538461538461536,0.19663057526932223,
1284,sim_1284,40,0.012228676245796391,0.00021137383442956144,0.42441935902426364,0.009830412463307016,0.31025641025641026,0.19663057526932223,
792,sim_792,40,0.012228676245796391,0.0001309648403714289,0.4262444618191295,0.010158817288354067,0.3371794871794872,0.19663057526932223,
1462,sim_1462,40,0.012228676245796391,0.00011321305365780083,0.4327864514421805,0.011080410621247903,0.382051282051282,0.19663057526932223,
838,sim_838,40,0.012228676245796391,9.619591124096433e-05,0.4310753821823933,0.010483816723899886,0.34487179487179487,0.19663057526932223,
472,sim_472,40,0.012228676245796391,6.993989831452625e-05,0.42668927732846335,0.01080781316355443,0.36153846153846153,0.19663057526932223,
1454,sim_1454,40,0.012228676245796391,0.00014725620786076987,0.4280853291453998,0.010183060867520702,0.3141025641025641,0.19663057526932223,
638,sim_638,40,0.012228676245796391,9.479241006833508e-05,0.4370073480293921,0.011542078993255796,0.39615384615384613,0.19663057526932223,
1094,sim_1094,40,0.012228676245796391,7.075225184541581e-05,0.4339347306977978,0.011825156930655051,0.3974358974358974,0.19663057526932223,
537,sim_537,40,0.012228676245796391,0.00012785382129717888,0.4249707678316227,0.010122146732065193,0.3384615384615385,0.19663057526932223,
651,sim_651,40,0.012228676245796391,6.332886425651496e-05,0.432729196983728,0.011041538517184063,0.36666666666666664,0.19663057526932223,
1538,sim_1538,39,0.011922959339651483,0.00014648682562997618,0.4143128562381254,0.008045548873490373,0.25775978407557354,0.19663057526932223,
1601,sim_1601,39,0.011922959339651483,0.0001265156549864835,0.43033811340613076,0.01049320474716504,0.3522267206477733,0.19663057526932223,
1148,sim_1148,39,0.011922959339651483,0.00010040301460171612,0.4243092489298223,0.009837517773067935,0.3333333333333333,0.19663057526932223,
905,sim_905,39,0.011922959339651483,9.80786200242999e-05,0.4315872806438844,0.011241106778745413,0.39541160593792174,0.19663057526932223,
1089,sim_1089,39,0.011922959339651483,0.00013647512779068206,0.42255522542307195,0.009230479981618541,0.2874493927125506,0.19663057526932223,
822,sim_822,39,0.011922959339651483,0.00010779818536059885,0.42735824405539585,0.009531518306858052,0.31983805668016196,0.19663057526932223,
1086,sim_1086,39,0.011922959339651483,7.32466934944715e-05,0.4281413612565445,0.010955320294183973,0.3792172739541161,0.19663057526932223,
1439,sim_1439,39,0.011922959339651483,0.00011639925064905202,0.4205992027774206,0.009009680842821265,0.3144399460188934,0.19663057526932223,
547,sim_547,39,0.011922959339651483,6.182276302352233e-05,0.4344534466728649,0.011869461198470339,0.4089068825910931,0.19663057526932223,
1205,sim_1205,39,0.011922959339651483,0.0001085402356322302,0.42168364058269947,0.009089725231893475,0.3076923076923077,0.19663057526932223,
482,sim_482,39,0.011922959339651483,9.788965317614246e-05,0.42282833505687695,0.009389316435881496,0.3049932523616734,0.19663057526932223,
627,sim_627,38,0.011617242433506572,0.00010534910084432288,0.4234304207119741,0.009470634261771986,0.33712660028449504,0.19663057526932223,
202,sim_202,38,0.011617242433506572,0.00011228716659233501,0.4264111589101812,0.010077472681381386,0.35561877667140823,0.19663057526932223,
576,sim_576,38,0.011617242433506572,5.936022529457932e-05,0.4282534694946321,0.011103888988995083,0.40540540540540543,0.19663057526932223,
162,sim_162,38,0.011617242433506572,5.6723118425589334e-05,0.4381194749531208,0.011806919935701375,0.44950213371266,0.19663057526932223,
110,sim_110,38,0.011617242433506572,7.532540301054911e-05,0.43894256575415996,0.012065090557728305,0.43243243243243246,0.19663057526932223,
1099,sim_1099,38,0.011617242433506572,6.636576655541133e-05,0.4201669877970456,0.009148041104732834,0.3285917496443812,0.19663057526932223,
1758,sim_1758,38,0.011617242433506572,0.00011788522945309857,0.4144703497212367,0.00820448977731807,0.2887624466571835,0.19663057526932223,
484,sim_484,38,0.011617242433506572,0.0001177870311370666,0.4274140859793545,0.009967335865476684,0.33428165007112376,0.19663057526932223,
790,sim_790,38,0.011617242433506572,0.00013491964281556562,0.42920876525390367,0.010758676283381714,0.37268847795163584,0.19663057526932223,
1498,sim_1498,38,0.011617242433506572,9.566453477426621e-05,0.422282468370772,0.00966799971445485,0.3399715504978663,0.19663057526932223,
1765,sim_1765,38,0.011617242433506572,0.0001060359954799506,0.4080079830360484,0.007477080151755452,0.2546230440967283,0.19663057526932223,
1115,sim_1115,38,0.011617242433506572,0.00011965255894283371,0.4228829993535876,0.009344341201106499,0.3399715504978663,0.19663057526932223,
1234,sim_1234,38,0.011617242433506572,0.00012799429726916066,0.42326604554865427,0.009601127115444138,0.3357041251778094,0.19663057526932223,
1180,sim_1180,38,0.011617242433506572,9.199280683250895e-05,0.42217346411977286,0.009369386616551519,0.31436699857752487,0.19663057526932223,
704,sim_704,38,0.011617242433506572,7.276080214596172e-05,0.4259114583333333,0.010380912597097957,0.3627311522048364,0.19663057526932223,
1084,sim_1084,38,0.011617242433506572,0.00014551156411687634,0.4203289642765356,0.009083134845783842,0.31721194879089615,0.19663057526932223,
585,sim_585,37,0.011311525527361662,6.815607777163499e-05,0.4292650918635171,0.010141466178642939,0.37237237237237236,0.19663057526932223,
337,sim_337,37,0.011311525527361662,0.00014316649886837883,0.42713502219900756,0.010021286413833872,0.3588588588588589,0.19663057526932223,
498,sim_498,37,0.011311525527361662,9.211241226704913e-05,0.41876840353347844,0.008812134760682506,0.32732732732732733,0.19663057526932223,
997,sim_997,37,0.011311525527361662,8.217658223807269e-05,0.42086978898610394,0.00954602008950871,0.36786786786786785,0.19663057526932223,
1854,sim_1854,37,0.011311525527361662,0.00013813154865122173,0.420113023375289,0.008988258436207822,0.3033033033033033,0.19663057526932223,
1209,sim_1209,37,0.011311525527361662,0.00011499233094007413,0.4157874666327698,0.008454983251799534,0.3003003003003003,0.19663057526932223,
2043,sim_2043,37,0.011311525527361662,0.00012937915429841595,0.4139458364970893,0.008342950399189149,0.30930930930930933,0.19663057526932223,
210,sim_210,37,0.011311525527361662,0.00010145305822055204,0.4234304207119741,0.010109372582485314,0.3783783783783784,0.19663057526932223,
1970,sim_1970,37,0.011311525527361662,7.571260061547802e-05,0.4171129813823004,0.008386557606318965,0.2927927927927928,0.19663057526932223,
670,sim_670,37,0.011311525527361662,9.963762005155908e-05,0.42580057276750843,0.009866717953588535,0.37537537537537535,0.19663057526932223,
870,sim_870,37,0.011311525527361662,0.00011658673373536386,0.4147856961704286,0.007868495022854242,0.27927927927927926,0.19663057526932223,
474,sim_474,37,0.011311525527361662,8.585015582618948e-05,0.41962796664528546,0.009185698766189026,0.3183183183183183,0.19663057526932223,
745,sim_745,37,0.011311525527361662,0.00016860674824041065,0.42326604554865427,0.008956957333997482,0.3153153153153153,0.19663057526932223,
828,sim_828,37,0.011311525527361662,6.926980419518187e-05,0.4351470001330318,0.011732007326592433,0.46846846846846846,0.19663057526932223,
1184,sim_1184,37,0.011311525527361662,9.02855247380734e-05,0.42469488444559855,0.009256934230737649,0.34384384384384387,0.19663057526932223,
1343,sim_1343,37,0.011311525527361662,0.0001311854791200955,0.4229923703607914,0.009271944166636441,0.3408408408408408,0.19663057526932223,
1150,sim_1150,37,0.011311525527361662,9.050161263379536e-05,0.42519173274405303,0.009871370415264166,0.36186186186186187,0.19663057526932223,
523,sim_523,37,0.011311525527361662,0.00011536095753949429,0.4235949235949236,0.009467704520153886,0.3138138138138138,0.19663057526932223,
1152,sim_1152,37,0.011311525527361662,9.150299156056043e-05,0.42364978629711175,0.009227888411992896,0.32432432432432434,0.19663057526932223,
836,sim_836,37,0.011311525527361662,0.00014347646148111525,0.4275816993464052,0.009722345165209367,0.3303303303303303,0.19663057526932223,
1006,sim_1006,36,0.011005808621216752,7.803702510468696e-05,0.4252470098803952,0.010014846022304768,0.39365079365079364,0.19663057526932223,
507,sim_507,36,0.011005808621216752,0.00012237004054776717,0.4234304207119741,0.008913938643179605,0.3349206349206349,0.19663057526932223,
2002,sim_2002,36,0.011005808621216752,0.00015163385235200064,0.4045263418253772,0.006532056028877701,0.2523809523809524,0.19663057526932223,
881,sim_881,36,0.011005808621216752,8.916966540411717e-05,0.41015673981191225,0.0073387199040939695,0.23492063492063492,0.19663057526932223,
545,sim_545,36,0.011005808621216752,9.029092094702431e-05,0.412484237074401,0.008023061892791962,0.2523809523809524,0.19663057526932223,
637,sim_637,36,0.011005808621216752,0.00012446348269355668,0.42702349869451695,0.009741638102678989,0.36507936507936506,0.19663057526932223,
643,sim_643,36,0.011005808621216752,0.0001009117658229733,0.41801916932907346,0.008945693155495961,0.3349206349206349,0.19663057526932223,
1118,sim_1118,36,0.011005808621216752,0.00010624982583917064,0.4107232546459066,0.007785092650305015,0.2761904761904762,0.19663057526932223,
856,sim_856,36,0.011005808621216752,9.479791900104664e-05,0.4108780303981912,0.008052778915096261,0.3,0.19663057526932223,
668,sim_668,36,0.011005808621216752,9.379271809080806e-05,0.4245295262816353,0.00929763311424809,0.3523809523809524,0.19663057526932223,
1049,sim_1049,36,0.011005808621216752,9.799664981287166e-05,0.42277368489078454,0.009752476865037657,0.4015873015873016,0.19663057526932223,
854,sim_854,36,0.011005808621216752,0.00015565873588447234,0.41015673981191225,0.006722621265289448,0.21746031746031746,0.19663057526932223,
758,sim_758,36,0.011005808621216752,0.00010096709225021366,0.42332082308787367,0.009092851154717847,0.3349206349206349,0.19663057526932223,
1185,sim_1185,36,0.011005808621216752,0.0001010763679693715,0.40532837670384136,0.006947724280704585,0.2396825396825397,0.19663057526932223,
306,sim_306,36,0.011005808621216752,0.0001099458671217557,0.4273024167210973,0.009955868833881623,0.35714285714285715,0.19663057526932223,
548,sim_548,35,0.010700091715071842,7.481164766181487e-05,0.4282534694946321,0.010439890648235186,0.4235294117647059,0.19663057526932223,
432,sim_432,35,0.010700091715071842,8.473754035580493e-05,0.41995121324945434,0.00872815746514955,0.34285714285714286,0.19663057526932223,
561,sim_561,35,0.010700091715071842,5.677941971149652e-05,0.4098997493734336,0.007924990342737507,0.3092436974789916,0.19663057526932223,
1593,sim_1593,35,0.010700091715071842,8.641353044873638e-05,0.4230470770822556,0.009127155104457196,0.3563025210084034,0.19663057526932223,
951,sim_951,35,0.010700091715071842,5.955097322816178e-05,0.4169534735500319,0.008946801370752848,0.35798319327731093,0.19663057526932223,
2009,sim_2009,35,0.010700091715071842,0.00011797958559098152,0.4139458364970893,0.007909286614752934,0.2957983193277311,0.19663057526932223,
1336,sim_1336,35,0.010700091715071842,6.463949841796454e-05,0.4190903267136451,0.008681276205409063,0.32941176470588235,0.19663057526932223,
1136,sim_1136,35,0.010700091715071842,8.021860464140751e-05,0.4125882946518668,0.008170004047456518,0.2957983193277311,0.19663057526932223,
677,sim_677,34,0.010394374808926934,6.459224212758198e-05,0.414575411913815,0.008447455420303479,0.32620320855614976,0.19663057526932223,
1240,sim_1240,34,0.010394374808926934,8.711988789210269e-05,0.40714463529997513,0.007057151129825807,0.28698752228163993,0.19663057526932223,
786,sim_786,34,0.010394374808926934,7.609062997582075e-05,0.4182864450127877,0.008462315850690919,0.33511586452762926,0.19663057526932223,
1604,sim_1604,34,0.010394374808926934,9.545928782780518e-05,0.4099511216944479,0.00750449863997949,0.30303030303030304,0.19663057526932223,
1155,sim_1155,34,0.010394374808926934,0.00012425217885771636,0.4218467887541914,0.008624004165849707,0.32798573975044565,0.19663057526932223,
1358,sim_1358,34,0.010394374808926934,8.867032528370476e-05,0.41473310510967415,0.007965846447780629,0.3422459893048128,0.19663057526932223,
634,sim_634,34,0.010394374808926934,9.273218444902537e-05,0.41462796298643684,0.007747076490276208,0.2887700534759358,0.19663057526932223,
605,sim_605,34,0.010394374808926934,0.00011796430599353202,0.4281413612565445,0.009329593297945077,0.37076648841354726,0.19663057526932223,
473,sim_473,34,0.010394374808926934,9.83865193613374e-05,0.4203829841922632,0.008585153320373828,0.3244206773618538,0.19663057526932223,
1229,sim_1229,34,0.010394374808926934,5.519096190536038e-05,0.4232112821839824,0.009984292304804198,0.4385026737967914,0.19663057526932223,
1674,sim_1674,34,0.010394374808926934,8.803030544406575e-05,0.4100539049768083,0.0073736518411390995,0.2798573975044563,0.19663057526932223,
1005,sim_1005,34,0.010394374808926934,7.545169532179727e-05,0.41015673981191225,0.007390032302736108,0.31194295900178254,0.19663057526932223,
762,sim_762,34,0.010394374808926934,0.00013353022835812915,0.39827103372701816,0.00598549114202936,0.2531194295900178,0.19663057526932223,
826,sim_826,34,0.010394374808926934,3.792708900253705e-05,0.41305720419244857,0.008756773491477802,0.3582887700534759,0.19663057526932223,
681,sim_681,34,0.010394374808926934,6.15385248479728e-05,0.4259669227764032,0.009497606908315208,0.38146167557932265,0.19663057526932223,
532,sim_532,33,0.010088657902782024,0.00010058572395463666,0.4130050505050505,0.007599830144606728,0.32196969696969696,0.19663057526932223,
614,sim_614,33,0.010088657902782024,8.001481828663392e-05,0.4089261157644706,0.007370541904047847,0.2784090909090909,0.19663057526932223,
723,sim_723,33,0.010088657902782024,7.421810486596689e-05,0.41483830057070387,0.007937559363509763,0.3068181818181818,0.19663057526932223,
1047,sim_1047,33,0.010088657902782024,7.013690435162614e-05,0.41227627930426014,0.007232447964460395,0.29545454545454547,0.19663057526932223,
1186,sim_1186,33,0.010088657902782024,7.356560263509979e-05,0.42486037147681516,0.009480918932539752,0.4015151515151515,0.19663057526932223,
590,sim_590,33,0.010088657902782024,4.772212822919252e-05,0.42065329218106995,0.009079820570559954,0.4071969696969697,0.19663057526932223,
1073,sim_1073,33,0.010088657902782024,8.770500778617213e-05,0.4186612056828363,0.009037194281691327,0.38446969696969696,0.19663057526932223,
946,sim_946,33,0.010088657902782024,4.511686191450311e-05,0.41568178929978394,0.008268911577260797,0.3560606060606061,0.19663057526932223,
476,sim_476,33,0.010088657902782024,5.4896475404626165e-05,0.431473420393088,0.010568139080015264,0.4602272727272727,0.19663057526932223,
1282,sim_1282,33,0.010088657902782024,8.679064992496854e-05,0.4052279484638256,0.006517329942346998,0.26325757575757575,0.19663057526932223,
1564,sim_1564,33,0.010088657902782024,9.088589494668827e-05,0.40026921194322074,0.006115645529484992,0.2518939393939394,0.19663057526932223,
821,sim_821,33,0.010088657902782024,6.350726158947736e-05,0.42618892508143325,0.009674644393414653,0.42613636363636365,0.19663057526932223,
902,sim_902,33,0.010088657902782024,7.969623652250558e-05,0.4063858864455212,0.0070564524362687064,0.2784090909090909,0.19663057526932223,
2186,sim_2186,33,0.010088657902782024,0.0001122318659887988,0.4133181703310589,0.007559418706342921,0.3162878787878788,0.19663057526932223,
377,sim_377,33,0.010088657902782024,6.2067520718624e-05,0.43290100582318686,0.010785647026540973,0.4772727272727273,0.19663057526932223,
1288,sim_1288,33,0.010088657902782024,7.217905353288288e-05,0.4233756148071447,0.00935914975122799,0.39015151515151514,0.19663057526932223,
1276,sim_1276,32,0.009782940996637114,0.00010280895164450766,0.4083645443196005,0.007113787494567889,0.3024193548387097,0.19663057526932223,
160,sim_160,32,0.009782940996637114,4.0468480445134434e-05,0.42022096608427545,0.008895698425565247,0.40524193548387094,0.19663057526932223,
1048,sim_1048,32,0.009782940996637114,5.6470845678481466e-05,0.40851754714624705,0.007140056267142024,0.3004032258064516,0.19663057526932223,
773,sim_773,32,0.009782940996637114,7.390012384378014e-05,0.4178589678078692,0.00829196735490102,0.36088709677419356,0.19663057526932223,
1065,sim_1065,32,0.009782940996637114,9.182171880674893e-05,0.40928428428428426,0.007089735787073185,0.2903225806451613,0.19663057526932223,
1056,sim_1056,32,0.009782940996637114,7.644079461914386e-05,0.41668789808917195,0.00856189483006678,0.4012096774193548,0.19663057526932223,
705,sim_705,32,0.009782940996637114,5.4438680558082094e-05,0.42293767778639774,0.009383182137614908,0.41330645161290325,0.19663057526932223,
491,sim_491,32,0.009782940996637114,3.0948162828166175e-05,0.42114072357409554,0.009712542710578543,0.4596774193548387,0.19663057526932223,
2135,sim_2135,32,0.009782940996637114,0.00012571263382553098,0.39538256980539105,0.005396657533919337,0.2318548387096774,0.19663057526932223,
2375,sim_2375,32,0.009782940996637114,7.692019635727751e-05,0.4080079830360484,0.007179083869148976,0.3387096774193548,0.19663057526932223,
2057,sim_2057,32,0.009782940996637114,8.470985106817785e-05,0.407246015936255,0.006720509484958776,0.3004032258064516,0.19663057526932223,
364,sim_364,32,0.009782940996637114,5.604003517199869e-05,0.426077895011072,0.00978671126918632,0.4495967741935484,0.19663057526932223,
979,sim_979,32,0.009782940996637114,6.121553557867145e-05,0.4209239480118389,0.008940456273492041,0.3911290322580645,0.19663057526932223,
707,sim_707,32,0.009782940996637114,5.36977037787998e-05,0.41316155109258557,0.008262190757031194,0.35685483870967744,0.19663057526932223,
726,sim_726,32,0.009782940996637114,9.807297385509599e-05,0.42076151273475687,0.008243812561367104,0.36088709677419356,0.19663057526932223,
1599,sim_1599,31,0.009477224090492203,7.645656739656116e-05,0.4041265134667655,0.006624508759808769,0.30752688172043013,0.19663057526932223,
1072,sim_1072,31,0.009477224090492203,5.7774971765290957e-05,0.41882202304737515,0.008401771942519332,0.3956989247311828,0.19663057526932223,
1415,sim_1415,31,0.009477224090492203,9.469787732072146e-05,0.4112913366025399,0.007237036575169601,0.33548387096774196,0.19663057526932223,
872,sim_872,31,0.009477224090492203,0.0001232242051147747,0.40184275184275187,0.006049796728483804,0.24946236559139784,0.19663057526932223,
609,sim_609,31,0.009477224090492203,6.341615716545614e-05,0.4223369916074887,0.008686251077985197,0.3978494623655914,0.19663057526932223,
1133,sim_1133,31,0.009477224090492203,5.6119701125938065e-05,0.41494354941012307,0.008010344091960307,0.36989247311827955,0.19663057526932223,
153,sim_153,31,0.009477224090492203,6.92359150722061e-05,0.42157494522490013,0.009099728962186339,0.432258064516129,0.19663057526932223,
1651,sim_1651,31,0.009477224090492203,0.00011069244237420837,0.4195203283314095,0.008323992611463913,0.35698924731182796,0.19663057526932223,
592,sim_592,31,0.009477224090492203,6.471632908312641e-05,0.40846653346653344,0.007210255106981563,0.3096774193548387,0.19663057526932223,
1712,sim_1712,31,0.009477224090492203,0.00010746080588852886,0.40618403079597665,0.00653648798467154,0.3032258064516129,0.19663057526932223,
1690,sim_1690,31,0.009477224090492203,6.914366971674607e-05,0.4138410931174089,0.007585691503038039,0.33763440860215055,0.19663057526932223,
867,sim_867,31,0.009477224090492203,6.324800270773954e-05,0.4116018623379892,0.008116566098473197,0.3849462365591398,0.19663057526932223,
1589,sim_1589,31,0.009477224090492203,0.00011209859562881966,0.4082116560589043,0.007226981265032274,0.32688172043010755,0.19663057526932223,
804,sim_804,31,0.009477224090492203,5.236937177227645e-05,0.4241441908713693,0.009372554582687412,0.44516129032258067,0.19663057526932223,
447,sim_447,31,0.009477224090492203,2.0989189799240284e-05,0.4280293116985082,0.009845752033449014,0.47096774193548385,0.19663057526932223,
1537,sim_1537,31,0.009477224090492203,8.495931010499062e-05,0.42691203341164186,0.009499434564165979,0.44516129032258067,0.19663057526932223,
965,sim_965,31,0.009477224090492203,8.49153257465837e-05,0.41531234128999495,0.007871915835297325,0.35268817204301073,0.19663057526932223,
975,sim_975,31,0.009477224090492203,6.993990913546476e-05,0.41067168863779036,0.007857567633949632,0.34838709677419355,0.19663057526932223,
1729,sim_1729,31,0.009477224090492203,6.71593501282028e-05,0.4015467714215566,0.0063270367940688604,0.2752688172043011,0.19663057526932223,
685,sim_685,31,0.009477224090492203,5.1807026593465244e-05,0.41041405269761605,0.007693740602094565,0.35268817204301073,0.19663057526932223,
675,sim_675,31,0.009477224090492203,7.316186852710889e-05,0.42146630588841644,0.008290513964826957,0.3741935483870968,0.19663057526932223,
765,sim_765,31,0.009477224090492203,9.983310079093164e-05,0.4095917856248435,0.007014918267489844,0.3225806451612903,0.19663057526932223,
1023,sim_1023,31,0.009477224090492203,5.400276626865099e-05,0.4178589678078692,0.007955872102118403,0.3763440860215054,0.19663057526932223,
1810,sim_1810,31,0.009477224090492203,7.834769695458367e-05,0.41113624937154347,0.006995721507537893,0.3139784946236559,0.19663057526932223,
460,sim_460,31,0.009477224090492203,5.0577963458459464e-05,0.420113023375289,0.008728860161039818,0.4,0.19663057526932223,
1038,sim_1038,31,0.009477224090492203,5.971443543766256e-05,0.4250259875259875,0.009359504873255264,0.44731182795698926,0.19663057526932223,
314,sim_314,31,0.009477224090492203,4.40332933282002e-05,0.4327864514421805,0.010429213264498282,0.4989247311827957,0.19663057526932223,
434,sim_434,31,0.009477224090492203,5.293339185288966e-05,0.41721938775510203,0.007755061515882037,0.3333333333333333,0.19663057526932223,
1266,sim_1266,31,0.009477224090492203,5.7797302655228633e-05,0.4178055945842381,0.008563109368919457,0.3870967741935484,0.19663057526932223,
584,sim_584,30,0.009171507184347293,5.316790981308377e-05,0.41690033137904664,0.008368485405417772,0.42298850574712643,0.19663057526932223,
587,sim_587,30,0.009171507184347293,7.033223333047612e-05,0.4133181703310589,0.007710999964060587,0.3701149425287356,0.19663057526932223,
588,sim_588,30,0.009171507184347293,5.6311833565043084e-05,0.41844697454266344,0.008336116545506665,0.3816091954022989,0.19663057526932223,
1251,sim_1251,30,0.009171507184347293,4.698974099895021e-05,0.4137364027321022,0.007938298318798939,0.3793103448275862,0.19663057526932223,
998,sim_998,30,0.009171507184347293,5.2855012985213885e-05,0.41737909914508103,0.008328403413414424,0.3931034482758621,0.19663057526932223,
1004,sim_1004,30,0.009171507184347293,5.0030642225536864e-05,0.42315653298835704,0.009475230797800173,0.48735632183908045,0.19663057526932223,
1242,sim_1242,30,0.009171507184347293,5.958686313663288e-05,0.41092964824120604,0.007516883524111447,0.3954022988505747,0.19663057526932223,
372,sim_372,30,0.009171507184347293,7.322679665031647e-05,0.4168472027526443,0.008071467977053569,0.39080459770114945,0.19663057526932223,
908,sim_908,30,0.009171507184347293,4.140625253010655e-05,0.41568178929978394,0.007787958419407238,0.39080459770114945,0.19663057526932223,
2023,sim_2023,30,0.009171507184347293,6.418131986284976e-05,0.40179339147524873,0.006154196788329275,0.2850574712643678,0.19663057526932223,
1699,sim_1699,30,0.009171507184347293,5.034464893323035e-05,0.4070433051269288,0.00704587029488775,0.3310344827586207,0.19663057526932223,
1780,sim_1780,30,0.009171507184347293,6.609195664051901e-05,0.41468052738336714,0.00795676059376489,0.38620689655172413,0.19663057526932223,
1795,sim_1795,30,0.009171507184347293,8.67290691171666e-05,0.412536259301299,0.007125242264424356,0.31264367816091954,0.19663057526932223,
1531,sim_1531,30,0.009171507184347293,8.09697514333077e-05,0.40322978303747536,0.006450075905780203,0.3080459770114943,0.19663057526932223,
791,sim_791,30,0.009171507184347293,9.496548288065538e-05,0.4097457096329701,0.006823045956530623,0.31494252873563217,0.19663057526932223,
830,sim_830,30,0.009171507184347293,3.749082449304962e-05,0.4230470770822556,0.010234343663503042,0.5402298850574713,0.19663057526932223,
744,sim_744,30,0.009171507184347293,4.5893806798370756e-05,0.4154178308356617,0.00875629089073969,0.4091954022988506,0.19663057526932223,
1823,sim_1823,30,0.009171507184347293,6.736157207138433e-05,0.3938591210114389,0.0051320436536294815,0.25057471264367814,0.19663057526932223,
844,sim_844,30,0.009171507184347293,6.736507288567871e-05,0.4169534735500319,0.007884390220688493,0.3586206896551724,0.19663057526932223,
1042,sim_1042,30,0.009171507184347293,4.448000597006618e-05,0.41243222796620854,0.007968279618631682,0.3839080459770115,0.19663057526932223,
974,sim_974,30,0.009171507184347293,7.767483126049044e-05,0.420113023375289,0.00815224759764915,0.38850574712643676,0.19663057526932223,
1748,sim_1748,30,0.009171507184347293,9.897523547290229e-05,0.4143128562381254,0.00712468555854036,0.31724137931034485,0.19663057526932223,
1044,sim_1044,30,0.009171507184347293,6.884688946587351e-05,0.40208973570989553,0.006028629605034199,0.31264367816091954,0.19663057526932223,
1096,sim_1096,30,0.009171507184347293,3.542749782079011e-05,0.4034287123828318,0.00702753744058847,0.34942528735632183,0.19663057526932223,
633,sim_633,30,0.009171507184347293,6.19771547198218e-05,0.4100025068939584,0.007830853307774291,0.4,0.19663057526932223,
1429,sim_1429,30,0.009171507184347293,0.00010251459496171936,0.38769704871399785,0.004546466822739881,0.21379310344827587,0.19663057526932223,
1446,sim_1446,30,0.009171507184347293,4.334258003751159e-05,0.4337621005171728,0.010842687157136164,0.5609195402298851,0.19663057526932223,
549,sim_549,30,0.009171507184347293,4.7460693598994756e-05,0.41082642552122584,0.007870628068932272,0.3839080459770115,0.19663057526932223,
1339,sim_1339,30,0.009171507184347293,5.941921533161316e-05,0.4153650793650794,0.007598466261430869,0.34942528735632183,0.19663057526932223,
1227,sim_1227,30,0.009171507184347293,7.426022636911538e-05,0.41483830057070387,0.00782387488522129,0.39080459770114945,0.19663057526932223,
370,sim_370,30,0.009171507184347293,5.385138251467833e-05,0.4282534694946321,0.0099653203684773,0.5195402298850574,0.19663057526932223,
384,sim_384,29,0.008865790278202385,6.818376206371515e-05,0.421249195106246,0.009240179585432426,0.4753694581280788,0.19663057526932223,
950,sim_950,29,0.008865790278202385,2.5784788343669207e-05,0.41036256429557144,0.007769508826082114,0.37438423645320196,0.19663057526932223,
935,sim_935,29,0.008865790278202385,4.989038038413823e-05,0.4186612056828363,0.008802221918147874,0.42610837438423643,0.19663057526932223,
1586,sim_1586,29,0.008865790278202385,6.609248378169078e-05,0.41568178929978394,0.0076773032508823166,0.3669950738916256,0.19663057526932223,
746,sim_746,29,0.008865790278202385,5.432286574542127e-05,0.41494354941012307,0.007894645278224173,0.4014778325123153,0.19663057526932223,
724,sim_724,29,0.008865790278202385,5.613079062783057e-05,0.41727261130246207,0.008506093623086509,0.43103448275862066,0.19663057526932223,
710,sim_710,29,0.008865790278202385,5.916766870127084e-05,0.41690033137904664,0.0081583461566343,0.42610837438423643,0.19663057526932223,
976,sim_976,29,0.008865790278202385,3.769929897287892e-05,0.4107232546459066,0.007396052265222981,0.3669950738916256,0.19663057526932223,
1820,sim_1820,29,0.008865790278202385,6.352969814612111e-05,0.4013004539320329,0.006226839031743733,0.34236453201970446,0.19663057526932223,
1501,sim_1501,29,0.008865790278202385,4.606328461071934e-05,0.41337040313408313,0.007986959291142197,0.43349753694581283,0.19663057526932223,
743,sim_743,29,0.008865790278202385,9.724529524154166e-05,0.4141030510191163,0.0072634902070259875,0.37192118226600984,0.19663057526932223,
373,sim_373,29,0.008865790278202385,6.733650636247014e-05,0.4220645161290323,0.008583778690420393,0.4408866995073892,0.19663057526932223,
1740,sim_1740,29,0.008865790278202385,0.00010218498044719916,0.4053786094931218,0.006037929334852416,0.26354679802955666,0.19663057526932223,
1843,sim_1843,29,0.008865790278202385,5.6230537659512244e-05,0.40179339147524873,0.005745819253950424,0.25862068965517243,0.19663057526932223,
706,sim_706,29,0.008865790278202385,7.973851796758591e-05,0.4049269621193365,0.006288589027061047,0.2832512315270936,0.19663057526932223,
264,sim_264,29,0.008865790278202385,2.833325236516841e-05,0.42070739549839226,0.009098139291616162,0.4802955665024631,0.19663057526932223,
799,sim_799,29,0.008865790278202385,7.32029506065631e-05,0.41352718078381795,0.007435111975815024,0.3866995073891626,0.19663057526932223,
889,sim_889,29,0.008865790278202385,4.602814225549977e-05,0.4116018623379892,0.007169109845359046,0.33497536945812806,0.19663057526932223,
1113,sim_1113,29,0.008865790278202385,4.165364371257828e-05,0.412640343131071,0.007440471814490533,0.3793103448275862,0.19663057526932223,
864,sim_864,29,0.008865790278202385,4.422042613730172e-05,0.40954050331789155,0.007574387975983826,0.4039408866995074,0.19663057526932223,
911,sim_911,29,0.008865790278202385,4.3464098826550604e-05,0.41092964824120604,0.007421565574102374,0.3817733990147783,0.19663057526932223,
880,sim_880,28,0.008560073372057475,5.600256598414937e-05,0.39812560856864654,0.005533179002596648,0.2724867724867725,0.19663057526932223,
138,sim_138,28,0.008560073372057475,3.913679357816806e-05,0.42211898309459284,0.009358685690656482,0.5238095238095238,0.19663057526932223,
1278,sim_1278,28,0.008560073372057475,9.243669367729843e-05,0.4002202373669399,0.00595667589395136,0.2857142857142857,0.19663057526932223,
1140,sim_1140,28,0.008560073372057475,4.364734740801702e-05,0.387926944971537,0.0046060169982601465,0.24338624338624337,0.19663057526932223,
690,sim_690,28,0.008560073372057475,5.4494845153027204e-05,0.41892930327868855,0.007819755373631488,0.4074074074074074,0.19663057526932223,
1041,sim_1041,28,0.008560073372057475,7.143778079049441e-05,0.40755046100174436,0.006805801721205482,0.335978835978836,0.19663057526932223,
265,sim_265,28,0.008560073372057475,1.999530018974705e-05,0.4339923046304896,0.010950698690328303,0.6772486772486772,0.19663057526932223,
969,sim_969,28,0.008560073372057475,3.398685645690772e-05,0.41041405269761605,0.007109073627328305,0.3306878306878307,0.19663057526932223,
283,sim_283,28,0.008560073372057475,8.61118964067528e-05,0.41489091831557584,0.007227609772832127,0.3253968253968254,0.19663057526932223,
1135,sim_1135,28,0.008560073372057475,3.715124587029703e-05,0.41668789808917195,0.008750107515172585,0.5132275132275133,0.19663057526932223,
2001,sim_2001,28,0.008560073372057475,7.66484204559674e-05,0.4005633112907176,0.006024807084985451,0.30423280423280424,0.19663057526932223,
1123,sim_1123,28,0.008560073372057475,2.125218018700461e-05,0.3999755441428222,0.006314654885185669,0.30158730158730157,0.19663057526932223,
221,sim_221,28,0.008560073372057475,4.521217972325612e-05,0.41462796298643684,0.008219825583189925,0.4497354497354497,0.19663057526932223,
1353,sim_1353,28,0.008560073372057475,7.238282750722766e-05,0.4054288547347546,0.006356350479739803,0.328042328042328,0.19663057526932223,
721,sim_721,28,0.008560073372057475,7.022810402873764e-05,0.3998288717760665,0.00584350331918637,0.30158730158730157,0.19663057526932223,
568,sim_568,28,0.008560073372057475,5.9662187366486454e-05,0.407246015936255,0.0066826143442413775,0.3439153439153439,0.19663057526932223,
189,sim_189,28,0.008560073372057475,0.00011522310996561773,0.4099511216944479,0.006281183289811488,0.2962962962962963,0.19663057526932223,
1525,sim_1525,28,0.008560073372057475,6.391012686318606e-05,0.41489091831557584,0.007606238057307359,0.3994708994708995,0.19663057526932223,
1488,sim_1488,28,0.008560073372057475,7.061503243029944e-05,0.39841656516443363,0.006241607293930895,0.31216931216931215,0.19663057526932223,
1102,sim_1102,28,0.008560073372057475,6.166348519882583e-05,0.4102596262385551,0.006851219549860354,0.3544973544973545,0.19663057526932223,
1406,sim_1406,28,0.008560073372057475,6.36881604152773e-05,0.4042763564454332,0.006602323496289201,0.335978835978836,0.19663057526932223,
1144,sim_1144,28,0.008560073372057475,7.354229533905193e-05,0.4095917856248435,0.0067244785800042225,0.3148148148148148,0.19663057526932223,
1679,sim_1679,28,0.008560073372057475,6.23348959496097e-05,0.40583126550868487,0.006411936465724205,0.31746031746031744,0.19663057526932223,
865,sim_865,28,0.008560073372057475,5.2014301965580904e-05,0.4053786094931218,0.00670420948576838,0.3333333333333333,0.19663057526932223,
1726,sim_1726,28,0.008560073372057475,5.750794777430768e-05,0.41056859545625707,0.007323143165454569,0.3783068783068783,0.19663057526932223,
954,sim_954,28,0.008560073372057475,5.685521501895752e-05,0.4167940876656473,0.008001531408563623,0.41005291005291006,0.19663057526932223,
697,sim_697,28,0.008560073372057475,4.067831270625283e-05,0.4138934581804378,0.007516981274792088,0.3783068783068783,0.19663057526932223,
2039,sim_2039,28,0.008560073372057475,9.545877025597142e-05,0.41489091831557584,0.007299702397401266,0.41798941798941797,0.19663057526932223,
1685,sim_1685,27,0.008254356465912565,2.54523061504078e-05,0.4156289707750953,0.0075781614984724854,0.4045584045584046,0.19663057526932223,
1388,sim_1388,27,0.008254356465912565,6.24172235477068e-05,0.41041405269761605,0.007107445018908872,0.37606837606837606,0.19663057526932223,
661,sim_661,27,0.008254356465912565,3.5680693230192214e-05,0.41452287416043593,0.007602700739582244,0.4017094017094017,0.19663057526932223,
1719,sim_1719,27,0.008254356465912565,5.525201942301262e-05,0.39476224957760075,0.005056940267534074,0.2706552706552707,0.19663057526932223,
631,sim_631,27,0.008254356465912565,4.086835090037136e-05,0.4069926589523454,0.006663059271117948,0.3732193732193732,0.19663057526932223,
1289,sim_1289,27,0.008254356465912565,3.929862272924566e-05,0.3938591210114389,0.005377915109100753,0.2962962962962963,0.19663057526932223,
1112,sim_1112,27,0.008254356465912565,4.506069165559957e-05,0.4139458364970893,0.007320923996571191,0.42165242165242167,0.19663057526932223,
1553,sim_1553,27,0.008254356465912565,4.689393436702586e-05,0.40477663655488183,0.006488413932724436,0.35327635327635326,0.19663057526932223,
800,sim_800,27,0.008254356465912565,6.032021668732879e-05,0.4094379772186757,0.007038570277415758,0.36182336182336183,0.19663057526932223,
1039,sim_1039,27,0.008254356465912565,4.745040999513229e-05,0.41807259713701433,0.007966068059808096,0.4444444444444444,0.19663057526932223,
968,sim_968,27,0.008254356465912565,5.5880729750430155e-05,0.4027829085088043,0.005904409074082549,0.3333333333333333,0.19663057526932223,
1781,sim_1781,27,0.008254356465912565,4.166063751764088e-05,0.4030807147258164,0.00609656062071581,0.3333333333333333,0.19663057526932223,
2669,sim_2669,27,0.008254356465912565,4.545310355056743e-05,0.40041620761415103,0.006182184566557431,0.37037037037037035,0.19663057526932223,
774,sim_774,27,0.008254356465912565,5.31818721266449e-05,0.4152069053059152,0.007569684458224371,0.4188034188034188,0.19663057526932223,
93,sim_93,27,0.008254356465912565,3.486395516948538e-05,0.4255789747593026,0.009021582548307245,0.5242165242165242,0.19663057526932223,
1058,sim_1058,27,0.008254356465912565,4.762486398527042e-05,0.4100539049768083,0.006898855979225934,0.39316239316239315,0.19663057526932223,
1910,sim_1910,27,0.008254356465912565,5.833159013166193e-05,0.4066384883142715,0.006557676564276108,0.358974358974359,0.19663057526932223,
1944,sim_1944,27,0.008254356465912565,8.327942690006933e-05,0.40658794282162836,0.0060897313655302,0.31054131054131057,0.19663057526932223,
2377,sim_2377,27,0.008254356465912565,4.94138946622002e-05,0.4100025068939584,0.006789796770923296,0.38461538461538464,0.19663057526932223,
1397,sim_1397,27,0.008254356465912565,6.588876601552929e-05,0.4071953193078551,0.005893488142503455,0.2905982905982906,0.19663057526932223,
1418,sim_1418,27,0.008254356465912565,4.6373647001924474e-05,0.4052279484638256,0.006806940013298233,0.358974358974359,0.19663057526932223,
1090,sim_1090,27,0.008254356465912565,3.4441588328468995e-05,0.4036278381046397,0.006322928731084261,0.3247863247863248,0.19663057526932223,
512,sim_512,27,0.008254356465912565,4.841176071706705e-05,0.40507739938080495,0.006682770139943362,0.3789173789173789,0.19663057526932223,
2158,sim_2158,26,0.007948639559767655,3.544791781606902e-05,0.41357946643064863,0.007226750010542804,0.4492307692307692,0.19663057526932223,
2152,sim_2152,26,0.007948639559767655,4.566152737948313e-05,0.39711059851887826,0.0059649397559722196,0.38769230769230767,0.19663057526932223,
350,sim_350,26,0.007948639559767655,1.596571168611575e-05,0.41833994116894746,0.008071795387399591,0.49230769230769234,0.19663057526932223,
1732,sim_1732,26,0.007948639559767655,5.267829391786945e-05,0.4039767815240212,0.006033354920060893,0.3261538461538461,0.19663057526932223,
1838,sim_1838,26,0.007948639559767655,6.816369373917386e-05,0.4021886142874708,0.005894772509530886,0.31076923076923074,0.19663057526932223,
1459,sim_1459,26,0.007948639559767655,4.836180818147572e-05,0.39667717681300024,0.005671540130879459,0.3415384615384615,0.19663057526932223,
964,sim_964,26,0.007948639559767655,6.0103124397542645e-05,0.4144703497212367,0.007194619900090164,0.42153846153846153,0.19663057526932223,
971,sim_971,26,0.007948639559767655,6.671495008545626e-05,0.39899975603805804,0.005762777776364795,0.31384615384615383,0.19663057526932223,
1486,sim_1486,26,0.007948639559767655,3.723756445294382e-05,0.4143128562381254,0.007304538442113856,0.46153846153846156,0.19663057526932223,
764,sim_764,26,0.007948639559767655,3.929608062221114e-05,0.4072967251898892,0.006578912447688137,0.39076923076923076,0.19663057526932223,
571,sim_571,26,0.007948639559767655,3.070986329803162e-05,0.4085685735698226,0.006779998294987118,0.4153846153846154,0.19663057526932223,
1275,sim_1275,26,0.007948639559767655,0.00010375602663061771,0.4041764487828988,0.006108703896108154,0.3353846153846154,0.19663057526932223,
1536,sim_1536,26,0.007948639559767655,2.808802416711694e-05,0.4049269621193365,0.006458004277641143,0.37846153846153846,0.19663057526932223,
1527,sim_1527,26,0.007948639559767655,4.100210557750598e-05,0.40755046100174436,0.006660978642822644,0.38153846153846155,0.19663057526932223,
1469,sim_1469,26,0.007948639559767655,3.988751536874419e-05,0.3955738299673479,0.005225029263029948,0.28923076923076924,0.19663057526932223,
1032,sim_1032,26,0.007948639559767655,3.220019984577832e-05,0.42830954563310203,0.009307858024401617,0.56,0.19663057526932223,
695,sim_695,26,0.007948639559767655,3.5407797868505695e-05,0.39798028957294074,0.005920546924465162,0.35384615384615387,0.19663057526932223,
817,sim_817,26,0.007948639559767655,4.747686689552524e-05,0.41031108881083794,0.006933913565754557,0.40615384615384614,0.19663057526932223,
1422,sim_1422,26,0.007948639559767655,2.9104088144954895e-05,0.41378874130297283,0.007661202986504654,0.48,0.19663057526932223,
1958,sim_1958,26,0.007948639559767655,3.937822681536027e-05,0.3915958338321561,0.005232121791329841,0.3261538461538461,0.19663057526932223,
1937,sim_1937,26,0.007948639559767655,5.2952730581272275e-05,0.4111879321181647,0.006880096501929454,0.39384615384615385,0.19663057526932223,
527,sim_527,26,0.007948639559767655,3.5619462544752844e-05,0.41626368032578265,0.008150718081956871,0.49538461538461537,0.19663057526932223,
1579,sim_1579,26,0.007948639559767655,2.805640554580805e-05,0.4144703497212367,0.008089536983728713,0.5107692307692308,0.19663057526932223,
1351,sim_1351,26,0.007948639559767655,4.808859205162348e-05,0.39538256980539105,0.005452814062676045,0.3292307692307692,0.19663057526932223,
206,sim_206,26,0.007948639559767655,5.621251762539882e-05,0.40954050331789155,0.007190783957054027,0.4276923076923077,0.19663057526932223,
927,sim_927,26,0.007948639559767655,1.4969157685458771e-05,0.41113624937154347,0.007594324336859634,0.4553846153846154,0.19663057526932223,
1626,sim_1626,26,0.007948639559767655,3.323773272764646e-05,0.3929601153291687,0.005409080508137028,0.3292307692307692,0.19663057526932223,
1692,sim_1692,26,0.007948639559767655,5.296313998799395e-05,0.40902838564461674,0.007241019802180722,0.4276923076923077,0.19663057526932223,
894,sim_894,26,0.007948639559767655,3.311225686699192e-05,0.40851754714624705,0.006961458723138223,0.40615384615384614,0.19663057526932223,
1290,sim_1290,26,0.007948639559767655,4.2539804019810935e-05,0.4144178385911567,0.007605966247443612,0.4523076923076923,0.19663057526932223,
2456,sim_2456,26,0.007948639559767655,4.144133407821011e-05,0.38550383028874485,0.004638241157901711,0.2553846153846154,0.19663057526932223,
2459,sim_2459,26,0.007948639559767655,6.755751702356918e-05,0.4005633112907176,0.0053517951107822075,0.31384615384615383,0.19663057526932223,
606,sim_606,25,0.007642922653622745,6.159405573435547e-05,0.4070939639079029,0.006213944169373366,0.36333333333333334,0.19663057526932223,
2146,sim_2146,25,0.007642922653622745,5.9735180776529945e-05,0.3912211457959574,0.0045938114991938995,0.30666666666666664,0.19663057526932223,
861,sim_861,25,0.007642922653622745,5.150740333443306e-05,0.38959028108623156,0.004246282013890431,0.2633333333333333,0.19663057526932223,
375,sim_375,25,0.007642922653622745,2.73150882565908e-05,0.39653291308037336,0.0057549265366860225,0.35333333333333333,0.19663057526932223,
1151,sim_1151,25,0.007642922653622745,3.743567869274081e-05,0.39562167392356073,0.005303525204793158,0.36666666666666664,0.19663057526932223,
603,sim_603,25,0.007642922653622745,3.720655570912749e-05,0.40851754714624705,0.0069906442240225556,0.4166666666666667,0.19663057526932223,
991,sim_991,25,0.007642922653622745,4.0728987536095054e-05,0.40938673341677095,0.007287505115536902,0.4533333333333333,0.19663057526932223,
2347,sim_2347,25,0.007642922653622745,4.1061987800813895e-05,0.3897759771210677,0.004837496388212438,0.31666666666666665,0.19663057526932223,
1791,sim_1791,25,0.007642922653622745,3.155049470684715e-05,0.4008578431372549,0.006370597969674608,0.45,0.19663057526932223,
1555,sim_1555,25,0.007642922653622745,4.050655184149905e-05,0.39131475056824977,0.0049636268809798755,0.3333333333333333,0.19663057526932223,
933,sim_933,25,0.007642922653622745,4.247038074465424e-05,0.3998777506112469,0.005747484780376133,0.3566666666666667,0.19663057526932223,
937,sim_937,25,0.007642922653622745,4.976734433766748e-05,0.4065374098931146,0.006911848983181833,0.4633333333333333,0.19663057526932223,
847,sim_847,25,0.007642922653622745,5.081723867827475e-05,0.405982375574035,0.006577381611243565,0.37333333333333335,0.19663057526932223,
1742,sim_1742,25,0.007642922653622745,3.518099862266016e-05,0.4001223241590214,0.005722879159212824,0.32,0.19663057526932223,
540,sim_540,25,0.007642922653622745,2.543389217390424e-05,0.41108457961543293,0.0077836451703286675,0.4866666666666667,0.19663057526932223,
1159,sim_1159,25,0.007642922653622745,4.2715092348402146e-05,0.4100025068939584,0.006659020473804624,0.4,0.19663057526932223,
1597,sim_1597,25,0.007642922653622745,4.7264439539781545e-05,0.4107232546459066,0.007255213865390818,0.43666666666666665,0.19663057526932223,
1541,sim_1541,25,0.007642922653622745,4.821166865811908e-05,0.41238023197175994,0.007026658785331266,0.41333333333333333,0.19663057526932223,
596,sim_596,25,0.007642922653622745,1.5464111767739272e-05,0.42447443550480146,0.00897064234469985,0.61,0.19663057526932223,
595,sim_595,25,0.007642922653622745,3.821462922944066e-05,0.4070939639079029,0.006790209768399879,0.39666666666666667,0.19663057526932223,
2382,sim_2382,25,0.007642922653622745,3.678126423770556e-05,0.3916427203065134,0.005241627668371616,0.31333333333333335,0.19663057526932223,
1375,sim_1375,25,0.007642922653622745,1.9151583247759703e-05,0.41191285732275534,0.007726327995220907,0.51,0.19663057526932223,
1453,sim_1453,25,0.007642922653622745,2.549330058671739e-05,0.3921122033085591,0.005355910341264294,0.2966666666666667,0.19663057526932223,
678,sim_678,25,0.007642922653622745,3.5303050189783e-05,0.40679020022385276,0.006517734888841103,0.36666666666666664,0.19663057526932223,
1822,sim_1822,25,0.007642922653622745,5.424214336774832e-05,0.4029813970678822,0.006143071427196553,0.38,0.19663057526932223,
734,sim_734,25,0.007642922653622745,5.202007324971069e-05,0.4041265134667655,0.006169216258486131,0.3566666666666667,0.19663057526932223,
780,sim_780,25,0.007642922653622745,3.4734041749254834e-05,0.4040765904879555,0.006463582030863255,0.41,0.19663057526932223,
1479,sim_1479,25,0.007642922653622745,4.287676241945879e-05,0.3863690054334987,0.0041483861929930655,0.27666666666666667,0.19663057526932223,
449,sim_449,25,0.007642922653622745,3.260269539608708e-05,0.4006614404703577,0.006563471853201131,0.43333333333333335,0.19663057526932223,
197,sim_197,25,0.007642922653622745,2.6462036067192874e-05,0.4161577608142494,0.00796148832486653,0.4866666666666667,0.19663057526932223,
2070,sim_2070,25,0.007642922653622745,4.6368025472852804e-05,0.3968696918223732,0.005445751689289504,0.32666666666666666,0.19663057526932223,
195,sim_195,25,0.007642922653622745,5.5682589908310405e-05,0.4151542073867242,0.007806517587783723,0.48,0.19663057526932223,
1019,sim_1019,25,0.007642922653622745,2.5812515133794138e-05,0.4014482081492391,0.006614413488604391,0.4166666666666667,0.19663057526932223,
64,sim_64,25,0.007642922653622745,3.8983839255179176e-05,0.4147856961704286,0.0073346072127616554,0.44,0.19663057526932223,
1179,sim_1179,25,0.007642922653622745,7.593476021980113e-05,0.3995358495175278,0.005585887028685385,0.33,0.19663057526932223,
1271,sim_1271,25,0.007642922653622745,1.707221074492661e-05,0.41337040313408313,0.007187166780275634,0.39666666666666667,0.19663057526932223,
1372,sim_1372,25,0.007642922653622745,3.1596988408776606e-05,0.4031303919152083,0.006346349825136049,0.39,0.19663057526932223,
255,sim_255,25,0.007642922653622745,2.748421446253391e-05,0.4154705957068462,0.007780198992156798,0.51,0.19663057526932223,
2017,sim_2017,25,0.007642922653622745,5.18543085364848e-05,0.40090697389385954,0.005420806021347288,0.31333333333333335,0.19663057526932223,
626,sim_626,25,0.007642922653622745,5.8760095263834324e-05,0.4174323634507402,0.007841576400052602,0.47,0.19663057526932223,
674,sim_674,25,0.007642922653622745,4.6234761630277575e-05,0.417166177783446,0.008046518893245798,0.4866666666666667,0.19663057526932223,
1377,sim_1377,25,0.007642922653622745,3.500808753615587e-05,0.39827103372701816,0.0059402374293941644,0.3933333333333333,0.19663057526932223,
1061,sim_1061,25,0.007642922653622745,5.2807454684235817e-05,0.407702854293905,0.006398640018500891,0.36333333333333334,0.19663057526932223,
2278,sim_2278,25,0.007642922653622745,3.985043093759781e-05,0.39740007289515245,0.005238596050940525,0.31,0.19663057526932223,
1999,sim_1999,25,0.007642922653622745,5.463624443602789e-05,0.40457637600494745,0.005935389517834034,0.3233333333333333,0.19663057526932223,
1409,sim_1409,25,0.007642922653622745,2.9030569540781238e-05,0.4054288547347546,0.006525943382345379,0.39,0.19663057526932223,
230,sim_230,25,0.007642922653622745,1.9862460868283556e-05,0.42463975074646243,0.0094338508640985,0.6333333333333333,0.19663057526932223,
1672,sim_1672,25,0.007642922653622745,3.627007105402039e-05,0.3932908500661296,0.005167820743414547,0.31333333333333335,0.19663057526932223,
1233,sim_1233,25,0.007642922653622745,6.348868008145052e-05,0.4006614404703577,0.005855829632267387,0.32666666666666666,0.19663057526932223,
360,sim_360,24,0.007337205747477835,2.5622483063211983e-05,0.41584032545130944,0.007553359837159769,0.463768115942029,0.19663057526932223,
1562,sim_1562,24,0.007337205747477835,3.9031212805812115e-05,0.4059319930503847,0.006338896469414234,0.36594202898550726,0.19663057526932223,
1741,sim_1741,24,0.007337205747477835,2.9025350426142274e-05,0.3958610674089314,0.005794299015173999,0.36231884057971014,0.19663057526932223,
2383,sim_2383,24,0.007337205747477835,3.88472369786087e-05,0.40125122669283614,0.00548430649579375,0.38768115942028986,0.19663057526932223,
1410,sim_1410,24,0.007337205747477835,2.7158495392385516e-05,0.412120448532191,0.007130841477512797,0.44565217391304346,0.19663057526932223,
1895,sim_1895,24,0.007337205747477835,3.4846225392743265e-05,0.40134969325153375,0.005977372916073921,0.3804347826086957,0.19663057526932223,
1274,sim_1274,24,0.007337205747477835,4.186319645875928e-05,0.394001445434835,0.005019868980789638,0.3115942028985507,0.19663057526932223,
1085,sim_1085,24,0.007337205747477835,4.508094725181812e-05,0.408875,0.006410313119191842,0.38768115942028986,0.19663057526932223,
1188,sim_1188,24,0.007337205747477835,2.6090992768927547e-05,0.39768996960486325,0.005582479864208027,0.3695652173913043,0.19663057526932223,
504,sim_504,24,0.007337205747477835,2.500782122592245e-05,0.4087217293514932,0.006633792488314643,0.391304347826087,0.19663057526932223,
1104,sim_1104,24,0.007337205747477835,2.7550757515811138e-05,0.3942388815234422,0.005468489127083799,0.32608695652173914,0.19663057526932223,
1092,sim_1092,24,0.007337205747477835,3.480802195196225e-05,0.40457637600494745,0.006858149371929189,0.4420289855072464,0.19663057526932223,
2229,sim_2229,24,0.007337205747477835,5.3982609175899095e-05,0.39740007289515245,0.0053267570177666194,0.3442028985507246,0.19663057526932223,
1844,sim_1844,24,0.007337205747477835,3.767267707249507e-05,0.40457637600494745,0.0061640640875923755,0.35507246376811596,0.19663057526932223,
1855,sim_1855,24,0.007337205747477835,3.712242431550253e-05,0.38926573842675233,0.005022011904677468,0.3804347826086957,0.19663057526932223,
1025,sim_1025,24,0.007337205747477835,1.800126304331442e-05,0.40744892874937716,0.0063550907701269525,0.36594202898550726,0.19663057526932223,
1026,sim_1026,24,0.007337205747477835,2.716114334559462e-05,0.4029317565902932,0.006248355359030544,0.38405797101449274,0.19663057526932223,
1037,sim_1037,24,0.007337205747477835,3.4097835885133383e-05,0.3964848484848485,0.005670893376356383,0.358695652173913,0.19663057526932223,
2310,sim_2310,24,0.007337205747477835,4.225155440673073e-05,0.3884336777104857,0.004374764342869314,0.2898550724637681,0.19663057526932223,
995,sim_995,24,0.007337205747477835,3.097370413070738e-05,0.39973114994500797,0.005938947338352853,0.40942028985507245,0.19663057526932223,
617,sim_617,24,0.007337205747477835,3.402634822323994e-05,0.39438148058837713,0.005334002899824538,0.32608695652173914,0.19663057526932223,
2371,sim_2371,24,0.007337205747477835,3.881661999354652e-05,0.3957652752571083,0.005192966818954429,0.33695652173913043,0.19663057526932223,
970,sim_970,24,0.007337205747477835,3.625289999904087e-05,0.3968696918223732,0.005329922802942402,0.36594202898550726,0.19663057526932223,
2151,sim_2151,24,0.007337205747477835,3.520015454271364e-05,0.37732149036797785,0.0034048719005396987,0.2391304347826087,0.19663057526932223,
1704,sim_1704,24,0.007337205747477835,3.750542420926901e-05,0.39357478041150284,0.0049758795019002305,0.322463768115942,0.19663057526932223,
1613,sim_1613,24,0.007337205747477835,4.694377516770473e-05,0.38127986944865366,0.004153129278387273,0.3115942028985507,0.19663057526932223,
1291,sim_1291,24,0.007337205747477835,1.4045618430770205e-05,0.42086978898610394,0.008489281301398633,0.5471014492753623,0.19663057526932223,
1040,sim_1040,24,0.007337205747477835,3.6741765506061385e-05,0.39653291308037336,0.005685328216371768,0.3804347826086957,0.19663057526932223,
1052,sim_1052,24,0.007337205747477835,2.8851004136527965e-05,0.4033789616475521,0.006353360859869806,0.37681159420289856,0.19663057526932223,
739,sim_739,24,0.007337205747477835,2.3743745077913042e-05,0.41217237903225806,0.007473882490444488,0.4963768115942029,0.19663057526932223,
1802,sim_1802,24,0.007337205747477835,5.715682790727458e-05,0.3911743602009089,0.005056390124053556,0.3079710144927536,0.19663057526932223,
766,sim_766,24,0.007337205747477835,3.106993354882591e-05,0.4114983016731664,0.006927871616730402,0.44565217391304346,0.19663057526932223,
753,sim_753,24,0.007337205747477835,5.159485238405385e-05,0.41316155109258557,0.007231282620147666,0.4528985507246377,0.19663057526932223,
993,sim_993,24,0.007337205747477835,2.451930117516402e-05,0.39725528297303864,0.005422784508935981,0.31521739130434784,0.19663057526932223,
2580,sim_2580,24,0.007337205747477835,6.208286158504302e-05,0.3810577819198509,0.0037876334841316327,0.2644927536231884,0.19663057526932223,
1228,sim_1228,24,0.007337205747477835,7.481655745679294e-05,0.4051275699777062,0.006104332780383927,0.36231884057971014,0.19663057526932223,
918,sim_918,24,0.007337205747477835,1.9485654292560043e-05,0.4071953193078551,0.0067835063308916655,0.42028985507246375,0.19663057526932223,
2190,sim_2190,24,0.007337205747477835,5.193577917325331e-05,0.3798629659737545,0.0035507960928780635,0.2318840579710145,0.19663057526932223,
1628,sim_1628,24,0.007337205747477835,4.203680880619015e-05,0.40149748373634464,0.005849146936926484,0.38768115942028986,0.19663057526932223,
986,sim_986,24,0.007337205747477835,2.3313788323766934e-05,0.40846653346653344,0.006670255385369365,0.4057971014492754,0.19663057526932223,
1208,sim_1208,24,0.007337205747477835,2.1525106292055772e-05,0.4028821283409287,0.006276868797057844,0.42028985507246375,0.19663057526932223,
808,sim_808,24,0.007337205747477835,4.763868093129629e-05,0.4120166267791913,0.007352457191615558,0.48188405797101447,0.19663057526932223,
2115,sim_2115,24,0.007337205747477835,4.814533286631367e-05,0.40318008135091826,0.005651741706015616,0.35144927536231885,0.19663057526932223,
815,sim_815,24,0.007337205747477835,2.9835036920189848e-05,0.40248554202042575,0.006138202862830837,0.3695652173913043,0.19663057526932223,
425,sim_425,24,0.007337205747477835,8.330981962063941e-05,0.3938117023838189,0.004935810516322044,0.2971014492753623,0.19663057526932223,
2358,sim_2358,23,0.007031488841332925,3.9472758181926886e-05,0.39500060379181257,0.0046694142346519986,0.3241106719367589,0.19663057526932223,
1784,sim_1784,23,0.007031488841332925,4.603340000037949e-05,0.4007596177407498,0.005855964820596856,0.37549407114624506,0.19663057526932223,
931,sim_931,23,0.007031488841332925,2.5786316017568017e-05,0.4102596262385551,0.007254216837334526,0.4782608695652174,0.19663057526932223,
341,sim_341,23,0.007031488841332925,2.8142865441521764e-05,0.39948705422569614,0.005665608820038888,0.3675889328063241,0.19663057526932223,
1252,sim_1252,23,0.007031488841332925,3.9373645239459225e-05,0.3951437545300797,0.005035740094334629,0.32806324110671936,0.19663057526932223,
1193,sim_1193,23,0.007031488841332925,5.702231588886872e-05,0.4010052715459115,0.005799048174281174,0.391304347826087,0.19663057526932223,
1191,sim_1191,23,0.007031488841332925,3.3153714219339763e-05,0.4039767815240212,0.005749566111288221,0.36363636363636365,0.19663057526932223,
882,sim_882,23,0.007031488841332925,6.530143438507598e-06,0.40149748373634464,0.006158755322587185,0.4031620553359684,0.19663057526932223,
508,sim_508,23,0.007031488841332925,3.8028623295500854e-05,0.40149748373634464,0.00567569443281147,0.3675889328063241,0.19663057526932223,
659,sim_659,23,0.007031488841332925,3.356778191786544e-05,0.4096943887775551,0.006857953515490961,0.45849802371541504,0.19663057526932223,
134,sim_134,23,0.007031488841332925,3.844426312404154e-05,0.40457637600494745,0.005932075127298669,0.383399209486166,0.19663057526932223,
1169,sim_1169,23,0.007031488841332925,3.8741177687352374e-05,0.40679020022385276,0.005821383322490823,0.36363636363636365,0.19663057526932223,
152,sim_152,23,0.007031488841332925,3.278422417699148e-05,0.41882202304737515,0.008168430794743078,0.5889328063241107,0.19663057526932223,
636,sim_636,23,0.007031488841332925,2.0862973118846166e-05,0.40744892874937716,0.007096336885762644,0.5098814229249012,0.19663057526932223,
2499,sim_2499,23,0.007031488841332925,4.857287857267061e-05,0.3791145108947612,0.003632270529377117,0.2964426877470356,0.19663057526932223,
952,sim_952,23,0.007031488841332925,4.267837989230922e-05,0.39070711896798854,0.00476012854312879,0.308300395256917,0.19663057526932223,
2130,sim_2130,23,0.007031488841332925,2.373577841620248e-05,0.40861961274203623,0.007086924052205862,0.4624505928853755,0.19663057526932223,
901,sim_901,23,0.007031488841332925,4.342469985180591e-05,0.3897295365185273,0.0047365324616660915,0.3359683794466403,0.19663057526932223,
891,sim_891,23,0.007031488841332925,3.7672125336066464e-05,0.39610075078711554,0.005613167143707322,0.42292490118577075,0.19663057526932223,
1299,sim_1299,23,0.007031488841332925,3.5824264480283636e-05,0.41871479774705583,0.007926319860166337,0.5612648221343873,0.19663057526932223,
1577,sim_1577,23,0.007031488841332925,3.7978121859462145e-05,0.41674098611288063,0.007241518128331424,0.5375494071146245,0.19663057526932223,
1716,sim_1716,23,0.007031488841332925,3.80929169358793e-05,0.4087728067983004,0.006709278342734482,0.4268774703557312,0.19663057526932223,
1724,sim_1724,23,0.007031488841332925,4.22378721627197e-05,0.39168961800981916,0.004746513787171556,0.3201581027667984,0.19663057526932223,
938,sim_938,23,0.007031488841332925,3.081782676739657e-05,0.3915020945541592,0.0049675354616879564,0.3359683794466403,0.19663057526932223,
1757,sim_1757,23,0.007031488841332925,5.070023367663258e-05,0.3964848484848485,0.005560023116182263,0.3675889328063241,0.19663057526932223,
1532,sim_1532,23,0.007031488841332925,3.760840458953103e-05,0.4002202373669399,0.005691416532210892,0.41106719367588934,0.19663057526932223,
1463,sim_1463,23,0.007031488841332925,3.950737686402225e-05,0.39471461324966817,0.00499516875078362,0.3438735177865613,0.19663057526932223,
1465,sim_1465,23,0.007031488841332925,4.183001813108833e-05,0.4055796652200868,0.0062652567149107255,0.41106719367588934,0.19663057526932223,
2324,sim_2324,23,0.007031488841332925,4.561717606070675e-05,0.3930073290880692,0.0045811890067029805,0.3201581027667984,0.19663057526932223,
761,sim_761,23,0.007031488841332925,1.88377463437983e-05,0.4020403146509341,0.00624052341899104,0.466403162055336,0.19663057526932223,
1028,sim_1028,23,0.007031488841332925,2.4554221441417993e-05,0.4002202373669399,0.005803333426291468,0.35968379446640314,0.19663057526932223,
436,sim_436,23,0.007031488841332925,2.3971309219927788e-05,0.41499619385942654,0.007360726119769982,0.4901185770750988,0.19663057526932223,
1493,sim_1493,23,0.007031488841332925,2.9199499929025318e-05,0.4010052715459115,0.006128768028072885,0.4268774703557312,0.19663057526932223,
1521,sim_1521,23,0.007031488841332925,3.475561951950051e-05,0.40017127477367265,0.00565454491751283,0.33992094861660077,0.19663057526932223,
1528,sim_1528,23,0.007031488841332925,7.01881701058497e-05,0.4091307066916823,0.006424855772945934,0.4189723320158103,0.19663057526932223,
1127,sim_1127,23,0.007031488841332925,2.8861065849707486e-05,0.4098997493734336,0.007279698490736716,0.5138339920948617,0.19663057526932223,
1530,sim_1530,23,0.007031488841332925,3.793782266865471e-05,0.4083135688428411,0.006245731171565098,0.4150197628458498,0.19663057526932223,
1292,sim_1292,22,0.006725771935188016,2.7852119779670076e-05,0.382796957284962,0.0038751531633626746,0.2857142857142857,0.19663057526932223,
593,sim_593,22,0.006725771935188016,1.382462845493137e-05,0.4102596262385551,0.007310151514361081,0.5757575757575758,0.19663057526932223,
985,sim_985,22,0.006725771935188016,3.156115370212708e-05,0.39504830917874395,0.004892425473301344,0.354978354978355,0.19663057526932223,
972,sim_972,22,0.006725771935188016,3.966474272946479e-05,0.3897295365185273,0.004333289786554499,0.3116883116883117,0.19663057526932223,
846,sim_846,22,0.006725771935188016,5.559273269748853e-05,0.3786756193563325,0.003314767400234078,0.27705627705627706,0.19663057526932223,
388,sim_388,22,0.006725771935188016,3.2589073425018685e-05,0.40714463529997513,0.006293637381047094,0.42857142857142855,0.19663057526932223,
832,sim_832,22,0.006725771935188016,2.601279933414934e-05,0.38894173602853743,0.004984856224489953,0.3852813852813853,0.19663057526932223,
1156,sim_1156,22,0.006725771935188016,3.185653726553811e-05,0.41010531594784355,0.0066140937012795255,0.45021645021645024,0.19663057526932223,
1693,sim_1693,22,0.006725771935188016,3.819065457011943e-05,0.3914552417424605,0.004991971173738575,0.3593073593073593,0.19663057526932223,
2260,sim_2260,22,0.006725771935188016,2.4129165197313188e-05,0.38945112513394453,0.004814625096633856,0.3463203463203463,0.19663057526932223,
797,sim_797,22,0.006725771935188016,2.8362221291791214e-05,0.40547911243337054,0.0058903753987601575,0.4025974025974026,0.19663057526932223,
2007,sim_2007,22,0.006725771935188016,2.5479516649252254e-05,0.3973517978620019,0.0050637207849257805,0.3593073593073593,0.19663057526932223,
1993,sim_1993,22,0.006725771935188016,3.168987245516923e-05,0.4011036174126303,0.005866964583239271,0.42424242424242425,0.19663057526932223,
2830,sim_2830,22,0.006725771935188016,3.567279166445338e-05,0.39234736715845026,0.004662157770201532,0.29004329004329005,0.19663057526932223,
1396,sim_1396,22,0.006725771935188016,4.671546655713194e-05,0.3998777506112469,0.004868636727141558,0.33766233766233766,0.19663057526932223,
1000,sim_1000,22,0.006725771935188016,5.184738313783088e-05,0.404376313512177,0.006369377276347917,0.47619047619047616,0.19663057526932223,
440,sim_440,22,0.006725771935188016,2.9419571244115765e-05,0.4031303919152083,0.0061414865434726755,0.4588744588744589,0.19663057526932223,
260,sim_260,22,0.006725771935188016,2.2170848490056078e-05,0.4169534735500319,0.008014880928832159,0.5930735930735931,0.19663057526932223,
615,sim_615,22,0.006725771935188016,1.2965278276367514e-05,0.4049269621193365,0.006322891751677421,0.42857142857142855,0.19663057526932223,
1516,sim_1516,22,0.006725771935188016,2.7895203102807335e-05,0.3964848484848485,0.005294552927285494,0.36363636363636365,0.19663057526932223,
558,sim_558,22,0.006725771935188016,1.9728486881204378e-05,0.41594608341810785,0.007541626932788651,0.5541125541125541,0.19663057526932223,
528,sim_528,22,0.006725771935188016,1.0908324601751502e-05,0.4013004539320329,0.005703550920370651,0.41125541125541126,0.19663057526932223,
2360,sim_2360,22,0.006725771935188016,3.656821101075831e-05,0.39827103372701816,0.005140951338432443,0.37662337662337664,0.19663057526932223,
896,sim_896,21,0.006420055029043106,1.0967288944708558e-05,0.4039268955297604,0.0062574916953291775,0.4857142857142857,0.19663057526932223,
1344,sim_1344,21,0.006420055029043106,2.542087451512832e-05,0.37955442097934555,0.0038882579881972736,0.30952380952380953,0.19663057526932223,
1683,sim_1683,21,0.006420055029043106,3.1211925776156415e-05,0.4037274746976055,0.005986336464552577,0.44761904761904764,0.19663057526932223,
984,sim_984,21,0.006420055029043106,2.745750169486877e-05,0.39371689937409726,0.005134758227321912,0.40476190476190477,0.19663057526932223,
806,sim_806,21,0.006420055029043106,2.8741887297480513e-05,0.4059319930503847,0.006305183173747396,0.4714285714285714,0.19663057526932223,
788,sim_788,21,0.006420055029043106,2.7712178170999356e-05,0.4115500754906895,0.0069478586546074285,0.5190476190476191,0.19663057526932223,
1766,sim_1766,21,0.006420055029043106,2.5084431961231106e-05,0.38903425309229306,0.004437442226378048,0.3761904761904762,0.19663057526932223,
1325,sim_1325,21,0.006420055029043106,5.0213712201779975e-05,0.38550383028874485,0.0038811166127666412,0.29523809523809524,0.19663057526932223,
1190,sim_1190,21,0.006420055029043106,1.8444668950783257e-05,0.4080079830360484,0.006881889807678858,0.5714285714285714,0.19663057526932223,
589,sim_589,21,0.006420055029043106,3.0280426184874733e-05,0.39371689937409726,0.005167929277603791,0.43333333333333335,0.19663057526932223,
171,sim_171,21,0.006420055029043106,2.223301375600402e-05,0.4020403146509341,0.006181072902825978,0.4523809523809524,0.19663057526932223,
1368,sim_1368,21,0.006420055029043106,1.6094084546451612e-05,0.4058816230301526,0.00626214664869224,0.4523809523809524,0.19663057526932223,
883,sim_883,21,0.006420055029043106,2.72094315370451e-05,0.4063858864455212,0.006399476557019321,0.5047619047619047,0.19663057526932223,
1617,sim_1617,21,0.006420055029043106,3.764689363821449e-05,0.3969660194174757,0.005190324835589362,0.35714285714285715,0.19663057526932223,
553,sim_553,21,0.006420055029043106,2.73686327143689e-05,0.4020403146509341,0.005927470527542873,0.41904761904761906,0.19663057526932223,
2048,sim_2048,21,0.006420055029043106,1.8952560825610863e-05,0.40303104977821586,0.006226376729450705,0.5047619047619047,0.19663057526932223,
1121,sim_1121,21,0.006420055029043106,3.614034104889906e-05,0.394001445434835,0.004972917890089247,0.36666666666666664,0.19663057526932223,
1014,sim_1014,21,0.006420055029043106,2.206651120050492e-05,0.4063858864455212,0.006427209087848966,0.5095238095238095,0.19663057526932223,
1482,sim_1482,21,0.006420055029043106,2.8861101538750803e-05,0.38959028108623156,0.004450337188823345,0.3904761904761905,0.19663057526932223,
628,sim_628,21,0.006420055029043106,4.5523620660423675e-05,0.4010052715459115,0.005433922995524934,0.37142857142857144,0.19663057526932223,
1064,sim_1064,21,0.006420055029043106,3.382529481437272e-05,0.38875683384834797,0.004536724323504823,0.40476190476190477,0.19663057526932223,
665,sim_665,21,0.006420055029043106,1.9457519009201387e-05,0.3992919921875,0.005456894849791034,0.45714285714285713,0.19663057526932223,
1232,sim_1232,21,0.006420055029043106,3.452427858846332e-05,0.3951437545300797,0.00488482868283801,0.38095238095238093,0.19663057526932223,
1457,sim_1457,21,0.006420055029043106,2.631286401720084e-05,0.39914582062233067,0.005302605948838192,0.42857142857142855,0.19663057526932223,
1576,sim_1576,21,0.006420055029043106,1.4560413405998461e-05,0.39643679553993455,0.0054783185947710165,0.45714285714285713,0.19663057526932223,
1710,sim_1710,21,0.006420055029043106,2.9908993213956638e-05,0.40169470711040156,0.005647544340463845,0.4238095238095238,0.19663057526932223,
1213,sim_1213,21,0.006420055029043106,1.0378491571575803e-05,0.40115280843757667,0.006163862461793767,0.5333333333333333,0.19663057526932223,
1222,sim_1222,20,0.0061143381228981955,2.702375523772914e-05,0.3928185420919899,0.004563931499148237,0.39473684210526316,0.19663057526932223,
941,sim_941,20,0.0061143381228981955,1.548974831624378e-05,0.394001445434835,0.004874173052031509,0.43157894736842106,0.19663057526932223,
837,sim_837,20,0.0061143381228981955,8.915038575583866e-06,0.3936695149837526,0.004799293065102358,0.4368421052631579,0.19663057526932223,
2549,sim_2549,20,0.0061143381228981955,6.986915496778903e-05,0.39490522757455027,0.00442259238846603,0.3894736842105263,0.19663057526932223,
1575,sim_1575,20,0.0061143381228981955,2.2062611421369192e-05,0.4031303919152083,0.005767403465778352,0.45789473684210524,0.19663057526932223,
2386,sim_2386,20,0.0061143381228981955,2.670267145257873e-05,0.39234736715845026,0.004545713842934987,0.4,0.19663057526932223,
1596,sim_1596,20,0.0061143381228981955,2.222823543632382e-05,0.39066045622835305,0.004702980263682953,0.41578947368421054,0.19663057526932223,
2392,sim_2392,20,0.0061143381228981955,3.738695784019541e-05,0.3989510915965362,0.005157299028118119,0.43157894736842106,0.19663057526932223,
2218,sim_2218,20,0.0061143381228981955,3.0319944624954317e-05,0.3929601153291687,0.004498193347594249,0.3631578947368421,0.19663057526932223,
2504,sim_2504,20,0.0061143381228981955,2.5954758679341223e-05,0.40026921194322074,0.005504926228615187,0.47368421052631576,0.19663057526932223,
919,sim_919,20,0.0061143381228981955,1.4747965712763945e-05,0.4068407960199005,0.00642521819986876,0.5631578947368421,0.19663057526932223,
912,sim_912,20,0.0061143381228981955,2.163735006169286e-05,0.39943827085114175,0.005338549325468658,0.41578947368421054,0.19663057526932223,
868,sim_868,20,0.0061143381228981955,2.195343933991632e-05,0.4072967251898892,0.0060933437431678296,0.49473684210526314,0.19663057526932223,
429,sim_429,20,0.0061143381228981955,8.727936476421775e-06,0.39968230694037143,0.0059289966384105395,0.48947368421052634,0.19663057526932223,
1776,sim_1776,20,0.0061143381228981955,2.6555295844519793e-05,0.39305455419370344,0.0048343309374262585,0.43157894736842106,0.19663057526932223,
1146,sim_1146,20,0.0061143381228981955,1.1787550737837031e-05,0.4009561166952684,0.005679900600169231,0.4263157894736842,0.19663057526932223,
805,sim_805,20,0.0061143381228981955,3.7431734895273814e-05,0.39968230694037143,0.00537230324219361,0.4,0.19663057526932223,
689,sim_689,20,0.0061143381228981955,4.683211306872847e-05,0.39419137141479876,0.004830028404640364,0.4105263157894737,0.19663057526932223,
754,sim_754,20,0.0061143381228981955,2.145328212301541e-05,0.3938117023838189,0.004796691875082824,0.39473684210526316,0.19663057526932223,
2298,sim_2298,20,0.0061143381228981955,2.5657493404924853e-05,0.3996334758704948,0.005553901159875076,0.49473684210526314,0.19663057526932223,
1865,sim_1865,20,0.0061143381228981955,2.9213169327778564e-05,0.3923003118253778,0.0047125924194138715,0.38421052631578945,0.19663057526932223,
996,sim_996,20,0.0061143381228981955,3.342739466823925e-05,0.3955738299673479,0.00480970729287988,0.4052631578947368,0.19663057526932223,
1523,sim_1523,20,0.0061143381228981955,2.36628833935194e-05,0.3908004778972521,0.004425839887441177,0.30526315789473685,0.19663057526932223,
1497,sim_1497,20,0.0061143381228981955,2.4859571963906552e-05,0.3938117023838189,0.005041613783337265,0.4421052631578947,0.19663057526932223,
1514,sim_1514,20,0.0061143381228981955,3.143558325599565e-05,0.38003950273033577,0.0033935963111023514,0.3368421052631579,0.19663057526932223,
1359,sim_1359,20,0.0061143381228981955,1.8484105824269823e-05,0.3993894993894994,0.005770275008214131,0.5157894736842106,0.19663057526932223,
1345,sim_1345,20,0.0061143381228981955,1.8514317311744787e-05,0.4019909057392159,0.006284892131513659,0.5421052631578948,0.19663057526932223,
2796,sim_2796,20,0.0061143381228981955,2.653920806439272e-05,0.37412787372755346,0.0030366536605116287,0.3157894736842105,0.19663057526932223,
1803,sim_1803,20,0.0061143381228981955,2.096191181480869e-05,0.3945717732207479,0.004930547679717883,0.46842105263157896,0.19663057526932223,
1461,sim_1461,20,0.0061143381228981955,1.6455048412414977e-05,0.3850047080979284,0.004032290097367289,0.38421052631578945,0.19663057526932223,
1054,sim_1054,20,0.0061143381228981955,1.4547399015141737e-05,0.39376429517274586,0.005012597867371069,0.42105263157894735,0.19663057526932223,
1051,sim_1051,20,0.0061143381228981955,1.7320769974215893e-05,0.3990484323533,0.005737669014115036,0.45789473684210524,0.19663057526932223,
1982,sim_1982,20,0.0061143381228981955,3.0328266993596694e-05,0.3879729569446092,0.004430427706757731,0.3684210526315789,0.19663057526932223,
1973,sim_1973,20,0.0061143381228981955,8.058569859392498e-05,0.3788510539726662,0.0032804242089404996,0.3157894736842105,0.19663057526932223,
2294,sim_2294,20,0.0061143381228981955,1.751975702098731e-05,0.39028755518434555,0.004746881768132576,0.4052631578947368,0.19663057526932223,
1369,sim_1369,20,0.0061143381228981955,3.6836264226128456e-05,0.39225326777791103,0.0044950346330344705,0.3894736842105263,0.19663057526932223,
1976,sim_1976,20,0.0061143381228981955,1.6103012202050603e-05,0.4091307066916823,0.00687367915561564,0.631578947368421,0.19663057526932223,
1405,sim_1405,20,0.0061143381228981955,2.59282262232835e-05,0.37327399292479746,0.0032894824601938746,0.3157894736842105,0.19663057526932223,
1091,sim_1091,20,0.0061143381228981955,2.3100160056118996e-05,0.3993894993894994,0.0051294796276853,0.4105263157894737,0.19663057526932223,
1230,sim_1230,20,0.0061143381228981955,1.9376800248940165e-05,0.38356003752345214,0.003921466422065255,0.3263157894736842,0.19663057526932223,
1957,sim_1957,20,0.0061143381228981955,1.2384575787814002e-05,0.3980771571133017,0.005189337906116119,0.41578947368421054,0.19663057526932223,
579,sim_579,20,0.0061143381228981955,1.9710698332532218e-05,0.401941508970263,0.005932229336741566,0.5105263157894737,0.19663057526932223,
1653,sim_1653,20,0.0061143381228981955,1.8923159588001432e-05,0.3928185420919899,0.004757426819609088,0.4263157894736842,0.19663057526932223,
140,sim_140,20,0.0061143381228981955,2.4976061839557264e-06,0.4185005117707267,0.008514618509041724,0.7368421052631579,0.19663057526932223,
1258,sim_1258,20,0.0061143381228981955,2.0203897416695893e-05,0.38550383028874485,0.00446194859305809,0.39473684210526316,0.19663057526932223,
1247,sim_1247,19,0.005808621216753286,1.8583274531653898e-05,0.40422639644092934,0.00607052544692023,0.5087719298245614,0.19663057526932223,
1267,sim_1267,19,0.005808621216753286,2.380891728170405e-05,0.38550383028874485,0.004003128892406151,0.39766081871345027,0.19663057526932223,
1664,sim_1664,19,0.005808621216753286,1.5005156677971062e-05,0.40643638170974156,0.006493096704541516,0.5789473684210527,0.19663057526932223,
1181,sim_1181,19,0.005808621216753286,2.3721613869134082e-05,0.4100539049768083,0.006624298530888788,0.5847953216374269,0.19663057526932223,
1176,sim_1176,19,0.005808621216753286,2.018928672260865e-05,0.3989510915965362,0.005708527585948452,0.47368421052631576,0.19663057526932223,
1171,sim_1171,19,0.005808621216753286,1.909144418411932e-05,0.3771039889324418,0.003172700338230926,0.30409356725146197,0.19663057526932223,
1277,sim_1277,19,0.005808621216753286,2.8503960631263685e-05,0.38550383028874485,0.003835831471246765,0.3391812865497076,0.19663057526932223,
1262,sim_1262,19,0.005808621216753286,1.3999680310607776e-05,0.4098483899260744,0.0062703472638368915,0.5497076023391813,0.19663057526932223,
1081,sim_1081,19,0.005808621216753286,2.3862841155808008e-05,0.4022875415078096,0.005561010966959221,0.42105263157894735,0.19663057526932223,
1423,sim_1423,19,0.005808621216753286,2.6090082342097837e-05,0.3861409514815252,0.003932806453280161,0.39766081871345027,0.19663057526932223,
1412,sim_1412,19,0.005808621216753286,2.01320450681385e-05,0.39244151169766045,0.0047729251140295244,0.42105263157894735,0.19663057526932223,
1095,sim_1095,19,0.005808621216753286,4.772424932264433e-06,0.3878809439108265,0.004538046759422871,0.4327485380116959,0.19663057526932223,
2248,sim_2248,19,0.005808621216753286,1.6747812983340923e-05,0.3823942015431377,0.0037526047885803435,0.36257309941520466,0.19663057526932223,
2243,sim_2243,19,0.005808621216753286,2.209226737487139e-05,0.39234736715845026,0.004825318645170048,0.4327485380116959,0.19663057526932223,
647,sim_647,19,0.005808621216753286,2.1053988176260037e-05,0.3993894993894994,0.005499885989781645,0.4853801169590643,0.19663057526932223,
2004,sim_2004,19,0.005808621216753286,1.9951154522458257e-05,0.3897295365185273,0.00444683398979957,0.39766081871345027,0.19663057526932223,
2776,sim_2776,19,0.005808621216753286,2.018314020277561e-05,0.3860498052637791,0.004111420303732264,0.4152046783625731,0.19663057526932223,
1917,sim_1917,19,0.005808621216753286,1.5571952416109894e-05,0.39471461324966817,0.004990238851578615,0.45614035087719296,0.19663057526932223,
2758,sim_2758,19,0.005808621216753286,2.7733227595294194e-05,0.3857311320754717,0.004108731952003655,0.40350877192982454,0.19663057526932223,
1424,sim_1424,19,0.005808621216753286,3.7528429251527597e-05,0.3871005917159763,0.00426402963303476,0.4269005847953216,0.19663057526932223,
1946,sim_1946,19,0.005808621216753286,2.53586860603637e-05,0.37880718008106545,0.0030418005653088673,0.2982456140350877,0.19663057526932223,
1936,sim_1936,19,0.005808621216753286,2.2666052643968174e-05,0.4020403146509341,0.005635704013638613,0.49707602339181284,0.19663057526932223,
1935,sim_1935,19,0.005808621216753286,2.2325123717493678e-05,0.3757178957041121,0.00292294042760097,0.3216374269005848,0.19663057526932223,
1932,sim_1932,19,0.005808621216753286,1.6305412302495436e-05,0.3831107987819161,0.0041319421544073935,0.3567251461988304,0.19663057526932223,
1087,sim_1087,19,0.005808621216753286,2.1030203312764248e-05,0.3980771571133017,0.005195831660081457,0.4619883040935672,0.19663057526932223,
1381,sim_1381,19,0.005808621216753286,5.339630950468417e-06,0.38968310698117703,0.005066564896885127,0.49707602339181284,0.19663057526932223,
655,sim_655,19,0.005808621216753286,1.3912885195842612e-05,0.39968230694037143,0.005566447542015274,0.47368421052631576,0.19663057526932223,
524,sim_524,19,0.005808621216753286,3.1792928311163925e-05,0.38945112513394453,0.0046364010845009965,0.40350877192982454,0.19663057526932223,
2250,sim_2250,19,0.005808621216753286,1.599651855466042e-05,0.3908004778972521,0.004495360972579841,0.45614035087719296,0.19663057526932223,
1125,sim_1125,19,0.005808621216753286,1.6593645014456308e-05,0.40578092048132985,0.0057398361869380465,0.49707602339181284,0.19663057526932223,
1122,sim_1122,19,0.005808621216753286,1.8357124985493008e-05,0.40322978303747536,0.005769367977837521,0.49707602339181284,0.19663057526932223,
1836,sim_1836,19,0.005808621216753286,4.2938334915441186e-05,0.38554926921263555,0.0042227966407080405,0.4093567251461988,0.19663057526932223,
712,sim_712,19,0.005808621216753286,1.6361011330354676e-05,0.4028821283409287,0.006071430129882373,0.543859649122807,0.19663057526932223,
1846,sim_1846,19,0.005808621216753286,2.3486977389738115e-05,0.3801278326554329,0.0032796328286432896,0.3157894736842105,0.19663057526932223,
2289,sim_2289,19,0.005808621216753286,2.073800970839182e-05,0.3736150770988007,0.0028747259847096804,0.29239766081871343,0.19663057526932223,
698,sim_698,19,0.005808621216753286,1.26775323410768e-05,0.3960048426150121,0.005064708350551926,0.4327485380116959,0.19663057526932223,
1470,sim_1470,19,0.005808621216753286,8.621392936145618e-06,0.3767565077171159,0.0035392603446518676,0.3742690058479532,0.19663057526932223,
736,sim_736,19,0.005808621216753286,2.4671249340981755e-05,0.39438148058837713,0.0049895694388305,0.42105263157894735,0.19663057526932223,
468,sim_468,19,0.005808621216753286,1.4837376452370657e-05,0.4152069053059152,0.0072788312552990175,0.672514619883041,0.19663057526932223,
2299,sim_2299,19,0.005808621216753286,2.8861844110505384e-05,0.38079161816065193,0.0035329076870452857,0.3508771929824561,0.19663057526932223,
2320,sim_2320,19,0.005808621216753286,2.1839780309342866e-05,0.40002445884798826,0.005865967283236507,0.5672514619883041,0.19663057526932223,
2307,sim_2307,19,0.005808621216753286,2.7039958791943114e-05,0.38760516648892046,0.00413107404674904,0.38596491228070173,0.19663057526932223,
1792,sim_1792,19,0.005808621216753286,1.5029698567618935e-05,0.39851364522417154,0.005437244913441224,0.47368421052631576,0.19663057526932223,
2706,sim_2706,19,0.005808621216753286,2.790687993558269e-05,0.38609537299339,0.003888493047696354,0.3333333333333333,0.19663057526932223,
316,sim_316,19,0.005808621216753286,2.3230652787114267e-05,0.4065374098931146,0.006186925515887296,0.543859649122807,0.19663057526932223,
1350,sim_1350,19,0.005808621216753286,2.2987616492917976e-05,0.38737565135007107,0.004286719174588532,0.4093567251461988,0.19663057526932223,
613,sim_613,19,0.005808621216753286,7.531583296657638e-06,0.4055796652200868,0.0060324581965204484,0.543859649122807,0.19663057526932223,
2077,sim_2077,19,0.005808621216753286,2.4547533115893178e-05,0.377582823502251,0.0032610180730951884,0.3391812865497076,0.19663057526932223,
2064,sim_2064,19,0.005808621216753286,1.9098165944812032e-05,0.3934800914230723,0.004587132764066785,0.391812865497076,0.19663057526932223,
2568,sim_2568,19,0.005808621216753286,2.021868152939176e-05,0.37740856120918426,0.003400497022538107,0.3391812865497076,0.19663057526932223,
1015,sim_1015,19,0.005808621216753286,1.877336875971839e-05,0.3914084001435922,0.004894349203006662,0.4327485380116959,0.19663057526932223,
1480,sim_1480,19,0.005808621216753286,2.5724007890065693e-05,0.4003181985069147,0.005346564496982119,0.4619883040935672,0.19663057526932223,
2351,sim_2351,19,0.005808621216753286,2.2529771577030936e-05,0.3831556752957713,0.0036978232413213147,0.3391812865497076,0.19663057526932223,
1545,sim_1545,19,0.005808621216753286,2.409381420274049e-05,0.39052053486150906,0.0041770361346634465,0.42105263157894735,0.19663057526932223,
2373,sim_2373,19,0.005808621216753286,2.1466833150608563e-05,0.3910340705319785,0.004697013946476477,0.4152046783625731,0.19663057526932223,
430,sim_430,19,0.005808621216753286,2.387681072502788e-05,0.4034287123828318,0.0057959009843702135,0.4678362573099415,0.19663057526932223,
1145,sim_1145,19,0.005808621216753286,2.7507526100965343e-05,0.39740007289515245,0.00519389532331206,0.4502923976608187,0.19663057526932223,
187,sim_187,19,0.005808621216753286,2.7080434363223214e-05,0.4026837375353933,0.00575154470345261,0.5029239766081871,0.19663057526932223,
2183,sim_2183,19,0.005808621216753286,2.313088420304742e-05,0.39005485332697354,0.004791444859750454,0.4327485380116959,0.19663057526932223,
2163,sim_2163,19,0.005808621216753286,2.2118808737930253e-05,0.38595870206489674,0.004077624449432319,0.42105263157894735,0.19663057526932223,
2124,sim_2124,19,0.005808621216753286,2.7841393062520767e-05,0.38880304290978246,0.004340041149924278,0.3742690058479532,0.19663057526932223,
2086,sim_2086,19,0.005808621216753286,1.822191066487998e-05,0.39126794258373204,0.004877505957456127,0.4152046783625731,0.19663057526932223,
1570,sim_1570,19,0.005808621216753286,2.164273272471669e-05,0.38554926921263555,0.00433280120008208,0.40350877192982454,0.19663057526932223,
1568,sim_1568,19,0.005808621216753286,4.2373968918352454e-05,0.38875683384834797,0.004486170795757643,0.4269005847953216,0.19663057526932223,
1563,sim_1563,19,0.005808621216753286,1.986264222774109e-05,0.3921592135235583,0.004815733501725056,0.40350877192982454,0.19663057526932223,
820,sim_820,19,0.005808621216753286,7.807012034536845e-06,0.4065374098931146,0.006568495317146608,0.631578947368421,0.19663057526932223,
841,sim_841,19,0.005808621216753286,1.4128847500609046e-05,0.3955738299673479,0.005327356105454659,0.52046783625731,0.19663057526932223,
1681,sim_1681,19,0.005808621216753286,3.172332142053596e-05,0.3971588149587178,0.004499982606023603,0.4152046783625731,0.19663057526932223,
887,sim_887,19,0.005808621216753286,3.930190650377124e-05,0.3888954939959577,0.004312736554370725,0.3508771929824561,0.19663057526932223,
879,sim_879,19,0.005808621216753286,1.7411707751186555e-05,0.4087217293514932,0.00626485562575021,0.5614035087719298,0.19663057526932223,
376,sim_376,19,0.005808621216753286,7.887505411952238e-06,0.4039268955297604,0.006049449039029172,0.5730994152046783,0.19663057526932223,
1650,sim_1650,19,0.005808621216753286,1.94398117345626e-05,0.36425389755011134,0.0021244556186637356,0.30409356725146197,0.19663057526932223,
903,sim_903,19,0.005808621216753286,2.120256328770658e-05,0.3930073290880692,0.004816203931114195,0.4444444444444444,0.19663057526932223,
899,sim_899,19,0.005808621216753286,9.692990727058988e-06,0.3899153653593992,0.004996390567676529,0.47953216374269003,0.19663057526932223,
926,sim_926,19,0.005808621216753286,1.8010803098145062e-05,0.3971588149587178,0.005006435115526311,0.43859649122807015,0.19663057526932223,
924,sim_924,19,0.005808621216753286,1.1000677044545242e-05,0.3980287174495011,0.005623205653049539,0.5029239766081871,0.19663057526932223,
914,sim_914,19,0.005808621216753286,1.486592558523893e-05,0.41113624937154347,0.006577292276023362,0.5789473684210527,0.19663057526932223,
1327,sim_1327,19,0.005808621216753286,1.8930420897539342e-05,0.4028821283409287,0.005967336994891688,0.5263157894736842,0.19663057526932223,
1285,sim_1285,19,0.005808621216753286,2.3424889883959e-05,0.4002202373669399,0.0052760115503364974,0.47368421052631576,0.19663057526932223,
2141,sim_2141,19,0.005808621216753286,2.6500084802458015e-05,0.39131475056824977,0.004763995908866209,0.42105263157894735,0.19663057526932223,
563,sim_563,19,0.005808621216753286,1.0410176110877568e-05,0.40573058794343836,0.006308234106442181,0.5847953216374269,0.19663057526932223,
3017,sim_3017,19,0.005808621216753286,4.031038829877475e-05,0.38554926921263555,0.0037142978995510266,0.391812865497076,0.19663057526932223,
1751,sim_1751,18,0.005502904310608376,2.000389865818729e-05,0.39672528805336565,0.00542453768880705,0.49019607843137253,0.19663057526932223,
1198,sim_1198,18,0.005502904310608376,8.819878296387951e-06,0.3968696918223732,0.005473697169338614,0.5359477124183006,0.19663057526932223,
893,sim_893,18,0.005502904310608376,1.914491391504222e-05,0.39371689937409726,0.004901121047923833,0.4117647058823529,0.19663057526932223,
1632,sim_1632,18,0.005502904310608376,1.4012251985797135e-05,0.39390655105973027,0.004536794469589337,0.41830065359477125,0.19663057526932223,
1901,sim_1901,18,0.005502904310608376,2.7700389855034146e-05,0.38949749940462014,0.004251131926537284,0.3790849673202614,0.19663057526932223,
1307,sim_1307,18,0.005502904310608376,6.6130712552772e-06,0.39371689937409726,0.004949012837448224,0.48366013071895425,0.19663057526932223,
910,sim_910,18,0.005502904310608376,9.798516204246234e-06,0.39523924601256644,0.005325016923314911,0.48366013071895425,0.19663057526932223,
2566,sim_2566,18,0.005502904310608376,2.40998717281064e-05,0.3927242165926282,0.00423862959303969,0.40522875816993464,0.19663057526932223,
2213,sim_2213,18,0.005502904310608376,2.149931187181374e-05,0.3918773211932431,0.004808464312642889,0.45098039215686275,0.19663057526932223,
2531,sim_2531,18,0.005502904310608376,1.859789469995095e-05,0.384733003999059,0.003777871415651053,0.3790849673202614,0.19663057526932223,
1643,sim_1643,18,0.005502904310608376,1.7102100689415037e-05,0.3886644486692015,0.004281488319563665,0.4444444444444444,0.19663057526932223,
452,sim_452,18,0.005502904310608376,7.747797161870958e-06,0.4138934581804378,0.006736748858259508,0.6078431372549019,0.19663057526932223,
1508,sim_1508,18,0.005502904310608376,1.0257429792272281e-05,0.3980771571133017,0.005082990533557234,0.5228758169934641,0.19663057526932223,
747,sim_747,18,0.005502904310608376,7.565563311873211e-06,0.40318008135091826,0.005974414358318554,0.5882352941176471,0.19663057526932223,
1609,sim_1609,18,0.005502904310608376,1.608107644143244e-05,0.3905671641791045,0.0044641381915047846,0.42483660130718953,0.19663057526932223,
741,sim_741,18,0.005502904310608376,1.5415425902200037e-05,0.39595690594359034,0.00533109159989254,0.49673202614379086,0.19663057526932223,
1295,sim_1295,18,0.005502904310608376,1.2433019263401507e-05,0.3869174355334753,0.004125569574189887,0.45751633986928103,0.19663057526932223,
3081,sim_3081,18,0.005502904310608376,2.044135656250245e-05,0.4002202373669399,0.005246579585096983,0.48366013071895425,0.19663057526932223,
582,sim_582,18,0.005502904310608376,2.0132926201498516e-05,0.397738326848249,0.005520782582435014,0.49673202614379086,0.19663057526932223,
1511,sim_1511,18,0.005502904310608376,1.5560184983053462e-05,0.39357478041150284,0.004954141848046147,0.48366013071895425,0.19663057526932223,
2134,sim_2134,18,0.005502904310608376,4.22595503979115e-05,0.3826626111371081,0.003527296891354084,0.3137254901960784,0.19663057526932223,
1153,sim_1153,18,0.005502904310608376,1.2721654682852664e-05,0.39183037853378055,0.004552264595189861,0.43790849673202614,0.19663057526932223,
1774,sim_1774,18,0.005502904310608376,1.2331433892603195e-05,0.3938591210114389,0.0046850327196656955,0.43137254901960786,0.19663057526932223,
1512,sim_1512,18,0.005502904310608376,9.903453174012677e-06,0.39817407181984177,0.005603079029093661,0.5294117647058824,0.19663057526932223,
1008,sim_1008,18,0.005502904310608376,1.775199960354201e-05,0.38986889153754467,0.004388279697038634,0.43137254901960786,0.19663057526932223,
680,sim_680,18,0.005502904310608376,8.147846543389838e-06,0.39865935405240704,0.005720335891548254,0.5751633986928104,0.19663057526932223,
2297,sim_2297,18,0.005502904310608376,2.8355662929492455e-05,0.3911743602009089,0.004232806276086343,0.40522875816993464,0.19663057526932223,
405,sim_405,18,0.005502904310608376,1.7576910500862035e-05,0.40115280843757667,0.005726974660780902,0.5294117647058824,0.19663057526932223,
1879,sim_1879,18,0.005502904310608376,2.204654608137523e-05,0.3852314215051231,0.003809629806414253,0.42483660130718953,0.19663057526932223,
1109,sim_1109,18,0.005502904310608376,2.1959029034057183e-05,0.3985622029974412,0.005450964416342989,0.5098039215686274,0.19663057526932223,
1750,sim_1750,18,0.005502904310608376,1.5579034867872706e-05,0.3860498052637791,0.004468180391786067,0.49019607843137253,0.19663057526932223,
2474,sim_2474,18,0.005502904310608376,2.7748254286544352e-05,0.3904273096204345,0.004552407290673354,0.42483660130718953,0.19663057526932223,
1790,sim_1790,18,0.005502904310608376,3.114605983182922e-05,0.3873297809354648,0.004469445812269888,0.43790849673202614,0.19663057526932223,
2150,sim_2150,18,0.005502904310608376,1.941762916512856e-05,0.3788510539726662,0.003483170506498557,0.35294117647058826,0.19663057526932223,
1374,sim_1374,18,0.005502904310608376,1.7781030356583046e-05,0.40169470711040156,0.0055647693418327746,0.5359477124183006,0.19663057526932223,
1753,sim_1753,18,0.005502904310608376,2.7819856357604568e-05,0.3825730994152047,0.0037221492583467903,0.35947712418300654,0.19663057526932223,
2457,sim_2457,18,0.005502904310608376,2.7870519527020704e-05,0.40134969325153375,0.005116142243524146,0.42483660130718953,0.19663057526932223,
1149,sim_1149,18,0.005502904310608376,2.9559376768037548e-05,0.39861077260541067,0.005369011560818991,0.47058823529411764,0.19663057526932223,
438,sim_438,18,0.005502904310608376,3.154443434460995e-05,0.39759329038531666,0.005325667882791281,0.5228758169934641,0.19663057526932223,
1245,sim_1245,18,0.005502904310608376,1.025969188547114e-05,0.39168961800981916,0.00468522605923209,0.4444444444444444,0.19663057526932223,
483,sim_483,18,0.005502904310608376,1.0525340159109573e-05,0.3903341288782816,0.004391142049724063,0.4117647058823529,0.19663057526932223,
1481,sim_1481,18,0.005502904310608376,1.2336495828441324e-05,0.3815022160018661,0.003949638771482283,0.35947712418300654,0.19663057526932223,
439,sim_439,18,0.005502904310608376,1.8107150956056396e-05,0.3990971205466081,0.0056117992164005,0.5294117647058824,0.19663057526932223,
503,sim_503,18,0.005502904310608376,3.263884978205706e-05,0.39624470018170804,0.004911883721384296,0.477124183006536,0.19663057526932223,
2008,sim_2008,18,0.005502904310608376,1.993005682476234e-05,0.38945112513394453,0.004462242147449232,0.45098039215686275,0.19663057526932223,
812,sim_812,18,0.005502904310608376,8.449498668302735e-06,0.39390655105973027,0.00518541394443287,0.48366013071895425,0.19663057526932223,
1329,sim_1329,18,0.005502904310608376,5.7580737917593975e-06,0.39948705422569614,0.005854372451528724,0.5751633986928104,0.19663057526932223,
1129,sim_1129,18,0.005502904310608376,3.205583024098431e-05,0.4089261157644706,0.006295046851406752,0.5490196078431373,0.19663057526932223,
2439,sim_2439,18,0.005502904310608376,2.2619043734359275e-05,0.39024099260319733,0.004161817993670792,0.43137254901960786,0.19663057526932223,
1547,sim_1547,18,0.005502904310608376,1.931057618641908e-05,0.3915489585827149,0.004362055906643269,0.4117647058823529,0.19663057526932223,
466,sim_466,18,0.005502904310608376,7.27146444123509e-06,0.4139458364970893,0.007339196692192758,0.7058823529411765,0.19663057526932223,
1134,sim_1134,18,0.005502904310608376,2.298431863710861e-05,0.39667717681300024,0.005163737207540556,0.46405228758169936,0.19663057526932223,
671,sim_671,18,0.005502904310608376,1.411313994679984e-05,0.3861409514815252,0.0041467402713598655,0.45098039215686275,0.19663057526932223,
2329,sim_2329,18,0.005502904310608376,2.8323352724741555e-05,0.38824925816023736,0.0037026758432311675,0.3202614379084967,0.19663057526932223,
1161,sim_1161,18,0.005502904310608376,2.1298319172462607e-05,0.3958131655372701,0.005025068126105864,0.5228758169934641,0.19663057526932223,
1204,sim_1204,18,0.005502904310608376,1.8267789369525717e-05,0.40002445884798826,0.00507664340105407,0.477124183006536,0.19663057526932223,
2300,sim_2300,18,0.005502904310608376,1.7199495715857783e-05,0.39831953239162204,0.0052410690018925045,0.47058823529411764,0.19663057526932223,
2412,sim_2412,18,0.005502904310608376,1.918923206542271e-05,0.37893883225208524,0.0032583118995366386,0.3333333333333333,0.19663057526932223,
1062,sim_1062,18,0.005502904310608376,2.9920476511808773e-05,0.3832903679400047,0.0035221594409314697,0.3137254901960784,0.19663057526932223,
1059,sim_1059,18,0.005502904310608376,3.3308236607805025e-05,0.3888954939959577,0.004197573951296851,0.38562091503267976,0.19663057526932223,
203,sim_203,18,0.005502904310608376,2.5958067477957593e-05,0.40467648150439195,0.006030608951902447,0.5424836601307189,0.19663057526932223,
1801,sim_1801,18,0.005502904310608376,7.920809522593177e-06,0.4068407960199005,0.006304422104682108,0.5947712418300654,0.19663057526932223,
318,sim_318,18,0.005502904310608376,3.929131916995826e-05,0.39880516947086075,0.005499681673844033,0.5294117647058824,0.19663057526932223,
1837,sim_1837,18,0.005502904310608376,3.423365709448215e-05,0.38623214074861256,0.004002029136297924,0.39215686274509803,0.19663057526932223,
1490,sim_1490,18,0.005502904310608376,2.8404984755823683e-05,0.3932908500661296,0.004777145093790458,0.39869281045751637,0.19663057526932223,
2635,sim_2635,18,0.005502904310608376,1.9801583793938503e-05,0.37395678518349146,0.003056135583452115,0.3333333333333333,0.19663057526932223,
2617,sim_2617,18,0.005502904310608376,1.9166927348850382e-05,0.37344445712980934,0.0028779822465753394,0.3660130718954248,0.19663057526932223,
962,sim_962,18,0.005502904310608376,1.342480428680116e-05,0.39357478041150284,0.004982508668725999,0.43137254901960786,0.19663057526932223,
1587,sim_1587,18,0.005502904310608376,1.4669962714676492e-05,0.4037274746976055,0.005629194367068528,0.49673202614379086,0.19663057526932223,
2612,sim_2612,18,0.005502904310608376,2.6529314051801782e-05,0.36860491322965966,0.0025754786143812455,0.29411764705882354,0.19663057526932223,
1830,sim_1830,18,0.005502904310608376,2.4698696270330504e-05,0.3798629659737545,0.00310381947765613,0.3202614379084967,0.19663057526932223,
2164,sim_2164,18,0.005502904310608376,1.831588470942827e-05,0.3938117023838189,0.005190436699936738,0.45098039215686275,0.19663057526932223,
729,sim_729,18,0.005502904310608376,5.344622559869335e-06,0.39653291308037336,0.00556314881573687,0.5359477124183006,0.19663057526932223,
960,sim_960,18,0.005502904310608376,2.1744907348795406e-05,0.3861409514815252,0.004196802509104261,0.43790849673202614,0.19663057526932223,
1449,sim_1449,18,0.005502904310608376,1.244579973249808e-05,0.3780628756356912,0.0034012691570609113,0.3333333333333333,0.19663057526932223,
772,sim_772,18,0.005502904310608376,5.9849865221930705e-06,0.4033292231812577,0.006241884552410818,0.5816993464052288,0.19663057526932223,
1768,sim_1768,17,0.005197187404463467,2.161460678541366e-05,0.38065867566623995,0.0036053845992626943,0.39705882352941174,0.19663057526932223,
2618,sim_2618,17,0.005197187404463467,2.5490210471678282e-05,0.36931240826464945,0.0024271264502135417,0.27205882352941174,0.19663057526932223,
2650,sim_2650,17,0.005197187404463467,1.7005986069800703e-05,0.3859131665880132,0.0038524508907595216,0.3897058823529412,0.19663057526932223,
1210,sim_1210,17,0.005197187404463467,1.210937454208904e-05,0.39899975603805804,0.004959643563678373,0.47058823529411764,0.19663057526932223,
562,sim_562,17,0.005197187404463467,1.3111212405055023e-05,0.3991945325848182,0.005275216985406687,0.5367647058823529,0.19663057526932223,
148,sim_148,17,0.005197187404463467,1.805652342775488e-05,0.4066384883142715,0.006271622243483871,0.625,0.19663057526932223,
1627,sim_1627,17,0.005197187404463467,1.0003319687306611e-05,0.3908004778972521,0.0045060373464135455,0.45588235294117646,0.19663057526932223,
2024,sim_2024,17,0.005197187404463467,1.843112387988018e-05,0.38003950273033577,0.0035143346123270415,0.36764705882352944,0.19663057526932223,
943,sim_943,17,0.005197187404463467,1.6307271600806778e-05,0.40318008135091826,0.005765814635960332,0.6176470588235294,0.19663057526932223,
1959,sim_1959,17,0.005197187404463467,1.4441506476512071e-05,0.3919712402636309,0.004494362952708888,0.45588235294117646,0.19663057526932223,
1697,sim_1697,17,0.005197187404463467,2.2327563547407085e-05,0.3897759771210677,0.00418012498209885,0.39705882352941174,0.19663057526932223,
843,sim_843,17,0.005197187404463467,1.9270679781914238e-05,0.3885259532010928,0.004094814433306272,0.4117647058823529,0.19663057526932223,
1733,sim_1733,17,0.005197187404463467,1.4581765227621879e-05,0.3886644486692015,0.0044356462305078,0.4411764705882353,0.19663057526932223,
1024,sim_1024,17,0.005197187404463467,2.400768415262669e-05,0.3857766246019578,0.0038487363764864156,0.375,0.19663057526932223,
546,sim_546,17,0.005197187404463467,1.387523098360298e-05,0.397738326848249,0.004817147261521565,0.49264705882352944,0.19663057526932223,
2345,sim_2345,17,0.005197187404463467,2.5742746131417652e-05,0.3821708143474705,0.0036706679681899118,0.3382352941176471,0.19663057526932223,
1495,sim_1495,17,0.005197187404463467,1.4010967696268618e-05,0.3989510915965362,0.005284437964636344,0.5,0.19663057526932223,
819,sim_819,17,0.005197187404463467,2.839877517770914e-05,0.3884336777104857,0.004167572490702926,0.39705882352941174,0.19663057526932223,
1972,sim_1972,17,0.005197187404463467,1.595500499285223e-05,0.380924653546058,0.0035360268800190674,0.40441176470588236,0.19663057526932223,
1256,sim_1256,17,0.005197187404463467,1.5986849749137465e-05,0.38894173602853743,0.004350672398163973,0.45588235294117646,0.19663057526932223,
1217,sim_1217,17,0.005197187404463467,2.1182953288277135e-05,0.39168961800981916,0.004571815457385736,0.47058823529411764,0.19663057526932223,
1216,sim_1216,17,0.005197187404463467,9.976169682482335e-06,0.39376429517274586,0.004819339564532276,0.4264705882352941,0.19663057526932223,
1342,sim_1342,17,0.005197187404463467,2.0599033755844966e-05,0.39658098933074687,0.005067019881164142,0.5147058823529411,0.19663057526932223,
871,sim_871,17,0.005197187404463467,2.19084241679461e-05,0.39788346916433526,0.005123678112386987,0.5073529411764706,0.19663057526932223,
2301,sim_2301,17,0.005197187404463467,2.99225255464228e-05,0.3850500294290759,0.003710148774862896,0.36764705882352944,0.19663057526932223,
501,sim_501,17,0.005197187404463467,2.428311426868524e-05,0.4002202373669399,0.005595057833957531,0.5441176470588235,0.19663057526932223,
803,sim_803,17,0.005197187404463467,1.7382768089352643e-05,0.39605279089478146,0.004953966676916838,0.5294117647058824,0.19663057526932223,
1549,sim_1549,17,0.005197187404463467,1.254030014575115e-05,0.3969178497755127,0.005056359448543378,0.47794117647058826,0.19663057526932223,
525,sim_525,17,0.005197187404463467,8.242797597133015e-06,0.3914552417424605,0.0047212811660924435,0.4852941176470588,0.19663057526932223,
1783,sim_1783,17,0.005197187404463467,1.1035748010728002e-05,0.39720704310868243,0.005285691901838943,0.5441176470588235,0.19663057526932223,
703,sim_703,17,0.005197187404463467,8.103126619216524e-06,0.39978000488878024,0.0054875487142691795,0.5882352941176471,0.19663057526932223,
2053,sim_2053,17,0.005197187404463467,1.940027141781283e-05,0.3908938814531549,0.004376683149023821,0.47794117647058826,0.19663057526932223,
1641,sim_1641,17,0.005197187404463467,7.778994357234182e-06,0.3931490384615385,0.004850259224135736,0.47058823529411764,0.19663057526932223,
897,sim_897,17,0.005197187404463467,1.0079407708281096e-05,0.3936695149837526,0.00460366210480774,0.5220588235294118,0.19663057526932223,
2028,sim_2028,17,0.005197187404463467,1.1009635476978142e-05,0.3839652541378096,0.003737877725374219,0.4338235294117647,0.19663057526932223,
2072,sim_2072,17,0.005197187404463467,1.8651914417304614e-05,0.39610075078711554,0.004552478553578426,0.47794117647058826,0.19663057526932223,
782,sim_782,17,0.005197187404463467,2.4367638509185776e-05,0.39310179065016226,0.004551565114020561,0.4485294117647059,0.19663057526932223,
394,sim_394,17,0.005197187404463467,8.712933836966719e-06,0.4001223241590214,0.005581683200917769,0.5661764705882353,0.19663057526932223,
1620,sim_1620,17,0.005197187404463467,3.368468116359533e-05,0.3883414460406031,0.0038102273486149167,0.375,0.19663057526932223,
2498,sim_2498,16,0.004891470498318557,2.1202406287999075e-05,0.3622771070993466,0.00186035724333694,0.30833333333333335,0.19663057526932223,
890,sim_890,16,0.004891470498318557,1.9395298854668477e-05,0.39706239378489927,0.005121528664132133,0.5083333333333333,0.19663057526932223,
2252,sim_2252,16,0.004891470498318557,2.0208980972770842e-05,0.38824925816023736,0.004011060666999109,0.4,0.19663057526932223,
672,sim_672,16,0.004891470498318557,4.12941449808198e-06,0.400073385518591,0.005730055423595238,0.65,0.19663057526932223,
1383,sim_1383,16,0.004891470498318557,1.7760842672296382e-05,0.3816357484540894,0.0036077633053151334,0.44166666666666665,0.19663057526932223,
959,sim_959,16,0.004891470498318557,1.5240353744513587e-05,0.39112758579457135,0.0045679662539490126,0.5,0.19663057526932223,
2519,sim_2519,16,0.004891470498318557,3.0506485608397744e-05,0.38360501935029906,0.0035085902484026372,0.45,0.19663057526932223,
961,sim_961,16,0.004891470498318557,9.67420588905417e-06,0.390008346250149,0.0043032398849260686,0.48333333333333334,0.19663057526932223,
682,sim_682,16,0.004891470498318557,1.0224184020555054e-05,0.3823942015431377,0.0038997405743554092,0.4166666666666667,0.19663057526932223,
1300,sim_1300,16,0.004891470498318557,3.354713899021048e-05,0.38043731100255873,0.0035656384809822413,0.35,0.19663057526932223,
1654,sim_1654,16,0.004891470498318557,2.510221797501793e-05,0.38564017920301813,0.004034678881166097,0.39166666666666666,0.19663057526932223,
649,sim_649,16,0.004891470498318557,1.3671685216227885e-05,0.38820318063137904,0.003707108375991443,0.425,0.19663057526932223,
2381,sim_2381,16,0.004891470498318557,1.8487770947358942e-05,0.3820369072646578,0.0035822104393747195,0.425,0.19663057526932223,
1305,sim_1305,16,0.004891470498318557,1.7119615565790154e-05,0.38926573842675233,0.004424371651089478,0.5,0.19663057526932223,
1076,sim_1076,16,0.004891470498318557,1.1981702516079475e-05,0.38618654073199526,0.0040301043536305325,0.44166666666666665,0.19663057526932223,
1639,sim_1639,16,0.004891470498318557,1.488821390228881e-05,0.3841005166744951,0.003715878079775874,0.4083333333333333,0.19663057526932223,
555,sim_555,16,0.004891470498318557,7.059729259554028e-06,0.3854584020740042,0.003931009638321312,0.375,0.19663057526932223,
1011,sim_1011,16,0.004891470498318557,1.3406823406464174e-05,0.39667717681300024,0.004800705363295826,0.5333333333333333,0.19663057526932223,
2011,sim_2011,16,0.004891470498318557,1.375158585189629e-05,0.3885721073889285,0.004290724040059146,0.43333333333333335,0.19663057526932223,
1012,sim_1012,16,0.004891470498318557,9.60250699783643e-06,0.39277137367915466,0.004658467187240298,0.5166666666666667,0.19663057526932223,
1813,sim_1813,16,0.004891470498318557,1.1947663915600325e-05,0.38714640785891824,0.0044291931371924186,0.43333333333333335,0.19663057526932223,
727,sim_727,16,0.004891470498318557,1.2821642114690156e-05,0.3944766039556199,0.0048937810946533215,0.5416666666666666,0.19663057526932223,
3035,sim_3035,16,0.004891470498318557,3.659077167125433e-05,0.38568565027708995,0.004054513745149491,0.43333333333333335,0.19663057526932223,
1755,sim_1755,15,0.004585753592173647,2.953306572305049e-05,0.38356003752345214,0.0032314083919891576,0.3333333333333333,0.19663057526932223,
1730,sim_1730,15,0.004585753592173647,1.9133460418323392e-05,0.3910808225729316,0.0038756828768317813,0.42857142857142855,0.19663057526932223,
1046,sim_1046,14,0.004280036686028737,1.547617746067512e-05,0.39711059851887826,0.004472277403670157,0.5494505494505495,0.19663057526932223,
2038,sim_2038,14,0.004280036686028737,1.1419130321285471e-05,0.3904739166766145,0.003984698861889067,0.5274725274725275,0.19663057526932223,
1218,sim_1218,14,0.004280036686028737,3.256890789215515e-05,0.3631619851226824,0.002000819174626387,0.3516483516483517,0.19663057526932223,
932,sim_932,14,0.004280036686028737,3.4277660644408927e-06,0.3915489585827149,0.004429477098730888,0.6153846153846154,0.19663057526932223,
2473,sim_2473,14,0.004280036686028737,1.1791190586748456e-05,0.3785441499826409,0.0030666834466395367,0.4835164835164835,0.19663057526932223,
1261,sim_1261,14,0.004280036686028737,4.997987312833057e-06,0.3841456253669994,0.003963380541133539,0.6043956043956044,0.19663057526932223,
940,sim_940,14,0.004280036686028737,2.781170943403137e-06,0.38536757775683317,0.0037523672629618766,0.4945054945054945,0.19663057526932223,
2128,sim_2128,14,0.004280036686028737,7.642681315647789e-06,0.38145772594752186,0.003422537178219047,0.5824175824175825,0.19663057526932223,
611,sim_611,14,0.004280036686028737,4.783925729666243e-06,0.40578092048132985,0.005588843041754458,0.7582417582417582,0.19663057526932223,
2475,sim_2475,14,0.004280036686028737,7.887055764317327e-06,0.39338544798556824,0.004186056928783202,0.5384615384615384,0.19663057526932223,
390,sim_390,14,0.004280036686028737,9.811434338510573e-06,0.3851860574658502,0.0036755828101866,0.5384615384615384,0.19663057526932223,
1691,sim_1691,14,0.004280036686028737,6.914583827128648e-06,0.38079161816065193,0.003456686577560354,0.5384615384615384,0.19663057526932223,
1244,sim_1244,14,0.004280036686028737,7.170367868330808e-06,0.38132431802284916,0.0032538164130463776,0.5054945054945055,0.19663057526932223,
1933,sim_1933,14,0.004280036686028737,7.66247595138052e-06,0.37640966628308403,0.002905511147214792,0.5054945054945055,0.19663057526932223,
1713,sim_1713,14,0.004280036686028737,6.238923648154812e-06,0.3778008778008778,0.003291183235646438,0.5384615384615384,0.19663057526932223,
2433,sim_2433,14,0.004280036686028737,9.198552984443623e-06,0.3820815325312463,0.003674242797336798,0.5494505494505495,0.19663057526932223,
2440,sim_2440,14,0.004280036686028737,8.458562509856732e-06,0.37951038403527093,0.0029740537968703817,0.4835164835164835,0.19663057526932223,
607,sim_607,14,0.004280036686028737,1.199308433622171e-05,0.38536757775683317,0.003811922248146422,0.5714285714285714,0.19663057526932223,
2069,sim_2069,14,0.004280036686028737,5.577947738330408e-06,0.3878809439108265,0.003821022284546959,0.5274725274725275,0.19663057526932223,
2442,sim_2442,14,0.004280036686028737,7.090509053049121e-06,0.3776700150098141,0.0032137791860515487,0.5164835164835165,0.19663057526932223,
1711,sim_1711,14,0.004280036686028737,3.144156705267425e-06,0.37170454545454545,0.0028826377344465214,0.5054945054945055,0.19663057526932223,
2359,sim_2359,14,0.004280036686028737,1.750868394572409e-05,0.37576105686387135,0.0028067583417538556,0.4835164835164835,0.19663057526932223,
2125,sim_2125,14,0.004280036686028737,1.0405092198397557e-05,0.3827073827073827,0.003468125336018993,0.5054945054945055,0.19663057526932223,
1333,sim_1333,14,0.004280036686028737,3.655821179526448e-06,0.3788510539726662,0.0035726429345366616,0.5384615384615384,0.19663057526932223,
2097,sim_2097,14,0.004280036686028737,6.3604442111120215e-06,0.3684803424580376,0.0023285956330892895,0.4725274725274725,0.19663057526932223,
1349,sim_1349,14,0.004280036686028737,4.351439996343254e-06,0.38751332780476244,0.004134121987971456,0.6153846153846154,0.19663057526932223,
2016,sim_2016,14,0.004280036686028737,6.761369490821393e-06,0.37276353276353275,0.003105995548901898,0.5274725274725275,0.19663057526932223,
1385,sim_1385,14,0.004280036686028737,1.077568348801794e-05,0.3888954939959577,0.004141593863367282,0.5494505494505495,0.19663057526932223,
1382,sim_1382,14,0.004280036686028737,4.754989304395176e-06,0.3858221278603444,0.003956146467992345,0.5054945054945055,0.19663057526932223,
2003,sim_2003,14,0.004280036686028737,4.986088369602139e-06,0.37697360838999655,0.003185929806503572,0.5054945054945055,0.19663057526932223,
2269,sim_2269,14,0.004280036686028737,8.441357642165833e-06,0.36935411020776876,0.0023946155034310227,0.4065934065934066,0.19663057526932223,
2327,sim_2327,14,0.004280036686028737,4.675801804121745e-06,0.3861409514815252,0.004135347648030934,0.5604395604395604,0.19663057526932223,
1314,sim_1314,14,0.004280036686028737,5.620205660204657e-06,0.3827073827073827,0.003622125926610562,0.45054945054945056,0.19663057526932223,
2369,sim_2369,14,0.004280036686028737,8.922030583885656e-06,0.3794663573085847,0.0032863673343306522,0.4945054945054945,0.19663057526932223,
2084,sim_2084,14,0.004280036686028737,1.290052355894488e-05,0.3839652541378096,0.0034775184261631852,0.5054945054945055,0.19663057526932223,
1316,sim_1316,14,0.004280036686028737,7.070505435110375e-06,0.38532218164683707,0.0037125427739870902,0.5714285714285714,0.19663057526932223,
2102,sim_2102,14,0.004280036686028737,2.5254678797588582e-05,0.3838300868340765,0.0032976093652091797,0.5054945054945055,0.19663057526932223,
2253,sim_2253,14,0.004280036686028737,1.0275079313942059e-05,0.3921122033085591,0.00398524143765131,0.5604395604395604,0.19663057526932223,
1394,sim_1394,14,0.004280036686028737,6.319982670211863e-06,0.3730185882084616,0.0030018272900951453,0.5384615384615384,0.19663057526932223,
1157,sim_1157,14,0.004280036686028737,8.014692368605712e-06,0.3771039889324418,0.0029885257869327877,0.5494505494505495,0.19663057526932223,
1392,sim_1392,14,0.004280036686028737,5.002971900848015e-06,0.39924325643842307,0.005241759179361616,0.7032967032967034,0.19663057526932223,
1785,sim_1785,14,0.004280036686028737,9.414041590948337e-06,0.38959028108623156,0.004225527357975175,0.5934065934065934,0.19663057526932223,
2234,sim_2234,14,0.004280036686028737,1.94539725343746e-05,0.378719462776427,0.0030230955240011558,0.4835164835164835,0.19663057526932223,
2225,sim_2225,14,0.004280036686028737,6.910585060108584e-06,0.3799070847851336,0.0035221651252290913,0.4945054945054945,0.19663057526932223,
2244,sim_2244,14,0.004280036686028737,1.3491671638673644e-05,0.3672392500280678,0.00191840311345687,0.46153846153846156,0.19663057526932223,
1870,sim_1870,14,0.004280036686028737,7.257201113175639e-06,0.38723807268852845,0.004182442899873934,0.5824175824175825,0.19663057526932223,
1515,sim_1515,14,0.004280036686028737,5.224368740281381e-06,0.39438148058837713,0.004261950342349751,0.5934065934065934,0.19663057526932223,
2149,sim_2149,14,0.004280036686028737,7.035921264655644e-06,0.3868259224219489,0.003908165838255223,0.5824175824175825,0.19663057526932223,
2246,sim_2246,14,0.004280036686028737,5.158909353590105e-06,0.38284176029962547,0.003836062161821719,0.5934065934065934,0.19663057526932223,
2277,sim_2277,14,0.004280036686028737,8.524774950706064e-06,0.3861409514815252,0.003667855210339833,0.5494505494505495,0.19663057526932223,
1546,sim_1546,14,0.004280036686028737,6.633964687899278e-06,0.382796957284962,0.0037835809853415635,0.5494505494505495,0.19663057526932223,
1657,sim_1657,14,0.004280036686028737,6.1998813012292016e-06,0.384281015037594,0.003656732755386464,0.5054945054945055,0.19663057526932223,
1471,sim_1471,14,0.004280036686028737,1.5995784758745573e-06,0.39711059851887826,0.0053664713402615406,0.7362637362637363,0.19663057526932223,
1680,sim_1680,14,0.004280036686028737,4.1604730904243565e-06,0.38288657380311364,0.003966767823069026,0.5604395604395604,0.19663057526932223,
2093,sim_2093,14,0.004280036686028737,4.6704215385982325e-06,0.38609537299339,0.004083138959856566,0.5934065934065934,0.19663057526932223,
1921,sim_1921,14,0.004280036686028737,3.829514355865914e-06,0.38982242879275414,0.004285622793860226,0.5494505494505495,0.19663057526932223,
1949,sim_1949,14,0.004280036686028737,3.210524436650254e-06,0.39239443378119004,0.004482434683957413,0.6483516483516484,0.19663057526932223,
2204,sim_2204,14,0.004280036686028737,5.25253825140046e-06,0.38632337309554743,0.003757159481018741,0.5934065934065934,0.19663057526932223,
834,sim_834,14,0.004280036686028737,2.4366201818312543e-06,0.38986889153754467,0.004374799778644156,0.6043956043956044,0.19663057526932223,
824,sim_824,14,0.004280036686028737,1.1804805348064814e-05,0.38159122725151656,0.003479837735214411,0.4835164835164835,0.19663057526932223,
599,sim_599,14,0.004280036686028737,1.072198492076953e-06,0.4030807147258164,0.005646105145709438,0.7582417582417582,0.19663057526932223,
2401,sim_2401,14,0.004280036686028737,1.1150441394967168e-05,0.35791662107451583,0.0013809755755946165,0.38461538461538464,0.19663057526932223,
2562,sim_2562,14,0.004280036686028737,1.3167187345082005e-05,0.3858676418544296,0.0034857029686384475,0.4835164835164835,0.19663057526932223,
1360,sim_1360,14,0.004280036686028737,1.0042708135358392e-05,0.3829762322913008,0.003589120504707684,0.5494505494505495,0.19663057526932223,
898,sim_898,14,0.004280036686028737,1.2445223505127991e-06,0.3955259975816203,0.0049304463531258036,0.6373626373626373,0.19663057526932223,
1818,sim_1818,14,0.004280036686028737,7.678709397141551e-06,0.3815022160018661,0.0032443820747464036,0.5274725274725275,0.19663057526932223,
2397,sim_2397,14,0.004280036686028737,9.882484511542765e-06,0.37732149036797785,0.003068704771239063,0.5164835164835165,0.19663057526932223,
2394,sim_2394,14,0.004280036686028737,1.2567949580027843e-05,0.368895906168941,0.0022808214794383928,0.4835164835164835,0.19663057526932223,
888,sim_888,14,0.004280036686028737,5.060459478156029e-06,0.38275216475544116,0.0034259082460924807,0.5494505494505495,0.19663057526932223,
977,sim_977,14,0.004280036686028737,2.4622312608624204e-05,0.3771474691571544,0.002754763563631434,0.4945054945054945,0.19663057526932223,
1552,sim_1552,14,0.004280036686028737,6.598808721967493e-06,0.36629339305711084,0.0019974047970082033,0.4065934065934066,0.19663057526932223,
2303,sim_2303,14,0.004280036686028737,1.457413839855042e-05,0.3648633575013943,0.002177577868524922,0.5054945054945055,0.19663057526932223,
1505,sim_1505,14,0.004280036686028737,9.749873494388341e-06,0.3696462877161261,0.0024915492906874876,0.45054945054945056,0.19663057526932223,
2525,sim_2525,14,0.004280036686028737,5.27777747380065e-06,0.3785003471418653,0.003250862007014293,0.4945054945054945,0.19663057526932223,
1310,sim_1310,14,0.004280036686028737,1.1258292528495908e-05,0.3825730994152047,0.003708595698411797,0.5384615384615384,0.19663057526932223,
2111,sim_2111,14,0.004280036686028737,1.426556347606579e-05,0.37276353276353275,0.002623803761019118,0.46153846153846156,0.19663057526932223,
2508,sim_2508,14,0.004280036686028737,9.822968956186236e-06,0.3621968774222124,0.001961026572043206,0.43956043956043955,0.19663057526932223,
1264,sim_1264,14,0.004280036686028737,5.029769333005948e-06,0.38008366256100395,0.0035122063032879906,0.4945054945054945,0.19663057526932223,
1419,sim_1419,14,0.004280036686028737,5.994190532474842e-06,0.3740850869167429,0.002792764123313383,0.5164835164835165,0.19663057526932223,
1417,sim_1417,14,0.004280036686028737,5.54028011755833e-06,0.3722968358752561,0.0028967677707124172,0.5274725274725275,0.19663057526932223,
1883,sim_1883,14,0.004280036686028737,5.580251550413687e-06,0.39466698841698844,0.004762418520370127,0.6263736263736264,0.19663057526932223,
2194,sim_2194,14,0.004280036686028737,6.029170606662082e-06,0.39244151169766045,0.004598358961788866,0.6263736263736264,0.19663057526932223,
2219,sim_2219,14,0.004280036686028737,6.935492507434953e-06,0.3792903525046382,0.0031710770420220746,0.4945054945054945,0.19663057526932223,
1941,sim_1941,14,0.004280036686028737,8.761154044507938e-06,0.38306593277901396,0.0037599607793264065,0.5714285714285714,0.19663057526932223,
622,sim_622,14,0.004280036686028737,1.406357105149316e-06,0.38468775726214277,0.0037770483666482533,0.5054945054945055,0.19663057526932223,
1880,sim_1880,14,0.004280036686028737,8.674320787814635e-06,0.3778881700554529,0.0031827774740457995,0.4835164835164835,0.19663057526932223,
1859,sim_1859,14,0.004280036686028737,5.279084435958194e-06,0.38284176029962547,0.00373039910772038,0.5604395604395604,0.19663057526932223,
949,sim_949,14,0.004280036686028737,5.138793278128674e-06,0.37981885740826754,0.0037498180853318057,0.6043956043956044,0.19663057526932223,
2490,sim_2490,14,0.004280036686028737,4.474434954643712e-06,0.38347010550996485,0.0032343926714099294,0.5384615384615384,0.19663057526932223,
1442,sim_1442,14,0.004280036686028737,5.383457659748307e-06,0.3797747590851039,0.003593150023792978,0.4725274725274725,0.19663057526932223,
369,sim_369,14,0.004280036686028737,1.2049203804664208e-05,0.39052053486150906,0.004360482249976106,0.6153846153846154,0.19663057526932223,
1744,sim_1744,14,0.004280036686028737,6.795981023671916e-06,0.37485674994269996,0.0029096337344886006,0.5054945054945055,0.19663057526932223,
2116,sim_2116,14,0.004280036686028737,4.496362085689455e-06,0.38783495375859617,0.004278943641924324,0.6373626373626373,0.19663057526932223,
1035,sim_1035,14,0.004280036686028737,3.053307829633929e-06,0.3851860574658502,0.004067416346889035,0.6043956043956044,0.19663057526932223,
1273,sim_1273,14,0.004280036686028737,7.385735544955427e-06,0.38123543123543124,0.0033175521054960863,0.4725274725274725,0.19663057526932223,
713,sim_713,14,0.004280036686028737,8.029916510483167e-06,0.3879729569446092,0.00410060041893179,0.6263736263736264,0.19663057526932223,
1430,sim_1430,14,0.004280036686028737,2.05566058559821e-05,0.38114658587741784,0.003364490464114201,0.5054945054945055,0.19663057526932223,
371,sim_371,14,0.004280036686028737,3.927793791204955e-06,0.3942388815234422,0.005102750060979775,0.6483516483516484,0.19663057526932223,
956,sim_956,14,0.004280036686028737,4.346281901578313e-06,0.3923003118253778,0.004937189144023628,0.6593406593406593,0.19663057526932223,
720,sim_720,14,0.004280036686028737,1.0202563544303955e-05,0.38824925816023736,0.0042110471570476855,0.5934065934065934,0.19663057526932223,
2554,sim_2554,14,0.004280036686028737,6.423050478197015e-06,0.37447052089295935,0.0028507789465075286,0.42857142857142855,0.19663057526932223,
2567,sim_2567,14,0.004280036686028737,9.089312371358638e-06,0.37511467889908257,0.0026949613874948375,0.4725274725274725,0.19663057526932223,
2588,sim_2588,14,0.004280036686028737,9.806318083602146e-06,0.37276353276353275,0.002480240530755283,0.4725274725274725,0.19663057526932223,
2000,sim_2000,14,0.004280036686028737,6.906574865313032e-06,0.3909873296677026,0.004206086496471042,0.6043956043956044,0.19663057526932223,
2602,sim_2602,14,0.004280036686028737,1.4784166322346953e-05,0.36835585585585584,0.0024036309807179508,0.46153846153846156,0.19663057526932223,
2282,sim_2282,14,0.004280036686028737,3.3041413465358992e-06,0.37284851248147727,0.00290641124500856,0.46153846153846156,0.19663057526932223,
2142,sim_2142,14,0.004280036686028737,5.923133492541213e-06,0.37753924284395196,0.003094810522092112,0.46153846153846156,0.19663057526932223,
1600,sim_1600,14,0.004280036686028737,8.240774226053156e-06,0.38824925816023736,0.004207875572960581,0.6373626373626373,0.19663057526932223,
2633,sim_2633,14,0.004280036686028737,1.2554252678361638e-05,0.35504178877672854,0.0014296332110247019,0.43956043956043955,0.19663057526932223,
990,sim_990,14,0.004280036686028737,6.562565513975476e-06,0.38405541857461545,0.0036167011023730813,0.5824175824175825,0.19663057526932223,
2695,sim_2695,14,0.004280036686028737,9.659326944686853e-06,0.3825730994152047,0.0037269458895657095,0.5384615384615384,0.19663057526932223,
2413,sim_2413,14,0.004280036686028737,7.193352736607843e-06,0.3810577819198509,0.0034816185372117097,0.5274725274725275,0.19663057526932223,
2730,sim_2730,14,0.004280036686028737,8.126179010658013e-06,0.3920182166826462,0.004016614135334334,0.5274725274725275,0.19663057526932223,
1709,sim_1709,14,0.004280036686028737,6.7642904994692776e-06,0.36893751409880443,0.0027427680401335046,0.5494505494505495,0.19663057526932223,
2883,sim_2883,14,0.004280036686028737,1.7118485766587126e-05,0.3776700150098141,0.0030464795330975426,0.43956043956043955,0.19663057526932223,
2878,sim_2878,14,0.004280036686028737,1.035919549656772e-05,0.3711562464541019,0.0026310717095162387,0.4945054945054945,0.19663057526932223,
2946,sim_2946,14,0.004280036686028737,1.5191917123723091e-05,0.3701063589047296,0.002491220492609347,0.46153846153846156,0.19663057526932223,
2983,sim_2983,14,0.004280036686028737,1.3196897300394925e-05,0.3833352865346303,0.0034969563590509477,0.5164835164835165,0.19663057526932223,
2997,sim_2997,14,0.004280036686028737,5.196421005342961e-06,0.3821708143474705,0.00350204122074001,0.5604395604395604,0.19663057526932223,
3010,sim_3010,14,0.004280036686028737,8.704771752905482e-06,0.3813687769616416,0.0034394472001726415,0.5494505494505495,0.19663057526932223,
2174,sim_2174,14,0.004280036686028737,1.0249598623381203e-05,0.3733592055701404,0.003045595083549959,0.4835164835164835,0.19663057526932223,
3036,sim_3036,14,0.004280036686028737,6.895921750630538e-06,0.37200045490731265,0.0026876291745381114,0.45054945054945056,0.19663057526932223,
2497,sim_2497,14,0.004280036686028737,8.314507014427814e-06,0.3815467164353202,0.003409751657758862,0.4835164835164835,0.19663057526932223,
3033,sim_3033,14,0.004280036686028737,5.48422298857875e-06,0.37632305568338703,0.002935779649549549,0.46153846153846156,0.19663057526932223,
1878,sim_1878,14,0.004280036686028737,1.1721537473364458e-05,0.3888492629576795,0.004243031029706475,0.5714285714285714,0.19663057526932223,
1323,sim_1323,13,0.003974319779883827,5.682047861567535e-06,0.3944766039556199,0.004458047600608269,0.6153846153846154,0.19663057526932223,
1319,sim_1319,13,0.003974319779883827,3.932546813813486e-06,0.3833352865346303,0.0036863789925469406,0.5769230769230769,0.19663057526932223,
1718,sim_1718,13,0.003974319779883827,6.179510162197025e-06,0.38401033106363,0.0033882326477631254,0.5384615384615384,0.19663057526932223,
2061,sim_2061,13,0.003974319779883827,5.877377491435064e-06,0.3691873589164786,0.0022826702831957283,0.5128205128205128,0.19663057526932223,
1167,sim_1167,13,0.003974319779883827,5.802094569942632e-06,0.3735724074920055,0.0028775552083412786,0.5,0.19663057526932223,
1166,sim_1166,13,0.003974319779883827,9.85448103337537e-06,0.3849140974346905,0.0036299292974275818,0.5,0.19663057526932223,
1165,sim_1165,13,0.003974319779883827,6.387789809069863e-06,0.3915020945541592,0.004810909965495161,0.717948717948718,0.19663057526932223,
1162,sim_1162,13,0.003974319779883827,5.456900986688566e-06,0.38230481533426836,0.0030970000823422415,0.5512820512820513,0.19663057526932223,
823,sim_823,13,0.003974319779883827,3.94673027628129e-06,0.38302107728337237,0.003641084249580359,0.5256410256410257,0.19663057526932223,
1348,sim_1348,13,0.003974319779883827,4.025090066720867e-06,0.39277137367915466,0.004238638902211416,0.6282051282051282,0.19663057526932223,
1347,sim_1347,13,0.003974319779883827,8.185803477585497e-06,0.38423587454481384,0.0035378400316431855,0.6153846153846154,0.19663057526932223,
1738,sim_1738,13,0.003974319779883827,3.6963290073220855e-06,0.37352974763046703,0.0027735779084024177,0.5128205128205128,0.19663057526932223,
1767,sim_1767,13,0.003974319779883827,1.0441597692687985e-05,0.3723816029143898,0.00256805988515038,0.48717948717948717,0.19663057526932223,
2249,sim_2249,13,0.003974319779883827,8.883564881292932e-06,0.3857766246019578,0.003903994405723166,0.5641025641025641,0.19663057526932223,
1762,sim_1762,13,0.003974319779883827,3.320135160461329e-06,0.3776700150098141,0.0031455468923309283,0.5897435897435898,0.19663057526932223,
1338,sim_1338,13,0.003974319779883827,9.573073175566961e-06,0.3816802800466744,0.0031396006333774024,0.5,0.19663057526932223,
1357,sim_1357,13,0.003974319779883827,1.4702752695592899e-05,0.38284176029962547,0.003527029810900669,0.5641025641025641,0.19663057526932223,
1759,sim_1759,13,0.003974319779883827,4.412326656492e-06,0.38829534662868,0.003932384611918304,0.5897435897435898,0.19663057526932223,
1756,sim_1756,13,0.003974319779883827,7.579694336724121e-06,0.3899153653593992,0.004168856060439264,0.5897435897435898,0.19663057526932223,
1387,sim_1387,13,0.003974319779883827,6.547579237919775e-06,0.38039306896150715,0.003433709533710552,0.5769230769230769,0.19663057526932223,
1380,sim_1380,13,0.003974319779883827,2.8494557975805946e-06,0.38861827254366166,0.0042194154810387815,0.6538461538461539,0.19663057526932223,
1373,sim_1373,13,0.003974319779883827,6.1838445894959385e-06,0.3803046157423555,0.0035092481933140717,0.5384615384615384,0.19663057526932223,
1788,sim_1788,13,0.003974319779883827,8.642162067697056e-06,0.39014790076335876,0.0038907186713421325,0.5384615384615384,0.19663057526932223,
1108,sim_1108,13,0.003974319779883827,5.8213440510447855e-06,0.38365001172882945,0.0036431614814555675,0.5512820512820513,0.19663057526932223,
1778,sim_1778,13,0.003974319779883827,7.555005670305156e-06,0.3579557890129131,0.0013963695771380988,0.46153846153846156,0.19663057526932223,
1777,sim_1777,13,0.003974319779883827,3.699445860677104e-06,0.3866430260047281,0.0038974151416764496,0.5641025641025641,0.19663057526932223,
1965,sim_1965,13,0.003974319779883827,8.659593564471796e-06,0.3920182166826462,0.004336037443215622,0.6538461538461539,0.19663057526932223,
1772,sim_1772,13,0.003974319779883827,4.15005396574136e-06,0.37723445969323033,0.003143983073498706,0.5128205128205128,0.19663057526932223,
1769,sim_1769,13,0.003974319779883827,1.363631687364458e-05,0.3832454598711189,0.0034856765773191812,0.5,0.19663057526932223,
1796,sim_1796,13,0.003974319779883827,6.194266410082423e-06,0.3832903679400047,0.0034202314200592614,0.5256410256410257,0.19663057526932223,
1427,sim_1427,13,0.003974319779883827,3.971614425563726e-06,0.377277970011534,0.0030007332090217958,0.47435897435897434,0.19663057526932223,
756,sim_756,13,0.003974319779883827,7.749809096167428e-07,0.39390655105973027,0.004430067691333703,0.6538461538461539,0.19663057526932223,
779,sim_779,13,0.003974319779883827,2.895678983944356e-06,0.3852767962308598,0.003909751106282304,0.5897435897435898,0.19663057526932223,
1815,sim_1815,13,0.003974319779883827,7.011221627082535e-06,0.38074729367943194,0.003337762227015491,0.5641025641025641,0.19663057526932223,
1445,sim_1445,13,0.003974319779883827,3.010281107585447e-06,0.3951914945028392,0.004721982229301433,0.717948717948718,0.19663057526932223,
1444,sim_1444,13,0.003974319779883827,3.4741310073915404e-06,0.38127986944865366,0.0035077270171615985,0.5769230769230769,0.19663057526932223,
1814,sim_1814,13,0.003974319779883827,6.3309255060836e-06,0.37893883225208524,0.003104759938728712,0.47435897435897434,0.19663057526932223,
1441,sim_1441,13,0.003974319779883827,1.615525132608472e-05,0.3823942015431377,0.0035910283875829974,0.46153846153846156,0.19663057526932223,
616,sim_616,13,0.003974319779883827,2.640136835360339e-06,0.3813687769616416,0.0036423459341485436,0.5897435897435898,0.19663057526932223,
1458,sim_1458,13,0.003974319779883827,4.579627396987318e-06,0.38459729570840684,0.0038242202299706373,0.6025641025641025,0.19663057526932223,
612,sim_612,13,0.003974319779883827,9.866188827720673e-06,0.39533478365965674,0.004641431977657519,0.6923076923076923,0.19663057526932223,
1809,sim_1809,13,0.003974319779883827,8.166862861987679e-06,0.3852314215051231,0.003676001895681699,0.6025641025641025,0.19663057526932223,
1985,sim_1985,13,0.003974319779883827,7.591424981501289e-06,0.3810577819198509,0.0034743169673943346,0.47435897435897434,0.19663057526932223,
1066,sim_1066,13,0.003974319779883827,7.4025022782894895e-06,0.39740007289515245,0.004574058670846619,0.6538461538461539,0.19663057526932223,
610,sim_610,13,0.003974319779883827,3.1879664982010924e-06,0.39533478365965674,0.004564429200798468,0.6153846153846154,0.19663057526932223,
2079,sim_2079,13,0.003974319779883827,9.867162692346256e-06,0.37183130612708876,0.0027705458592688216,0.47435897435897434,0.19663057526932223,
1474,sim_1474,13,0.003974319779883827,8.83208256495605e-06,0.3691873589164786,0.0026033049044022678,0.5256410256410257,0.19663057526932223,
1472,sim_1472,13,0.003974319779883827,1.514331360933326e-05,0.38894173602853743,0.003640738331354099,0.5128205128205128,0.19663057526932223,
586,sim_586,13,0.003974319779883827,3.930661507733525e-06,0.3866430260047281,0.0038853791264288834,0.5128205128205128,0.19663057526932223,
1030,sim_1030,13,0.003974319779883827,2.094050023598787e-06,0.3929601153291687,0.004292238392663238,0.6538461538461539,0.19663057526932223,
1468,sim_1468,13,0.003974319779883827,3.8059692576594154e-06,0.37459917544663307,0.0028990235514870276,0.5641025641025641,0.19663057526932223,
1827,sim_1827,13,0.003974319779883827,6.997658335411367e-06,0.38650596715112845,0.0037642473512265145,0.6025641025641025,0.19663057526932223,
1977,sim_1977,13,0.003974319779883827,2.738183767613862e-06,0.3868716735659373,0.004047821838584302,0.6538461538461539,0.19663057526932223,
1499,sim_1499,13,0.003974319779883827,5.996697912833402e-06,0.3829313977991103,0.0035129011004166703,0.5641025641025641,0.19663057526932223,
1496,sim_1496,13,0.003974319779883827,7.456768300645315e-06,0.3777136258660508,0.0030254004086699552,0.5256410256410257,0.19663057526932223,
748,sim_748,13,0.003974319779883827,3.4012104588288524e-06,0.3894047619047619,0.0041419608348982236,0.5641025641025641,0.19663057526932223,
1489,sim_1489,13,0.003974319779883827,1.087693440015963e-05,0.3909873296677026,0.004349994320884119,0.5384615384615384,0.19663057526932223,
1478,sim_1478,13,0.003974319779883827,7.455618812859704e-06,0.3724240009108505,0.002557943833196462,0.5,0.19663057526932223,
1477,sim_1477,13,0.003974319779883827,1.1917595396188178e-05,0.38696320832840414,0.003527911524219783,0.5384615384615384,0.19663057526932223,
1519,sim_1519,13,0.003974319779883827,3.279476132879967e-06,0.3908938814531549,0.004366950201640943,0.6410256410256411,0.19663057526932223,
1518,sim_1518,13,0.003974319779883827,9.09814843328047e-06,0.38432616613793913,0.003250872349038315,0.5256410256410257,0.19663057526932223,
1817,sim_1817,13,0.003974319779883827,3.1990690529462987e-05,0.37732149036797785,0.0027711675159926953,0.4358974358974359,0.19663057526932223,
1842,sim_1842,13,0.003974319779883827,7.967171320118479e-06,0.3765830071379231,0.0027784263448330385,0.4230769230769231,0.19663057526932223,
578,sim_578,13,0.003974319779883827,4.903077532704013e-06,0.4023865174068151,0.005202453822182804,0.7435897435897436,0.19663057526932223,
1835,sim_1835,13,0.003974319779883827,1.7352960130956734e-05,0.3768433179723502,0.0028810768037506895,0.5512820512820513,0.19663057526932223,
1013,sim_1013,13,0.003974319779883827,5.371002510567009e-06,0.38532218164683707,0.0038758886463794314,0.5512820512820513,0.19663057526932223,
1542,sim_1542,13,0.003974319779883827,6.236496128120697e-06,0.3815022160018661,0.0034172648438117632,0.5128205128205128,0.19663057526932223,
988,sim_988,13,0.003974319779883827,5.12219946013023e-06,0.38880304290978246,0.004221582084722029,0.6282051282051282,0.19663057526932223,
978,sim_978,13,0.003974319779883827,8.149112949184796e-06,0.37740856120918426,0.003167908506906477,0.5641025641025641,0.19663057526932223,
1535,sim_1535,13,0.003974319779883827,8.031159730387393e-06,0.3788510539726662,0.0033310901627217064,0.5384615384615384,0.19663057526932223,
1864,sim_1864,13,0.003974319779883827,1.0336407528057736e-05,0.37593380071256177,0.0028775132261655446,0.46153846153846156,0.19663057526932223,
1862,sim_1862,13,0.003974319779883827,8.639600349971174e-06,0.37468499427262314,0.0030397176799851267,0.44871794871794873,0.19663057526932223,
2095,sim_2095,13,0.003974319779883827,3.571021324737695e-05,0.37893883225208524,0.0026427431356318876,0.4230769230769231,0.19663057526932223,
1556,sim_1556,13,0.003974319779883827,8.280696770603007e-06,0.37955442097934555,0.0032577485825946366,0.5128205128205128,0.19663057526932223,
1902,sim_1902,13,0.003974319779883827,6.048512463172121e-06,0.3827073827073827,0.0032578006678395384,0.5384615384615384,0.19663057526932223,
1994,sim_1994,13,0.003974319779883827,1.0150968531401826e-05,0.3873297809354648,0.0038101356053976488,0.5384615384615384,0.19663057526932223,
1550,sim_1550,13,0.003974319779883827,9.022862228957684e-06,0.3711141366008623,0.0024975921742346704,0.47435897435897434,0.19663057526932223,
1569,sim_1569,13,0.003974319779883827,1.0772331886024869e-05,0.373188819167142,0.0027654908217424118,0.5,0.19663057526932223,
953,sim_953,13,0.003974319779883827,2.580122010020813e-06,0.37951038403527093,0.0035599601380919446,0.5512820512820513,0.19663057526932223,
2176,sim_2176,13,0.003974319779883827,9.003387543810868e-06,0.3782814849080606,0.0028150293744063962,0.47435897435897434,0.19663057526932223,
945,sim_945,13,0.003974319779883827,2.825073268510064e-06,0.3990484323533,0.005254127129828683,0.8076923076923077,0.19663057526932223,
1847,sim_1847,13,0.003974319779883827,4.3104775882376445e-06,0.36881271845754876,0.0026054165824471553,0.48717948717948717,0.19663057526932223,
1566,sim_1566,13,0.003974319779883827,5.393112088849791e-06,0.3955738299673479,0.004513392081206416,0.6794871794871795,0.19663057526932223,
1560,sim_1560,13,0.003974319779883827,2.657712451798544e-06,0.38650596715112845,0.004293941326749434,0.6923076923076923,0.19663057526932223,
1594,sim_1594,13,0.003974319779883827,5.832402005905595e-06,0.38432616613793913,0.0038519925357785845,0.5512820512820513,0.19663057526932223,
2018,sim_2018,13,0.003974319779883827,7.47152871925828e-06,0.3776700150098141,0.002991666405349285,0.5128205128205128,0.19663057526932223,
1873,sim_1873,13,0.003974319779883827,1.315045811858087e-05,0.37149346961953433,0.002630652520187453,0.4358974358974359,0.19663057526932223,
1872,sim_1872,13,0.003974319779883827,4.450835631172263e-06,0.3711562464541019,0.0026792501302794636,0.47435897435897434,0.19663057526932223,
2173,sim_2173,13,0.003974319779883827,5.766898395363963e-06,0.3619564014606617,0.0018087676111374867,0.4230769230769231,0.19663057526932223,
1868,sim_1868,13,0.003974319779883827,9.710205602953859e-06,0.3792024113146302,0.003158985828070807,0.5641025641025641,0.19663057526932223,
2166,sim_2166,13,0.003974319779883827,5.716407818285052e-06,0.37438480027469384,0.002675526113126162,0.46153846153846156,0.19663057526932223,
2118,sim_2118,13,0.003974319779883827,8.529498168703906e-06,0.3813687769616416,0.0033232560196861075,0.46153846153846156,0.19663057526932223,
2171,sim_2171,13,0.003974319779883827,4.791685900834996e-06,0.38514070410926643,0.003868418020442357,0.5512820512820513,0.19663057526932223,
1624,sim_1624,13,0.003974319779883827,5.237434569190157e-06,0.3793343383973095,0.0032175634606990463,0.5384615384615384,0.19663057526932223,
1622,sim_1622,13,0.003974319779883827,8.493356307210819e-06,0.394001445434835,0.004695830417859877,0.6410256410256411,0.19663057526932223,
1885,sim_1885,13,0.003974319779883827,4.806958083679398e-06,0.3815022160018661,0.0035893587405998245,0.5384615384615384,0.19663057526932223,
2110,sim_2110,13,0.003974319779883827,4.419853310615807e-06,0.3831556752957713,0.0036098298990566925,0.5384615384615384,0.19663057526932223,
2109,sim_2109,13,0.003974319779883827,6.502595180264558e-06,0.37951038403527093,0.0032655817680244162,0.6153846153846154,0.19663057526932223,
1633,sim_1633,13,0.003974319779883827,8.05177811584881e-06,0.37365775645419236,0.0028027131773323433,0.47435897435897434,0.19663057526932223,
920,sim_920,13,0.003974319779883827,4.2812537814120815e-06,0.3725936894862741,0.002701963900541665,0.44871794871794873,0.19663057526932223,
916,sim_916,13,0.003974319779883827,4.090688516620114e-06,0.39404890976990725,0.004617373553394087,0.6538461538461539,0.19663057526932223,
913,sim_913,13,0.003974319779883827,1.036064595189276e-05,0.3816802800466744,0.0033085014269101,0.5128205128205128,0.19663057526932223,
1631,sim_1631,13,0.003974319779883827,3.981409434049584e-06,0.38623214074861256,0.003609757779078166,0.5897435897435898,0.19663057526932223,
1652,sim_1652,13,0.003974319779883827,5.358370752094869e-06,0.38096901933379923,0.0036678181139004596,0.6025641025641025,0.19663057526932223,
1896,sim_1896,13,0.003974319779883827,3.072888146656593e-06,0.3874674247808576,0.003957951923784769,0.5769230769230769,0.19663057526932223,
1642,sim_1642,13,0.003974319779883827,4.3995086706267894e-06,0.38769704871399785,0.003929514080663299,0.5641025641025641,0.19663057526932223,
1640,sim_1640,13,0.003974319779883827,6.380658196571438e-06,0.39070711896798854,0.003731193585864854,0.6153846153846154,0.19663057526932223,
1667,sim_1667,13,0.003974319779883827,6.171842917388856e-06,0.38459729570840684,0.0036713100718212296,0.5512820512820513,0.19663057526932223,
2051,sim_2051,13,0.003974319779883827,5.1007954808650824e-06,0.37289101687186504,0.0028857115933941762,0.46153846153846156,0.19663057526932223,
1662,sim_1662,13,0.003974319779883827,1.3103305778857268e-05,0.38618654073199526,0.003576282707873602,0.5128205128205128,0.19663057526932223,
693,sim_693,13,0.003974319779883827,8.223983848641745e-06,0.39778669585309495,0.004614188028387011,0.6538461538461539,0.19663057526932223,
2049,sim_2049,13,0.003974319779883827,8.015414201801932e-06,0.37889493802849533,0.00341868307434104,0.5512820512820513,0.19663057526932223,
1656,sim_1656,13,0.003974319779883827,6.894098600205156e-06,0.38568565027708995,0.0035847833758992113,0.5641025641025641,0.19663057526932223,
2208,sim_2208,13,0.003974319779883827,6.600793004367584e-06,0.3696462877161261,0.002404978968919209,0.5128205128205128,0.19663057526932223,
570,sim_570,13,0.003974319779883827,7.075779147635902e-06,0.38659732892093135,0.004020899358555849,0.6153846153846154,0.19663057526932223,
1687,sim_1687,13,0.003974319779883827,1.4315468702857693e-05,0.38261785004094045,0.0033946799881846455,0.46153846153846156,0.19663057526932223,
1915,sim_1915,13,0.003974319779883827,6.0702074339131e-06,0.38564017920301813,0.0037931175362443214,0.6153846153846154,0.19663057526932223,
513,sim_513,13,0.003974319779883827,8.394296447452496e-06,0.38401033106363,0.0038388002446469896,0.5641025641025641,0.19663057526932223,
2276,sim_2276,13,0.003974319779883827,7.978781837404633e-06,0.3852314215051231,0.003897199443742707,0.5384615384615384,0.19663057526932223,
2273,sim_2273,13,0.003974319779883827,7.120618336283583e-06,0.36364647026125624,0.0020894502812583995,0.46153846153846156,0.19663057526932223,
502,sim_502,13,0.003974319779883827,2.7804892533203773e-06,0.38875683384834797,0.0044312679422868154,0.6410256410256411,0.19663057526932223,
2286,sim_2286,13,0.003974319779883827,1.1249314684684915e-05,0.38212616822429907,0.0034156868700974076,0.5256410256410257,0.19663057526932223,
2325,sim_2325,13,0.003974319779883827,8.388584290153724e-06,0.3736150770988007,0.002524254185729172,0.4230769230769231,0.19663057526932223,
2322,sim_2322,13,0.003974319779883827,4.185822832718005e-06,0.38760516648892046,0.0037866085500853435,0.5512820512820513,0.19663057526932223,
2319,sim_2319,13,0.003974319779883827,5.170080674475502e-06,0.36699203410748343,0.002342343929974578,0.46153846153846156,0.19663057526932223,
2341,sim_2341,13,0.003974319779883827,4.1338886465452885e-06,0.38723807268852845,0.004237463701772486,0.6666666666666666,0.19663057526932223,
2338,sim_2338,13,0.003974319779883827,5.34670785923372e-06,0.37216975765161,0.002568526579417649,0.46153846153846156,0.19663057526932223,
2620,sim_2620,13,0.003974319779883827,8.849287009029281e-06,0.3781065772743035,0.003278181881881832,0.47435897435897434,0.19663057526932223,
2343,sim_2343,13,0.003974319779883827,3.968028148772923e-06,0.3823942015431377,0.003792383874089595,0.6282051282051282,0.19663057526932223,
2367,sim_2367,13,0.003974319779883827,1.1908417356515767e-05,0.3973035345560549,0.004664960655567164,0.6794871794871795,0.19663057526932223,
2363,sim_2363,13,0.003974319779883827,1.3125980131003931e-05,0.364213339271796,0.0019554440580447654,0.41025641025641024,0.19663057526932223,
2379,sim_2379,13,0.003974319779883827,5.0591406199433665e-06,0.37520073411332877,0.00291765580593252,0.5,0.19663057526932223,
2402,sim_2402,13,0.003974319779883827,4.019365798728412e-06,0.37645298653469905,0.0031122557906058806,0.5384615384615384,0.19663057526932223,
2424,sim_2424,13,0.003974319779883827,1.3891922350720162e-05,0.36686855091969495,0.00211247639618979,0.46153846153846156,0.19663057526932223,
2418,sim_2418,13,0.003974319779883827,9.684326467934516e-06,0.37915845601020054,0.002974656627678212,0.5128205128205128,0.19663057526932223,
2414,sim_2414,13,0.003974319779883827,1.631031910385498e-05,0.37477085242896424,0.0027801344741626346,0.46153846153846156,0.19663057526932223,
2437,sim_2437,13,0.003974319779883827,1.0956225136372596e-05,0.3818585103899136,0.003449709000788594,0.5512820512820513,0.19663057526932223,
2453,sim_2453,13,0.003974319779883827,1.1059489363175776e-05,0.36843883757603063,0.002174328928331858,0.41025641025641024,0.19663057526932223,
2446,sim_2446,13,0.003974319779883827,3.415723654292028e-06,0.38609537299339,0.004204670766803758,0.6282051282051282,0.19663057526932223,
2472,sim_2472,13,0.003974319779883827,3.0952682960186354e-05,0.36596554038934886,0.0015990908628217937,0.41025641025641024,0.19663057526932223,
2465,sim_2465,13,0.003974319779883827,6.006250712959844e-06,0.37378585304536627,0.0027171543228756982,0.5384615384615384,0.19663057526932223,
2494,sim_2494,13,0.003974319779883827,1.1226179494470379e-05,0.36531159258431983,0.001864064605550516,0.44871794871794873,0.19663057526932223,
2510,sim_2510,13,0.003974319779883827,7.204752434785051e-06,0.38423587454481384,0.0038187565757050895,0.5512820512820513,0.19663057526932223,
2527,sim_2527,13,0.003974319779883827,4.088124178228396e-06,0.3670744024239704,0.0022890739546833593,0.4358974358974359,0.19663057526932223,
2524,sim_2524,13,0.003974319779883827,9.644610742616043e-06,0.3778008778008778,0.003142266321424632,0.5,0.19663057526932223,
2522,sim_2522,13,0.003974319779883827,5.215524398616995e-06,0.39277137367915466,0.004654286926053056,0.7051282051282052,0.19663057526932223,
367,sim_367,13,0.003974319779883827,1.3206787743178288e-05,0.39225326777791103,0.004350388550989347,0.6282051282051282,0.19663057526932223,
2541,sim_2541,13,0.003974319779883827,4.496090327428816e-06,0.38360501935029906,0.0035454950913212623,0.47435897435897434,0.19663057526932223,
2538,sim_2538,13,0.003974319779883827,4.200498508015901e-06,0.3774521117009001,0.0032508251963443593,0.5128205128205128,0.19663057526932223,
878,sim_878,13,0.003974319779883827,5.903769310456396e-06,0.38387513202675744,0.003699012319584152,0.5769230769230769,0.19663057526932223,
2553,sim_2553,13,0.003974319779883827,1.0693662093407615e-05,0.3764963167587477,0.0027057262595998237,0.46153846153846156,0.19663057526932223,
1220,sim_1220,13,0.003974319779883827,6.14091473157464e-06,0.37951038403527093,0.003226309293231707,0.48717948717948717,0.19663057526932223,
2597,sim_2597,13,0.003974319779883827,6.893487695179107e-06,0.3617162446090899,0.00178747374681771,0.358974358974359,0.19663057526932223,
2156,sim_2156,13,0.003974319779883827,6.0621629673181525e-06,0.38284176029962547,0.003613411855513694,0.5641025641025641,0.19663057526932223,
2615,sim_2615,13,0.003974319779883827,5.712061643365007e-06,0.3696462877161261,0.002395517910988733,0.48717948717948717,0.19663057526932223,
1260,sim_1260,13,0.003974319779883827,4.035441847992564e-06,0.37183130612708876,0.0025456215902375802,0.47435897435897434,0.19663057526932223,
1695,sim_1695,13,0.003974319779883827,9.522670704240178e-06,0.38119100337955947,0.003345966693142781,0.5384615384615384,0.19663057526932223,
1717,sim_1717,13,0.003974319779883827,5.573113316316603e-06,0.3838300868340765,0.0035869451120681363,0.5769230769230769,0.19663057526932223,
1238,sim_1238,13,0.003974319779883827,8.864550276739114e-06,0.38065867566623995,0.0032529844738638275,0.5256410256410257,0.19663057526932223,
2646,sim_2646,13,0.003974319779883827,1.5147073640486764e-05,0.373188819167142,0.0023794963613919264,0.46153846153846156,0.19663057526932223,
2641,sim_2641,13,0.003974319779883827,8.659308412193334e-06,0.38618654073199526,0.00399505704053389,0.6282051282051282,0.19663057526932223,
1203,sim_1203,13,0.003974319779883827,2.238824520073692e-06,0.3844165001762839,0.003937251352873903,0.6153846153846154,0.19663057526932223,
1201,sim_1201,13,0.003974319779883827,4.85173145397198e-06,0.3715356656065425,0.0028479572827007924,0.5128205128205128,0.19663057526932223,
2662,sim_2662,13,0.003974319779883827,6.06246248811413e-06,0.38145772594752186,0.003040274665126942,0.5128205128205128,0.19663057526932223,
1200,sim_1200,13,0.003974319779883827,6.8494154828094874e-06,0.3755884716959467,0.003059633770734753,0.5256410256410257,0.19663057526932223,
1281,sim_1281,13,0.003974319779883827,8.76888242011386e-06,0.3726785917739547,0.0027290538010252287,0.5128205128205128,0.19663057526932223,
2690,sim_2690,13,0.003974319779883827,4.936812579952147e-06,0.380924653546058,0.003353759801220128,0.6153846153846154,0.19663057526932223,
1183,sim_1183,13,0.003974319779883827,3.6706720640824635e-06,0.38751332780476244,0.004010441828546804,0.5384615384615384,0.19663057526932223,
2703,sim_2703,13,0.003974319779883827,9.314292298910146e-06,0.364213339271796,0.0019747218871692842,0.4230769230769231,0.19663057526932223,
2702,sim_2702,13,0.003974319779883827,1.502319910015663e-05,0.37438480027469384,0.0026377170765153027,0.5,0.19663057526932223,
2717,sim_2717,13,0.003974319779883827,6.18465993081527e-06,0.3888954939959577,0.0038802365431214836,0.6025641025641025,0.19663057526932223,
2715,sim_2715,13,0.003974319779883827,5.43543025554575e-06,0.3826626111371081,0.003598122758597611,0.6153846153846154,0.19663057526932223,
2733,sim_2733,13,0.003974319779883827,1.1301716068354164e-05,0.3735724074920055,0.0026510501488672027,0.48717948717948717,0.19663057526932223,
1928,sim_1928,13,0.003974319779883827,7.709549165846664e-06,0.37081963496202247,0.0023797156355037305,0.48717948717948717,0.19663057526932223,
2745,sim_2745,13,0.003974319779883827,1.120290566668545e-05,0.37365775645419236,0.00282818460219237,0.48717948717948717,0.19663057526932223,
2785,sim_2785,13,0.003974319779883827,8.325858884195653e-06,0.36401068328511016,0.0020333188013991034,0.4230769230769231,0.19663057526932223,
2800,sim_2800,13,0.003974319779883827,4.931328929811368e-06,0.37666973744818055,0.0034711529574931867,0.6153846153846154,0.19663057526932223,
1178,sim_1178,13,0.003974319779883827,5.514217826410358e-06,0.3691873589164786,0.0026833090259104804,0.5,0.19663057526932223,
2810,sim_2810,13,0.003974319779883827,8.070566516653215e-06,0.38008366256100395,0.003118370866043719,0.5128205128205128,0.19663057526932223,
2854,sim_2854,13,0.003974319779883827,4.863897617753764e-06,0.3644162210338681,0.002049542458271221,0.4358974358974359,0.19663057526932223,
2852,sim_2852,13,0.003974319779883827,1.0371985577959019e-05,0.36608841634023503,0.0023118261803850675,0.4230769230769231,0.19663057526932223,
2861,sim_2861,13,0.003974319779883827,8.360534185270138e-06,0.3692707157371867,0.002530854578638219,0.46153846153846156,0.19663057526932223,
1927,sim_1927,13,0.003974319779883827,6.958025660259343e-06,0.3711562464541019,0.0023545443497302765,0.3974358974358974,0.19663057526932223,
1926,sim_1926,13,0.003974319779883827,2.5850725294246433e-06,0.3785003471418653,0.003164069611427956,0.5128205128205128,0.19663057526932223,
2872,sim_2872,13,0.003974319779883827,1.0464242720911158e-05,0.38101339545719276,0.0035255653601956503,0.5512820512820513,0.19663057526932223,
2894,sim_2894,13,0.003974319779883827,1.1758055347154455e-05,0.3720850870208167,0.002780449054183921,0.5,0.19663057526932223,
2893,sim_2893,13,0.003974319779883827,1.7704703082178275e-06,0.3823942015431377,0.0038611568445333397,0.5641025641025641,0.19663057526932223,
2892,sim_2892,13,0.003974319779883827,5.228413205398768e-06,0.3711562464541019,0.002802397856524901,0.5,0.19663057526932223,
2923,sim_2923,13,0.003974319779883827,5.572359866447429e-06,0.36111724442481785,0.001742813808403462,0.44871794871794873,0.19663057526932223,
2948,sim_2948,13,0.003974319779883827,6.544030550129886e-06,0.38065867566623995,0.003354549177289929,0.5769230769230769,0.19663057526932223,
1170,sim_1170,13,0.003974319779883827,1.070300745405431e-05,0.3814132462686567,0.003492789958088503,0.5,0.19663057526932223,
2941,sim_2941,13,0.003974319779883827,5.234509059962208e-06,0.3822601378987963,0.003567822394659837,0.5641025641025641,0.19663057526932223,
2956,sim_2956,13,0.003974319779883827,5.887350807952757e-06,0.38284176029962547,0.0037831833277980524,0.5897435897435898,0.19663057526932223,
600,sim_600,13,0.003974319779883827,1.209211730478957e-05,0.3836950146627566,0.003760364017693987,0.5641025641025641,0.19663057526932223,
1955,sim_1955,13,0.003974319779883827,1.069723648773838e-05,0.3769301682415303,0.002834285319249827,0.48717948717948717,0.19663057526932223,
1954,sim_1954,13,0.003974319779883827,6.2304211072549545e-06,0.37485674994269996,0.003053371232706127,0.46153846153846156,0.19663057526932223,
2067,sim_2067,13,0.003974319779883827,6.5478872686629596e-06,0.3897295365185273,0.004312333694451814,0.5897435897435898,0.19663057526932223,
3007,sim_3007,13,0.003974319779883827,7.278607929011923e-06,0.3808359529630923,0.003209789831172907,0.5256410256410257,0.19663057526932223,
3006,sim_3006,13,0.003974319779883827,8.759684689933768e-06,0.3849593974343886,0.0037829809565654835,0.5769230769230769,0.19663057526932223,
3015,sim_3015,13,0.003974319779883827,1.6179722177550944e-05,0.37459917544663307,0.0028467869712253935,0.46153846153846156,0.19663057526932223,
839,sim_839,13,0.003974319779883827,8.933437669217726e-06,0.38618654073199526,0.0035856175715963737,0.5,0.19663057526932223,
1296,sim_1296,13,0.003974319779883827,1.2705022526831721e-05,0.38623214074861256,0.003939246240964273,0.5897435897435898,0.19663057526932223,
1727,sim_1727,13,0.003974319779883827,4.792213074904287e-06,0.384281015037594,0.0038344071393032098,0.6025641025641025,0.19663057526932223,
3056,sim_3056,13,0.003974319779883827,4.974186072839254e-06,0.38751332780476244,0.0038838170619522865,0.5769230769230769,0.19663057526932223,
3079,sim_3079,13,0.003974319779883827,7.636193519159555e-06,0.38190309398715705,0.0033059805806938776,0.5128205128205128,0.19663057526932223,
594,sim_594,13,0.003974319779883827,8.301418832924344e-06,0.3942388815234422,0.004575159352981453,0.6025641025641025,0.19663057526932223,
3118,sim_3118,13,0.003974319779883827,5.534463459167694e-06,0.3778881700554529,0.0030605925201250598,0.5256410256410257,0.19663057526932223,
2393,sim_2393,12,0.0036686028737389176,8.654369972352109e-06,0.3754591368227732,0.0029067350965490736,0.5757575757575758,0.19663057526932223,
2172,sim_2172,12,0.0036686028737389176,8.826459805727606e-06,0.36877113866967304,0.002555134337696149,0.45454545454545453,0.19663057526932223,
777,sim_777,12,0.0036686028737389176,3.647657443088381e-06,0.3817693744164332,0.00354681269349372,0.5909090909090909,0.19663057526932223,
1789,sim_1789,12,0.0036686028737389176,9.55985526289564e-06,0.37477085242896424,0.00306625168866836,0.5,0.19663057526932223,
2251,sim_2251,12,0.0036686028737389176,3.510911165695436e-06,0.37636635600046026,0.002940981338601377,0.5151515151515151,0.19663057526932223,
2467,sim_2467,12,0.0036686028737389176,5.186731146365403e-06,0.37459917544663307,0.002433366148261443,0.48484848484848486,0.19663057526932223,
1893,sim_1893,12,0.0036686028737389176,4.962765859341336e-06,0.3726785917739547,0.002698589219870488,0.5454545454545454,0.19663057526932223,
2610,sim_2610,12,0.0036686028737389176,1.1316652041777384e-05,0.3768867381034681,0.002940378669209035,0.5151515151515151,0.19663057526932223,
629,sim_629,12,0.0036686028737389176,6.2988556204867105e-06,0.3794663573085847,0.0031581888432791433,0.5757575757575758,0.19663057526932223,
2464,sim_2464,12,0.0036686028737389176,5.592037356185289e-06,0.3719158612848209,0.002590581328316145,0.5303030303030303,0.19663057526932223,
489,sim_489,12,0.0036686028737389176,4.549424971744069e-06,0.3866430260047281,0.0037685785241175266,0.6060606060606061,0.19663057526932223,
1384,sim_1384,12,0.0036686028737389176,1.7438879085610476e-05,0.37876331635016214,0.0027769231343748157,0.48484848484848486,0.19663057526932223,
809,sim_809,12,0.0036686028737389176,2.3849144373098713e-06,0.38618654073199526,0.0036401801353870005,0.5303030303030303,0.19663057526932223,
2120,sim_2120,12,0.0036686028737389176,9.747477089708333e-06,0.37815028901734105,0.0029314183715309474,0.4696969696969697,0.19663057526932223,
793,sim_793,12,0.0036686028737389176,3.2388911843534412e-06,0.3814132462686567,0.003397667565278586,0.5,0.19663057526932223,
1534,sim_1534,12,0.0036686028737389176,3.1822555021476503e-06,0.37697360838999655,0.0028096910700069894,0.5151515151515151,0.19663057526932223,
2462,sim_2462,12,0.0036686028737389176,1.6933009726279774e-05,0.3709878643529545,0.0023221856623131423,0.4393939393939394,0.19663057526932223,
470,sim_470,12,0.0036686028737389176,3.1704479297855336e-06,0.3864146485528647,0.004266953668729323,0.7272727272727273,0.19663057526932223,
669,sim_669,12,0.0036686028737389176,1.2343285794150754e-06,0.37365775645419236,0.002620493186138292,0.48484848484848486,0.19663057526932223,
1132,sim_1132,12,0.0036686028737389176,5.772328757439315e-06,0.37636635600046026,0.0028962788613336884,0.5303030303030303,0.19663057526932223,
2584,sim_2584,12,0.0036686028737389176,7.0541730724140745e-06,0.3778881700554529,0.0033050792148719404,0.5909090909090909,0.19663057526932223,
1337,sim_1337,12,0.0036686028737389176,7.3989678539359765e-06,0.3701063589047296,0.002652823679758386,0.48484848484848486,0.19663057526932223,
1253,sim_1253,12,0.0036686028737389176,4.251215232052718e-06,0.38212616822429907,0.0033699774219800283,0.5606060606060606,0.19663057526932223,
783,sim_783,12,0.0036686028737389176,1.2143880344268641e-05,0.3938117023838189,0.004381732333416891,0.6515151515151515,0.19663057526932223,
2059,sim_2059,12,0.0036686028737389176,6.2878789901268624e-06,0.37645298653469905,0.0029099751621833817,0.4696969696969697,0.19663057526932223,
2326,sim_2326,12,0.0036686028737389176,4.171142879140484e-06,0.3678587494376968,0.002218247725678023,0.5151515151515151,0.19663057526932223,
2926,sim_2926,12,0.0036686028737389176,6.736838996411573e-06,0.36877113866967304,0.0020220964979555415,0.42424242424242425,0.19663057526932223,
2323,sim_2323,12,0.0036686028737389176,8.577769638668207e-06,0.38070297951582865,0.003119979267876926,0.5454545454545454,0.19663057526932223,
1452,sim_1452,12,0.0036686028737389176,5.633600081056346e-06,0.3742562929061785,0.0027965031870756133,0.5303030303030303,0.19663057526932223,
2012,sim_2012,12,0.0036686028737389176,6.606611300576493e-06,0.3691040397201535,0.002314316392743863,0.5151515151515151,0.19663057526932223,
2318,sim_2318,12,0.0036686028737389176,6.730075131379812e-06,0.3845520808840818,0.003577152367874145,0.6060606060606061,0.19663057526932223,
2315,sim_2315,12,0.0036686028737389176,6.457731136384699e-06,0.37395678518349146,0.0028125381128520804,0.4696969696969697,0.19663057526932223,
2314,sim_2314,12,0.0036686028737389176,1.2900817241009053e-05,0.37502866315065353,0.0024693967224616174,0.4393939393939394,0.19663057526932223,
1259,sim_1259,12,0.0036686028737389176,1.5926509388464861e-06,0.3850047080979284,0.004045516927810166,0.6666666666666666,0.19663057526932223,
869,sim_869,12,0.0036686028737389176,1.0365239643921312e-06,0.3770605187319885,0.0031870625804148772,0.5606060606060606,0.19663057526932223,
939,sim_939,12,0.0036686028737389176,1.0277963515384142e-05,0.3836950146627566,0.0035431532029560333,0.48484848484848486,0.19663057526932223,
818,sim_818,12,0.0036686028737389176,1.1731173053388758e-05,0.3718735788994998,0.0023441800207115037,0.4090909090909091,0.19663057526932223,
876,sim_876,12,0.0036686028737389176,4.37876302769894e-06,0.36922903262219214,0.002500085862792097,0.4696969696969697,0.19663057526932223,
2335,sim_2335,12,0.0036686028737389176,3.865273581095528e-06,0.3774521117009001,0.0029420997960294378,0.5303030303030303,0.19663057526932223,
635,sim_635,12,0.0036686028737389176,2.26645790525204e-06,0.3858676418544296,0.003629881101379613,0.6818181818181818,0.19663057526932223,
877,sim_877,12,0.0036686028737389176,1.442473293355254e-06,0.3880650136433741,0.004082756153679009,0.5757575757575758,0.19663057526932223,
1312,sim_1312,12,0.0036686028737389176,4.561925957780763e-06,0.3831107987819161,0.003513103410855275,0.5151515151515151,0.19663057526932223,
1696,sim_1696,12,0.0036686028737389176,1.809558723707818e-06,0.37580422794117646,0.00299563857648464,0.5454545454545454,0.19663057526932223,
934,sim_934,12,0.0036686028737389176,3.683044882258549e-06,0.3973517978620019,0.00472351347998435,0.6818181818181818,0.19663057526932223,
2370,sim_2370,12,0.0036686028737389176,5.2569529149383676e-06,0.38423587454481384,0.003544750483922977,0.5757575757575758,0.19663057526932223,
2199,sim_2199,12,0.0036686028737389176,9.353988313252607e-06,0.377582823502251,0.0027644737221181382,0.5454545454545454,0.19663057526932223,
1960,sim_1960,12,0.0036686028737389176,1.2747662131513376e-05,0.3798629659737545,0.003059081706303622,0.4696969696969697,0.19663057526932223,
1320,sim_1320,12,0.0036686028737389176,4.086161512083448e-06,0.38655164263767433,0.003814470464137818,0.6363636363636364,0.19663057526932223,
1807,sim_1807,12,0.0036686028737389176,9.118530062759583e-06,0.3841456253669994,0.0034219257085280168,0.5606060606060606,0.19663057526932223,
2020,sim_2020,12,0.0036686028737389176,8.002697630484431e-06,0.38306593277901396,0.0034944286918286945,0.6212121212121212,0.19663057526932223,
718,sim_718,12,0.0036686028737389176,3.2341290488793926e-06,0.39841656516443363,0.004574103280747386,0.7272727272727273,0.19663057526932223,
1540,sim_1540,12,0.0036686028737389176,5.67258919241571e-06,0.3910340705319785,0.004046515845922045,0.6363636363636364,0.19663057526932223,
2590,sim_2590,12,0.0036686028737389176,9.265797467964724e-06,0.37627976532842516,0.0025906824556129597,0.5,0.19663057526932223,
1074,sim_1074,12,0.0036686028737389176,5.999891500341502e-06,0.38847980997624704,0.003835470538192568,0.6666666666666666,0.19663057526932223,
1287,sim_1287,12,0.0036686028737389176,3.975569878678847e-06,0.3797306710006965,0.003271229434393441,0.5454545454545454,0.19663057526932223,
1808,sim_1808,12,0.0036686028737389176,4.308076852795705e-06,0.36794150731158604,0.002494946694044041,0.5303030303030303,0.19663057526932223,
551,sim_551,12,0.0036686028737389176,4.162442076727205e-06,0.3768867381034681,0.0028278567592965637,0.5303030303030303,0.19663057526932223,
884,sim_884,12,0.0036686028737389176,5.007781059309376e-06,0.3815467164353202,0.003456435904948094,0.6060606060606061,0.19663057526932223,
1304,sim_1304,12,0.0036686028737389176,7.121987629728903e-06,0.3873297809354648,0.003670919717852374,0.5606060606060606,0.19663057526932223,
1728,sim_1728,12,0.0036686028737389176,4.5502500802498015e-06,0.3672804850662475,0.0022465337701377992,0.5303030303030303,0.19663057526932223,
2032,sim_2032,12,0.0036686028737389176,9.902181245550851e-06,0.36044077134986224,0.0018368180303738593,0.4090909090909091,0.19663057526932223,
1438,sim_1438,12,0.0036686028737389176,3.49183404275897e-06,0.3810577819198509,0.0033970644882052974,0.5606060606060606,0.19663057526932223,
2416,sim_2416,12,0.0036686028737389176,4.901079485091713e-06,0.36457868925546144,0.001971964457396654,0.48484848484848486,0.19663057526932223,
2006,sim_2006,12,0.0036686028737389176,2.9951528709395184e-06,0.39028755518434555,0.004199542583589575,0.696969696969697,0.19663057526932223,
1280,sim_1280,12,0.0036686028737389176,6.672138723899455e-06,0.3674455178611548,0.0023380894165005404,0.4696969696969697,0.19663057526932223,
1911,sim_1911,12,0.0036686028737389176,3.568467697494032e-06,0.3655565489494859,0.002359864908598,0.5151515151515151,0.19663057526932223,
1207,sim_1207,12,0.0036686028737389176,8.503264462033049e-06,0.3720427661510464,0.0026400014331066954,0.4696969696969697,0.19663057526932223,
1215,sim_1215,12,0.0036686028737389176,9.495273907897482e-06,0.3881110583768391,0.0035373336415295245,0.5454545454545454,0.19663057526932223,
853,sim_853,12,0.0036686028737389176,1.1639685937225782e-05,0.3881110583768391,0.00373639996755489,0.6060606060606061,0.19663057526932223,
2021,sim_2021,12,0.0036686028737389176,2.993576390208182e-06,0.38079161816065193,0.0033770591207584566,0.5606060606060606,0.19663057526932223,
1611,sim_1611,12,0.0036686028737389176,1.783624428328015e-06,0.3808802980903586,0.0035749106730205856,0.6666666666666666,0.19663057526932223,
2428,sim_2428,12,0.0036686028737389176,7.351936669166159e-06,0.38243891032386296,0.0034131784679233036,0.5606060606060606,0.19663057526932223,
2033,sim_2033,12,0.0036686028737389176,5.53541058216377e-06,0.35984598459845984,0.0018031124204963501,0.48484848484848486,0.19663057526932223,
395,sim_395,12,0.0036686028737389176,4.700086561408539e-06,0.40125122669283614,0.005119460003419895,0.8333333333333334,0.19663057526932223,
1991,sim_1991,12,0.0036686028737389176,1.411125390713656e-05,0.35104099592187166,0.0011079323752595308,0.42424242424242425,0.19663057526932223,
2581,sim_2581,12,0.0036686028737389176,7.758131486221358e-06,0.37124049483600047,0.0021900499463959103,0.5151515151515151,0.19663057526932223,
1832,sim_1832,12,0.0036686028737389176,3.5310325148169685e-06,0.38632337309554743,0.004078416933046243,0.6666666666666666,0.19663057526932223,
2027,sim_2027,12,0.0036686028737389176,7.067345482724113e-06,0.3805700988947062,0.0032892050731569396,0.6060606060606061,0.19663057526932223,
2621,sim_2621,12,0.0036686028737389176,4.8483559391063225e-06,0.3855947188494636,0.003567427060697942,0.6212121212121212,0.19663057526932223,
450,sim_450,12,0.0036686028737389176,3.7278691947634983e-06,0.39084717409487396,0.004325323305603963,0.6818181818181818,0.19663057526932223,
2193,sim_2193,12,0.0036686028737389176,9.498763986122788e-06,0.37602023221059894,0.002898522893231191,0.5454545454545454,0.19663057526932223,
1845,sim_1845,12,0.0036686028737389176,7.839785442703282e-06,0.37563160312356453,0.0029930545622842337,0.4696969696969697,0.19663057526932223,
2638,sim_2638,12,0.0036686028737389176,1.137394071311944e-05,0.3879729569446092,0.0037075314074312433,0.5757575757575758,0.19663057526932223,
1083,sim_1083,12,0.0036686028737389176,2.998232914245031e-06,0.3893120685551059,0.003772233419199847,0.6515151515151515,0.19663057526932223,
2661,sim_2661,12,0.0036686028737389176,1.3117149619481076e-05,0.3701063589047296,0.002342278585485956,0.5606060606060606,0.19663057526932223,
2660,sim_2660,12,0.0036686028737389176,1.783037060615346e-05,0.3690207581227437,0.002165727280702175,0.4393939393939394,0.19663057526932223,
2654,sim_2654,12,0.0036686028737389176,7.884659542803021e-06,0.3805258259655654,0.0030616681076899377,0.5,0.19663057526932223,
1425,sim_1425,12,0.0036686028737389176,3.2721557239199157e-06,0.38650596715112845,0.0036338666829871633,0.5606060606060606,0.19663057526932223,
2677,sim_2677,12,0.0036686028737389176,3.2558383619229067e-06,0.37183130612708876,0.0024635782348288227,0.5909090909090909,0.19663057526932223,
2671,sim_2671,12,0.0036686028737389176,7.880389415443326e-06,0.38564017920301813,0.003480781008034721,0.5,0.19663057526932223,
1483,sim_1483,12,0.0036686028737389176,9.255957375172688e-06,0.39248860091192705,0.004244350399130826,0.6515151515151515,0.19663057526932223,
1900,sim_1900,12,0.0036686028737389176,5.09870959693002e-06,0.37434195468070497,0.0029637916719002294,0.5757575757575758,0.19663057526932223,
2682,sim_2682,12,0.0036686028737389176,6.025468413940416e-06,0.37753924284395196,0.00282071060976023,0.5,0.19663057526932223,
2719,sim_2719,12,0.0036686028737389176,6.132826501726843e-06,0.3736150770988007,0.002753431774257767,0.5151515151515151,0.19663057526932223,
2168,sim_2168,12,0.0036686028737389176,1.2110779526120799e-05,0.3723392145702903,0.0025267926474304243,0.45454545454545453,0.19663057526932223,
2712,sim_2712,12,0.0036686028737389176,7.264975751488568e-06,0.373188819167142,0.00270510989700576,0.45454545454545453,0.19663057526932223,
767,sim_767,12,0.0036686028737389176,5.966757407273545e-06,0.3716623111010112,0.002529996703662316,0.48484848484848486,0.19663057526932223,
302,sim_302,12,0.0036686028737389176,8.018834329581882e-07,0.39248860091192705,0.004487837396924054,0.6818181818181818,0.19663057526932223,
1646,sim_1646,12,0.0036686028737389176,6.827770881324822e-06,0.3858221278603444,0.00353928912845034,0.6212121212121212,0.19663057526932223,
270,sim_270,12,0.0036686028737389176,6.400587363690682e-06,0.38360501935029906,0.0033832795254088335,0.45454545454545453,0.19663057526932223,
2763,sim_2763,12,0.0036686028737389176,3.292084360130113e-06,0.377365020766036,0.0032019008015316775,0.5,0.19663057526932223,
2105,sim_2105,12,0.0036686028737389176,6.796415969034374e-06,0.36551570007822104,0.0018971919426529807,0.48484848484848486,0.19663057526932223,
229,sim_229,12,0.0036686028737389176,4.620840851026609e-06,0.39310179065016226,0.004316953203600496,0.7272727272727273,0.19663057526932223,
2081,sim_2081,12,0.0036686028737389176,1.2510064433703092e-06,0.37468499427262314,0.0030043823859270046,0.5909090909090909,0.19663057526932223,
2096,sim_2096,12,0.0036686028737389176,4.0065761135566895e-06,0.36802430243024303,0.002434397276844038,0.4696969696969697,0.19663057526932223,
1797,sim_1797,12,0.0036686028737389176,4.983832365568234e-06,0.3716623111010112,0.0024806469292936555,0.48484848484848486,0.19663057526932223,
2855,sim_2855,12,0.0036686028737389176,3.5272688292832855e-06,0.3725512528473804,0.0024839716771452892,0.5303030303030303,0.19663057526932223,
1675,sim_1675,12,0.0036686028737389176,5.039378520234412e-06,0.3650262247517018,0.002136080998619576,0.5151515151515151,0.19663057526932223,
2850,sim_2850,12,0.0036686028737389176,4.720821916204964e-06,0.3765830071379231,0.0028002482107523136,0.5,0.19663057526932223,
2844,sim_2844,12,0.0036686028737389176,7.533965575835414e-06,0.38908052813131916,0.003760482457631456,0.6363636363636364,0.19663057526932223,
2843,sim_2843,12,0.0036686028737389176,4.8499655646539825e-06,0.38728392138290313,0.0037668468247675046,0.5909090909090909,0.19663057526932223,
2841,sim_2841,12,0.0036686028737389176,3.7459270778406775e-06,0.37964252553389044,0.003142515547236236,0.6363636363636364,0.19663057526932223,
1673,sim_1673,12,0.0036686028737389176,9.652145291617945e-06,0.3766263672999424,0.002742317314086175,0.5454545454545454,0.19663057526932223,
2054,sim_2054,12,0.0036686028737389176,8.031404565827687e-06,0.3607587956325135,0.0014813156019333501,0.4393939393939394,0.19663057526932223,
2879,sim_2879,12,0.0036686028737389176,3.917263345748929e-06,0.36756938981908077,0.002321772473816029,0.48484848484848486,0.19663057526932223,
2900,sim_2900,12,0.0036686028737389176,4.608323287024203e-06,0.3752868288205599,0.0028419970780716145,0.4393939393939394,0.19663057526932223,
1487,sim_1487,12,0.0036686028737389176,5.041444778932118e-06,0.3730611313868613,0.0028355539450934998,0.5606060606060606,0.19663057526932223,
2933,sim_2933,12,0.0036686028737389176,7.566715605404719e-06,0.37541604499024445,0.002556027402491967,0.5,0.19663057526932223,
1022,sim_1022,12,0.0036686028737389176,3.0665954429223505e-06,0.38190309398715705,0.0036906778110538303,0.6363636363636364,0.19663057526932223,
2920,sim_2920,12,0.0036686028737389176,5.418432124009792e-06,0.37352974763046703,0.0026683524162998524,0.48484848484848486,0.19663057526932223,
1851,sim_1851,12,0.0036686028737389176,6.042602231713477e-06,0.3727210574293528,0.002606488030086086,0.5606060606060606,0.19663057526932223,
2050,sim_2050,12,0.0036686028737389176,4.3004142560399905e-06,0.38419074465586095,0.003808636527524653,0.6212121212121212,0.19663057526932223,
1460,sim_1460,12,0.0036686028737389176,3.5699428037364213e-06,0.39131475056824977,0.0040153211816618024,0.5606060606060606,0.19663057526932223,
1825,sim_1825,12,0.0036686028737389176,8.394305937199478e-06,0.3811021787253874,0.0032627663461103195,0.5303030303030303,0.19663057526932223,
1411,sim_1411,12,0.0036686028737389176,4.13341727240975e-06,0.3811021787253874,0.0034365252902501604,0.5757575757575758,0.19663057526932223,
722,sim_722,12,0.0036686028737389176,8.127608169303885e-06,0.3740423098913665,0.002807263506340913,0.5,0.19663057526932223,
1919,sim_1919,12,0.0036686028737389176,9.943070430010102e-06,0.38378505221166254,0.003525294097584652,0.5757575757575758,0.19663057526932223,
1850,sim_1850,12,0.0036686028737389176,2.5210713901782194e-05,0.38190309398715705,0.0031090895036814787,0.48484848484848486,0.19663057526932223,
1978,sim_1978,12,0.0036686028737389176,6.999566999946576e-06,0.36364647026125624,0.001993944531499376,0.4090909090909091,0.19663057526932223,
2088,sim_2088,12,0.0036686028737389176,4.169179191681339e-06,0.3792463768115942,0.003431321325630485,0.5454545454545454,0.19663057526932223,
1828,sim_1828,12,0.0036686028737389176,2.162918880798832e-06,0.37964252553389044,0.0034927209889442654,0.5909090909090909,0.19663057526932223,
1684,sim_1684,12,0.0036686028737389176,4.8791466284114e-06,0.38949749940462014,0.0034941594208669938,0.6363636363636364,0.19663057526932223,
1413,sim_1413,12,0.0036686028737389176,7.552973601657986e-06,0.3723392145702903,0.0024394782502480394,0.5,0.19663057526932223,
1966,sim_1966,12,0.0036686028737389176,9.000869585372253e-06,0.3784127718648774,0.0029987719961722197,0.6060606060606061,0.19663057526932223,
1110,sim_1110,12,0.0036686028737389176,7.45287409571055e-06,0.38668873389289515,0.0036905905735886454,0.5151515151515151,0.19663057526932223,
1117,sim_1117,12,0.0036686028737389176,5.112270225097803e-06,0.39428640308582447,0.004461524451458229,0.696969696969697,0.19663057526932223,
3105,sim_3105,12,0.0036686028737389176,9.349458941254569e-06,0.36935411020776876,0.0023457148731842567,0.4393939393939394,0.19663057526932223,
2259,sim_2259,12,0.0036686028737389176,1.8525857353827716e-05,0.3817693744164332,0.0032554779687436588,0.5,0.19663057526932223,
3131,sim_3131,12,0.0036686028737389176,1.0068891120305846e-05,0.3765830071379231,0.002962523693981151,0.48484848484848486,0.19663057526932223,
3146,sim_3146,12,0.0036686028737389176,5.348639126401566e-06,0.3656791503633315,0.002276400024242186,0.45454545454545453,0.19663057526932223,
768,sim_768,11,0.003362885967594008,9.17602991709947e-06,0.39183037853378055,0.004062840084960764,0.6363636363636364,0.19663057526932223,
2771,sim_2771,11,0.003362885967594008,7.0681304249850065e-06,0.3749856700676373,0.0024809007284455177,0.4727272727272727,0.19663057526932223,
2769,sim_2769,11,0.003362885967594008,7.4103518177568615e-06,0.38618654073199526,0.003672733226101633,0.5818181818181818,0.19663057526932223,
1224,sim_1224,11,0.003362885967594008,2.0482612521936995e-06,0.37276353276353275,0.0026915226934730568,0.4909090909090909,0.19663057526932223,
1676,sim_1676,11,0.003362885967594008,2.312444915448876e-06,0.38065867566623995,0.0034339738435123783,0.6181818181818182,0.19663057526932223,
1677,sim_1677,11,0.003362885967594008,5.84964339747999e-06,0.38392018779342724,0.0033956848678603677,0.6,0.19663057526932223,
2042,sim_2042,11,0.003362885967594008,5.656674379466041e-06,0.36998077140594954,0.0026895220946391257,0.6,0.19663057526932223,
1393,sim_1393,11,0.003362885967594008,6.1022511911381855e-06,0.3619564014606617,0.001819973460354712,0.4909090909090909,0.19663057526932223,
1913,sim_1913,11,0.003362885967594008,1.946775919264522e-06,0.39019444113086005,0.00426969724956101,0.6909090909090909,0.19663057526932223,
2598,sim_2598,11,0.003362885967594008,6.6638992479431544e-06,0.3560853472675811,0.0013096306323654348,0.43636363636363634,0.19663057526932223,
1882,sim_1882,11,0.003362885967594008,5.1314343846932955e-06,0.38074729367943194,0.0032702855901729356,0.6363636363636364,0.19663057526932223,
1485,sim_1485,11,0.003362885967594008,7.895154136886475e-06,0.3792024113146302,0.0032227617271577717,0.5818181818181818,0.19663057526932223,
2592,sim_2592,11,0.003362885967594008,4.5299522026319745e-06,0.3761499540018399,0.002946583580622998,0.6363636363636364,0.19663057526932223,
2586,sim_2586,11,0.003362885967594008,7.272728352185248e-06,0.3820369072646578,0.0031078202603352693,0.5454545454545454,0.19663057526932223,
1786,sim_1786,11,0.003362885967594008,5.4970898349371425e-06,0.3665807463857447,0.0020200751785838054,0.43636363636363634,0.19663057526932223,
1365,sim_1365,11,0.003362885967594008,6.601485947597239e-06,0.3631619851226824,0.001975268873492606,0.43636363636363634,0.19663057526932223,
644,sim_644,11,0.003362885967594008,2.269875652659348e-06,0.38959028108623156,0.0038246414948731474,0.6545454545454545,0.19663057526932223,
921,sim_921,11,0.003362885967594008,5.536934982479364e-06,0.38132431802284916,0.003148935403858207,0.6181818181818182,0.19663057526932223,
1010,sim_1010,11,0.003362885967594008,5.599213549128016e-06,0.39428640308582447,0.004395174645263129,0.6909090909090909,0.19663057526932223,
1379,sim_1379,11,0.003362885967594008,2.059761020770929e-06,0.37645298653469905,0.0028943284144844227,0.5454545454545454,0.19663057526932223,
1098,sim_1098,11,0.003362885967594008,3.0038558651879867e-06,0.38132431802284916,0.003406623783716003,0.5636363636363636,0.19663057526932223,
2875,sim_2875,11,0.003362885967594008,4.303565834428979e-06,0.37365775645419236,0.0030245154201726855,0.6181818181818182,0.19663057526932223,
2214,sim_2214,11,0.003362885967594008,5.823675959406057e-06,0.3894047619047619,0.004209708524961533,0.6545454545454545,0.19663057526932223,
1128,sim_1128,11,0.003362885967594008,3.097279680569438e-06,0.38609537299339,0.003416307832243683,0.6363636363636364,0.19663057526932223,
1363,sim_1363,11,0.003362885967594008,6.224906895873829e-06,0.37019013128112266,0.0021817361997464218,0.45454545454545453,0.19663057526932223,
2907,sim_2907,11,0.003362885967594008,5.5802235492114585e-06,0.36437562660131445,0.0018287629235963553,0.43636363636363634,0.19663057526932223,
1138,sim_1138,11,0.003362885967594008,9.583619257490746e-06,0.3841005166744951,0.0034900073755083473,0.5272727272727272,0.19663057526932223,
1621,sim_1621,11,0.003362885967594008,5.578057158634729e-06,0.3850047080979284,0.0036291192548319677,0.6,0.19663057526932223,
1020,sim_1020,11,0.003362885967594008,2.8681054085703444e-06,0.3710720363017584,0.002704409959891348,0.5818181818181818,0.19663057526932223,
1974,sim_1974,11,0.003362885967594008,3.28610505685607e-06,0.38347010550996485,0.0033069070223134592,0.5818181818181818,0.19663057526932223,
1071,sim_1071,11,0.003362885967594008,5.0467004134636e-06,0.36588366890380314,0.002030228487502369,0.4727272727272727,0.19663057526932223,
2340,sim_2340,11,0.003362885967594008,4.189005400182564e-06,0.36843883757603063,0.002390122599243686,0.5454545454545454,0.19663057526932223,
2944,sim_2944,11,0.003362885967594008,7.315057661193066e-06,0.3832005623242737,0.0032765048072601823,0.6181818181818182,0.19663057526932223,
1554,sim_1554,11,0.003362885967594008,1.839767989135393e-06,0.3837400281557954,0.0032898215677687978,0.6363636363636364,0.19663057526932223,
2964,sim_2964,11,0.003362885967594008,1.2090916381440454e-05,0.3711562464541019,0.002135827762213968,0.4909090909090909,0.19663057526932223,
1331,sim_1331,11,0.003362885967594008,2.0831420516399476e-06,0.37701705855232825,0.0031005732624226514,0.5636363636363636,0.19663057526932223,
1951,sim_1951,11,0.003362885967594008,3.6332760949798667e-06,0.37412787372755346,0.0027162917958384707,0.5636363636363636,0.19663057526932223,
1313,sim_1313,11,0.003362885967594008,6.499789340166886e-06,0.38894173602853743,0.0036851327552037375,0.5636363636363636,0.19663057526932223,
2996,sim_2996,11,0.003362885967594008,2.9314328519395584e-06,0.35255442983401597,0.0013077875029307562,0.45454545454545453,0.19663057526932223,
1723,sim_1723,11,0.003362885967594008,4.7156875689205455e-06,0.3880650136433741,0.0037523875605490076,0.6363636363636364,0.19663057526932223,
2388,sim_2388,11,0.003362885967594008,8.081084701642682e-06,0.3707355774679814,0.0023300338802033963,0.4727272727272727,0.19663057526932223,
2404,sim_2404,11,0.003362885967594008,5.018974266827083e-06,0.3718735788994998,0.0025035736231926384,0.4909090909090909,0.19663057526932223,
2708,sim_2708,11,0.003362885967594008,5.974181561380191e-06,0.37610670346096353,0.0028425343882444816,0.5818181818181818,0.19663057526932223,
2187,sim_2187,11,0.003362885967594008,3.234936294572563e-06,0.3881110583768391,0.0035323792775759726,0.6363636363636364,0.19663057526932223,
304,sim_304,11,0.003362885967594008,1.5149997981233007e-06,0.38065867566623995,0.003565780118426014,0.7090909090909091,0.19663057526932223,
1961,sim_1961,11,0.003362885967594008,3.7787511596503736e-06,0.3715356656065425,0.0025221367923755063,0.4909090909090909,0.19663057526932223,
2025,sim_2025,11,0.003362885967594008,6.577645819531218e-06,0.3832454598711189,0.0033800378884640677,0.6363636363636364,0.19663057526932223,
1432,sim_1432,11,0.003362885967594008,2.1509987983832984e-06,0.38401033106363,0.003459747375870587,0.6181818181818182,0.19663057526932223,
2237,sim_2237,11,0.003362885967594008,5.649333418380415e-06,0.3881571140382105,0.0037949259756295713,0.6909090909090909,0.19663057526932223,
1433,sim_1433,11,0.003362885967594008,4.603325020045323e-06,0.38468775726214277,0.003433249230441328,0.5818181818181818,0.19663057526932223,
1400,sim_1400,11,0.003362885967594008,1.0098915606813169e-05,0.3720427661510464,0.002396171701176786,0.45454545454545453,0.19663057526932223,
1202,sim_1202,11,0.003362885967594008,5.561741934155936e-06,0.3839652541378096,0.003262182115147769,0.5818181818181818,0.19663057526932223,
857,sim_857,11,0.003362885967594008,5.659447722192235e-06,0.37863178608635256,0.0032029018934410488,0.5454545454545454,0.19663057526932223,
860,sim_860,11,0.003362885967594008,5.73035665433667e-06,0.38609537299339,0.0037332389136047303,0.6727272727272727,0.19663057526932223,
2113,sim_2113,10,0.0030571690614490978,2.146203634633763e-06,0.3785003471418653,0.002882283911193038,0.6222222222222222,0.19663057526932223,
2489,sim_2489,10,0.0030571690614490978,5.197870349012399e-06,0.3817693744164332,0.003004109503565408,0.5555555555555556,0.19663057526932223,
1235,sim_1235,10,0.0030571690614490978,4.194585392651385e-06,0.3799953531598513,0.0033079884757549424,0.6888888888888889,0.19663057526932223,
2078,sim_2078,10,0.0030571690614490978,7.375925527286401e-06,0.373188819167142,0.002469621132757488,0.5555555555555556,0.19663057526932223,
2364,sim_2364,10,0.0030571690614490978,6.7888990572117495e-06,0.3768867381034681,0.0028874496192612125,0.5555555555555556,0.19663057526932223,
1250,sim_1250,10,0.0030571690614490978,2.947128610238766e-06,0.3817693744164332,0.003308091284469953,0.6444444444444445,0.19663057526932223,
1484,sim_1484,10,0.0030571690614490978,5.236640362731006e-06,0.37893883225208524,0.0027640279132607826,0.5111111111111111,0.19663057526932223,
406,sim_406,10,0.0030571690614490978,7.167030362504786e-06,0.37632305568338703,0.0029814440759076814,0.5333333333333333,0.19663057526932223,
2206,sim_2206,10,0.0030571690614490978,1.1692460622818697e-05,0.3768867381034681,0.0029960421843957478,0.4888888888888889,0.19663057526932223,
2052,sim_2052,10,0.0030571690614490978,1.8991173290421156e-06,0.377277970011534,0.0028558778290405937,0.6666666666666666,0.19663057526932223,
1101,sim_1101,10,0.0030571690614490978,1.1964094429063632e-06,0.3855947188494636,0.0037050727444884533,0.6666666666666666,0.19663057526932223,
2073,sim_2073,9,0.002751452155304188,5.636085050212974e-06,0.3614764062327329,0.0016573423895302909,0.4444444444444444,0.19663057526932223,
2157,sim_2157,9,0.002751452155304188,2.236882807332736e-06,0.36498549430930594,0.002071450535947599,0.6111111111111112,0.19663057526932223,
2275,sim_2275,9,0.002751452155304188,2.754174791436608e-06,0.3710720363017584,0.002122707752977692,0.6111111111111112,0.19663057526932223,
1625,sim_1625,7,0.0021400183430143687,2.069767606851877e-07,0.36682740832118427,0.0020618278763744054,0.8571428571428571,0.19663057526932223,
1623,sim_1623,7,0.0021400183430143687,9.827381703882666e-08,0.35320159809955726,0.0011420436151169627,0.9047619047619048,0.19663057526932223,
1619,sim_1619,7,0.0021400183430143687,4.716539925733151e-09,0.36810713481881613,0.0023219505439798825,0.9523809523809523,0.19663057526932223,
1618,sim_1618,7,0.0021400183430143687,3.143498102777496e-07,0.3718735788994998,0.00199780812133305,0.8571428571428571,0.19663057526932223,
1616,sim_1616,7,0.0021400183430143687,5.680901631630427e-07,0.364659977703456,0.0016535644082492401,0.7142857142857143,0.19663057526932223,
1615,sim_1615,7,0.0021400183430143687,1.21185733775093e-07,0.36340406621486504,0.0017625161096721813,0.8095238095238095,0.19663057526932223,
1612,sim_1612,7,0.0021400183430143687,1.9685911356264043e-07,0.3714512832159891,0.002292537269362285,0.8571428571428571,0.19663057526932223,
1610,sim_1610,7,0.0021400183430143687,1.5134692496942627e-07,0.37293353095428117,0.00233127027778702,0.8571428571428571,0.19663057526932223,
1638,sim_1638,7,0.0021400183430143687,3.7467228911903566e-07,0.3768867381034681,0.0027723214088811064,0.8095238095238095,0.19663057526932223,
1637,sim_1637,7,0.0021400183430143687,0.0,0.3752868288205599,0.0024543037208185903,1.0,0.19663057526932223,
1635,sim_1635,7,0.0021400183430143687,5.033752278731771e-07,0.38008366256100395,0.0026522884021820924,0.8571428571428571,0.19663057526932223,
1634,sim_1634,7,0.0021400183430143687,1.513271680711993e-07,0.37417067032715623,0.0024129434687465566,0.9047619047619048,0.19663057526932223,
925,sim_925,7,0.0021400183430143687,2.4581851625321657e-08,0.37183130612708876,0.0024738629636916185,0.9047619047619048,0.19663057526932223,
922,sim_922,7,0.0021400183430143687,2.2759078010268553e-07,0.37524377652862223,0.0024110203857246686,0.8571428571428571,0.19663057526932223,
917,sim_917,7,0.0021400183430143687,3.899925601936056e-08,0.36868800721370604,0.0021716474743530886,0.9047619047619048,0.19663057526932223,
915,sim_915,7,0.0021400183430143687,2.6287396854114634e-07,0.3766263672999424,0.002502408772874699,0.6190476190476191,0.19663057526932223,
1649,sim_1649,7,0.0021400183430143687,9.30096387576445e-08,0.36584274689632035,0.0018792189170617375,0.8571428571428571,0.19663057526932223,
1648,sim_1648,7,0.0021400183430143687,1.6130960496891474e-07,0.35511887960047767,0.0013447296316523444,0.8095238095238095,0.19663057526932223,
907,sim_907,7,0.0021400183430143687,9.321218925305868e-08,0.37541604499024445,0.0024370292625254322,0.8571428571428571,0.19663057526932223,
904,sim_904,7,0.0021400183430143687,0.0,0.37382857142857145,0.0026943443244572688,1.0,0.19663057526932223,
1647,sim_1647,7,0.0021400183430143687,1.3156914536739837e-08,0.37225446682599295,0.002426426737497626,0.9523809523809523,0.19663057526932223,
1644,sim_1644,7,0.0021400183430143687,1.1705729032143629e-07,0.36835585585585584,0.002224870005355762,0.9523809523809523,0.19663057526932223,
1671,sim_1671,7,0.0021400183430143687,1.672646654883882e-07,0.36028196937988766,0.0013480763687118776,0.9047619047619048,0.19663057526932223,
1669,sim_1669,7,0.0021400183430143687,1.1662363769276622e-07,0.37589059986210066,0.0025630235112712478,0.8571428571428571,0.19663057526932223,
1668,sim_1668,7,0.0021400183430143687,7.436915885698761e-08,0.37627976532842516,0.002569981496350794,0.9523809523809523,0.19663057526932223,
1666,sim_1666,7,0.0021400183430143687,4.1133609212883497e-07,0.36985526910900046,0.0022203306701300504,0.7619047619047619,0.19663057526932223,
1665,sim_1665,7,0.0021400183430143687,1.6967642521813938e-07,0.3627994676131322,0.0017943397383747802,0.7619047619047619,0.19663057526932223,
1663,sim_1663,7,0.0021400183430143687,2.736027735624621e-07,0.36263858093126383,0.001721092303598528,0.9047619047619048,0.19663057526932223,
1660,sim_1660,7,0.0021400183430143687,0.0,0.3814132462686567,0.0030722184379570576,1.0,0.19663057526932223,
1659,sim_1659,7,0.0021400183430143687,7.707656432797929e-08,0.36457868925546144,0.0020055871761851555,0.8095238095238095,0.19663057526932223,
1658,sim_1658,7,0.0021400183430143687,4.7978588185374514e-08,0.366252379352816,0.002220927510595671,0.9047619047619048,0.19663057526932223,
1655,sim_1655,7,0.0021400183430143687,1.674593882477974e-07,0.3621166832724455,0.001633914796749979,0.8571428571428571,0.19663057526932223,
1689,sim_1689,7,0.0021400183430143687,2.5778687836167633e-07,0.3660064898735594,0.0017109776750002725,0.7619047619047619,0.19663057526932223,
1688,sim_1688,7,0.0021400183430143687,4.2896164901898224e-08,0.3662113748320645,0.0020973342856642338,0.8571428571428571,0.19663057526932223,
1686,sim_1686,7,0.0021400183430143687,1.2908405777637773e-07,0.35945054945054944,0.001643840551083975,0.8571428571428571,0.19663057526932223,
1682,sim_1682,7,0.0021400183430143687,8.695860375775554e-07,0.3635252278284063,0.0015047040841811186,0.7619047619047619,0.19663057526932223,
892,sim_892,7,0.0021400183430143687,1.86737319230336e-08,0.38003950273033577,0.0028605335477013593,0.9523809523809523,0.19663057526932223,
886,sim_886,7,0.0021400183430143687,2.166722197960329e-08,0.37023203169213353,0.002576198620659148,0.8571428571428571,0.19663057526932223,
1678,sim_1678,7,0.0021400183430143687,2.8873085356199652e-08,0.3785003471418653,0.0026923842328030246,0.9523809523809523,0.19663057526932223,
1701,sim_1701,7,0.0021400183430143687,0.0,0.3665807463857447,0.0020456247908976002,1.0,0.19663057526932223,
1700,sim_1700,7,0.0021400183430143687,8.717067602034632e-09,0.37606346286502645,0.0027057371494569175,0.9523809523809523,0.19663057526932223,
1698,sim_1698,7,0.0021400183430143687,8.656348880370379e-08,0.3752868288205599,0.002686690902682303,0.9047619047619048,0.19663057526932223,
875,sim_875,7,0.0021400183430143687,7.539498897427967e-09,0.3714512832159891,0.0022640054390549924,0.9523809523809523,0.19663057526932223,
873,sim_873,7,0.0021400183430143687,8.29565909640698e-08,0.37023203169213353,0.00233086892081828,0.6666666666666666,0.19663057526932223,
866,sim_866,7,0.0021400183430143687,6.8625950871813044e-09,0.3756747444584817,0.0026907173004575816,0.9523809523809523,0.19663057526932223,
1694,sim_1694,7,0.0021400183430143687,1.3034732470125056e-07,0.36457868925546144,0.0018909168684686877,0.8095238095238095,0.19663057526932223,
1715,sim_1715,7,0.0021400183430143687,1.635141329548317e-07,0.37323140118667275,0.0024725692904974963,0.9047619047619048,0.19663057526932223,
1714,sim_1714,7,0.0021400183430143687,9.922738188139265e-08,0.37365775645419236,0.0025524873354846422,0.9047619047619048,0.19663057526932223,
852,sim_852,7,0.0021400183430143687,1.5007481895789948e-08,0.38043731100255873,0.0028394365698178633,0.9047619047619048,0.19663057526932223,
848,sim_848,7,0.0021400183430143687,2.2737255400670088e-08,0.36752808988764046,0.0022548006498626263,0.9047619047619048,0.19663057526932223,
1708,sim_1708,7,0.0021400183430143687,3.844782844907822e-08,0.3731462468628793,0.0023960540525790924,0.8095238095238095,0.19663057526932223,
1706,sim_1706,7,0.0021400183430143687,3.096862605534012e-07,0.3656382740889783,0.0019982553663465425,0.8095238095238095,0.19663057526932223,
1705,sim_1705,7,0.0021400183430143687,8.596151007766366e-07,0.3620365246264527,0.0015087481801460286,0.7619047619047619,0.19663057526932223,
1703,sim_1703,7,0.0021400183430143687,5.1354148980125995e-08,0.3665807463857447,0.00199313785772653,0.8571428571428571,0.19663057526932223,
1702,sim_1702,7,0.0021400183430143687,5.996966233473345e-07,0.3698970937464661,0.002332388541121064,0.7619047619047619,0.19663057526932223,
1735,sim_1735,7,0.0021400183430143687,2.2472484650638885e-08,0.37077760145091815,0.002565555931948525,0.9047619047619048,0.19663057526932223,
3261,sim_3261,7,0.0021400183430143687,0.0,0.34916737830913747,0.0007030198972794952,1.0,0.19663057526932223,
1731,sim_1731,7,0.0021400183430143687,2.471670466684029e-07,0.35670665212649943,0.0012786822764470082,0.9047619047619048,0.19663057526932223,
840,sim_840,7,0.0021400183430143687,1.9701111000379217e-08,0.38070297951582865,0.002877004254211289,0.9523809523809523,0.19663057526932223,
1725,sim_1725,7,0.0021400183430143687,4.532734718977606e-07,0.3691040397201535,0.0022405267472939364,0.8095238095238095,0.19663057526932223,
1722,sim_1722,7,0.0021400183430143687,1.5275610068593542e-07,0.3684803424580376,0.002150316597048649,0.8571428571428571,0.19663057526932223,
1721,sim_1721,7,0.0021400183430143687,7.375175055747662e-09,0.3611571160428398,0.0018251862177008046,0.9523809523809523,0.19663057526932223,
1720,sim_1720,7,0.0021400183430143687,1.3713748568319343e-07,0.3768433179723502,0.002500730005955528,0.8095238095238095,0.19663057526932223,
1749,sim_1749,7,0.0021400183430143687,2.667308120429697e-07,0.3608781994704325,0.001518002575825096,0.8571428571428571,0.19663057526932223,
1747,sim_1747,7,0.0021400183430143687,9.110199396017571e-08,0.3644568245125348,0.0018904518604942655,0.8571428571428571,0.19663057526932223,
1746,sim_1746,7,0.0021400183430143687,4.5848352017288003e-07,0.36629339305711084,0.002065658921372816,0.7142857142857143,0.19663057526932223,
1745,sim_1745,7,0.0021400183430143687,0.0,0.37749567224466246,0.0026222663229796424,1.0,0.19663057526932223,
816,sim_816,7,0.0021400183430143687,1.248440739094539e-07,0.3632023095713968,0.0018006700647353888,0.9047619047619048,0.19663057526932223,
1743,sim_1743,7,0.0021400183430143687,2.757234509272075e-09,0.3833802156586967,0.0030871309223998345,0.9523809523809523,0.19663057526932223,
1739,sim_1739,7,0.0021400183430143687,6.896499180962798e-07,0.3661293933288561,0.002009271840130777,0.7142857142857143,0.19663057526932223,
1737,sim_1737,7,0.0021400183430143687,4.235163074295004e-08,0.3602422907488987,0.001429491325207119,0.9523809523809523,0.19663057526932223,
1736,sim_1736,7,0.0021400183430143687,6.796872045719966e-07,0.36864645553927644,0.0019837710862499604,0.8095238095238095,0.19663057526932223,
1763,sim_1763,7,0.0021400183430143687,1.452557799631211e-07,0.3596877061798988,0.0016402166860917304,0.9047619047619048,0.19663057526932223,
1761,sim_1761,7,0.0021400183430143687,9.760429443722468e-08,0.37374314442413165,0.002482260187644374,0.7142857142857143,0.19663057526932223,
1760,sim_1760,7,0.0021400183430143687,4.7613590246283673e-07,0.36405119643850864,0.0018914840472286879,0.7142857142857143,0.19663057526932223,
1754,sim_1754,7,0.0021400183430143687,2.338610352550718e-07,0.36332333666555594,0.0018745030856987966,0.8095238095238095,0.19663057526932223,
1752,sim_1752,7,0.0021400183430143687,0.0,0.3735724074920055,0.0023428234623729693,1.0,0.19663057526932223,
1782,sim_1782,7,0.0021400183430143687,1.9815703700870098e-07,0.3664575397714542,0.0019087522408379012,0.7619047619047619,0.19663057526932223,
1779,sim_1779,7,0.0021400183430143687,6.806614629817226e-08,0.37365775645419236,0.0023804379364848038,0.9047619047619048,0.19663057526932223,
1773,sim_1773,7,0.0021400183430143687,1.4953426299068647e-07,0.3701063589047296,0.002131020575676612,0.8571428571428571,0.19663057526932223,
1770,sim_1770,7,0.0021400183430143687,0.0,0.37959846814436576,0.0029200956610625946,1.0,0.19663057526932223,
1794,sim_1794,7,0.0021400183430143687,5.357282605073617e-07,0.3722968358752561,0.0024204092499454035,0.7619047619047619,0.19663057526932223,
1793,sim_1793,7,0.0021400183430143687,2.0427205607775454e-07,0.36523001339883876,0.001847408053703309,0.9047619047619048,0.19663057526932223,
757,sim_757,7,0.0021400183430143687,1.7356809554975327e-07,0.37331659438484366,0.0023250901545109814,0.9047619047619048,0.19663057526932223,
778,sim_778,7,0.0021400183430143687,2.0996720836879103e-08,0.3832903679400047,0.0030121952760796046,0.9523809523809523,0.19663057526932223,
770,sim_770,7,0.0021400183430143687,1.0089549608835917e-08,0.3869174355334753,0.0033626514949321802,0.9523809523809523,0.19663057526932223,
769,sim_769,7,0.0021400183430143687,1.3780444266252893e-08,0.37937833449315705,0.002901700235787255,0.9523809523809523,0.19663057526932223,
1816,sim_1816,7,0.0021400183430143687,6.723093017975769e-08,0.36539320822162646,0.0017529383423784868,0.8571428571428571,0.19663057526932223,
1812,sim_1812,7,0.0021400183430143687,2.0843639250849465e-07,0.3689791314156796,0.0022263675139324443,0.9047619047619048,0.19663057526932223,
1811,sim_1811,7,0.0021400183430143687,1.869487159392789e-08,0.3777572467952419,0.002684830996594542,0.8571428571428571,0.19663057526932223,
1806,sim_1806,7,0.0021400183430143687,5.307571266600381e-07,0.36686855091969495,0.0017469906004068257,0.8095238095238095,0.19663057526932223,
1805,sim_1805,7,0.0021400183430143687,1.6052771671795844e-08,0.373188819167142,0.0025500830171317017,0.9523809523809523,0.19663057526932223,
1804,sim_1804,7,0.0021400183430143687,2.3674020438389364e-07,0.3662113748320645,0.001997743097415602,0.9047619047619048,0.19663057526932223,
1800,sim_1800,7,0.0021400183430143687,9.577016743041101e-07,0.36392968402314196,0.0016504557882905703,0.7142857142857143,0.19663057526932223,
1799,sim_1799,7,0.0021400183430143687,8.895314496491957e-08,0.3685218566922037,0.002013696294960324,0.9047619047619048,0.19663057526932223,
1798,sim_1798,7,0.0021400183430143687,4.229834572835058e-08,0.3716200863440127,0.002278336183698935,0.9047619047619048,0.19663057526932223,
1829,sim_1829,7,0.0021400183430143687,2.9971545418925855e-08,0.359925176056338,0.0016711460330489773,0.9047619047619048,0.19663057526932223,
1826,sim_1826,7,0.0021400183430143687,4.857382780406877e-07,0.3550032559149121,0.0009088957544460699,0.9047619047619048,0.19663057526932223,
1824,sim_1824,7,0.0021400183430143687,1.2679452180308488e-07,0.37382857142857145,0.0027044237393205085,0.9047619047619048,0.19663057526932223,
738,sim_738,7,0.0021400183430143687,0.0,0.38600424828888363,0.003459716693433778,1.0,0.19663057526932223,
737,sim_737,7,0.0021400183430143687,8.720347692522539e-08,0.3740850869167429,0.002648899579114175,0.9047619047619048,0.19663057526932223,
1821,sim_1821,7,0.0021400183430143687,4.178179480999048e-08,0.3609180183162308,0.0016395845039971447,0.8571428571428571,0.19663057526932223,
1819,sim_1819,7,0.0021400183430143687,9.97736653487001e-07,0.367734682405846,0.001998866422658972,0.8095238095238095,0.19663057526932223,
1841,sim_1841,7,0.0021400183430143687,3.805542416960607e-07,0.37094579269675665,0.00212067340472337,0.8095238095238095,0.19663057526932223,
1840,sim_1840,7,0.0021400183430143687,5.558404839504897e-07,0.3495031520461588,0.000827678470364106,0.6666666666666666,0.19663057526932223,
732,sim_732,7,0.0021400183430143687,6.94216835579329e-09,0.37937833449315705,0.0030984722915516553,0.9523809523809523,0.19663057526932223,
1839,sim_1839,7,0.0021400183430143687,1.4161512605759882e-08,0.3755884716959467,0.0024974235336583353,0.9047619047619048,0.19663057526932223,
1834,sim_1834,7,0.0021400183430143687,7.631070590645013e-08,0.3709878643529545,0.0022681674578871615,0.9523809523809523,0.19663057526932223,
1833,sim_1833,7,0.0021400183430143687,1.2262552670119958e-07,0.36348483164796086,0.0019997715463055954,0.8095238095238095,0.19663057526932223,
1831,sim_1831,7,0.0021400183430143687,1.8718450142327468e-07,0.36103752759381896,0.0015675620473951974,0.8095238095238095,0.19663057526932223,
1863,sim_1863,7,0.0021400183430143687,1.529180527852222e-07,0.36494477295548367,0.0018457166920544112,0.8095238095238095,0.19663057526932223,
1861,sim_1861,7,0.0021400183430143687,1.783230106158409e-07,0.36678627494954025,0.0017735706435494235,0.8571428571428571,0.19663057526932223,
1860,sim_1860,7,0.0021400183430143687,5.05440700561721e-07,0.3669508638097375,0.002006430916068879,0.7142857142857143,0.19663057526932223,
1858,sim_1858,7,0.0021400183430143687,6.109081966001741e-08,0.3650669642857143,0.0019817485566102845,0.9047619047619048,0.19663057526932223,
1857,sim_1857,7,0.0021400183430143687,0.0,0.36348483164796086,0.00196344082629823,1.0,0.19663057526932223,
1856,sim_1856,7,0.0021400183430143687,2.1546413343181171e-07,0.3696462877161261,0.001977993019108502,0.8095238095238095,0.19663057526932223,
1853,sim_1853,7,0.0021400183430143687,9.587803168772253e-08,0.37502866315065353,0.0024043333336467945,0.9523809523809523,0.19663057526932223,
1852,sim_1852,7,0.0021400183430143687,1.5691855249154298e-07,0.36401068328511016,0.0015830566341216827,0.8571428571428571,0.19663057526932223,
1849,sim_1849,7,0.0021400183430143687,1.0197756501313355e-07,0.3656791503633315,0.0021168385047687604,0.8571428571428571,0.19663057526932223,
1848,sim_1848,7,0.0021400183430143687,4.079779385630091e-07,0.36736298292902064,0.0020583562145998617,0.7619047619047619,0.19663057526932223,
1881,sim_1881,7,0.0021400183430143687,1.8038140168616588e-07,0.36711560044893377,0.0020506568533967305,0.9047619047619048,0.19663057526932223,
1877,sim_1877,7,0.0021400183430143687,6.841256887545632e-08,0.37520073411332877,0.002555077437267099,0.9047619047619048,0.19663057526932223,
1875,sim_1875,7,0.0021400183430143687,1.0567313970082385e-06,0.3596481583287521,0.00150389403284556,0.8095238095238095,0.19663057526932223,
1874,sim_1874,7,0.0021400183430143687,3.1065693913665137e-07,0.36686855091969495,0.0018176936819624362,0.9523809523809523,0.19663057526932223,
1871,sim_1871,7,0.0021400183430143687,4.1053866326226924e-07,0.37387129957709453,0.002518032864312252,0.9047619047619048,0.19663057526932223,
1869,sim_1869,7,0.0021400183430143687,6.287919651218766e-07,0.36864645553927644,0.001813482308230269,0.7619047619047619,0.19663057526932223,
1867,sim_1867,7,0.0021400183430143687,3.474495180065615e-07,0.3683973420430229,0.0022101086909303465,0.8571428571428571,0.19663057526932223,
1866,sim_1866,7,0.0021400183430143687,2.579053199507026e-07,0.35776003499945314,0.0014870384427529922,0.6666666666666666,0.19663057526932223,
1894,sim_1894,7,0.0021400183430143687,4.3664896863112115e-08,0.367693345323741,0.0018987451061095839,0.9523809523809523,0.19663057526932223,
1892,sim_1892,7,0.0021400183430143687,2.1445153403335854e-07,0.37666973744818055,0.0024291078658646246,0.9047619047619048,0.19663057526932223,
1891,sim_1891,7,0.0021400183430143687,1.8756523929467137e-07,0.3768433179723502,0.0026164050166008063,0.9523809523809523,0.19663057526932223,
1890,sim_1890,7,0.0021400183430143687,5.330972511333263e-08,0.3602026208567338,0.001405153560776136,0.9523809523809523,0.19663057526932223,
1889,sim_1889,7,0.0021400183430143687,2.2261964004502373e-07,0.3624376731301939,0.0017286033011348254,0.8095238095238095,0.19663057526932223,
1888,sim_1888,7,0.0021400183430143687,7.040195820948676e-08,0.3829762322913008,0.003074339206768735,0.9047619047619048,0.19663057526932223,
714,sim_714,7,0.0021400183430143687,1.8470675082510444e-07,0.3723816029143898,0.002572115416961072,0.8571428571428571,0.19663057526932223,
709,sim_709,7,0.0021400183430143687,8.60192903175907e-08,0.36893751409880443,0.002249363784268056,0.8571428571428571,0.19663057526932223,
1887,sim_1887,7,0.0021400183430143687,6.367736731829656e-09,0.3724664085629697,0.002514013116158977,0.9523809523809523,0.19663057526932223,
1886,sim_1886,7,0.0021400183430143687,6.004436233168214e-09,0.37174678940788725,0.002558463936523223,0.9523809523809523,0.19663057526932223,
1884,sim_1884,7,0.0021400183430143687,8.041935062052931e-08,0.369479272562973,0.0022050681078399194,0.7619047619047619,0.19663057526932223,
1912,sim_1912,7,0.0021400183430143687,2.7089244289567577e-08,0.364822663395048,0.002039910868049591,0.9523809523809523,0.19663057526932223,
1909,sim_1909,7,0.0021400183430143687,7.115834054876065e-08,0.36300077682832094,0.0017824869741307396,0.9047619047619048,0.19663057526932223,
1908,sim_1908,7,0.0021400183430143687,6.298336015699038e-08,0.35729109776078644,0.00133089364694849,0.9523809523809523,0.19663057526932223,
1907,sim_1907,7,0.0021400183430143687,4.993759996925767e-07,0.36547486033519555,0.0019191909439734776,0.8571428571428571,0.19663057526932223,
1906,sim_1906,7,0.0021400183430143687,2.139923607266009e-07,0.3672804850662475,0.0019920094186435273,0.7619047619047619,0.19663057526932223,
1905,sim_1905,7,0.0021400183430143687,2.458385850050721e-08,0.37293353095428117,0.002344401001831668,0.9047619047619048,0.19663057526932223,
1904,sim_1904,7,0.0021400183430143687,4.7451887241416825e-08,0.36637544802867383,0.002117161237672148,0.9523809523809523,0.19663057526932223,
1903,sim_1903,7,0.0021400183430143687,1.0748009819789344e-07,0.3712826333711691,0.002270053820275713,0.9047619047619048,0.19663057526932223,
1899,sim_1899,7,0.0021400183430143687,1.3332899071137388e-07,0.37331659438484366,0.002797296955422878,0.8571428571428571,0.19663057526932223,
1898,sim_1898,7,0.0021400183430143687,4.2457513277358193e-07,0.3550032559149121,0.0012941276142234108,0.8571428571428571,0.19663057526932223,
1897,sim_1897,7,0.0021400183430143687,1.652319802417215e-07,0.3704836334805754,0.0021645069127834028,0.9523809523809523,0.19663057526932223,
1925,sim_1925,7,0.0021400183430143687,9.896728648628375e-08,0.3832903679400047,0.0027689990848286917,0.9523809523809523,0.19663057526932223,
1924,sim_1924,7,0.0021400183430143687,5.950274505470663e-08,0.36935411020776876,0.002135089079691696,0.9047619047619048,0.19663057526932223,
1922,sim_1922,7,0.0021400183430143687,3.035124213197059e-07,0.36794150731158604,0.002140667435214463,0.8095238095238095,0.19663057526932223,
1920,sim_1920,7,0.0021400183430143687,2.7182377687266765e-07,0.36629339305711084,0.0021776953821831214,0.8571428571428571,0.19663057526932223,
699,sim_699,7,0.0021400183430143687,1.4941760490588647e-08,0.38070297951582865,0.003168140499157906,0.9523809523809523,0.19663057526932223,
694,sim_694,7,0.0021400183430143687,1.0888932274128446e-08,0.3774521117009001,0.0029847193260647185,0.8571428571428571,0.19663057526932223,
688,sim_688,7,0.0021400183430143687,7.212498112629607e-08,0.38127986944865366,0.00303658347338571,0.7619047619047619,0.19663057526932223,
1918,sim_1918,7,0.0021400183430143687,5.396638681461545e-07,0.3631216696269982,0.0015553318911850449,0.6666666666666666,0.19663057526932223,
1916,sim_1916,7,0.0021400183430143687,6.181236255962818e-08,0.36943754235373844,0.0023414289783955573,0.9047619047619048,0.19663057526932223,
1914,sim_1914,7,0.0021400183430143687,1.1832720552189093e-07,0.36856338028169017,0.00219530566432822,0.8571428571428571,0.19663057526932223,
1947,sim_1947,7,0.0021400183430143687,3.944546133589338e-08,0.36881271845754876,0.0021686878162659735,0.9523809523809523,0.19663057526932223,
1945,sim_1945,7,0.0021400183430143687,3.211694501119204e-07,0.3820369072646578,0.002856157576256868,0.9047619047619048,0.19663057526932223,
1943,sim_1943,7,0.0021400183430143687,2.4609924518556965e-07,0.3720427661510464,0.0024215185822814792,0.8095238095238095,0.19663057526932223,
1942,sim_1942,7,0.0021400183430143687,6.073275375218775e-08,0.354004329004329,0.0011354042444033337,0.9047619047619048,0.19663057526932223,
1940,sim_1940,7,0.0021400183430143687,3.733221902986511e-08,0.36864645553927644,0.0021889589189297955,0.8571428571428571,0.19663057526932223,
1939,sim_1939,7,0.0021400183430143687,7.142863806260498e-08,0.36340406621486504,0.0014983506188709535,0.8571428571428571,0.19663057526932223,
1938,sim_1938,7,0.0021400183430143687,2.023547854470848e-07,0.36798290021374735,0.0020155969987896583,0.8571428571428571,0.19663057526932223,
1934,sim_1934,7,0.0021400183430143687,5.584648845651242e-07,0.368895906168941,0.0020803388854372684,0.9047619047619048,0.19663057526932223,
1931,sim_1931,7,0.0021400183430143687,4.333634446370709e-07,0.3664985994397759,0.0019175786343638304,0.8571428571428571,0.19663057526932223,
1930,sim_1930,7,0.0021400183430143687,2.068324759426773e-07,0.3742562929061785,0.0025361249064539365,0.8571428571428571,0.19663057526932223,
1929,sim_1929,7,0.0021400183430143687,5.382113053247137e-07,0.36494477295548367,0.0017557424641117243,0.8095238095238095,0.19663057526932223,
1956,sim_1956,7,0.0021400183430143687,9.182821571611817e-08,0.36637544802867383,0.0020375688649056124,0.8571428571428571,0.19663057526932223,
1953,sim_1953,7,0.0021400183430143687,1.6594381660669657e-07,0.3696880650994575,0.0021050162449222504,0.5714285714285714,0.19663057526932223,
1952,sim_1952,7,0.0021400183430143687,2.3178652511659867e-07,0.3689791314156796,0.0020901648678110494,0.9523809523809523,0.19663057526932223,
683,sim_683,7,0.0021400183430143687,1.917549170230217e-08,0.377277970011534,0.0025492268087102267,0.9047619047619048,0.19663057526932223,
676,sim_676,7,0.0021400183430143687,4.5356477260953635e-08,0.37212741751990897,0.0024067154292372953,0.8571428571428571,0.19663057526932223,
673,sim_673,7,0.0021400183430143687,1.4743004453336659e-08,0.3745562807740753,0.002492302730179458,0.9523809523809523,0.19663057526932223,
1950,sim_1950,7,0.0021400183430143687,2.7651322229630973e-08,0.37035778985507245,0.002241306954622011,0.9523809523809523,0.19663057526932223,
1948,sim_1948,7,0.0021400183430143687,1.5453844446170024e-07,0.3549647314161693,0.0012258929307546354,0.8571428571428571,0.19663057526932223,
1971,sim_1971,7,0.0021400183430143687,1.7453453968713908e-07,0.3712826333711691,0.002353222664352955,0.9047619047619048,0.19663057526932223,
1969,sim_1969,7,0.0021400183430143687,1.8635198382698322e-07,0.3672804850662475,0.0019802298376982515,0.7619047619047619,0.19663057526932223,
1968,sim_1968,7,0.0021400183430143687,0.0,0.37740856120918426,0.0028413013307356087,1.0,0.19663057526932223,
667,sim_667,7,0.0021400183430143687,0.0,0.3845068766897849,0.0031258311513507474,1.0,0.19663057526932223,
660,sim_660,7,0.0021400183430143687,4.943438750255608e-08,0.36670403587443945,0.0020631077194899136,0.7142857142857143,0.19663057526932223,
1967,sim_1967,7,0.0021400183430143687,2.1078389856738673e-07,0.3714512832159891,0.0021532361706971554,0.9047619047619048,0.19663057526932223,
1964,sim_1964,7,0.0021400183430143687,5.096750326410707e-08,0.3771039889324418,0.002600263353892217,0.9047619047619048,0.19663057526932223,
1963,sim_1963,7,0.0021400183430143687,1.0079782623346354e-07,0.36514847064076805,0.0019569895484950897,0.8095238095238095,0.19663057526932223,
1962,sim_1962,7,0.0021400183430143687,0.0,0.36835585585585584,0.0022866018408433148,1.0,0.19663057526932223,
1990,sim_1990,7,0.0021400183430143687,8.566780924659479e-08,0.37331659438484366,0.0024992809713986945,0.8571428571428571,0.19663057526932223,
1989,sim_1989,7,0.0021400183430143687,0.0,0.3731462468628793,0.0023070445661440334,1.0,0.19663057526932223,
1988,sim_1988,7,0.0021400183430143687,2.7381768601189496e-07,0.3657609303365761,0.00185573900300838,0.8095238095238095,0.19663057526932223,
1987,sim_1987,7,0.0021400183430143687,3.6753493281336763e-07,0.3739995426480677,0.0024275659683526485,0.8571428571428571,0.19663057526932223,
1986,sim_1986,7,0.0021400183430143687,4.811175472829737e-08,0.36711560044893377,0.0019083445880946402,0.8095238095238095,0.19663057526932223,
1984,sim_1984,7,0.0021400183430143687,8.958210819683134e-09,0.38079161816065193,0.002901622387988037,0.9523809523809523,0.19663057526932223,
1983,sim_1983,7,0.0021400183430143687,0.0,0.3749856700676373,0.0024099705875075096,1.0,0.19663057526932223,
1981,sim_1981,7,0.0021400183430143687,2.7534332912886355e-07,0.36670403587443945,0.002099188638187585,0.9047619047619048,0.19663057526932223,
1980,sim_1980,7,0.0021400183430143687,4.855366318765924e-07,0.362678789222752,0.0015760798425534055,0.7619047619047619,0.19663057526932223,
1979,sim_1979,7,0.0021400183430143687,6.041492047495245e-08,0.36498549430930594,0.0018944567085850306,0.9523809523809523,0.19663057526932223,
1975,sim_1975,7,0.0021400183430143687,0.0,0.37378585304536627,0.0024874840181818964,1.0,0.19663057526932223,
2014,sim_2014,7,0.0021400183430143687,3.634183248798039e-08,0.3730185882084616,0.0022711051606591195,0.9523809523809523,0.19663057526932223,
2013,sim_2013,7,0.0021400183430143687,7.40831631829013e-09,0.36810713481881613,0.0020421706013326615,0.9523809523809523,0.19663057526932223,
2010,sim_2010,7,0.0021400183430143687,2.1077341773023407e-07,0.35686231725943707,0.0013786037166104504,0.8571428571428571,0.19663057526932223,
2005,sim_2005,7,0.0021400183430143687,1.7551707966948147e-07,0.3575644949715785,0.0012886748787377803,0.8095238095238095,0.19663057526932223,
1998,sim_1998,7,0.0021400183430143687,2.442458817600645e-07,0.34860918682724074,0.0008297568374039705,0.7619047619047619,0.19663057526932223,
1997,sim_1997,7,0.0021400183430143687,3.365027189207639e-08,0.3739140374942844,0.002509455856317614,0.9047619047619048,0.19663057526932223,
1996,sim_1996,7,0.0021400183430143687,7.199575241957478e-08,0.363686902379364,0.00166012668796494,0.9047619047619048,0.19663057526932223,
1995,sim_1995,7,0.0021400183430143687,3.718988733039997e-07,0.3592137052492862,0.001614663747051405,0.7142857142857143,0.19663057526932223,
1992,sim_1992,7,0.0021400183430143687,3.8655076630439966e-07,0.3610773816094492,0.0014860696016194975,0.8571428571428571,0.19663057526932223,
2022,sim_2022,7,0.0021400183430143687,1.390217110697939e-07,0.3607587956325135,0.00139210056073999,0.8571428571428571,0.19663057526932223,
2019,sim_2019,7,0.0021400183430143687,6.808469978812159e-08,0.3685218566922037,0.0021452724250801774,0.8095238095238095,0.19663057526932223,
654,sim_654,7,0.0021400183430143687,1.7214337613445377e-08,0.37554535017221585,0.0028981570085113515,0.8571428571428571,0.19663057526932223,
650,sim_650,7,0.0021400183430143687,0.0,0.3864146485528647,0.003436187116527813,1.0,0.19663057526932223,
648,sim_648,7,0.0021400183430143687,1.9677148014496974e-08,0.3801720130172013,0.0028808333398831986,0.9047619047619048,0.19663057526932223,
645,sim_645,7,0.0021400183430143687,2.044967852852484e-07,0.37468499427262314,0.00265168465505866,0.8095238095238095,0.19663057526932223,
642,sim_642,7,0.0021400183430143687,0.0,0.3709878643529545,0.00243261384164311,1.0,0.19663057526932223,
641,sim_641,7,0.0021400183430143687,1.4599427169038933e-07,0.37554535017221585,0.002782955476444403,0.8571428571428571,0.19663057526932223,
2015,sim_2015,7,0.0021400183430143687,1.1460640709055426e-07,0.3719158612848209,0.002186729661706111,0.8571428571428571,0.19663057526932223,
2037,sim_2037,7,0.0021400183430143687,3.572703390928285e-07,0.37002262443438916,0.0023001593421977957,0.7619047619047619,0.19663057526932223,
2036,sim_2036,7,0.0021400183430143687,2.4612925780816133e-07,0.3558916331193559,0.0012730242925289392,0.8095238095238095,0.19663057526932223,
2035,sim_2035,7,0.0021400183430143687,2.3309606069950307e-07,0.37225446682599295,0.0023089123419287962,0.9047619047619048,0.19663057526932223,
2034,sim_2034,7,0.0021400183430143687,4.607543951951061e-08,0.372212107419208,0.0024559159784429303,0.9047619047619048,0.19663057526932223,
625,sim_625,7,0.0021400183430143687,2.3836631210992377e-09,0.37580422794117646,0.0028219312800322944,0.9523809523809523,0.19663057526932223,
2031,sim_2031,7,0.0021400183430143687,1.0505886087984405e-07,0.36461932894883514,0.0016946689298842435,0.9047619047619048,0.19663057526932223,
2030,sim_2030,7,0.0021400183430143687,1.0947770476889049e-07,0.35194749300624056,0.0011023308407649892,0.9523809523809523,0.19663057526932223,
2029,sim_2029,7,0.0021400183430143687,2.7171772494491057e-07,0.35126718213058417,0.0009901803764469296,0.7619047619047619,0.19663057526932223,
2026,sim_2026,7,0.0021400183430143687,1.6375100886404078e-07,0.3650262247517018,0.002003734911095749,0.8571428571428571,0.19663057526932223,
2056,sim_2056,7,0.0021400183430143687,1.254658526155234e-07,0.36263858093126383,0.0013162957663567035,0.9047619047619048,0.19663057526932223,
2055,sim_2055,7,0.0021400183430143687,9.870737042832478e-08,0.36300077682832094,0.0016807351325712492,0.9047619047619048,0.19663057526932223,
2047,sim_2047,7,0.0021400183430143687,9.737108538323586e-08,0.3727210574293528,0.0025615279881377557,0.9047619047619048,0.19663057526932223,
2046,sim_2046,7,0.0021400183430143687,8.293810246742288e-09,0.36494477295548367,0.0019865023648898963,0.9523809523809523,0.19663057526932223,
2045,sim_2045,7,0.0021400183430143687,1.044203833584066e-07,0.3579557890129131,0.0013542109740348656,0.8571428571428571,0.19663057526932223,
2044,sim_2044,7,0.0021400183430143687,3.1731816307498517e-07,0.34037460978147766,0.0004698934349920289,0.7619047619047619,0.19663057526932223,
2041,sim_2041,7,0.0021400183430143687,2.2819419498205148e-07,0.3664164893021172,0.0018169049505305506,0.9047619047619048,0.19663057526932223,
2040,sim_2040,7,0.0021400183430143687,1.3103734087547586e-07,0.3577209098862642,0.0013985742329310521,0.9047619047619048,0.19663057526932223,
2075,sim_2075,7,0.0021400183430143687,9.040849500653071e-08,0.3550032559149121,0.0012306318190926481,0.9047619047619048,0.19663057526932223,
2074,sim_2074,7,0.0021400183430143687,1.1130039777808533e-07,0.3570181183147784,0.001519690121060043,0.9047619047619048,0.19663057526932223,
2071,sim_2071,7,0.0021400183430143687,4.159046091070781e-07,0.35791662107451583,0.00139502428686836,0.8095238095238095,0.19663057526932223,
2068,sim_2068,7,0.0021400183430143687,9.599948490708774e-08,0.37157787118027946,0.00224330350930437,0.8571428571428571,0.19663057526932223,
2066,sim_2066,7,0.0021400183430143687,1.1802875933477862e-07,0.36461932894883514,0.00197012511990661,0.7619047619047619,0.19663057526932223,
2065,sim_2065,7,0.0021400183430143687,1.495085785451648e-07,0.3602026208567338,0.0015610068410723552,0.8095238095238095,0.19663057526932223,
2063,sim_2063,7,0.0021400183430143687,2.5456583170902095e-07,0.35686231725943707,0.0014639173547485592,0.8095238095238095,0.19663057526932223,
2062,sim_2062,7,0.0021400183430143687,0.0,0.37340182648401826,0.0024409306684341934,1.0,0.19663057526932223,
2060,sim_2060,7,0.0021400183430143687,7.597189353604624e-08,0.35396602099339897,0.0012305099552949407,0.9047619047619048,0.19663057526932223,
2058,sim_2058,7,0.0021400183430143687,8.770635518962885e-08,0.36670403587443945,0.0019304440970687254,0.8571428571428571,0.19663057526932223,
2087,sim_2087,7,0.0021400183430143687,1.3780952491036272e-07,0.36559740695205095,0.0017437885613784483,0.8571428571428571,0.19663057526932223,
2085,sim_2085,7,0.0021400183430143687,8.49256883810222e-07,0.3601233072773313,0.001478965311895561,0.7142857142857143,0.19663057526932223,
2083,sim_2083,7,0.0021400183430143687,6.882611358489163e-08,0.35434947459646843,0.0011418183176468792,0.9047619047619048,0.19663057526932223,
2082,sim_2082,7,0.0021400183430143687,6.046036483039857e-08,0.36028196937988766,0.0014087727893285563,0.9047619047619048,0.19663057526932223,
2080,sim_2080,7,0.0021400183430143687,9.432242745923854e-08,0.3627994676131322,0.0015158189354625004,0.9047619047619048,0.19663057526932223,
623,sim_623,7,0.0021400183430143687,8.472042644073025e-09,0.3771909594095941,0.0028950839800533927,0.9523809523809523,0.19663057526932223,
2076,sim_2076,7,0.0021400183430143687,9.544174624974087e-08,0.3605997133722853,0.0016376043960292137,0.9047619047619048,0.19663057526932223,
2103,sim_2103,7,0.0021400183430143687,4.3944567908158974e-07,0.35396602099339897,0.0011932676009382402,0.8095238095238095,0.19663057526932223,
2101,sim_2101,7,0.0021400183430143687,1.0007163224717671e-07,0.36449743704033877,0.0018225265342801007,0.7619047619047619,0.19663057526932223,
2100,sim_2100,7,0.0021400183430143687,7.040765157231447e-07,0.3448603057459146,0.0006534266677369363,0.7142857142857143,0.19663057526932223,
2099,sim_2099,7,0.0021400183430143687,2.0676963681889546e-08,0.35670665212649943,0.0015877638981066343,0.8571428571428571,0.19663057526932223,
2098,sim_2098,7,0.0021400183430143687,1.2276471689661726e-08,0.3778881700554529,0.0028175931175053776,0.9523809523809523,0.19663057526932223,
2094,sim_2094,7,0.0021400183430143687,2.1045482219424885e-07,0.37124049483600047,0.0019390458615982128,0.8095238095238095,0.19663057526932223,
2092,sim_2092,7,0.0021400183430143687,3.456426876576686e-07,0.35729109776078644,0.0014764056135929458,0.8095238095238095,0.19663057526932223,
2091,sim_2091,7,0.0021400183430143687,2.946119669415821e-07,0.3623172352680549,0.0015521335429179769,0.7619047619047619,0.19663057526932223,
2090,sim_2090,7,0.0021400183430143687,7.189270475965198e-08,0.37149346961953433,0.00232527633237386,0.8095238095238095,0.19663057526932223,
2089,sim_2089,7,0.0021400183430143687,9.301948825960405e-08,0.35388942983879695,0.0010126801273260724,0.9523809523809523,0.19663057526932223,
2121,sim_2121,7,0.0021400183430143687,3.941185641107008e-08,0.3682729115064175,0.0022222085091261026,0.8095238095238095,0.19663057526932223,
2119,sim_2119,7,0.0021400183430143687,0.0,0.3665396683101748,0.00240516716778339,1.0,0.19663057526932223,
2117,sim_2117,7,0.0021400183430143687,1.3232621299760644e-07,0.3698134539287733,0.002224127719353288,0.8095238095238095,0.19663057526932223,
2114,sim_2114,7,0.0021400183430143687,5.582722044691315e-08,0.3617962614755005,0.0017252554563165037,0.9047619047619048,0.19663057526932223,
2112,sim_2112,7,0.0021400183430143687,8.711835673529737e-08,0.3606792369610762,0.0017055997966812862,0.8571428571428571,0.19663057526932223,
2107,sim_2107,7,0.0021400183430143687,1.186012921777187e-07,0.3670744024239704,0.0018912767592329383,0.8571428571428571,0.19663057526932223,
2106,sim_2106,7,0.0021400183430143687,2.4426209151559786e-07,0.366252379352816,0.0018863442853384624,0.8095238095238095,0.19663057526932223,
2104,sim_2104,7,0.0021400183430143687,7.874506454884107e-08,0.3778881700554529,0.0028902527523529753,0.9523809523809523,0.19663057526932223,
2136,sim_2136,7,0.0021400183430143687,1.991390673247808e-07,0.3579557890129131,0.0013843032586725583,0.7619047619047619,0.19663057526932223,
2133,sim_2133,7,0.0021400183430143687,6.807646254284355e-08,0.3689791314156796,0.001871360187909258,0.9047619047619048,0.19663057526932223,
2132,sim_2132,7,0.0021400183430143687,1.6861761861977417e-07,0.3685218566922037,0.002261896171965733,0.9523809523809523,0.19663057526932223,
2131,sim_2131,7,0.0021400183430143687,0.0,0.3709878643529545,0.0023233462344602633,1.0,0.19663057526932223,
2129,sim_2129,7,0.0021400183430143687,3.094037334006999e-07,0.3677760287834495,0.0020963710266496266,0.8571428571428571,0.19663057526932223,
2127,sim_2127,7,0.0021400183430143687,3.0751669364583653e-07,0.3519853653287421,0.0009438912027539199,0.7619047619047619,0.19663057526932223,
2126,sim_2126,7,0.0021400183430143687,1.5922910945058362e-07,0.3628799644996672,0.0017120436332556412,0.7619047619047619,0.19663057526932223,
2123,sim_2123,7,0.0021400183430143687,6.28200738893137e-08,0.3672804850662475,0.002241290549839384,0.8095238095238095,0.19663057526932223,
2122,sim_2122,7,0.0021400183430143687,1.5689037046021382e-07,0.37421347671891086,0.00244221365414335,0.9523809523809523,0.19663057526932223,
2148,sim_2148,7,0.0021400183430143687,1.6585130745754382e-07,0.36063947078280045,0.0013045593581109535,0.9047619047619048,0.19663057526932223,
2147,sim_2147,7,0.0021400183430143687,2.2217983096930897e-07,0.36719802424786707,0.0018324968373208286,0.7142857142857143,0.19663057526932223,
2145,sim_2145,7,0.0021400183430143687,3.207266350684353e-07,0.37140910639264224,0.0023614462786068226,0.8571428571428571,0.19663057526932223,
2144,sim_2144,7,0.0021400183430143687,1.2412267333266405e-07,0.35350697071220144,0.0012482444204051882,0.8095238095238095,0.19663057526932223,
581,sim_581,7,0.0021400183430143687,0.0,0.37297605473204104,0.002364716075696885,1.0,0.19663057526932223,
2143,sim_2143,7,0.0021400183430143687,1.4696724111057392e-08,0.3670744024239704,0.002242787132522004,0.9047619047619048,0.19663057526932223,
2140,sim_2140,7,0.0021400183430143687,2.5285517543815518e-08,0.3792024113146302,0.0030350662716871805,0.9523809523809523,0.19663057526932223,
2139,sim_2139,7,0.0021400183430143687,5.948667814024756e-07,0.36686855091969495,0.0019837964206544973,0.8095238095238095,0.19663057526932223,
2138,sim_2138,7,0.0021400183430143687,3.3778256337055376e-07,0.35573681348559,0.0013486490561867113,0.8095238095238095,0.19663057526932223,
2137,sim_2137,7,0.0021400183430143687,2.0048920967826497e-07,0.34894388734798376,0.0009245878452199387,0.7619047619047619,0.19663057526932223,
2167,sim_2167,7,0.0021400183430143687,5.53180265489513e-07,0.37284851248147727,0.0019620926964924695,0.8095238095238095,0.19663057526932223,
2165,sim_2165,7,0.0021400183430143687,2.0762880573449937e-07,0.37310368427056007,0.002379982752854346,0.8571428571428571,0.19663057526932223,
2162,sim_2162,7,0.0021400183430143687,6.129271101206128e-07,0.3597272627295722,0.0014753101470063998,0.8095238095238095,0.19663057526932223,
2161,sim_2161,7,0.0021400183430143687,6.199118139816373e-08,0.3614364640883978,0.0016669065453491898,0.8571428571428571,0.19663057526932223,
2160,sim_2160,7,0.0021400183430143687,6.43286825467532e-08,0.37077760145091815,0.0023666721980146375,0.8095238095238095,0.19663057526932223,
573,sim_573,7,0.0021400183430143687,5.154668137073644e-08,0.3858676418544296,0.0030416932914781205,0.9047619047619048,0.19663057526932223,
2159,sim_2159,7,0.0021400183430143687,5.118792213668072e-08,0.36740424575985625,0.0021095760763372236,0.7619047619047619,0.19663057526932223,
2155,sim_2155,7,0.0021400183430143687,2.814852759191582e-08,0.367321729365525,0.0019818502525060337,0.9047619047619048,0.19663057526932223,
2154,sim_2154,7,0.0021400183430143687,8.328420521115917e-07,0.3609976823750138,0.001640410488657997,0.8095238095238095,0.19663057526932223,
2153,sim_2153,7,0.0021400183430143687,3.644996500581592e-07,0.38003950273033577,0.0028174715195425485,0.9523809523809523,0.19663057526932223,
2184,sim_2184,7,0.0021400183430143687,2.1075685981630328e-07,0.3724240009108505,0.002359378520237063,0.9047619047619048,0.19663057526932223,
2182,sim_2182,7,0.0021400183430143687,7.294533062890601e-07,0.35787746170678336,0.00149254876604379,0.6666666666666666,0.19663057526932223,
2181,sim_2181,7,0.0021400183430143687,1.5023960061652427e-07,0.3550032559149121,0.0012869688033558724,0.7619047619047619,0.19663057526932223,
2180,sim_2180,7,0.0021400183430143687,3.2919196357432506e-08,0.3690207581227437,0.002309776304352849,0.9047619047619048,0.19663057526932223,
2179,sim_2179,7,0.0021400183430143687,5.388815854707272e-07,0.3778881700554529,0.0025409881492537826,0.8571428571428571,0.19663057526932223,
2178,sim_2178,7,0.0021400183430143687,1.173812891098902e-08,0.370525600362483,0.002293283724652343,0.9523809523809523,0.19663057526932223,
2177,sim_2177,7,0.0021400183430143687,3.2806666426214846e-07,0.368895906168941,0.0020642697170058784,0.7142857142857143,0.19663057526932223,
2175,sim_2175,7,0.0021400183430143687,3.4138445981761007e-07,0.3511917543482929,0.000929541690247159,0.8095238095238095,0.19663057526932223,
2170,sim_2170,7,0.0021400183430143687,2.863463817647684e-09,0.37149346961953433,0.002318394075562698,0.9523809523809523,0.19663057526932223,
2169,sim_2169,7,0.0021400183430143687,1.9829681283022738e-06,0.36699203410748343,0.001481330113081043,0.6666666666666666,0.19663057526932223,
2202,sim_2202,7,0.0021400183430143687,2.439659314852994e-07,0.3691873589164786,0.0019674659220990215,0.8095238095238095,0.19663057526932223,
2201,sim_2201,7,0.0021400183430143687,1.8776428558952423e-08,0.3749856700676373,0.0025860940408537936,0.9047619047619048,0.19663057526932223,
2200,sim_2200,7,0.0021400183430143687,3.2804548097504413e-07,0.3644568245125348,0.0018733549407486758,0.8095238095238095,0.19663057526932223,
2198,sim_2198,7,0.0021400183430143687,3.1438029491725303e-07,0.3657200357781753,0.0018697452156533447,0.8571428571428571,0.19663057526932223,
2197,sim_2197,7,0.0021400183430143687,2.2763202003465925e-06,0.36893751409880443,0.002277386431278961,0.8095238095238095,0.19663057526932223,
2196,sim_2196,7,0.0021400183430143687,4.6879082065368086e-07,0.35858364393773295,0.0014254451927839299,0.7619047619047619,0.19663057526932223,
2195,sim_2195,7,0.0021400183430143687,6.463070100163748e-07,0.3764963167587477,0.0026085663109690596,0.8095238095238095,0.19663057526932223,
2192,sim_2192,7,0.0021400183430143687,4.097223941926081e-08,0.36856338028169017,0.0021923439124431603,0.9047619047619048,0.19663057526932223,
2191,sim_2191,7,0.0021400183430143687,5.795115219495626e-07,0.3656382740889783,0.0019435441333403782,0.8095238095238095,0.19663057526932223,
2189,sim_2189,7,0.0021400183430143687,1.4589045950661894e-07,0.36740424575985625,0.0021135881050415397,0.9047619047619048,0.19663057526932223,
2188,sim_2188,7,0.0021400183430143687,1.0201078751459719e-07,0.36922903262219214,0.002074728266277933,0.9047619047619048,0.19663057526932223,
2185,sim_2185,7,0.0021400183430143687,6.945243415313958e-08,0.36756938981908077,0.002059065009463681,0.9523809523809523,0.19663057526932223,
2217,sim_2217,7,0.0021400183430143687,2.8580824946999454e-07,0.36364647026125624,0.0018067796939786212,0.8095238095238095,0.19663057526932223,
2216,sim_2216,7,0.0021400183430143687,3.698273639150994e-08,0.3680657139642174,0.002147802109466825,0.9047619047619048,0.19663057526932223,
2215,sim_2215,7,0.0021400183430143687,4.757919129529055e-08,0.3716200863440127,0.002488512831632616,0.8571428571428571,0.19663057526932223,
2212,sim_2212,7,0.0021400183430143687,5.86246975450903e-08,0.3570960698689956,0.0014722958555005963,0.8571428571428571,0.19663057526932223,
2211,sim_2211,7,0.0021400183430143687,3.3710647824587224e-07,0.35846575342465753,0.0014418023851442254,0.6190476190476191,0.19663057526932223,
2210,sim_2210,7,0.0021400183430143687,9.768911258563569e-08,0.36931240826464945,0.0023281269069351717,0.8571428571428571,0.19663057526932223,
2209,sim_2209,7,0.0021400183430143687,6.596006735418591e-07,0.3594110537303593,0.0015072921168097044,0.7619047619047619,0.19663057526932223,
2207,sim_2207,7,0.0021400183430143687,1.0133331620632926e-07,0.36931240826464945,0.0021652010021382096,0.8571428571428571,0.19663057526932223,
2205,sim_2205,7,0.0021400183430143687,3.609492308493765e-07,0.35651226158038146,0.001346724675305135,0.8095238095238095,0.19663057526932223,
2203,sim_2203,7,0.0021400183430143687,1.5533528284136246e-08,0.36247783687943264,0.0016069425818917356,0.9523809523809523,0.19663057526932223,
2231,sim_2231,7,0.0021400183430143687,4.141790974921981e-08,0.3670744024239704,0.0020554136584218286,0.9047619047619048,0.19663057526932223,
2230,sim_2230,7,0.0021400183430143687,0.0,0.36429446486245687,0.0018610403569048121,1.0,0.19663057526932223,
2228,sim_2228,7,0.0021400183430143687,3.022798875344013e-07,0.3623975182805229,0.00183736313885014,0.7619047619047619,0.19663057526932223,
2227,sim_2227,7,0.0021400183430143687,1.436266429190056e-07,0.359925176056338,0.001576553295418505,0.7619047619047619,0.19663057526932223,
2226,sim_2226,7,0.0021400183430143687,7.625645591679152e-08,0.3629202263397315,0.0019051116416259728,0.8571428571428571,0.19663057526932223,
2224,sim_2224,7,0.0021400183430143687,1.770116779026705e-07,0.35612411540555255,0.00119456057036797,0.9047619047619048,0.19663057526932223,
557,sim_557,7,0.0021400183430143687,0.0,0.3780628756356912,0.003001322514652379,1.0,0.19663057526932223,
556,sim_556,7,0.0021400183430143687,1.534747490403127e-08,0.37541604499024445,0.002708738581703632,0.9047619047619048,0.19663057526932223,
2223,sim_2223,7,0.0021400183430143687,2.0446670564220181e-07,0.3780628756356912,0.0027121076694929204,0.8571428571428571,0.19663057526932223,
2222,sim_2222,7,0.0021400183430143687,2.1867169652084588e-07,0.36461932894883514,0.0016663101259051386,0.8571428571428571,0.19663057526932223,
2221,sim_2221,7,0.0021400183430143687,5.031939462786761e-07,0.37035778985507245,0.0018530915896243774,0.8095238095238095,0.19663057526932223,
2220,sim_2220,7,0.0021400183430143687,2.2558358579132527e-08,0.37044167610419027,0.0022593324570885265,0.9047619047619048,0.19663057526932223,
2247,sim_2247,7,0.0021400183430143687,1.6739778204760508e-07,0.3597272627295722,0.0015920876810681288,0.7619047619047619,0.19663057526932223,
3271,sim_3271,7,0.0021400183430143687,5.466038657123404e-07,0.3546952938625027,0.0012870746531475326,0.8095238095238095,0.19663057526932223,
2245,sim_2245,7,0.0021400183430143687,1.7622733038486153e-07,0.370525600362483,0.002247381439786313,0.8571428571428571,0.19663057526932223,
3248,sim_3248,7,0.0021400183430143687,1.3710025468386817e-07,0.34690847385724893,0.0007894276618583305,0.8095238095238095,0.19663057526932223,
2242,sim_2242,7,0.0021400183430143687,1.76693783511456e-08,0.3574863387978142,0.001344189849227346,0.9523809523809523,0.19663057526932223,
2241,sim_2241,7,0.0021400183430143687,2.2717789312440432e-07,0.3591348265261309,0.001531261683323406,0.8095238095238095,0.19663057526932223,
2240,sim_2240,7,0.0021400183430143687,5.8947028942830277e-08,0.3647413024085638,0.002051983982885203,0.9047619047619048,0.19663057526932223,
2239,sim_2239,7,0.0021400183430143687,1.0654787954279202e-07,0.3591348265261309,0.0016394545974846423,0.8571428571428571,0.19663057526932223,
2238,sim_2238,7,0.0021400183430143687,4.794420814268927e-07,0.3624376731301939,0.001719327457033748,0.8571428571428571,0.19663057526932223,
3249,sim_3249,7,0.0021400183430143687,1.4162978444192103e-07,0.37632305568338703,0.002598972507142619,0.9047619047619048,0.19663057526932223,
2236,sim_2236,7,0.0021400183430143687,7.795003825033281e-07,0.36756938981908077,0.0019470285667652456,0.7142857142857143,0.19663057526932223,
2235,sim_2235,7,0.0021400183430143687,2.3877403271033107e-07,0.3601629597005065,0.0016250339981037647,0.7619047619047619,0.19663057526932223,
3250,sim_3250,7,0.0021400183430143687,1.4855553427925238e-06,0.36079858813148025,0.0015136830502924007,0.8571428571428571,0.19663057526932223,
2233,sim_2233,7,0.0021400183430143687,2.283964363146225e-07,0.3674455178611548,0.0019806066942172447,0.6666666666666666,0.19663057526932223,
2232,sim_2232,7,0.0021400183430143687,1.2588692804485405e-07,0.3591348265261309,0.0014160301125112217,0.9523809523809523,0.19663057526932223,
2263,sim_2263,7,0.0021400183430143687,2.7041169306159893e-07,0.3627190064315813,0.001521363792156637,0.7619047619047619,0.19663057526932223,
2262,sim_2262,7,0.0021400183430143687,6.044813333799541e-08,0.3758474089394462,0.0025380859048548905,0.9047619047619048,0.19663057526932223,
2261,sim_2261,7,0.0021400183430143687,1.4218587025091835e-07,0.36255819108845044,0.001782272700731813,0.8571428571428571,0.19663057526932223,
3251,sim_3251,7,0.0021400183430143687,0.0,0.3560465875693915,0.0013095622757784565,1.0,0.19663057526932223,
2258,sim_2258,7,0.0021400183430143687,2.6052949613437954e-07,0.3632023095713968,0.0016971302671287625,0.8571428571428571,0.19663057526932223,
2257,sim_2257,7,0.0021400183430143687,0.0,0.3698134539287733,0.0019833109788902235,1.0,0.19663057526932223,
2256,sim_2256,7,0.0021400183430143687,2.2057616867350096e-08,0.36584274689632035,0.0018402848049675026,0.9047619047619048,0.19663057526932223,
3252,sim_3252,7,0.0021400183430143687,4.6793450768833667e-08,0.37370044556152177,0.002546025308839776,0.8095238095238095,0.19663057526932223,
520,sim_520,7,0.0021400183430143687,9.988101846327778e-08,0.37174678940788725,0.002466115691521893,0.8095238095238095,0.19663057526932223,
516,sim_516,7,0.0021400183430143687,3.045174591944133e-08,0.3730185882084616,0.00266195353477725,0.9523809523809523,0.19663057526932223,
3253,sim_3253,7,0.0021400183430143687,2.3336395136867237e-07,0.34927923117992526,0.0009350204362522647,0.6666666666666666,0.19663057526932223,
2255,sim_2255,7,0.0021400183430143687,4.327093618304868e-08,0.3715356656065425,0.0020811202673344884,0.9523809523809523,0.19663057526932223,
2254,sim_2254,7,0.0021400183430143687,4.747623285924788e-08,0.36819000450247635,0.0022910680889601247,0.8571428571428571,0.19663057526932223,
3254,sim_3254,7,0.0021400183430143687,7.634655800645452e-08,0.3537363469233265,0.0012555373085111686,0.9047619047619048,0.19663057526932223,
3255,sim_3255,7,0.0021400183430143687,2.781131043770638e-07,0.36617037949177206,0.001794807265218525,0.8571428571428571,0.19663057526932223,
3256,sim_3256,7,0.0021400183430143687,5.617763454244795e-07,0.36344444444444446,0.001608507084847726,0.8571428571428571,0.19663057526932223,
2280,sim_2280,7,0.0021400183430143687,5.568073214088155e-08,0.37157787118027946,0.0022550560823920416,0.9523809523809523,0.19663057526932223,
2279,sim_2279,7,0.0021400183430143687,1.6490394969662658e-07,0.3689791314156796,0.002177626114520644,0.6666666666666666,0.19663057526932223,
3257,sim_3257,7,0.0021400183430143687,4.7411449314134184e-07,0.37310368427056007,0.0023725779576656727,0.8095238095238095,0.19663057526932223,
3258,sim_3258,7,0.0021400183430143687,9.663540602227217e-08,0.3629604971149578,0.0015364725978948847,0.8095238095238095,0.19663057526932223,
3240,sim_3240,7,0.0021400183430143687,1.195692731689025e-06,0.368895906168941,0.0020016833784127757,0.8095238095238095,0.19663057526932223,
2274,sim_2274,7,0.0021400183430143687,2.6539478492038564e-08,0.37627976532842516,0.00242131174761551,0.9523809523809523,0.19663057526932223,
1236,sim_1236,7,0.0021400183430143687,3.749535835565386e-08,0.35901657337284604,0.0015534939288821008,0.9047619047619048,0.19663057526932223,
2272,sim_2272,7,0.0021400183430143687,3.44131005401119e-07,0.36095784595012137,0.0016581692723855474,0.8095238095238095,0.19663057526932223,
2271,sim_2271,7,0.0021400183430143687,2.371765285336275e-08,0.36699203410748343,0.0022497946955101805,0.8571428571428571,0.19663057526932223,
2270,sim_2270,7,0.0021400183430143687,1.1334452197346152e-08,0.3779318313113807,0.0027184645960218073,0.9523809523809523,0.19663057526932223,
1231,sim_1231,7,0.0021400183430143687,2.7343688252314397e-07,0.3715356656065425,0.0020934173690596402,0.8095238095238095,0.19663057526932223,
2268,sim_2268,7,0.0021400183430143687,1.5754000957626476e-07,0.3612368856985091,0.0016848250579396113,0.9047619047619048,0.19663057526932223,
2267,sim_2267,7,0.0021400183430143687,2.5583369798022237e-07,0.3755884716959467,0.0025599500805211094,0.8571428571428571,0.19663057526932223,
2266,sim_2266,7,0.0021400183430143687,2.0635738608405616e-07,0.356979155298483,0.0014342552396757007,0.7619047619047619,0.19663057526932223,
2265,sim_2265,7,0.0021400183430143687,4.965638721846339e-08,0.3604804937183161,0.001745363567996945,0.8571428571428571,0.19663057526932223,
2264,sim_2264,7,0.0021400183430143687,4.637291609246567e-07,0.37732149036797785,0.002588776174754216,0.8571428571428571,0.19663057526932223,
2292,sim_2292,7,0.0021400183430143687,8.0116626959278e-07,0.36531159258431983,0.0017750612159799846,0.6666666666666666,0.19663057526932223,
2291,sim_2291,7,0.0021400183430143687,2.647627973582738e-07,0.3498021601967704,0.0009701798828518975,0.8571428571428571,0.19663057526932223,
2290,sim_2290,7,0.0021400183430143687,9.93187029084917e-08,0.3590559824368825,0.0013992988251489676,0.9047619047619048,0.19663057526932223,
2288,sim_2288,7,0.0021400183430143687,6.059196005940828e-08,0.36028196937988766,0.0017521634324346809,0.8095238095238095,0.19663057526932223,
1226,sim_1226,7,0.0021400183430143687,6.135428120513763e-07,0.3641322498051876,0.0015348215514591325,0.8571428571428571,0.19663057526932223,
1225,sim_1225,7,0.0021400183430143687,1.3764746258691996e-08,0.37293353095428117,0.0027169392833338722,0.8571428571428571,0.19663057526932223,
1223,sim_1223,7,0.0021400183430143687,2.420816873289319e-07,0.37968659315147996,0.0025403743355492336,0.8095238095238095,0.19663057526932223,
1219,sim_1219,7,0.0021400183430143687,0.0,0.38595870206489674,0.0032334860720190086,1.0,0.19663057526932223,
3263,sim_3263,7,0.0021400183430143687,3.802256367403325e-07,0.36703321364452424,0.0018081837127565453,0.9523809523809523,0.19663057526932223,
2287,sim_2287,7,0.0021400183430143687,1.1315728408541817e-07,0.3696462877161261,0.0020362145394622042,0.9523809523809523,0.19663057526932223,
3262,sim_3262,7,0.0021400183430143687,6.259520596524905e-07,0.3627592325607186,0.0014835848808161718,0.8571428571428571,0.19663057526932223,
2285,sim_2285,7,0.0021400183430143687,8.777746918117182e-08,0.369729851927207,0.0022712995396729106,0.7142857142857143,0.19663057526932223,
2284,sim_2284,7,0.0021400183430143687,3.4601908682277947e-07,0.37225446682599295,0.0022309195911683257,0.7142857142857143,0.19663057526932223,
2283,sim_2283,7,0.0021400183430143687,8.912583502667837e-08,0.35854433848514744,0.00144706362468507,0.8571428571428571,0.19663057526932223,
3260,sim_3260,7,0.0021400183430143687,1.3136586966457796e-07,0.3717890429643101,0.0024722393606343893,0.9523809523809523,0.19663057526932223,
2281,sim_2281,7,0.0021400183430143687,1.7314007809277443e-07,0.36666293016477974,0.0018062692638019073,0.9047619047619048,0.19663057526932223,
2311,sim_2311,7,0.0021400183430143687,5.9566042854481575e-08,0.35573681348559,0.0014560707754859657,0.9047619047619048,0.19663057526932223,
2309,sim_2309,7,0.0021400183430143687,1.2203836244194766e-07,0.3632023095713968,0.0018455167091855284,0.8095238095238095,0.19663057526932223,
2308,sim_2308,7,0.0021400183430143687,0.0,0.37293353095428117,0.002505823117811786,1.0,0.19663057526932223,
2306,sim_2306,7,0.0021400183430143687,1.5478257947740196e-07,0.3617562486175625,0.0016352395186628769,0.9047619047619048,0.19663057526932223,
2305,sim_2305,7,0.0021400183430143687,6.060537910784719e-07,0.369062394223175,0.002015021045332172,0.9523809523809523,0.19663057526932223,
2304,sim_2304,7,0.0021400183430143687,1.8550857062241153e-07,0.3709878643529545,0.0023859894829051506,0.9047619047619048,0.19663057526932223,
1257,sim_1257,7,0.0021400183430143687,1.1211581429847744e-07,0.36028196937988766,0.0016003524556464166,0.8095238095238095,0.19663057526932223,
1254,sim_1254,7,0.0021400183430143687,2.907618324426231e-07,0.36943754235373844,0.002305312400690213,0.9047619047619048,0.19663057526932223,
1248,sim_1248,7,0.0021400183430143687,1.8543576577810529e-07,0.36380825269714157,0.0017032627224338945,0.8095238095238095,0.19663057526932223,
2302,sim_2302,7,0.0021400183430143687,7.714305333488097e-07,0.35508033000434214,0.001139498517885163,0.8095238095238095,0.19663057526932223,
1246,sim_1246,7,0.0021400183430143687,2.3543737477132906e-07,0.3778881700554529,0.0028503762943282098,0.8571428571428571,0.19663057526932223,
1243,sim_1243,7,0.0021400183430143687,3.0274564367650295e-08,0.3706095626557897,0.0023619203072552555,0.9047619047619048,0.19663057526932223,
1241,sim_1241,7,0.0021400183430143687,2.0494307855142825e-08,0.38230481533426836,0.003154135364290812,0.9047619047619048,0.19663057526932223,
2296,sim_2296,7,0.0021400183430143687,3.9256381495882857e-07,0.3701063589047296,0.002239059208135632,0.8571428571428571,0.19663057526932223,
2295,sim_2295,7,0.0021400183430143687,4.05365086384003e-07,0.36752808988764046,0.0022064441918262265,0.7619047619047619,0.19663057526932223,
2293,sim_2293,7,0.0021400183430143687,2.738537988337904e-08,0.3745562807740753,0.0027099686366761845,0.8095238095238095,0.19663057526932223,
1239,sim_1239,7,0.0021400183430143687,9.061896080678229e-08,0.3677760287834495,0.002013972273843929,0.8095238095238095,0.19663057526932223,
2328,sim_2328,7,0.0021400183430143687,7.817531303349197e-08,0.36429446486245687,0.0019460362000070612,0.6666666666666666,0.19663057526932223,
1197,sim_1197,7,0.0021400183430143687,3.248579957202655e-08,0.3711562464541019,0.0024118640915683815,0.8571428571428571,0.19663057526932223,
1192,sim_1192,7,0.0021400183430143687,2.138376453064122e-07,0.3537363469233265,0.00120593805723731,0.8095238095238095,0.19663057526932223,
1189,sim_1189,7,0.0021400183430143687,4.324759746992524e-07,0.36139653077008066,0.0016511344972282847,0.7142857142857143,0.19663057526932223,
1187,sim_1187,7,0.0021400183430143687,5.335662347856902e-07,0.3647413024085638,0.0019449244896885915,0.6190476190476191,0.19663057526932223,
1214,sim_1214,7,0.0021400183430143687,2.3080315995124217e-08,0.3663344159480345,0.001906888685354304,0.9523809523809523,0.19663057526932223,
2321,sim_2321,7,0.0021400183430143687,1.4661841962535713e-07,0.35523457862728064,0.001269415087695477,0.8095238095238095,0.19663057526932223,
1212,sim_1212,7,0.0021400183430143687,0.0,0.3680657139642174,0.002275410516238639,1.0,0.19663057526932223,
1206,sim_1206,7,0.0021400183430143687,6.106061484567196e-08,0.36163626312880043,0.001795470381589096,0.7142857142857143,0.19663057526932223,
2317,sim_2317,7,0.0021400183430143687,1.9754494474858974e-07,0.36251800953119806,0.0018265782497247072,0.7619047619047619,0.19663057526932223,
2316,sim_2316,7,0.0021400183430143687,1.5537699226887838e-07,0.35952956693778854,0.0016492749219296286,0.8571428571428571,0.19663057526932223,
1263,sim_1263,7,0.0021400183430143687,2.237554517989076e-08,0.3657200357781753,0.001983411637913998,0.8571428571428571,0.19663057526932223,
1182,sim_1182,7,0.0021400183430143687,5.505302592347591e-08,0.3630813630813631,0.001717030923313303,0.8095238095238095,0.19663057526932223,
2313,sim_2313,7,0.0021400183430143687,5.672536225865267e-08,0.37149346961953433,0.0022441886471570942,0.8571428571428571,0.19663057526932223,
2312,sim_2312,7,0.0021400183430143687,1.6908955703964435e-08,0.3735724074920055,0.0027288370165107897,0.8571428571428571,0.19663057526932223,
2342,sim_2342,7,0.0021400183430143687,4.368305255338105e-08,0.3619964586100044,0.0016931913463543648,0.9047619047619048,0.19663057526932223,
1175,sim_1175,7,0.0021400183430143687,1.2865799658042083e-07,0.35768179332968836,0.0015634060324344118,0.7142857142857143,0.19663057526932223,
1174,sim_1174,7,0.0021400183430143687,9.337098826910414e-07,0.3660064898735594,0.0018907003253432397,0.7619047619047619,0.19663057526932223,
2339,sim_2339,7,0.0021400183430143687,2.9840957304720406e-07,0.37485674994269996,0.0022349836885710585,0.8571428571428571,0.19663057526932223,
1172,sim_1172,7,0.0021400183430143687,2.0642272715127914e-07,0.36036135286989096,0.0016933866638205676,0.8095238095238095,0.19663057526932223,
2337,sim_2337,7,0.0021400183430143687,2.3227377858236908e-07,0.3581125465294504,0.0012878264127380067,0.8571428571428571,0.19663057526932223,
2336,sim_2336,7,0.0021400183430143687,3.392857919178979e-07,0.36535239584496815,0.001862928165126934,0.8571428571428571,0.19663057526932223,
1279,sim_1279,7,0.0021400183430143687,8.631999331650988e-08,0.35686231725943707,0.0013903618270958787,0.7619047619047619,0.19663057526932223,
1272,sim_1272,7,0.0021400183430143687,1.75676039035107e-08,0.37352974763046703,0.0027039151335358376,0.8095238095238095,0.19663057526932223,
448,sim_448,7,0.0021400183430143687,1.7393100654235023e-09,0.3831107987819161,0.0031317750726653454,0.9523809523809523,0.19663057526932223,
1269,sim_1269,7,0.0021400183430143687,3.425970866994752e-08,0.3698134539287733,0.0023880624516054937,0.8571428571428571,0.19663057526932223,
2334,sim_2334,7,0.0021400183430143687,5.099294838185533e-08,0.3528206234494661,0.0013030451651584395,0.8095238095238095,0.19663057526932223,
2333,sim_2333,7,0.0021400183430143687,3.490311321118298e-07,0.37225446682599295,0.0023545303639622376,0.8571428571428571,0.19663057526932223,
2332,sim_2332,7,0.0021400183430143687,1.3045118085418409e-06,0.35834794040315515,0.001262762814774052,0.8095238095238095,0.19663057526932223,
2331,sim_2331,7,0.0021400183430143687,4.3395128032385637e-08,0.3641322498051876,0.0018721638964961573,0.9047619047619048,0.19663057526932223,
2330,sim_2330,7,0.0021400183430143687,1.7777340619630383e-07,0.36588366890380314,0.0019723404521849674,0.8095238095238095,0.19663057526932223,
1268,sim_1268,7,0.0021400183430143687,9.01184776702425e-09,0.37340182648401826,0.00243604388819205,0.9523809523809523,0.19663057526932223,
2357,sim_2357,7,0.0021400183430143687,1.8924528275022197e-07,0.360838389409818,0.0014077201090614386,0.8095238095238095,0.19663057526932223,
2356,sim_2356,7,0.0021400183430143687,2.0757192219061517e-06,0.3538511466897447,0.001196058200702896,0.6666666666666666,0.19663057526932223,
2355,sim_2355,7,0.0021400183430143687,3.779045060569205e-08,0.3685218566922037,0.0021778022259536373,0.9523809523809523,0.19663057526932223,
2354,sim_2354,7,0.0021400183430143687,1.7341497123415873e-07,0.3621567759078831,0.0015046401763942588,0.7619047619047619,0.19663057526932223,
2353,sim_2353,7,0.0021400183430143687,1.1399000596475853e-07,0.36380825269714157,0.0016785602022679745,0.9047619047619048,0.19663057526932223,
2352,sim_2352,7,0.0021400183430143687,1.0533264201250764e-08,0.3766263672999424,0.0027748209609999536,0.9047619047619048,0.19663057526932223,
1308,sim_1308,7,0.0021400183430143687,1.1621346049191197e-07,0.3652707984366276,0.0019804588339635185,0.8095238095238095,0.19663057526932223,
1306,sim_1306,7,0.0021400183430143687,4.165852854192491e-08,0.38132431802284916,0.0030073968128165158,0.8571428571428571,0.19663057526932223,
2350,sim_2350,7,0.0021400183430143687,2.2524848030972342e-07,0.3689791314156796,0.002095623361183441,0.9047619047619048,0.19663057526932223,
2349,sim_2349,7,0.0021400183430143687,4.7682247876121463e-07,0.36977164820257746,0.001969899107414738,0.9047619047619048,0.19663057526932223,
2348,sim_2348,7,0.0021400183430143687,4.803456297031701e-07,0.3711562464541019,0.0020554504505990545,0.8571428571428571,0.19663057526932223,
2346,sim_2346,7,0.0021400183430143687,7.26507292326601e-07,0.35854433848514744,0.0013994657743673323,0.7619047619047619,0.19663057526932223,
1302,sim_1302,7,0.0021400183430143687,0.0,0.36893751409880443,0.001949474045463905,1.0,0.19663057526932223,
2344,sim_2344,7,0.0021400183430143687,5.2795004940711177e-08,0.36756938981908077,0.00213720643284294,0.9047619047619048,0.19663057526932223,
1301,sim_1301,7,0.0021400183430143687,2.886092055257367e-07,0.36877113866967304,0.0022225506433001664,0.8571428571428571,0.19663057526932223,
1297,sim_1297,7,0.0021400183430143687,1.6535451510547326e-07,0.3742562929061785,0.002322310298262784,0.8571428571428571,0.19663057526932223,
1293,sim_1293,7,0.0021400183430143687,0.0,0.3841005166744951,0.0032200018329429266,1.0,0.19663057526932223,
2368,sim_2368,7,0.0021400183430143687,3.325416542742007e-08,0.3785003471418653,0.0026214124420848436,0.9523809523809523,0.19663057526932223,
415,sim_415,7,0.0021400183430143687,1.3299881120994792e-08,0.38532218164683707,0.0031759881101488733,0.8571428571428571,0.19663057526932223,
1286,sim_1286,7,0.0021400183430143687,3.5697482722972125e-07,0.3723816029143898,0.002182864397162497,0.8095238095238095,0.19663057526932223,
1283,sim_1283,7,0.0021400183430143687,2.0856764852671292e-07,0.35331605098293367,0.0011236200467579086,0.8095238095238095,0.19663057526932223,
424,sim_424,7,0.0021400183430143687,1.154444778953168e-08,0.3817693744164332,0.002991580832841811,0.9523809523809523,0.19663057526932223,
421,sim_421,7,0.0021400183430143687,4.197091191331093e-08,0.3780628756356912,0.0027057968769722647,0.9523809523809523,0.19663057526932223,
417,sim_417,7,0.0021400183430143687,0.0,0.3808359529630923,0.003184477033485085,1.0,0.19663057526932223,
1326,sim_1326,7,0.0021400183430143687,9.033171014926101e-08,0.37610670346096353,0.0023765405219763366,0.9047619047619048,0.19663057526932223,
2366,sim_2366,7,0.0021400183430143687,3.60664725657529e-07,0.37494268684089865,0.0024468578655917495,0.7619047619047619,0.19663057526932223,
2365,sim_2365,7,0.0021400183430143687,9.15903527987354e-08,0.36765201753400023,0.001969701863750561,0.9523809523809523,0.19663057526932223,
1324,sim_1324,7,0.0021400183430143687,3.699229895869781e-09,0.3730185882084616,0.002559924628018446,0.9523809523809523,0.19663057526932223,
1322,sim_1322,7,0.0021400183430143687,2.4400576534673522e-08,0.36781738445968737,0.0022345922260761934,0.8571428571428571,0.19663057526932223,
2362,sim_2362,7,0.0021400183430143687,3.500059870757266e-08,0.3718735788994998,0.0023909408315702357,0.9523809523809523,0.19663057526932223,
2361,sim_2361,7,0.0021400183430143687,2.470714646335499e-07,0.35846575342465753,0.0011279726139945755,0.8095238095238095,0.19663057526932223,
1321,sim_1321,7,0.0021400183430143687,6.788365042128096e-08,0.3521369361610507,0.0011458389583938217,0.8571428571428571,0.19663057526932223,
1318,sim_1318,7,0.0021400183430143687,4.2273251005099504e-08,0.36539320822162646,0.002047726780055615,0.9523809523809523,0.19663057526932223,
2391,sim_2391,7,0.0021400183430143687,5.209964976568694e-08,0.37140910639264224,0.0021881512339334964,0.9047619047619048,0.19663057526932223,
2390,sim_2390,7,0.0021400183430143687,2.7765174399416126e-08,0.3682314533378363,0.0022944438728296247,0.9047619047619048,0.19663057526932223,
2389,sim_2389,7,0.0021400183430143687,2.4399200645434063e-08,0.37019013128112266,0.0023283561997481453,0.9047619047619048,0.19663057526932223,
1317,sim_1317,7,0.0021400183430143687,5.093091953414023e-08,0.36478197836511655,0.0021983525521550055,0.8095238095238095,0.19663057526932223,
2387,sim_2387,7,0.0021400183430143687,2.1283521192021388e-07,0.3608781994704325,0.0016300145922949617,0.7142857142857143,0.19663057526932223,
2385,sim_2385,7,0.0021400183430143687,5.278568277583341e-07,0.3623172352680549,0.001673128898992538,0.7142857142857143,0.19663057526932223,
2384,sim_2384,7,0.0021400183430143687,7.256865798937817e-07,0.3627190064315813,0.0017195716470070597,0.7619047619047619,0.19663057526932223,
1315,sim_1315,7,0.0021400183430143687,4.892508932043016e-08,0.37019013128112266,0.0020774134166748784,0.9523809523809523,0.19663057526932223,
2380,sim_2380,7,0.0021400183430143687,3.4361300323753216e-07,0.36752808988764046,0.0020806062067339854,0.8095238095238095,0.19663057526932223,
1311,sim_1311,7,0.0021400183430143687,2.2097131348840422e-08,0.3597272627295722,0.0015822557292837554,0.9523809523809523,0.19663057526932223,
2378,sim_2378,7,0.0021400183430143687,1.2750703679042528e-06,0.3627994676131322,0.001810617638679778,0.7142857142857143,0.19663057526932223,
2376,sim_2376,7,0.0021400183430143687,2.819064684059014e-07,0.3725936894862741,0.0024266196458862304,0.8095238095238095,0.19663057526932223,
2374,sim_2374,7,0.0021400183430143687,1.0170426263841681e-07,0.36392968402314196,0.0020054495449823295,0.8095238095238095,0.19663057526932223,
2372,sim_2372,7,0.0021400183430143687,4.018688424362976e-07,0.371324781473493,0.002191350580659664,0.8095238095238095,0.19663057526932223,
2410,sim_2410,7,0.0021400183430143687,7.381782890847828e-07,0.3517204301075269,0.0009320256964495157,0.7142857142857143,0.19663057526932223,
2409,sim_2409,7,0.0021400183430143687,7.081857300004843e-09,0.3739140374942844,0.0025378618470166116,0.9523809523809523,0.19663057526932223,
2408,sim_2408,7,0.0021400183430143687,1.5879404076518174e-07,0.37276353276353275,0.0023184909585272986,0.8095238095238095,0.19663057526932223,
2407,sim_2407,7,0.0021400183430143687,6.622350625677946e-07,0.34838640962828843,0.0008823967262905668,0.7142857142857143,0.19663057526932223,
2406,sim_2406,7,0.0021400183430143687,0.0,0.3683143790113726,0.0022590197935464878,1.0,0.19663057526932223,
2405,sim_2405,7,0.0021400183430143687,7.11928320971386e-08,0.36977164820257746,0.002404339039039995,0.9523809523809523,0.19663057526932223,
1332,sim_1332,7,0.0021400183430143687,1.427036020613757e-07,0.3629604971149578,0.0018171087237869646,0.8095238095238095,0.19663057526932223,
2403,sim_2403,7,0.0021400183430143687,1.1668737852064667e-07,0.36324264297612435,0.0018563586143111026,0.8095238095238095,0.19663057526932223,
1330,sim_1330,7,0.0021400183430143687,2.6984764131918325e-08,0.37732149036797785,0.0027808722054022796,0.9047619047619048,0.19663057526932223,
1328,sim_1328,7,0.0021400183430143687,1.0655680510591745e-07,0.3733592055701404,0.0026898197578714782,0.9047619047619048,0.19663057526932223,
2400,sim_2400,7,0.0021400183430143687,7.096620534979033e-09,0.3764963167587477,0.0028074189439226704,0.9047619047619048,0.19663057526932223,
2399,sim_2399,7,0.0021400183430143687,8.566816429459427e-08,0.36690970274817725,0.002051318563266828,0.8095238095238095,0.19663057526932223,
2398,sim_2398,7,0.0021400183430143687,1.5444223197080814e-07,0.3744276556776557,0.002483618300555529,0.8095238095238095,0.19663057526932223,
1163,sim_1163,7,0.0021400183430143687,2.7186079687415534e-07,0.3727210574293528,0.0024295000460253105,0.7619047619047619,0.19663057526932223,
2396,sim_2396,7,0.0021400183430143687,1.4953498709095964e-07,0.35776003499945314,0.0014762068139236874,0.9047619047619048,0.19663057526932223,
2395,sim_2395,7,0.0021400183430143687,1.4584857350146203e-06,0.3657200357781753,0.0017004992419711387,0.8095238095238095,0.19663057526932223,
2426,sim_2426,7,0.0021400183430143687,2.2200870743763504e-08,0.37044167610419027,0.0023053514041282666,0.9047619047619048,0.19663057526932223,
2425,sim_2425,7,0.0021400183430143687,3.950645798096423e-07,0.36860491322965966,0.0019919651983249667,0.7142857142857143,0.19663057526932223,
1160,sim_1160,7,0.0021400183430143687,2.0385168949230137e-08,0.37732149036797785,0.0026880952699138523,0.9523809523809523,0.19663057526932223,
2423,sim_2423,7,0.0021400183430143687,3.034251961702042e-08,0.3612767837419925,0.001604727267640602,0.9047619047619048,0.19663057526932223,
2422,sim_2422,7,0.0021400183430143687,1.5177484072074156e-08,0.37438480027469384,0.0026549608899662895,0.8571428571428571,0.19663057526932223,
2421,sim_2421,7,0.0021400183430143687,3.7608407082668426e-07,0.3442070924971062,0.0006747102637841938,0.8095238095238095,0.19663057526932223,
2420,sim_2420,7,0.0021400183430143687,1.6751778323993432e-07,0.3559690934813364,0.0013749471090812673,0.8095238095238095,0.19663057526932223,
2419,sim_2419,7,0.0021400183430143687,9.388304587607336e-09,0.3696880650994575,0.0023524382109309347,0.9047619047619048,0.19663057526932223,
1158,sim_1158,7,0.0021400183430143687,6.823279948262434e-08,0.3683143790113726,0.0021613318427530716,0.9047619047619048,0.19663057526932223,
2417,sim_2417,7,0.0021400183430143687,2.880593287872572e-06,0.37653965695867386,0.0026244301896846517,0.7142857142857143,0.19663057526932223,
1154,sim_1154,7,0.0021400183430143687,3.5509759110057e-08,0.3774521117009001,0.002875297518093911,0.9523809523809523,0.19663057526932223,
2415,sim_2415,7,0.0021400183430143687,1.261320632053813e-07,0.36559740695205095,0.0019027450347466883,0.7142857142857143,0.19663057526932223,
1346,sim_1346,7,0.0021400183430143687,2.098684492358441e-07,0.3609976823750138,0.0016049462816633436,0.8571428571428571,0.19663057526932223,
1147,sim_1147,7,0.0021400183430143687,2.4209325095255823e-08,0.37263613579403054,0.0025179742755331784,0.8571428571428571,0.19663057526932223,
1143,sim_1143,7,0.0021400183430143687,1.0091723997024752e-08,0.3778008778008778,0.0029895815295099943,0.9047619047619048,0.19663057526932223,
2411,sim_2411,7,0.0021400183430143687,1.9359096652601343e-07,0.3660064898735594,0.0019537083677563637,0.7619047619047619,0.19663057526932223,
1142,sim_1142,7,0.0021400183430143687,9.847948526594016e-09,0.3724664085629697,0.0026271197468157696,0.9523809523809523,0.19663057526932223,
2441,sim_2441,7,0.0021400183430143687,9.824715929445077e-08,0.36543402971735,0.0019109071543975636,0.9047619047619048,0.19663057526932223,
1141,sim_1141,7,0.0021400183430143687,9.208234041236716e-08,0.37964252553389044,0.0027227459264655626,0.9047619047619048,0.19663057526932223,
1139,sim_1139,7,0.0021400183430143687,1.3752110789769705e-07,0.3740850869167429,0.002421136589366051,0.8571428571428571,0.19663057526932223,
2438,sim_2438,7,0.0021400183430143687,1.513593135686758e-06,0.36263858093126383,0.0016225450782588631,0.7142857142857143,0.19663057526932223,
1137,sim_1137,7,0.0021400183430143687,6.026117317166604e-08,0.36666293016477974,0.001943725359664447,0.9047619047619048,0.19663057526932223,
2436,sim_2436,7,0.0021400183430143687,1.3885364952830075e-07,0.3758474089394462,0.0025186501009649438,0.9047619047619048,0.19663057526932223,
2435,sim_2435,7,0.0021400183430143687,9.98120477520764e-07,0.3619163531754813,0.0016088767546445632,0.8095238095238095,0.19663057526932223,
2434,sim_2434,7,0.0021400183430143687,0.0,0.38284176029962547,0.003325711384561908,1.0,0.19663057526932223,
1341,sim_1341,7,0.0021400183430143687,1.9819069661504856e-07,0.3785441499826409,0.0028417417101234918,0.9047619047619048,0.19663057526932223,
2432,sim_2432,7,0.0021400183430143687,1.7928264781373187e-07,0.37421347671891086,0.0023845282773062157,0.9047619047619048,0.19663057526932223,
2431,sim_2431,7,0.0021400183430143687,2.2050472477999185e-08,0.35266846361185983,0.0011724484337497904,0.9047619047619048,0.19663057526932223,
2430,sim_2430,7,0.0021400183430143687,2.7183586316100292e-08,0.36478197836511655,0.001742286103008085,0.9523809523809523,0.19663057526932223,
2429,sim_2429,7,0.0021400183430143687,2.819589706501785e-08,0.3612368856985091,0.0016560039007556843,0.9047619047619048,0.19663057526932223,
1340,sim_1340,7,0.0021400183430143687,5.764972756488966e-09,0.37632305568338703,0.002763911305642653,0.9523809523809523,0.19663057526932223,
2427,sim_2427,7,0.0021400183430143687,5.253112949408399e-07,0.3671568077225278,0.0017927272748051728,0.8571428571428571,0.19663057526932223,
2454,sim_2454,7,0.0021400183430143687,1.3420159437382368e-07,0.3666218336695808,0.0019312211373100994,0.8095238095238095,0.19663057526932223,
1362,sim_1362,7,0.0021400183430143687,1.225918757606192e-08,0.3684803424580376,0.0018102131750824515,0.9523809523809523,0.19663057526932223,
2452,sim_2452,7,0.0021400183430143687,2.0296571940565742e-07,0.3612767837419925,0.0016324314468573891,0.8095238095238095,0.19663057526932223,
2451,sim_2451,7,0.0021400183430143687,1.698065386526653e-07,0.36425389755011134,0.0019694130815954237,0.7619047619047619,0.19663057526932223,
2450,sim_2450,7,0.0021400183430143687,4.4068973201420124e-07,0.36380825269714157,0.0017940341712604842,0.8571428571428571,0.19663057526932223,
2449,sim_2449,7,0.0021400183430143687,4.119516315183924e-07,0.36790012372061637,0.0021071688268568447,0.7619047619047619,0.19663057526932223,
2448,sim_2448,7,0.0021400183430143687,1.8496899797981405e-07,0.3723816029143898,0.0022718172517414456,0.8571428571428571,0.19663057526932223,
1131,sim_1131,7,0.0021400183430143687,6.229799572243129e-08,0.36629339305711084,0.0021051502896229798,0.9523809523809523,0.19663057526932223,
1126,sim_1126,7,0.0021400183430143687,2.3749445134633334e-07,0.35297291464335817,0.0011023064493187874,0.7619047619047619,0.19663057526932223,
1124,sim_1124,7,0.0021400183430143687,3.743714207708312e-08,0.369562761269913,0.002186964477898309,0.8571428571428571,0.19663057526932223,
386,sim_386,7,0.0021400183430143687,0.0,0.3849140974346905,0.0032478955131754134,1.0,0.19663057526932223,
2447,sim_2447,7,0.0021400183430143687,0.0,0.3450058010758359,0.0006518348016262756,1.0,0.19663057526932223,
1356,sim_1356,7,0.0021400183430143687,2.682785459263654e-07,0.3689791314156796,0.002038195114563492,0.8571428571428571,0.19663057526932223,
2445,sim_2445,7,0.0021400183430143687,1.103797899995311e-07,0.3816357484540894,0.0028768421481557534,0.8571428571428571,0.19663057526932223,
2444,sim_2444,7,0.0021400183430143687,1.6723068950194832e-07,0.3641322498051876,0.0018048093895443177,0.8571428571428571,0.19663057526932223,
2443,sim_2443,7,0.0021400183430143687,1.0095305298768636e-07,0.3558916331193559,0.0013579398455997114,0.8571428571428571,0.19663057526932223,
1355,sim_1355,7,0.0021400183430143687,3.3447913666063086e-08,0.3708616780045351,0.0024151810645357133,0.8571428571428571,0.19663057526932223,
2471,sim_2471,7,0.0021400183430143687,5.848124643319383e-07,0.37348709751084724,0.0021883214681709465,0.8095238095238095,0.19663057526932223,
2470,sim_2470,7,0.0021400183430143687,1.5241731145628712e-08,0.37468499427262314,0.0024747339297783296,0.9523809523809523,0.19663057526932223,
2469,sim_2469,7,0.0021400183430143687,0.0,0.3755022385489611,0.0026861806597540507,1.0,0.19663057526932223,
2468,sim_2468,7,0.0021400183430143687,5.434601063964396e-07,0.36417279002449343,0.0015852579171637471,0.7619047619047619,0.19663057526932223,
1354,sim_1354,7,0.0021400183430143687,1.1221590338827815e-08,0.3739995426480677,0.0025528926560820847,0.9047619047619048,0.19663057526932223,
2466,sim_2466,7,0.0021400183430143687,5.910941723027813e-07,0.36711560044893377,0.0017652594491756525,0.9047619047619048,0.19663057526932223,
1352,sim_1352,7,0.0021400183430143687,4.462564471223174e-08,0.3730611313868613,0.0023205741865602106,0.9047619047619048,0.19663057526932223,
1386,sim_1386,7,0.0021400183430143687,1.0499870305818687e-06,0.3691456946168604,0.0019208488731360285,0.47619047619047616,0.19663057526932223,
2463,sim_2463,7,0.0021400183430143687,3.0262305555714234e-08,0.3780628756356912,0.0027659277638825033,0.9523809523809523,0.19663057526932223,
1378,sim_1378,7,0.0021400183430143687,6.886421350664683e-08,0.3613566062748564,0.001747326720732628,0.8095238095238095,0.19663057526932223,
2461,sim_2461,7,0.0021400183430143687,2.6432758093735463e-08,0.37374314442413165,0.002143443223802863,0.9047619047619048,0.19663057526932223,
2460,sim_2460,7,0.0021400183430143687,9.071323778251762e-08,0.37157787118027946,0.0022592035329144396,0.9047619047619048,0.19663057526932223,
2458,sim_2458,7,0.0021400183430143687,1.0872935029175129e-07,0.3723816029143898,0.0021040570056567766,0.8571428571428571,0.19663057526932223,
1376,sim_1376,7,0.0021400183430143687,5.37451829742329e-08,0.3650262247517018,0.002040769848524075,0.8571428571428571,0.19663057526932223,
2455,sim_2455,7,0.0021400183430143687,2.970133275433351e-08,0.3627190064315813,0.001727882335389731,0.9047619047619048,0.19663057526932223,
2488,sim_2488,7,0.0021400183430143687,4.4791663499232067e-07,0.35461838681699914,0.0011465001692197259,0.9047619047619048,0.19663057526932223,
2487,sim_2487,7,0.0021400183430143687,4.0704848389005814e-08,0.37310368427056007,0.0026567192605769794,0.8571428571428571,0.19663057526932223,
2486,sim_2486,7,0.0021400183430143687,1.9638981094116928e-07,0.3621567759078831,0.0016837023871099084,0.8571428571428571,0.19663057526932223,
2485,sim_2485,7,0.0021400183430143687,2.3439461427770852e-07,0.36551570007822104,0.0018405321966695738,0.8571428571428571,0.19663057526932223,
2484,sim_2484,7,0.0021400183430143687,3.101799401331485e-07,0.3549262152777778,0.0011998047353720632,0.7619047619047619,0.19663057526932223,
2483,sim_2483,7,0.0021400183430143687,1.602160318427909e-08,0.3615163572060124,0.0019778259203957816,0.9523809523809523,0.19663057526932223,
2482,sim_2482,7,0.0021400183430143687,1.7712247346785712e-07,0.3623975182805229,0.001529277598165425,0.8571428571428571,0.19663057526932223,
2481,sim_2481,7,0.0021400183430143687,4.912260395581101e-07,0.35255442983401597,0.0011532680510151125,0.8095238095238095,0.19663057526932223,
2480,sim_2480,7,0.0021400183430143687,1.4289756632480712e-07,0.37200045490731265,0.0021428275711948665,0.9047619047619048,0.19663057526932223,
2479,sim_2479,7,0.0021400183430143687,3.0765815157871605e-08,0.3727210574293528,0.002592268429519961,0.9047619047619048,0.19663057526932223,
2478,sim_2478,7,0.0021400183430143687,2.9866579726760874e-07,0.3575254126134004,0.0013859344555573582,0.8571428571428571,0.19663057526932223,
2477,sim_2477,7,0.0021400183430143687,3.9176928883211714e-08,0.3550032559149121,0.0012904169839013076,0.9047619047619048,0.19663057526932223,
2476,sim_2476,7,0.0021400183430143687,1.5000720593914596e-07,0.3538511466897447,0.0010310980997978595,0.7619047619047619,0.19663057526932223,
1370,sim_1370,7,0.0021400183430143687,2.5016101755415408e-08,0.36478197836511655,0.0019889245304330473,0.9047619047619048,0.19663057526932223,
1367,sim_1367,7,0.0021400183430143687,6.898661898602896e-07,0.3598855759709539,0.0015449929617890855,0.7619047619047619,0.19663057526932223,
1364,sim_1364,7,0.0021400183430143687,3.232649172410075e-08,0.36985526910900046,0.0023210407502418148,0.9047619047619048,0.19663057526932223,
2503,sim_2503,7,0.0021400183430143687,1.364125118415884e-07,0.3592137052492862,0.0011634580682395794,0.9047619047619048,0.19663057526932223,
2502,sim_2502,7,0.0021400183430143687,5.225035321867384e-07,0.3513803845740681,0.0009698112141910895,0.9047619047619048,0.19663057526932223,
2501,sim_2501,7,0.0021400183430143687,4.599588461130456e-07,0.35787746170678336,0.001394043989174779,0.7619047619047619,0.19663057526932223,
2500,sim_2500,7,0.0021400183430143687,4.3976980597467166e-07,0.3657200357781753,0.001810345990074284,0.7619047619047619,0.19663057526932223,
1399,sim_1399,7,0.0021400183430143687,2.073915610960992e-08,0.36802430243024303,0.0020979824778385443,0.9047619047619048,0.19663057526932223,
1398,sim_1398,7,0.0021400183430143687,1.3844158651049474e-07,0.3664164893021172,0.002053552109216307,0.8571428571428571,0.19663057526932223,
2496,sim_2496,7,0.0021400183430143687,4.431722712803999e-07,0.35945054945054944,0.0016120170075439,0.8095238095238095,0.19663057526932223,
1395,sim_1395,7,0.0021400183430143687,4.99768898637736e-07,0.364659977703456,0.0017578800918575685,0.7619047619047619,0.19663057526932223,
1119,sim_1119,7,0.0021400183430143687,3.020644126935136e-07,0.3740423098913665,0.0024190528604967868,0.8571428571428571,0.19663057526932223,
2495,sim_2495,7,0.0021400183430143687,1.330183437771221e-08,0.3597272627295722,0.0016112876339502591,0.9523809523809523,0.19663057526932223,
1111,sim_1111,7,0.0021400183430143687,6.88189420634618e-08,0.3647413024085638,0.0019078468573045268,0.8571428571428571,0.19663057526932223,
2493,sim_2493,7,0.0021400183430143687,1.7785184940575144e-07,0.36790012372061637,0.0018549868559654703,0.9047619047619048,0.19663057526932223,
2492,sim_2492,7,0.0021400183430143687,9.102315130751546e-08,0.3680657139642174,0.0022079853110222093,0.8571428571428571,0.19663057526932223,
2491,sim_2491,7,0.0021400183430143687,0.0,0.3591348265261309,0.001518687983008552,1.0,0.19663057526932223,
1106,sim_1106,7,0.0021400183430143687,1.1788846918022251e-07,0.3714512832159891,0.002236747870313834,0.9523809523809523,0.19663057526932223,
1105,sim_1105,7,0.0021400183430143687,1.304753607434667e-07,0.3816357484540894,0.002896127400054792,0.8571428571428571,0.19663057526932223,
2520,sim_2520,7,0.0021400183430143687,2.408694909464722e-07,0.357799168672063,0.0013446512138729962,0.8571428571428571,0.19663057526932223,
1391,sim_1391,7,0.0021400183430143687,0.0,0.3706935630099728,0.0023020290028706344,1.0,0.19663057526932223,
2518,sim_2518,7,0.0021400183430143687,7.600000936402917e-07,0.35350697071220144,0.0010551093310185622,0.6666666666666666,0.19663057526932223,
2517,sim_2517,7,0.0021400183430143687,5.023244715753946e-07,0.34935383958133076,0.000816156576067187,0.7142857142857143,0.19663057526932223,
2516,sim_2516,7,0.0021400183430143687,6.953552724406922e-08,0.367693345323741,0.0023015495275844023,0.9047619047619048,0.19663057526932223,
2515,sim_2515,7,0.0021400183430143687,1.37411496818849e-07,0.37183130612708876,0.0023208913622173107,0.8571428571428571,0.19663057526932223,
2514,sim_2514,7,0.0021400183430143687,7.706493373852214e-07,0.36044077134986224,0.0014738290332600937,0.6666666666666666,0.19663057526932223,
2513,sim_2513,7,0.0021400183430143687,2.7227367354175187e-07,0.34823804961141275,0.0008445811714549717,0.9047619047619048,0.19663057526932223,
2512,sim_2512,7,0.0021400183430143687,7.158170450713642e-08,0.3594110537303593,0.0014242555089753822,0.9047619047619048,0.19663057526932223,
2511,sim_2511,7,0.0021400183430143687,4.60537258818403e-07,0.37023203169213353,0.0018422264354522658,0.8571428571428571,0.19663057526932223,
1389,sim_1389,7,0.0021400183430143687,8.610661211756562e-09,0.37541604499024445,0.002517688502467644,0.9523809523809523,0.19663057526932223,
2509,sim_2509,7,0.0021400183430143687,5.951680762203048e-07,0.357838310906903,0.0012492780621535524,0.8095238095238095,0.19663057526932223,
1414,sim_1414,7,0.0021400183430143687,2.3469734105480858e-07,0.37382857142857145,0.002398253267285135,0.9047619047619048,0.19663057526932223,
2507,sim_2507,7,0.0021400183430143687,3.286024564012878e-07,0.36686855091969495,0.0019109123541886115,0.7619047619047619,0.19663057526932223,
2506,sim_2506,7,0.0021400183430143687,9.583426069829055e-07,0.3615962856511165,0.0015563577752682788,0.8095238095238095,0.19663057526932223,
2505,sim_2505,7,0.0021400183430143687,2.4879035239035783e-07,0.36765201753400023,0.0022084507418808036,0.8095238095238095,0.19663057526932223,
2536,sim_2536,7,0.0021400183430143687,3.808087374474773e-08,0.37365775645419236,0.0026327170421343443,0.8095238095238095,0.19663057526932223,
2535,sim_2535,7,0.0021400183430143687,0.0,0.3707355774679814,0.0021329548643551004,1.0,0.19663057526932223,
2534,sim_2534,7,0.0021400183430143687,2.1303426919039347e-07,0.35531175320443187,0.001282682932042245,0.8571428571428571,0.19663057526932223,
2533,sim_2533,7,0.0021400183430143687,2.0810980369839217e-07,0.37468499427262314,0.0024086038663758344,0.7142857142857143,0.19663057526932223,
2532,sim_2532,7,0.0021400183430143687,2.6846159337508696e-07,0.3596877061798988,0.0013483823742415828,0.8095238095238095,0.19663057526932223,
1408,sim_1408,7,0.0021400183430143687,1.9643448864129854e-08,0.37374314442413165,0.0025947239196023636,0.9047619047619048,0.19663057526932223,
2530,sim_2530,7,0.0021400183430143687,6.039351177105748e-07,0.3549647314161693,0.001273588600837187,0.8095238095238095,0.19663057526932223,
2529,sim_2529,7,0.0021400183430143687,4.1936280401337875e-07,0.3719581532863316,0.0019639479047145886,0.8571428571428571,0.19663057526932223,
2528,sim_2528,7,0.0021400183430143687,1.9666308918765364e-07,0.35686231725943707,0.0012501919986597089,0.8095238095238095,0.19663057526932223,
1103,sim_1103,7,0.0021400183430143687,4.350971766628641e-07,0.3707355774679814,0.002164773384933015,0.8571428571428571,0.19663057526932223,
2526,sim_2526,7,0.0021400183430143687,2.3870774762777246e-07,0.3761499540018399,0.002649135725110051,0.8571428571428571,0.19663057526932223,
1100,sim_1100,7,0.0021400183430143687,2.3823569116360314e-08,0.3652707984366276,0.0019737661508300555,0.9523809523809523,0.19663057526932223,
1097,sim_1097,7,0.0021400183430143687,2.0605306993252625e-08,0.3815022160018661,0.0029195467448406903,0.9523809523809523,0.19663057526932223,
2523,sim_2523,7,0.0021400183430143687,2.0103810489155202e-08,0.3692707157371867,0.002543006839598093,0.8095238095238095,0.19663057526932223,
1088,sim_1088,7,0.0021400183430143687,2.3774544269281382e-08,0.37485674994269996,0.0026874592972389107,0.9047619047619048,0.19663057526932223,
2521,sim_2521,7,0.0021400183430143687,4.5539046473014746e-08,0.3736150770988007,0.0025130380096042948,0.8095238095238095,0.19663057526932223,
2551,sim_2551,7,0.0021400183430143687,6.674995047504185e-07,0.3615563170111639,0.0016620070823041217,0.8571428571428571,0.19663057526932223,
2550,sim_2550,7,0.0021400183430143687,0.0,0.3624376731301939,0.0017692356708795913,1.0,0.19663057526932223,
2548,sim_2548,7,0.0021400183430143687,7.3265975558832e-08,0.3560465875693915,0.0012954440177245998,0.9047619047619048,0.19663057526932223,
2547,sim_2547,7,0.0021400183430143687,1.0855849837156387e-06,0.364659977703456,0.0016305072751983474,0.7619047619047619,0.19663057526932223,
2546,sim_2546,7,0.0021400183430143687,2.4764005231531986e-07,0.36835585585585584,0.0019062527657614525,0.8571428571428571,0.19663057526932223,
2545,sim_2545,7,0.0021400183430143687,2.9738758671386986e-07,0.35717405547062675,0.0014216111050821217,0.7142857142857143,0.19663057526932223,
2544,sim_2544,7,0.0021400183430143687,1.279259662334285e-07,0.36044077134986224,0.001558096106062057,0.9047619047619048,0.19663057526932223,
1407,sim_1407,7,0.0021400183430143687,2.4675229468056823e-07,0.36666293016477974,0.001887361708722024,0.8095238095238095,0.19663057526932223,
353,sim_353,7,0.0021400183430143687,0.0,0.3852767962308598,0.0032371915658056458,1.0,0.19663057526932223,
2543,sim_2543,7,0.0021400183430143687,1.054621138224891e-07,0.36531159258431983,0.001878249898637885,0.8095238095238095,0.19663057526932223,
2542,sim_2542,7,0.0021400183430143687,3.234190221555901e-07,0.36670403587443945,0.0017876315259826069,0.8571428571428571,0.19663057526932223,
1404,sim_1404,7,0.0021400183430143687,4.331087320714035e-08,0.36392968402314196,0.0017169271470310762,0.9047619047619048,0.19663057526932223,
2540,sim_2540,7,0.0021400183430143687,0.0,0.3579949655247893,0.001451924810940227,1.0,0.19663057526932223,
2539,sim_2539,7,0.0021400183430143687,3.980575278018317e-07,0.3528586839266451,0.0011021486463438095,0.8095238095238095,0.19663057526932223,
1403,sim_1403,7,0.0021400183430143687,5.4241665327787e-09,0.3782377428307123,0.0027429951155293784,0.9523809523809523,0.19663057526932223,
2537,sim_2537,7,0.0021400183430143687,4.530571043418034e-08,0.36686855091969495,0.0019229113717173863,0.8571428571428571,0.19663057526932223,
1402,sim_1402,7,0.0021400183430143687,2.674870154059537e-08,0.37580422794117646,0.0027806522297336832,0.9047619047619048,0.19663057526932223,
2565,sim_2565,7,0.0021400183430143687,6.078158964771287e-08,0.36478197836511655,0.001707180331665653,0.9047619047619048,0.19663057526932223,
2564,sim_2564,7,0.0021400183430143687,4.4100715770328884e-08,0.3797747590851039,0.00279337601141857,0.9047619047619048,0.19663057526932223,
2563,sim_2563,7,0.0021400183430143687,9.172613069190403e-07,0.3527825711820535,0.0009070940121442809,0.6666666666666666,0.19663057526932223,
1401,sim_1401,7,0.0021400183430143687,7.937838202807215e-07,0.3647413024085638,0.0017533988243729978,0.8095238095238095,0.19663057526932223,
2561,sim_2561,7,0.0021400183430143687,3.7545336604392387e-07,0.3612368856985091,0.0015843872345461935,0.7619047619047619,0.19663057526932223,
2560,sim_2560,7,0.0021400183430143687,1.4286643438189713e-07,0.36893751409880443,0.0020479334295573576,0.9047619047619048,0.19663057526932223,
323,sim_323,7,0.0021400183430143687,7.7601950900236e-08,0.3823942015431377,0.003130147801565917,0.9047619047619048,0.19663057526932223,
2559,sim_2559,7,0.0021400183430143687,4.171819281839733e-08,0.35933208832253105,0.0016802634440425406,0.9047619047619048,0.19663057526932223,
2558,sim_2558,7,0.0021400183430143687,1.4125452661322872e-07,0.3660064898735594,0.0021139548014178643,0.9047619047619048,0.19663057526932223,
2557,sim_2557,7,0.0021400183430143687,1.005327607508031e-06,0.36752808988764046,0.002013460838187997,0.7619047619047619,0.19663057526932223,
2556,sim_2556,7,0.0021400183430143687,4.5728366951339164e-07,0.3516826147726051,0.000941036969760191,0.6666666666666666,0.19663057526932223,
2555,sim_2555,7,0.0021400183430143687,3.7011360656925e-07,0.3507022622493835,0.0010415171984877413,0.7619047619047619,0.19663057526932223,
1426,sim_1426,7,0.0021400183430143687,6.968528493091248e-09,0.3753298909925416,0.0025688006499517166,0.9523809523809523,0.19663057526932223,
1082,sim_1082,7,0.0021400183430143687,2.981798719324794e-09,0.37395678518349146,0.0025236949030320345,0.9523809523809523,0.19663057526932223,
2552,sim_2552,7,0.0021400183430143687,1.266191854963002e-06,0.3636060471320587,0.0017557246387090132,0.7619047619047619,0.19663057526932223,
1079,sim_1079,7,0.0021400183430143687,9.652134860802457e-08,0.3717890429643101,0.0024761704797697692,0.8095238095238095,0.19663057526932223,
2583,sim_2583,7,0.0021400183430143687,2.822174094970931e-07,0.35713505841249044,0.0011065712031387007,0.8095238095238095,0.19663057526932223,
2582,sim_2582,7,0.0021400183430143687,1.5307228901029398e-08,0.37412787372755346,0.002262159195194238,0.9523809523809523,0.19663057526932223,
1078,sim_1078,7,0.0021400183430143687,0.0,0.37589059986210066,0.0024155077840845723,1.0,0.19663057526932223,
2579,sim_2579,7,0.0021400183430143687,3.25240238224602e-07,0.37310368427056007,0.002330891267653128,0.8095238095238095,0.19663057526932223,
2578,sim_2578,7,0.0021400183430143687,2.4365552699494996e-07,0.3583872028048647,0.001507968356969897,0.9047619047619048,0.19663057526932223,
2577,sim_2577,7,0.0021400183430143687,1.5927805924535708e-07,0.36461932894883514,0.0018835735772733053,0.8571428571428571,0.19663057526932223,
2576,sim_2576,7,0.0021400183430143687,1.509433573924937e-07,0.37170454545454545,0.002539759516081512,0.8571428571428571,0.19663057526932223,
2575,sim_2575,7,0.0021400183430143687,1.9161898393399987e-06,0.36167624944714727,0.001423230397276338,0.7619047619047619,0.19663057526932223,
2574,sim_2574,7,0.0021400183430143687,1.3476797952530793e-07,0.37310368427056007,0.002404771562732115,0.9523809523809523,0.19663057526932223,
2573,sim_2573,7,0.0021400183430143687,2.3225216457528124e-07,0.3674455178611548,0.0017680249455942583,0.9047619047619048,0.19663057526932223,
2572,sim_2572,7,0.0021400183430143687,2.437130150747781e-08,0.36392968402314196,0.001956274311280074,0.9047619047619048,0.19663057526932223,
2571,sim_2571,7,0.0021400183430143687,0.0,0.3661293933288561,0.0021049238692005252,1.0,0.19663057526932223,
2570,sim_2570,7,0.0021400183430143687,6.574291574616194e-07,0.36559740695205095,0.0017465944924001968,0.8095238095238095,0.19663057526932223,
2569,sim_2569,7,0.0021400183430143687,1.150515673444748e-08,0.37327399292479746,0.0025130726559494053,0.9047619047619048,0.19663057526932223,
1077,sim_1077,7,0.0021400183430143687,0.0,0.3797306710006965,0.002668910445396458,1.0,0.19663057526932223,
2600,sim_2600,7,0.0021400183430143687,1.9776244158453043e-07,0.35511887960047767,0.0013375169247759238,0.9047619047619048,0.19663057526932223,
2599,sim_2599,7,0.0021400183430143687,2.3453638999425646e-08,0.36364647026125624,0.0015805747260899592,0.9523809523809523,0.19663057526932223,
1075,sim_1075,7,0.0021400183430143687,1.1132115306122911e-07,0.3692707157371867,0.0021919289836572547,0.8095238095238095,0.19663057526932223,
1421,sim_1421,7,0.0021400183430143687,1.1596254246958229e-07,0.369729851927207,0.0022074415716684635,0.8571428571428571,0.19663057526932223,
2596,sim_2596,7,0.0021400183430143687,8.511971322370357e-08,0.35255442983401597,0.0011005990735554719,0.9047619047619048,0.19663057526932223,
2595,sim_2595,7,0.0021400183430143687,1.9457926720270748e-07,0.3644568245125348,0.0016858747889934044,0.8571428571428571,0.19663057526932223,
2594,sim_2594,7,0.0021400183430143687,3.322304382531107e-07,0.36163626312880043,0.0016012602040577576,0.7619047619047619,0.19663057526932223,
2593,sim_2593,7,0.0021400183430143687,1.1124216443844705e-07,0.3622771070993466,0.0018050810538643035,0.8095238095238095,0.19663057526932223,
1420,sim_1420,7,0.0021400183430143687,2.614897049677597e-08,0.3669508638097375,0.0020971518870559324,0.9047619047619048,0.19663057526932223,
2591,sim_2591,7,0.0021400183430143687,4.693222527520697e-07,0.3607190119100132,0.0014150533368474938,0.9047619047619048,0.19663057526932223,
1416,sim_1416,7,0.0021400183430143687,8.41591604758544e-08,0.3695210122006326,0.0022723636434706066,0.8571428571428571,0.19663057526932223,
2589,sim_2589,7,0.0021400183430143687,5.326348943272366e-07,0.3566288704753598,0.0011742229518918032,0.8571428571428571,0.19663057526932223,
1451,sim_1451,7,0.0021400183430143687,2.4880484225114355e-08,0.3849140974346905,0.00305136770604929,0.9523809523809523,0.19663057526932223,
2587,sim_2587,7,0.0021400183430143687,2.5304009428270245e-07,0.36543402971735,0.001530415880873102,0.8571428571428571,0.19663057526932223,
1450,sim_1450,7,0.0021400183430143687,9.333484519354523e-08,0.37157787118027946,0.0022466544416092984,0.7619047619047619,0.19663057526932223,
2585,sim_2585,7,0.0021400183430143687,8.96771762289244e-08,0.3549647314161693,0.001234092045952207,0.9047619047619048,0.19663057526932223,
2616,sim_2616,7,0.0021400183430143687,1.1872037819130749e-07,0.35834794040315515,0.0011796028702274095,0.9047619047619048,0.19663057526932223,
1448,sim_1448,7,0.0021400183430143687,2.7915316014870924e-08,0.37395678518349146,0.002748258124054738,0.9047619047619048,0.19663057526932223,
2614,sim_2614,7,0.0021400183430143687,1.3756391120738635e-07,0.354579945799458,0.0011802628481828897,0.8571428571428571,0.19663057526932223,
2613,sim_2613,7,0.0021400183430143687,2.233119721136209e-07,0.37044167610419027,0.0023910734042555215,0.8571428571428571,0.19663057526932223,
1447,sim_1447,7,0.0021400183430143687,2.2835084764752284e-07,0.36935411020776876,0.0021363602865207597,0.8571428571428571,0.19663057526932223,
2611,sim_2611,7,0.0021400183430143687,5.073778880376104e-09,0.37797550265773056,0.002852820467610144,0.9523809523809523,0.19663057526932223,
1443,sim_1443,7,0.0021400183430143687,1.0381462971882206e-08,0.36498549430930594,0.002033967724448684,0.9523809523809523,0.19663057526932223,
2609,sim_2609,7,0.0021400183430143687,7.360729235586674e-07,0.36235737232746207,0.001672923301035867,0.8571428571428571,0.19663057526932223,
2608,sim_2608,7,0.0021400183430143687,2.0712040679666827e-08,0.3680657139642174,0.0020656258360624096,0.9523809523809523,0.19663057526932223,
2607,sim_2607,7,0.0021400183430143687,3.4014831868781217e-07,0.36752808988764046,0.0019445371057756472,0.7619047619047619,0.19663057526932223,
2606,sim_2606,7,0.0021400183430143687,1.6186505673461718e-06,0.3696045197740113,0.0021396650807065463,0.7619047619047619,0.19663057526932223,
2605,sim_2605,7,0.0021400183430143687,4.6943661480588065e-07,0.36637544802867383,0.0020988137577928295,0.8095238095238095,0.19663057526932223,
2604,sim_2604,7,0.0021400183430143687,9.940925322239176e-08,0.3595690887105639,0.0014203532779319284,0.7619047619047619,0.19663057526932223,
2603,sim_2603,7,0.0021400183430143687,7.960750945804586e-08,0.36868800721370604,0.0022121281402732035,0.8571428571428571,0.19663057526932223,
1437,sim_1437,7,0.0021400183430143687,2.3371413501328514e-07,0.35729109776078644,0.0012917918814195075,0.8095238095238095,0.19663057526932223,
2601,sim_2601,7,0.0021400183430143687,3.2679321153710876e-07,0.360838389409818,0.0014225364282769103,0.8571428571428571,0.19663057526932223,
2632,sim_2632,7,0.0021400183430143687,4.658388770954404e-08,0.3594110537303593,0.0015693317915311852,0.9047619047619048,0.19663057526932223,
2631,sim_2631,7,0.0021400183430143687,5.4445600651507556e-08,0.3715356656065425,0.0023123436698136274,0.9047619047619048,0.19663057526932223,
2630,sim_2630,7,0.0021400183430143687,1.1901090515845377e-07,0.3632023095713968,0.0014630126007011083,0.9047619047619048,0.19663057526932223,
2629,sim_2629,7,0.0021400183430143687,4.317964901555827e-07,0.36417279002449343,0.0017335622921620904,0.8095238095238095,0.19663057526932223,
2628,sim_2628,7,0.0021400183430143687,4.5973053706925483e-07,0.3625983815541514,0.001800435629567737,0.7142857142857143,0.19663057526932223,
2627,sim_2627,7,0.0021400183430143687,2.0353184655011685e-07,0.355157437567861,0.0013303666784213373,0.9047619047619048,0.19663057526932223,
2626,sim_2626,7,0.0021400183430143687,2.0878238647482946e-07,0.3579949655247893,0.0012396082778587784,0.9047619047619048,0.19663057526932223,
2625,sim_2625,7,0.0021400183430143687,8.18726773929839e-08,0.35658999236890876,0.00147542240594049,0.7619047619047619,0.19663057526932223,
2624,sim_2624,7,0.0021400183430143687,1.0597906402653052e-07,0.36543402971735,0.0018322381089012421,0.9047619047619048,0.19663057526932223,
2623,sim_2623,7,0.0021400183430143687,7.151110260097446e-07,0.36063947078280045,0.0015862658444852442,0.7619047619047619,0.19663057526932223,
2622,sim_2622,7,0.0021400183430143687,6.044196612230386e-07,0.3604804937183161,0.0014396770583781622,0.7619047619047619,0.19663057526932223,
1435,sim_1435,7,0.0021400183430143687,4.254587210092269e-08,0.3664164893021172,0.0021632059258852882,0.8571428571428571,0.19663057526932223,
1456,sim_1456,7,0.0021400183430143687,3.8871520516573875e-07,0.37610670346096353,0.00232810450405032,0.9047619047619048,0.19663057526932223,
2619,sim_2619,7,0.0021400183430143687,1.222107630588403e-07,0.37225446682599295,0.002347011662641845,0.8095238095238095,0.19663057526932223,
1055,sim_1055,7,0.0021400183430143687,1.7516032026787175e-09,0.37149346961953433,0.0025029846684703674,0.9523809523809523,0.19663057526932223,
1053,sim_1053,7,0.0021400183430143687,1.7628003473438956e-07,0.3683143790113726,0.0022817451755166754,0.9523809523809523,0.19663057526932223,
2648,sim_2648,7,0.0021400183430143687,7.40655489394605e-08,0.3652707984366276,0.002042587236654854,0.8571428571428571,0.19663057526932223,
2647,sim_2647,7,0.0021400183430143687,5.645394476764656e-07,0.362678789222752,0.0016719174988503115,0.7142857142857143,0.19663057526932223,
1043,sim_1043,7,0.0021400183430143687,9.726198289680217e-08,0.3677760287834495,0.0021585507175498845,0.7619047619047619,0.19663057526932223,
2645,sim_2645,7,0.0021400183430143687,5.753348436763008e-08,0.36131669059980115,0.0017651528915469616,0.7619047619047619,0.19663057526932223,
2644,sim_2644,7,0.0021400183430143687,2.387215087872962e-07,0.35787746170678336,0.001368519153167551,0.8095238095238095,0.19663057526932223,
2643,sim_2643,7,0.0021400183430143687,1.9412653612863938e-08,0.36686855091969495,0.0022880667101681843,0.9047619047619048,0.19663057526932223,
2642,sim_2642,7,0.0021400183430143687,1.2431023056623098e-07,0.36843883757603063,0.0019264181607421365,0.7619047619047619,0.19663057526932223,
1070,sim_1070,7,0.0021400183430143687,5.1738900071478184e-09,0.388387556399905,0.003592141566799696,0.9047619047619048,0.19663057526932223,
2640,sim_2640,7,0.0021400183430143687,1.0725817881808158e-06,0.35744727352201944,0.0012520397293408604,0.8571428571428571,0.19663057526932223,
2639,sim_2639,7,0.0021400183430143687,9.142078915493282e-08,0.3780628756356912,0.002733966381050329,0.9047619047619048,0.19663057526932223,
1068,sim_1068,7,0.0021400183430143687,3.716990301452437e-08,0.37679990784471834,0.0028191053865166886,0.8571428571428571,0.19663057526932223,
2637,sim_2637,7,0.0021400183430143687,0.0,0.37417067032715623,0.0024584468788918087,1.0,0.19663057526932223,
2636,sim_2636,7,0.0021400183430143687,5.90116693422788e-07,0.36044077134986224,0.0014617184537454278,0.6666666666666666,0.19663057526932223,
1063,sim_1063,7,0.0021400183430143687,1.1310458878626247e-07,0.3805700988947062,0.002950110560202774,0.9047619047619048,0.19663057526932223,
2634,sim_2634,7,0.0021400183430143687,5.097368828303312e-07,0.35481071699750516,0.0012596155212229816,0.8095238095238095,0.19663057526932223,
1057,sim_1057,7,0.0021400183430143687,1.9312546914075836e-07,0.37019013128112266,0.002235171343443274,0.8571428571428571,0.19663057526932223,
2664,sim_2664,7,0.0021400183430143687,1.7005854365989985e-07,0.37610670346096353,0.0025766045192547335,0.9523809523809523,0.19663057526932223,
2663,sim_2663,7,0.0021400183430143687,0.0,0.370525600362483,0.002319240528840203,1.0,0.19663057526932223,
1455,sim_1455,7,0.0021400183430143687,4.527868482059031e-07,0.3587016120188617,0.001381955434301982,0.7619047619047619,0.19663057526932223,
1476,sim_1476,7,0.0021400183430143687,0.0,0.3751577015712811,0.0022154152755485008,1.0,0.19663057526932223,
1475,sim_1475,7,0.0021400183430143687,1.0947545775631778e-07,0.3569402007856831,0.0013626893546406843,0.9047619047619048,0.19663057526932223,
2659,sim_2659,7,0.0021400183430143687,5.2772919030149796e-08,0.3558916331193559,0.0012949679548717513,0.8571428571428571,0.19663057526932223,
2658,sim_2658,7,0.0021400183430143687,3.0373711173254543e-07,0.36032165675258865,0.0013643983793961705,0.8571428571428571,0.19663057526932223,
2657,sim_2657,7,0.0021400183430143687,2.4004768490956473e-07,0.35327789178096985,0.0011651078583744554,0.7619047619047619,0.19663057526932223,
2656,sim_2656,7,0.0021400183430143687,3.047875913924405e-07,0.377277970011534,0.002813108624722352,0.9047619047619048,0.19663057526932223,
2655,sim_2655,7,0.0021400183430143687,1.2474506995640436e-07,0.3786756193563325,0.0028493762991777696,0.8095238095238095,0.19663057526932223,
1036,sim_1036,7,0.0021400183430143687,9.052131622402398e-08,0.36765201753400023,0.0022192337950351884,0.8095238095238095,0.19663057526932223,
2653,sim_2653,7,0.0021400183430143687,2.4076499838026605e-06,0.3632023095713968,0.0016461320324862297,0.8095238095238095,0.19663057526932223,
2652,sim_2652,7,0.0021400183430143687,4.468650871647708e-07,0.3607587956325135,0.001520496580747209,0.8571428571428571,0.19663057526932223,
2651,sim_2651,7,0.0021400183430143687,2.849188663883234e-07,0.37434195468070497,0.0025852629592128563,0.8571428571428571,0.19663057526932223,
1034,sim_1034,7,0.0021400183430143687,9.729666502614014e-08,0.3664985994397759,0.001752938412619573,0.9047619047619048,0.19663057526932223,
2649,sim_2649,7,0.0021400183430143687,3.5051570063705784e-09,0.37174678940788725,0.002542443994567676,0.9523809523809523,0.19663057526932223,
2681,sim_2681,7,0.0021400183430143687,2.1533577616092054e-07,0.36686855091969495,0.0020412334392004967,0.8571428571428571,0.19663057526932223,
2680,sim_2680,7,0.0021400183430143687,0.0,0.35531175320443187,0.0012320582521630943,1.0,0.19663057526932223,
2679,sim_2679,7,0.0021400183430143687,4.1571218548209225e-08,0.35612411540555255,0.0012903414082673546,0.9523809523809523,0.19663057526932223,
2678,sim_2678,7,0.0021400183430143687,1.4839416075286128e-07,0.367321729365525,0.0019402796380255038,0.8095238095238095,0.19663057526932223,
1027,sim_1027,7,0.0021400183430143687,1.1477033315987927e-07,0.36740424575985625,0.0020050336536009193,0.8571428571428571,0.19663057526932223,
2676,sim_2676,7,0.0021400183430143687,5.748477494394806e-07,0.35643456467255097,0.0013342281991101585,0.7619047619047619,0.19663057526932223,
2675,sim_2675,7,0.0021400183430143687,1.4132523708624793e-07,0.3766263672999424,0.002550322037544812,0.8571428571428571,0.19663057526932223,
2674,sim_2674,7,0.0021400183430143687,3.233591347631544e-08,0.366252379352816,0.0017745086300745107,0.9523809523809523,0.19663057526932223,
2673,sim_2673,7,0.0021400183430143687,2.2419826217753398e-07,0.364822663395048,0.0015870378381109154,0.8571428571428571,0.19663057526932223,
2672,sim_2672,7,0.0021400183430143687,3.959332466606849e-07,0.35343057806591033,0.001197049918930099,0.7619047619047619,0.19663057526932223,
1467,sim_1467,7,0.0021400183430143687,3.6264329579616074e-07,0.3629604971149578,0.001701924120706183,0.7619047619047619,0.19663057526932223,
2670,sim_2670,7,0.0021400183430143687,6.103410253482674e-08,0.3609976823750138,0.0017077038470263831,0.9047619047619048,0.19663057526932223,
2668,sim_2668,7,0.0021400183430143687,8.737020055257162e-08,0.3615163572060124,0.0018160785180167099,0.8571428571428571,0.19663057526932223,
2667,sim_2667,7,0.0021400183430143687,1.55713598649742e-07,0.34935383958133076,0.0008330397276681055,0.9047619047619048,0.19663057526932223,
2666,sim_2666,7,0.0021400183430143687,6.5892712365379e-08,0.351078673392723,0.0009586762615673992,0.9047619047619048,0.19663057526932223,
2665,sim_2665,7,0.0021400183430143687,2.665578215664912e-07,0.37753924284395196,0.0025448043778280426,0.8095238095238095,0.19663057526932223,
2697,sim_2697,7,0.0021400183430143687,1.1861037267641903e-06,0.3701063589047296,0.0019231744587010048,0.7619047619047619,0.19663057526932223,
2696,sim_2696,7,0.0021400183430143687,6.923685797843111e-07,0.36860491322965966,0.0019205774048473192,0.8571428571428571,0.19663057526932223,
1466,sim_1466,7,0.0021400183430143687,1.2656545543937384e-07,0.36881271845754876,0.002027143028070109,0.8095238095238095,0.19663057526932223,
2694,sim_2694,7,0.0021400183430143687,6.712650599622748e-07,0.35554347826086957,0.0011156874677925956,0.7619047619047619,0.19663057526932223,
2693,sim_2693,7,0.0021400183430143687,4.27112113578169e-08,0.3576426853269189,0.0014365619365068543,0.8571428571428571,0.19663057526932223,
2692,sim_2692,7,0.0021400183430143687,2.916415577005462e-07,0.36678627494954025,0.0019517096921922242,0.9047619047619048,0.19663057526932223,
2691,sim_2691,7,0.0021400183430143687,1.407534148611029e-07,0.364659977703456,0.0018565874004022164,0.8095238095238095,0.19663057526932223,
1464,sim_1464,7,0.0021400183430143687,0.0,0.3719581532863316,0.0022876512870421426,1.0,0.19663057526932223,
2689,sim_2689,7,0.0021400183430143687,8.237704449259623e-08,0.36547486033519555,0.0017475672171490073,0.9523809523809523,0.19663057526932223,
2688,sim_2688,7,0.0021400183430143687,7.21840293429689e-07,0.37006448693291094,0.0020136867247655147,0.8095238095238095,0.19663057526932223,
2687,sim_2687,7,0.0021400183430143687,1.3045982356129246e-07,0.37124049483600047,0.002353681599725632,0.8571428571428571,0.19663057526932223,
2686,sim_2686,7,0.0021400183430143687,3.064319713817474e-08,0.37438480027469384,0.0024320993965653063,0.9523809523809523,0.19663057526932223,
2685,sim_2685,7,0.0021400183430143687,1.1598472793583409e-06,0.36139653077008066,0.0013603907301494797,0.8571428571428571,0.19663057526932223,
2684,sim_2684,7,0.0021400183430143687,4.745604837971085e-08,0.36740424575985625,0.0022174469999801253,0.8571428571428571,0.19663057526932223,
2683,sim_2683,7,0.0021400183430143687,1.1358675965338591e-07,0.35335421842929676,0.0011336679542543688,0.8571428571428571,0.19663057526932223,
1500,sim_1500,7,0.0021400183430143687,8.557688563831922e-08,0.3730185882084616,0.0025975723275180945,0.9047619047619048,0.19663057526932223,
2711,sim_2711,7,0.0021400183430143687,0.0,0.3609180183162308,0.0015248324687551608,1.0,0.19663057526932223,
2710,sim_2710,7,0.0021400183430143687,1.3903820931640503e-08,0.35111635895234006,0.0010808135706012023,0.9523809523809523,0.19663057526932223,
2709,sim_2709,7,0.0021400183430143687,6.282472392533819e-07,0.3652707984366276,0.0018029720687276366,0.8095238095238095,0.19663057526932223,
1494,sim_1494,7,0.0021400183430143687,1.2801601374619455e-08,0.36356563298877403,0.0018598135095733762,0.9523809523809523,0.19663057526932223,
2707,sim_2707,7,0.0021400183430143687,1.2605407342437764e-07,0.36223698781838315,0.001745415572079252,0.9047619047619048,0.19663057526932223,
2705,sim_2705,7,0.0021400183430143687,1.14711631952758e-08,0.37876331635016214,0.002910953497248309,0.9523809523809523,0.19663057526932223,
2704,sim_2704,7,0.0021400183430143687,8.311407955991991e-08,0.370148240353061,0.002280934310875679,0.8571428571428571,0.19663057526932223,
1492,sim_1492,7,0.0021400183430143687,4.818160551376768e-07,0.37077760145091815,0.0021801953690725926,0.9047619047619048,0.19663057526932223,
315,sim_315,7,0.0021400183430143687,3.896401477701844e-09,0.38755924170616113,0.0036034598537161844,0.9523809523809523,0.19663057526932223,
1491,sim_1491,7,0.0021400183430143687,1.489343927195593e-08,0.3731462468628793,0.002443918817156848,0.9523809523809523,0.19663057526932223,
1517,sim_1517,7,0.0021400183430143687,7.141828000398204e-08,0.3754591368227732,0.0026506736444264142,0.9523809523809523,0.19663057526932223,
1513,sim_1513,7,0.0021400183430143687,3.732444741077175e-07,0.3583872028048647,0.0014112153345501445,0.7142857142857143,0.19663057526932223,
2701,sim_2701,7,0.0021400183430143687,4.6733883871617824e-07,0.3569402007856831,0.0009200109461489561,0.7619047619047619,0.19663057526932223,
2700,sim_2700,7,0.0021400183430143687,1.1057911054463838e-07,0.3504017139796465,0.0010648793008466004,0.8571428571428571,0.19663057526932223,
2699,sim_2699,7,0.0021400183430143687,2.9388039918427054e-07,0.3684803424580376,0.002093758768021803,0.8095238095238095,0.19663057526932223,
2698,sim_2698,7,0.0021400183430143687,4.908714521260157e-07,0.3473874256584537,0.0007653639280795031,0.7619047619047619,0.19663057526932223,
2727,sim_2727,7,0.0021400183430143687,4.835871206209513e-07,0.3545030887612442,0.0010409875438650684,0.8095238095238095,0.19663057526932223,
2726,sim_2726,7,0.0021400183430143687,5.707671755571486e-07,0.3526304441569642,0.0010446307082039967,0.7142857142857143,0.19663057526932223,
2725,sim_2725,7,0.0021400183430143687,3.2254835015312835e-07,0.36794150731158604,0.002238084689963155,0.8095238095238095,0.19663057526932223,
2724,sim_2724,7,0.0021400183430143687,1.262389779208146e-08,0.37749567224466246,0.0028820443656592597,0.9523809523809523,0.19663057526932223,
2723,sim_2723,7,0.0021400183430143687,8.396216100347011e-09,0.3806143821270654,0.0031753318729544765,0.9523809523809523,0.19663057526932223,
2722,sim_2722,7,0.0021400183430143687,4.378464725187232e-07,0.35721306104619416,0.0013247019425903948,0.7142857142857143,0.19663057526932223,
2721,sim_2721,7,0.0021400183430143687,7.950241153791006e-08,0.35531175320443187,0.0012398333377244763,0.8095238095238095,0.19663057526932223,
2720,sim_2720,7,0.0021400183430143687,3.0314953346098324e-07,0.35523457862728064,0.0010435016466162081,0.8095238095238095,0.19663057526932223,
1510,sim_1510,7,0.0021400183430143687,5.080644531075869e-07,0.367321729365525,0.0017674301254912825,0.7619047619047619,0.19663057526932223,
2718,sim_2718,7,0.0021400183430143687,2.463152200233177e-07,0.35255442983401597,0.0009522905870848337,0.8095238095238095,0.19663057526932223,
1509,sim_1509,7,0.0021400183430143687,8.624684319251695e-08,0.3833802156586967,0.002986106322391514,0.9047619047619048,0.19663057526932223,
2716,sim_2716,7,0.0021400183430143687,2.733665141066724e-08,0.37044167610419027,0.0021929600577080275,0.9523809523809523,0.19663057526932223,
1507,sim_1507,7,0.0021400183430143687,8.742927323488908e-08,0.3573691685786081,0.0014611779440962512,0.9047619047619048,0.19663057526932223,
2714,sim_2714,7,0.0021400183430143687,6.754819222143946e-07,0.35585291557876414,0.0011834392253415467,0.8571428571428571,0.19663057526932223,
2713,sim_2713,7,0.0021400183430143687,9.252865430245817e-07,0.3740850869167429,0.002367414919025517,0.9047619047619048,0.19663057526932223,
1506,sim_1506,7,0.0021400183430143687,1.7029241291768553e-08,0.37310368427056007,0.0025257005080661565,0.9523809523809523,0.19663057526932223,
2743,sim_2743,7,0.0021400183430143687,4.661544291315788e-07,0.343809123397099,0.0006391109470046515,0.7142857142857143,0.19663057526932223,
2742,sim_2742,7,0.0021400183430143687,5.419268493858787e-07,0.37344445712980934,0.0023319911482616424,0.8571428571428571,0.19663057526932223,
2741,sim_2741,7,0.0021400183430143687,3.7717762213134643e-07,0.36392968402314196,0.001963332894000897,0.8095238095238095,0.19663057526932223,
2740,sim_2740,7,0.0021400183430143687,2.18431663945857e-07,0.3708616780045351,0.002083143059149033,0.9523809523809523,0.19663057526932223,
2739,sim_2739,7,0.0021400183430143687,4.648589134656944e-08,0.37589059986210066,0.002305030942102304,0.9047619047619048,0.19663057526932223,
2738,sim_2738,7,0.0021400183430143687,6.080018511634502e-07,0.3567844677137871,0.0013880133937122416,0.7142857142857143,0.19663057526932223,
2737,sim_2737,7,0.0021400183430143687,7.018917402596727e-08,0.36810713481881613,0.0022568091329691043,0.7142857142857143,0.19663057526932223,
2736,sim_2736,7,0.0021400183430143687,7.625607532726791e-08,0.369562761269913,0.001957021693581225,0.9523809523809523,0.19663057526932223,
2735,sim_2735,7,0.0021400183430143687,0.0,0.35834794040315515,0.0015784804610183198,1.0,0.19663057526932223,
2734,sim_2734,7,0.0021400183430143687,4.873504026380611e-07,0.37412787372755346,0.002193600421426861,0.9047619047619048,0.19663057526932223,
1504,sim_1504,7,0.0021400183430143687,1.0856880580121952e-07,0.3602422907488987,0.0016167082814100941,0.8095238095238095,0.19663057526932223,
2732,sim_2732,7,0.0021400183430143687,3.913526041104686e-07,0.37124049483600047,0.0023842039466243363,0.9047619047619048,0.19663057526932223,
2731,sim_2731,7,0.0021400183430143687,1.5867613885230317e-07,0.34051634395169683,0.00048210297714167545,0.8571428571428571,0.19663057526932223,
1503,sim_1503,7,0.0021400183430143687,3.6207944547522995e-08,0.3709878643529545,0.002152361789991251,0.9523809523809523,0.19663057526932223,
2729,sim_2729,7,0.0021400183430143687,3.453332998387833e-08,0.37417067032715623,0.0022961063006434086,0.9047619047619048,0.19663057526932223,
2728,sim_2728,7,0.0021400183430143687,0.0,0.3705675767531438,0.0022081394220421235,1.0,0.19663057526932223,
2759,sim_2759,7,0.0021400183430143687,1.236384726977621e-07,0.36547486033519555,0.001907011311852397,0.9523809523809523,0.19663057526932223,
2757,sim_2757,7,0.0021400183430143687,5.724782016014663e-07,0.367734682405846,0.0018294368744853436,0.8571428571428571,0.19663057526932223,
2756,sim_2756,7,0.0021400183430143687,5.427975074662853e-07,0.3575644949715785,0.0013288345950640942,0.6190476190476191,0.19663057526932223,
2755,sim_2755,7,0.0021400183430143687,1.3087941645249801e-07,0.35639572891697535,0.0012871496359972436,0.8571428571428571,0.19663057526932223,
2754,sim_2754,7,0.0021400183430143687,1.994006252892616e-07,0.36711560044893377,0.002044381803115069,0.8571428571428571,0.19663057526932223,
2753,sim_2753,7,0.0021400183430143687,7.464742070134734e-07,0.3757178957041121,0.0026644860288485986,0.8095238095238095,0.19663057526932223,
2752,sim_2752,7,0.0021400183430143687,3.3415643435896494e-07,0.3495031520461588,0.0008395404705378561,0.7619047619047619,0.19663057526932223,
1502,sim_1502,7,0.0021400183430143687,6.843768351960362e-08,0.368895906168941,0.002120662387287152,0.8571428571428571,0.19663057526932223,
2751,sim_2751,7,0.0021400183430143687,3.891894980381236e-07,0.3708616780045351,0.0021536471938849995,0.8095238095238095,0.19663057526932223,
2750,sim_2750,7,0.0021400183430143687,9.049321858181408e-09,0.38719223484848486,0.0031998474172856297,0.9523809523809523,0.19663057526932223,
2749,sim_2749,7,0.0021400183430143687,8.238139612710766e-09,0.36547486033519555,0.0020850384500111143,0.9523809523809523,0.19663057526932223,
2748,sim_2748,7,0.0021400183430143687,1.9910514688006375e-07,0.3665807463857447,0.0017991305935753368,0.7142857142857143,0.19663057526932223,
2747,sim_2747,7,0.0021400183430143687,1.018993909456717e-07,0.3623975182805229,0.0018452293370085694,0.8571428571428571,0.19663057526932223,
2746,sim_2746,7,0.0021400183430143687,1.7361149997053897e-07,0.3604804937183161,0.0015491945715077277,0.7619047619047619,0.19663057526932223,
1522,sim_1522,7,0.0021400183430143687,4.9827700176408976e-08,0.37880718008106545,0.0028297038579822905,0.9047619047619048,0.19663057526932223,
2744,sim_2744,7,0.0021400183430143687,2.5703529377122625e-07,0.37593380071256177,0.002443213067567006,0.8095238095238095,0.19663057526932223,
2774,sim_2774,7,0.0021400183430143687,1.4980800979126773e-07,0.35670665212649943,0.0010714047870744128,0.8095238095238095,0.19663057526932223,
2773,sim_2773,7,0.0021400183430143687,5.787193749462876e-08,0.37627976532842516,0.0023963785974854515,0.9523809523809523,0.19663057526932223,
2772,sim_2772,7,0.0021400183430143687,7.312650830120201e-08,0.3639701791476577,0.0017269790576266997,0.9047619047619048,0.19663057526932223,
1520,sim_1520,7,0.0021400183430143687,4.390875815015637e-07,0.3569402007856831,0.0013523796537618555,0.7619047619047619,0.19663057526932223,
2770,sim_2770,7,0.0021400183430143687,1.4796911350855422e-06,0.3672392500280678,0.0018078030540123653,0.8095238095238095,0.19663057526932223,
1007,sim_1007,7,0.0021400183430143687,5.284638633899887e-08,0.3620365246264527,0.001730680345305891,0.8571428571428571,0.19663057526932223,
2768,sim_2768,7,0.0021400183430143687,1.9148392958964455e-07,0.3585050416483998,0.0014415478840358827,0.8095238095238095,0.19663057526932223,
1001,sim_1001,7,0.0021400183430143687,2.1985075265918525e-08,0.3666218336695808,0.002154446571686815,0.8571428571428571,0.19663057526932223,
2767,sim_2767,7,0.0021400183430143687,1.2615047754751154e-06,0.37801918409800067,0.0026820936211054054,0.8571428571428571,0.19663057526932223,
2766,sim_2766,7,0.0021400183430143687,2.5087433468540606e-07,0.3613566062748564,0.0015413176577814829,0.7619047619047619,0.19663057526932223,
2765,sim_2765,7,0.0021400183430143687,1.507060825311314e-07,0.3755884716959467,0.002608204582966714,0.9047619047619048,0.19663057526932223,
2764,sim_2764,7,0.0021400183430143687,4.801783822492935e-07,0.3555821284922274,0.0013447688968596088,0.8095238095238095,0.19663057526932223,
994,sim_994,7,0.0021400183430143687,7.47870923560488e-08,0.3719581532863316,0.002333184830447172,0.9047619047619048,0.19663057526932223,
2762,sim_2762,7,0.0021400183430143687,3.212087579078826e-07,0.3627994676131322,0.0016650348443277595,0.9523809523809523,0.19663057526932223,
2761,sim_2761,7,0.0021400183430143687,6.564272202235992e-07,0.3623975182805229,0.001611364566970107,0.7619047619047619,0.19663057526932223,
2760,sim_2760,7,0.0021400183430143687,7.83371860026536e-07,0.367321729365525,0.0020438372336262405,0.8095238095238095,0.19663057526932223,
2790,sim_2790,7,0.0021400183430143687,1.498367521080182e-07,0.3710720363017584,0.0022217695726180872,0.9047619047619048,0.19663057526932223,
2789,sim_2789,7,0.0021400183430143687,1.2687685018709422e-07,0.3621968774222124,0.00147149053558572,0.8571428571428571,0.19663057526932223,
2788,sim_2788,7,0.0021400183430143687,1.414902508083074e-06,0.3727210574293528,0.0020387487616272642,0.7142857142857143,0.19663057526932223,
2787,sim_2787,7,0.0021400183430143687,1.9899936825193958e-07,0.3805258259655654,0.0029754295783226475,0.8571428571428571,0.19663057526932223,
2786,sim_2786,7,0.0021400183430143687,2.956362585094387e-07,0.35550483643082276,0.0013760972339194031,0.7142857142857143,0.19663057526932223,
992,sim_992,7,0.0021400183430143687,2.5500609874814957e-07,0.35293482952093225,0.0011778555769133682,0.8095238095238095,0.19663057526932223,
2784,sim_2784,7,0.0021400183430143687,1.0923879477883211e-07,0.3635252278284063,0.001715021067662608,0.8095238095238095,0.19663057526932223,
1021,sim_1021,7,0.0021400183430143687,5.1981553868919936e-08,0.36931240826464945,0.002182920707063985,0.8571428571428571,0.19663057526932223,
2783,sim_2783,7,0.0021400183430143687,6.38367525370656e-07,0.3632023095713968,0.0015579053433855065,0.8571428571428571,0.19663057526932223,
2782,sim_2782,7,0.0021400183430143687,3.537434429145391e-08,0.34048089934422815,0.0004582046325684448,0.9523809523809523,0.19663057526932223,
2781,sim_2781,7,0.0021400183430143687,6.110523909391787e-07,0.37370044556152177,0.002016154316001323,0.8571428571428571,0.19663057526932223,
2780,sim_2780,7,0.0021400183430143687,4.0490625153657313e-07,0.3621567759078831,0.001668912995459357,0.8571428571428571,0.19663057526932223,
2779,sim_2779,7,0.0021400183430143687,1.6939291280392888e-07,0.3674867992360409,0.0021583709942036965,0.8571428571428571,0.19663057526932223,
2778,sim_2778,7,0.0021400183430143687,3.664418109638201e-07,0.370148240353061,0.0022748582564338835,0.8571428571428571,0.19663057526932223,
2777,sim_2777,7,0.0021400183430143687,1.895251744848465e-07,0.36449743704033877,0.0018934384139520134,0.9523809523809523,0.19663057526932223,
2775,sim_2775,7,0.0021400183430143687,1.034475279050697e-06,0.378368999421631,0.002559059575131442,0.8095238095238095,0.19663057526932223,
2807,sim_2807,7,0.0021400183430143687,3.8578155372224596e-07,0.3431598825010491,0.0005455439723746131,0.7619047619047619,0.19663057526932223,
2806,sim_2806,7,0.0021400183430143687,2.6451949026232186e-07,0.36457868925546144,0.0016254066297017422,0.9523809523809523,0.19663057526932223,
2805,sim_2805,7,0.0021400183430143687,9.457047672368829e-08,0.36044077134986224,0.001426263276817701,0.8571428571428571,0.19663057526932223,
2804,sim_2804,7,0.0021400183430143687,2.620140656021253e-07,0.3579949655247893,0.0013661397445235352,0.8571428571428571,0.19663057526932223,
2803,sim_2803,7,0.0021400183430143687,2.2773192167519015e-07,0.35527316172477463,0.0011212884245939184,0.7619047619047619,0.19663057526932223,
2802,sim_2802,7,0.0021400183430143687,7.95382173622812e-07,0.3587409519631498,0.0015977166854292102,0.8571428571428571,0.19663057526932223,
2801,sim_2801,7,0.0021400183430143687,1.581995844078114e-06,0.366252379352816,0.002146712541454417,0.7619047619047619,0.19663057526932223,
1017,sim_1017,7,0.0021400183430143687,0.0,0.3733592055701404,0.002523283827963755,1.0,0.19663057526932223,
2799,sim_2799,7,0.0021400183430143687,2.3274071231762713e-07,0.3619163531754813,0.0017437297814938187,0.8571428571428571,0.19663057526932223,
2798,sim_2798,7,0.0021400183430143687,1.748513191170016e-07,0.35527316172477463,0.0013431052337019183,0.7142857142857143,0.19663057526932223,
2797,sim_2797,7,0.0021400183430143687,4.0545414996592364e-07,0.36429446486245687,0.0018359189104907748,0.8571428571428571,0.19663057526932223,
2795,sim_2795,7,0.0021400183430143687,1.4421391473584584e-08,0.3607587956325135,0.001768670812305189,0.9047619047619048,0.19663057526932223,
2794,sim_2794,7,0.0021400183430143687,1.5325191746472785e-07,0.370525600362483,0.001996333099910914,0.8571428571428571,0.19663057526932223,
2793,sim_2793,7,0.0021400183430143687,1.6686224908279547e-08,0.36740424575985625,0.001978498696581385,0.9047619047619048,0.19663057526932223,
2792,sim_2792,7,0.0021400183430143687,6.931254865239445e-08,0.37387129957709453,0.0022960410503127904,0.8095238095238095,0.19663057526932223,
2791,sim_2791,7,0.0021400183430143687,1.4301048177228857e-07,0.3779318313113807,0.0024240716107589173,0.9523809523809523,0.19663057526932223,
2822,sim_2822,7,0.0021400183430143687,6.496247474852043e-07,0.3605599647266314,0.0013203510371677255,0.8095238095238095,0.19663057526932223,
2821,sim_2821,7,0.0021400183430143687,2.3269025511610058e-07,0.34898111597140724,0.000864436688506868,0.9523809523809523,0.19663057526932223,
2820,sim_2820,7,0.0021400183430143687,4.94686802371641e-07,0.35335421842929676,0.0010100701882920502,0.7142857142857143,0.19663057526932223,
2819,sim_2819,7,0.0021400183430143687,0.0,0.37434195468070497,0.0025771016022438633,1.0,0.19663057526932223,
2818,sim_2818,7,0.0021400183430143687,1.879512572232262e-07,0.37352974763046703,0.002120314979728361,0.8571428571428571,0.19663057526932223,
2817,sim_2817,7,0.0021400183430143687,4.506962988265862e-07,0.36535239584496815,0.001713522306609006,0.8571428571428571,0.19663057526932223,
2816,sim_2816,7,0.0021400183430143687,8.88318460183601e-07,0.37679990784471834,0.002663382520350332,0.8095238095238095,0.19663057526932223,
1016,sim_1016,7,0.0021400183430143687,1.2855368992111033e-07,0.37174678940788725,0.0022888850000473315,0.9523809523809523,0.19663057526932223,
2815,sim_2815,7,0.0021400183430143687,2.912587628562424e-08,0.3696045197740113,0.0022892391944461816,0.9047619047619048,0.19663057526932223,
2814,sim_2814,7,0.0021400183430143687,0.0,0.3643350412118512,0.0018555849496268092,1.0,0.19663057526932223,
2813,sim_2813,7,0.0021400183430143687,2.7882604075037923e-08,0.3680657139642174,0.002206614785198557,0.9047619047619048,0.19663057526932223,
2812,sim_2812,7,0.0021400183430143687,2.119417356476308e-07,0.3709037305816986,0.0021321232285397063,0.8095238095238095,0.19663057526932223,
2811,sim_2811,7,0.0021400183430143687,3.083265621095629e-07,0.35206113443116993,0.001045825372941795,0.7619047619047619,0.19663057526932223,
1544,sim_1544,7,0.0021400183430143687,5.014697969145501e-09,0.37472791843281017,0.002863811751852924,0.9523809523809523,0.19663057526932223,
2809,sim_2809,7,0.0021400183430143687,1.3996484028081238e-07,0.37044167610419027,0.0022461460953517435,0.8571428571428571,0.19663057526932223,
2808,sim_2808,7,0.0021400183430143687,1.87583898723528e-07,0.3701063589047296,0.002131314212995862,0.8571428571428571,0.19663057526932223,
2839,sim_2839,7,0.0021400183430143687,1.0196370629738456e-07,0.3739995426480677,0.002580340497372769,0.9523809523809523,0.19663057526932223,
2838,sim_2838,7,0.0021400183430143687,6.645812233812673e-07,0.34591793570219964,0.000716041683417946,0.6666666666666666,0.19663057526932223,
2837,sim_2837,7,0.0021400183430143687,9.83613427271095e-08,0.3562016770118698,0.0012516020447768431,0.9047619047619048,0.19663057526932223,
2836,sim_2836,7,0.0021400183430143687,1.1199140005847147e-06,0.36584274689632035,0.0016450292297389346,0.7142857142857143,0.19663057526932223,
2835,sim_2835,7,0.0021400183430143687,2.1359456391511068e-07,0.35612411540555255,0.0011871685160740235,0.8095238095238095,0.19663057526932223,
2834,sim_2834,7,0.0021400183430143687,1.2820591259007158e-07,0.36690970274817725,0.002148475952340587,0.7619047619047619,0.19663057526932223,
2833,sim_2833,7,0.0021400183430143687,6.472162028679859e-07,0.3602422907488987,0.0014984876825919163,0.7619047619047619,0.19663057526932223,
2832,sim_2832,7,0.0021400183430143687,8.753705097109844e-08,0.34898111597140724,0.0010068464750587242,0.9047619047619048,0.19663057526932223,
2831,sim_2831,7,0.0021400183430143687,5.191613811081049e-08,0.3650262247517018,0.0017927553290313307,0.9047619047619048,0.19663057526932223,
2829,sim_2829,7,0.0021400183430143687,2.0614842675145852e-07,0.35055192369520954,0.0011315300274728599,0.7142857142857143,0.19663057526932223,
2828,sim_2828,7,0.0021400183430143687,2.1781449869861456e-07,0.3651892374679022,0.0018869112085752962,0.9047619047619048,0.19663057526932223,
2827,sim_2827,7,0.0021400183430143687,3.169200291762917e-09,0.37815028901734105,0.00297735996861881,0.9523809523809523,0.19663057526932223,
2826,sim_2826,7,0.0021400183430143687,2.930903138377785e-07,0.3519853653287421,0.0009684008074140188,0.8571428571428571,0.19663057526932223,
2825,sim_2825,7,0.0021400183430143687,1.4495113142396626e-07,0.3602026208567338,0.0015431799804904714,0.8571428571428571,0.19663057526932223,
2824,sim_2824,7,0.0021400183430143687,1.1765789980591554e-07,0.35893778119170416,0.001379124384715585,0.9523809523809523,0.19663057526932223,
2823,sim_2823,7,0.0021400183430143687,5.342003010142968e-08,0.3590559824368825,0.0015037392895540151,0.9047619047619048,0.19663057526932223,
1543,sim_1543,7,0.0021400183430143687,4.263833511158861e-08,0.37434195468070497,0.002640332202714511,0.8571428571428571,0.19663057526932223,
987,sim_987,7,0.0021400183430143687,9.510474953704258e-07,0.37039972823009853,0.002015220533702377,0.7142857142857143,0.19663057526932223,
2853,sim_2853,7,0.0021400183430143687,5.140021496691814e-08,0.36095784595012137,0.0017109342214944394,0.8571428571428571,0.19663057526932223,
983,sim_983,7,0.0021400183430143687,3.291130826009149e-08,0.3709878643529545,0.0022562980414966164,0.9523809523809523,0.19663057526932223,
2851,sim_2851,7,0.0021400183430143687,7.297807738370668e-07,0.36690970274817725,0.0020258547568575923,0.9047619047619048,0.19663057526932223,
1533,sim_1533,7,0.0021400183430143687,1.7550923088541586e-08,0.36263858093126383,0.0018030034518748297,0.9523809523809523,0.19663057526932223,
2849,sim_2849,7,0.0021400183430143687,4.4490278283496813e-07,0.3748997134670487,0.0025223637158940664,0.8571428571428571,0.19663057526932223,
2848,sim_2848,7,0.0021400183430143687,8.034175962720354e-09,0.37494268684089865,0.002530595120897758,0.9523809523809523,0.19663057526932223,
2847,sim_2847,7,0.0021400183430143687,5.810737105425417e-08,0.3433399811063294,0.0005659338810490246,0.9523809523809523,0.19663057526932223,
2846,sim_2846,7,0.0021400183430143687,2.0092024468679336e-07,0.36893751409880443,0.0019177915814917901,0.9523809523809523,0.19663057526932223,
2845,sim_2845,7,0.0021400183430143687,1.6582973815330872e-06,0.3627190064315813,0.001775658004824584,0.7142857142857143,0.19663057526932223,
1529,sim_1529,7,0.0021400183430143687,6.309176962708122e-08,0.35937156668863984,0.0017133014439602843,0.8095238095238095,0.19663057526932223,
1526,sim_1526,7,0.0021400183430143687,2.4085021884070585e-08,0.37645298653469905,0.0025237039804587354,0.9523809523809523,0.19663057526932223,
2842,sim_2842,7,0.0021400183430143687,2.0441755686052245e-07,0.3691873589164786,0.002254582628165493,0.8095238095238095,0.19663057526932223,
1524,sim_1524,7,0.0021400183430143687,1.481942541395485e-07,0.35858364393773295,0.0015532608567879465,0.8571428571428571,0.19663057526932223,
2840,sim_2840,7,0.0021400183430143687,1.302818344609705e-07,0.3656791503633315,0.0019205303762478742,0.9047619047619048,0.19663057526932223,
2871,sim_2871,7,0.0021400183430143687,7.297758696587275e-07,0.35411930280394066,0.001064883733553471,0.7619047619047619,0.19663057526932223,
2870,sim_2870,7,0.0021400183430143687,7.715135127336127e-07,0.3565511227381731,0.0013138114000593609,0.7619047619047619,0.19663057526932223,
2869,sim_2869,7,0.0021400183430143687,1.661482471014395e-07,0.35945054945054944,0.0015426577976545976,0.9047619047619048,0.19663057526932223,
2868,sim_2868,7,0.0021400183430143687,5.790246789883641e-07,0.36163626312880043,0.0015276707653902573,0.9047619047619048,0.19663057526932223,
2867,sim_2867,7,0.0021400183430143687,4.431029285949148e-08,0.3647413024085638,0.0019527290349069459,0.9523809523809523,0.19663057526932223,
2866,sim_2866,7,0.0021400183430143687,3.1815334520807874e-08,0.3701063589047296,0.0021868441100491155,0.8571428571428571,0.19663057526932223,
2865,sim_2865,7,0.0021400183430143687,6.806617778184308e-08,0.3691040397201535,0.0021428097102817994,0.8571428571428571,0.19663057526932223,
2864,sim_2864,7,0.0021400183430143687,1.6972163446133272e-07,0.3682314533378363,0.0023485559796500586,0.9047619047619048,0.19663057526932223,
2863,sim_2863,7,0.0021400183430143687,3.8312927090852544e-07,0.34797872340425534,0.0008028857480039524,0.8571428571428571,0.19663057526932223,
2862,sim_2862,7,0.0021400183430143687,8.755216772008253e-08,0.3582302047968459,0.0013922738818268714,0.9047619047619048,0.19663057526932223,
1559,sim_1559,7,0.0021400183430143687,3.275262924633455e-08,0.3725088258740462,0.0024019391581428743,0.9523809523809523,0.19663057526932223,
2860,sim_2860,7,0.0021400183430143687,3.991563181097038e-07,0.37580422794117646,0.0023139212935596137,0.8095238095238095,0.19663057526932223,
2859,sim_2859,7,0.0021400183430143687,6.22136628772352e-08,0.3730185882084616,0.0022530870418553937,0.9523809523809523,0.19663057526932223,
2858,sim_2858,7,0.0021400183430143687,1.614718300680385e-07,0.3698134539287733,0.0020848850881430574,0.8571428571428571,0.19663057526932223,
2857,sim_2857,7,0.0021400183430143687,2.862602934284157e-07,0.3852314215051231,0.0029113601736613856,0.9523809523809523,0.19663057526932223,
2856,sim_2856,7,0.0021400183430143687,6.542589782774215e-07,0.35573681348559,0.0011676056807148798,0.8571428571428571,0.19663057526932223,
2887,sim_2887,7,0.0021400183430143687,4.428136656993235e-08,0.3709878643529545,0.002403267573806148,0.9523809523809523,0.19663057526932223,
2886,sim_2886,7,0.0021400183430143687,4.023246921092646e-07,0.3587016120188617,0.0010893102228057624,0.7619047619047619,0.19663057526932223,
2885,sim_2885,7,0.0021400183430143687,8.901343944377061e-08,0.3706095626557897,0.002257146696484131,0.9047619047619048,0.19663057526932223,
2884,sim_2884,7,0.0021400183430143687,2.103130205994419e-08,0.36543402971735,0.0018939835442027117,0.9523809523809523,0.19663057526932223,
1558,sim_1558,7,0.0021400183430143687,8.896475139077951e-08,0.3720427661510464,0.0025290713206197963,0.9523809523809523,0.19663057526932223,
2882,sim_2882,7,0.0021400183430143687,8.451501948184042e-07,0.3683143790113726,0.002004640015825106,0.8095238095238095,0.19663057526932223,
2881,sim_2881,7,0.0021400183430143687,1.3860754409407651e-07,0.35744727352201944,0.0013719333162458046,0.8095238095238095,0.19663057526932223,
2880,sim_2880,7,0.0021400183430143687,7.366798017345338e-07,0.3614364640883978,0.001485461122578495,0.7142857142857143,0.19663057526932223,
1557,sim_1557,7,0.0021400183430143687,1.2837939299873796e-07,0.36794150731158604,0.0021683487946383604,0.9047619047619048,0.19663057526932223,
966,sim_966,7,0.0021400183430143687,9.050918394102023e-09,0.37893883225208524,0.0028124476228988805,0.9523809523809523,0.19663057526932223,
2877,sim_2877,7,0.0021400183430143687,1.1667429540257806e-07,0.36425389755011134,0.0019870960494379557,0.8571428571428571,0.19663057526932223,
2876,sim_2876,7,0.0021400183430143687,3.884561599909838e-07,0.3671568077225278,0.0017518011457160428,0.8571428571428571,0.19663057526932223,
963,sim_963,7,0.0021400183430143687,8.489356597112708e-08,0.3699389278443791,0.0022582987278016945,0.8095238095238095,0.19663057526932223,
2874,sim_2874,7,0.0021400183430143687,8.13999917006454e-08,0.3672392500280678,0.0018976287122290552,0.9047619047619048,0.19663057526932223,
2873,sim_2873,7,0.0021400183430143687,3.5906393103437483e-07,0.352402499461323,0.0010601415117723885,0.7619047619047619,0.19663057526932223,
1548,sim_1548,7,0.0021400183430143687,0.0,0.36510771291438776,0.002004761194582753,1.0,0.19663057526932223,
2903,sim_2903,7,0.0021400183430143687,0.0,0.3622771070993466,0.0015308254872988998,1.0,0.19663057526932223,
2902,sim_2902,7,0.0021400183430143687,1.6369140767400767e-07,0.3560465875693915,0.0013241654668685956,0.8095238095238095,0.19663057526932223,
2901,sim_2901,7,0.0021400183430143687,5.230095727269187e-08,0.366252379352816,0.0021490330335512137,0.8571428571428571,0.19663057526932223,
1571,sim_1571,7,0.0021400183430143687,6.179489507603858e-07,0.3604010577346849,0.001458935511512132,0.7619047619047619,0.19663057526932223,
2899,sim_2899,7,0.0021400183430143687,6.411310562533826e-08,0.3762364849321371,0.0027493182872728827,0.9523809523809523,0.19663057526932223,
2898,sim_2898,7,0.0021400183430143687,3.595418774171014e-08,0.36344444444444446,0.0018213948117764335,0.9047619047619048,0.19663057526932223,
2897,sim_2897,7,0.0021400183430143687,5.449073859129573e-08,0.36336369695623194,0.001559667240211535,0.9047619047619048,0.19663057526932223,
2896,sim_2896,7,0.0021400183430143687,4.29852890158792e-07,0.3636060471320587,0.0017240254768991462,0.7619047619047619,0.19663057526932223,
2895,sim_2895,7,0.0021400183430143687,1.8924997796592265e-07,0.3596481583287521,0.0016406132830346248,0.9047619047619048,0.19663057526932223,
958,sim_958,7,0.0021400183430143687,3.9146071097932453e-07,0.38181393720088713,0.0031375520454884074,0.8095238095238095,0.19663057526932223,
955,sim_955,7,0.0021400183430143687,0.0,0.3716200863440127,0.002435154041606613,1.0,0.19663057526932223,
948,sim_948,7,0.0021400183430143687,2.5348463044143205e-07,0.37225446682599295,0.0024762359209385275,0.9047619047619048,0.19663057526932223,
2891,sim_2891,7,0.0021400183430143687,7.468181748607478e-07,0.3666218336695808,0.0019446522349342698,0.8571428571428571,0.19663057526932223,
2890,sim_2890,7,0.0021400183430143687,5.598371344901343e-08,0.36449743704033877,0.0018316454418238642,0.8571428571428571,0.19663057526932223,
2889,sim_2889,7,0.0021400183430143687,9.709473344016874e-08,0.35423435131037473,0.0011923648142311463,0.9047619047619048,0.19663057526932223,
2888,sim_2888,7,0.0021400183430143687,3.584782877241236e-07,0.35255442983401597,0.0009780034320102113,0.7142857142857143,0.19663057526932223,
2919,sim_2919,7,0.0021400183430143687,3.7850512455620864e-08,0.357057089837354,0.0014749509082290033,0.9047619047619048,0.19663057526932223,
2918,sim_2918,7,0.0021400183430143687,1.988481145404476e-08,0.3708616780045351,0.0024627288203425777,0.8571428571428571,0.19663057526932223,
2917,sim_2917,7,0.0021400183430143687,1.4785418088947696e-07,0.36674515080165937,0.0020065159582503315,0.8095238095238095,0.19663057526932223,
2916,sim_2916,7,0.0021400183430143687,3.2850430674948573e-07,0.3651892374679022,0.00179491278839795,0.8095238095238095,0.19663057526932223,
2915,sim_2915,7,0.0021400183430143687,6.201124222423813e-07,0.36028196937988766,0.0014908296466903032,0.8571428571428571,0.19663057526932223,
2914,sim_2914,7,0.0021400183430143687,4.0127471496041836e-07,0.369729851927207,0.0020405117130728122,0.8095238095238095,0.19663057526932223,
2913,sim_2913,7,0.0021400183430143687,4.326634741635931e-07,0.35327789178096985,0.0010883740125678014,0.8571428571428571,0.19663057526932223,
2912,sim_2912,7,0.0021400183430143687,4.455725148780334e-07,0.3558916331193559,0.0013030684631219992,0.8571428571428571,0.19663057526932223,
2911,sim_2911,7,0.0021400183430143687,1.0889859890594943e-06,0.36790012372061637,0.0017631186649570748,0.7619047619047619,0.19663057526932223,
2910,sim_2910,7,0.0021400183430143687,4.7213810226634177e-07,0.3579949655247893,0.0012037456652395214,0.7142857142857143,0.19663057526932223,
2909,sim_2909,7,0.0021400183430143687,1.31214645676895e-06,0.3615962856511165,0.0015444129117441166,0.7619047619047619,0.19663057526932223,
2908,sim_2908,7,0.0021400183430143687,2.253713734250761e-07,0.3708616780045351,0.0020834033634046394,0.8571428571428571,0.19663057526932223,
947,sim_947,7,0.0021400183430143687,6.899712745904014e-09,0.37732149036797785,0.0027711691088694933,0.9523809523809523,0.19663057526932223,
2906,sim_2906,7,0.0021400183430143687,5.364089128807083e-07,0.3720850870208167,0.002325537640447873,0.8571428571428571,0.19663057526932223,
2905,sim_2905,7,0.0021400183430143687,2.911821194285815e-07,0.3431598825010491,0.0005903838553007695,0.8095238095238095,0.19663057526932223,
2904,sim_2904,7,0.0021400183430143687,5.536478660036583e-07,0.3631216696269982,0.0016676283495025241,0.8095238095238095,0.19663057526932223,
2935,sim_2935,7,0.0021400183430143687,3.182690190530451e-08,0.3615563170111639,0.0018782672512840256,0.8571428571428571,0.19663057526932223,
2934,sim_2934,7,0.0021400183430143687,3.6904803958222506e-07,0.3424772275154434,0.0005473551990316868,0.9047619047619048,0.19663057526932223,
1567,sim_1567,7,0.0021400183430143687,5.4003657066447245e-08,0.3714512832159891,0.0023444261907030477,0.9523809523809523,0.19663057526932223,
2932,sim_2932,7,0.0021400183430143687,7.071677184111984e-08,0.3709878643529545,0.00206127765822661,0.9523809523809523,0.19663057526932223,
2931,sim_2931,7,0.0021400183430143687,4.049782685101142e-08,0.3709037305816986,0.0022125901847719377,0.9523809523809523,0.19663057526932223,
2930,sim_2930,7,0.0021400183430143687,2.5168749082658944e-07,0.3618362831858407,0.00163583696400604,0.8095238095238095,0.19663057526932223,
2929,sim_2929,7,0.0021400183430143687,2.932225213885378e-07,0.36247783687943264,0.001352581596128683,0.9047619047619048,0.19663057526932223,
2928,sim_2928,7,0.0021400183430143687,2.169990990498593e-07,0.3630813630813631,0.0017382043817610049,0.8571428571428571,0.19663057526932223,
2927,sim_2927,7,0.0021400183430143687,1.400147494530428e-07,0.36559740695205095,0.0018959464664588313,0.9047619047619048,0.19663057526932223,
1565,sim_1565,7,0.0021400183430143687,5.373795607761707e-07,0.37494268684089865,0.002634400426617759,0.8571428571428571,0.19663057526932223,
2925,sim_2925,7,0.0021400183430143687,5.678644464604221e-07,0.3523265833692374,0.0009931678682588835,0.8095238095238095,0.19663057526932223,
2924,sim_2924,7,0.0021400183430143687,8.356485932924493e-08,0.3731462468628793,0.002481129722463449,0.8095238095238095,0.19663057526932223,
1561,sim_1561,7,0.0021400183430143687,1.1109509245341071e-07,0.37602023221059894,0.002665057248132976,0.9047619047619048,0.19663057526932223,
2922,sim_2922,7,0.0021400183430143687,3.1437998431026746e-07,0.36794150731158604,0.0019491583007063297,0.7619047619047619,0.19663057526932223,
2921,sim_2921,7,0.0021400183430143687,1.9723572477149808e-07,0.36340406621486504,0.0018576536381170517,0.9047619047619048,0.19663057526932223,
1595,sim_1595,7,0.0021400183430143687,3.7260570133091695e-07,0.3622771070993466,0.001469680317433391,0.7619047619047619,0.19663057526932223,
2951,sim_2951,7,0.0021400183430143687,4.10611885719607e-08,0.3709037305816986,0.002164041637286204,0.9523809523809523,0.19663057526932223,
2950,sim_2950,7,0.0021400183430143687,2.2950440089966746e-08,0.3644568245125348,0.001603905567314931,0.9523809523809523,0.19663057526932223,
2949,sim_2949,7,0.0021400183430143687,5.085213857451343e-07,0.35686231725943707,0.0011796000138488616,0.7619047619047619,0.19663057526932223,
1592,sim_1592,7,0.0021400183430143687,7.747345346580426e-08,0.3631619851226824,0.0018676499284410188,0.8571428571428571,0.19663057526932223,
2947,sim_2947,7,0.0021400183430143687,7.2511509441572205e-09,0.3705675767531438,0.0022643396169191076,0.9523809523809523,0.19663057526932223,
1591,sim_1591,7,0.0021400183430143687,6.013938006355995e-07,0.3798629659737545,0.002540496745827749,0.8571428571428571,0.19663057526932223,
2945,sim_2945,7,0.0021400183430143687,1.7593657366662171e-07,0.3506646655231561,0.0010797935229787373,0.7142857142857143,0.19663057526932223,
1590,sim_1590,7,0.0021400183430143687,4.104243811660802e-08,0.3755022385489611,0.002609877085406012,0.9047619047619048,0.19663057526932223,
2943,sim_2943,7,0.0021400183430143687,3.6217522312659295e-07,0.3632023095713968,0.001683902816190935,0.8095238095238095,0.19663057526932223,
2942,sim_2942,7,0.0021400183430143687,7.924308196569713e-07,0.3521369361610507,0.0010665254737105734,0.7619047619047619,0.19663057526932223,
1588,sim_1588,7,0.0021400183430143687,8.819940016061624e-08,0.34931653139683894,0.0009990298823886236,0.9047619047619048,0.19663057526932223,
2940,sim_2940,7,0.0021400183430143687,1.5726130051921657e-08,0.3643350412118512,0.0019808707192434907,0.9523809523809523,0.19663057526932223,
2939,sim_2939,7,0.0021400183430143687,7.118217971696919e-07,0.35434947459646843,0.001012291439746111,0.5714285714285714,0.19663057526932223,
2938,sim_2938,7,0.0021400183430143687,4.0050282904255447e-07,0.36283971159179146,0.0016792302684612655,0.8571428571428571,0.19663057526932223,
2937,sim_2937,7,0.0021400183430143687,3.430947873904512e-07,0.3696880650994575,0.0022214195709235407,0.8571428571428571,0.19663057526932223,
2936,sim_2936,7,0.0021400183430143687,1.7521371761492975e-07,0.3810577819198509,0.0029022901935477886,0.9047619047619048,0.19663057526932223,
2967,sim_2967,7,0.0021400183430143687,8.754280198954387e-07,0.36251800953119806,0.0015278911627352144,0.8095238095238095,0.19663057526932223,
2966,sim_2966,7,0.0021400183430143687,5.215101659761881e-07,0.3693958215697346,0.0019665643746648864,0.8095238095238095,0.19663057526932223,
2965,sim_2965,7,0.0021400183430143687,4.3346966996102716e-07,0.37081963496202247,0.002055645332696204,0.8571428571428571,0.19663057526932223,
1585,sim_1585,7,0.0021400183430143687,2.243317856266028e-07,0.36263858093126383,0.001704251157454567,0.9047619047619048,0.19663057526932223,
2963,sim_2963,7,0.0021400183430143687,1.9580094178140424e-07,0.35010168040244033,0.0009661315805311923,0.9047619047619048,0.19663057526932223,
2962,sim_2962,7,0.0021400183430143687,3.387511880993843e-08,0.3630410654827969,0.001818266314351743,0.9047619047619048,0.19663057526932223,
2961,sim_2961,7,0.0021400183430143687,2.1820559411279212e-07,0.3558142064614381,0.001297673697824527,0.9047619047619048,0.19663057526932223,
2960,sim_2960,7,0.0021400183430143687,6.211647968238899e-07,0.35768179332968836,0.001337098550610496,0.6666666666666666,0.19663057526932223,
2959,sim_2959,7,0.0021400183430143687,2.088339199436679e-06,0.3629202263397315,0.0015435340378470701,0.8571428571428571,0.19663057526932223,
2958,sim_2958,7,0.0021400183430143687,6.919477225951268e-07,0.3708616780045351,0.002085823429796885,0.8571428571428571,0.19663057526932223,
2957,sim_2957,7,0.0021400183430143687,4.0003482611925096e-07,0.35130490817312854,0.0009858121338253202,0.9047619047619048,0.19663057526932223,
1584,sim_1584,7,0.0021400183430143687,2.0229372371485785e-07,0.36686855091969495,0.0019349303496032217,0.9047619047619048,0.19663057526932223,
2955,sim_2955,7,0.0021400183430143687,5.781503405160425e-07,0.3632023095713968,0.0016958052485992314,0.7142857142857143,0.19663057526932223,
2954,sim_2954,7,0.0021400183430143687,5.154188445546629e-07,0.37039972823009853,0.0021224288210883588,0.8571428571428571,0.19663057526932223,
2953,sim_2953,7,0.0021400183430143687,5.902430186237126e-09,0.35862295800899024,0.0015343470325856234,0.9523809523809523,0.19663057526932223,
2952,sim_2952,7,0.0021400183430143687,6.16189680814206e-07,0.3499893002353948,0.0009267289877265794,0.7619047619047619,0.19663057526932223,
1583,sim_1583,7,0.0021400183430143687,2.611567055454695e-07,0.3691873589164786,0.002128441587837122,0.8095238095238095,0.19663057526932223,
2982,sim_2982,7,0.0021400183430143687,1.779058205800237e-07,0.36111724442481785,0.001573036856322502,0.8095238095238095,0.19663057526932223,
2981,sim_2981,7,0.0021400183430143687,5.408979065347118e-07,0.364659977703456,0.0018738866064285323,0.8095238095238095,0.19663057526932223,
2980,sim_2980,7,0.0021400183430143687,3.572285477304131e-08,0.36977164820257746,0.0020850941369290883,0.9523809523809523,0.19663057526932223,
2979,sim_2979,7,0.0021400183430143687,1.9106792876310615e-07,0.3587016120188617,0.0012642774439242282,0.8095238095238095,0.19663057526932223,
2978,sim_2978,7,0.0021400183430143687,3.505830610419878e-07,0.36336369695623194,0.0016147075266323362,0.8571428571428571,0.19663057526932223,
2977,sim_2977,7,0.0021400183430143687,2.394049573121972e-07,0.3617162446090899,0.001428451841571854,0.8571428571428571,0.19663057526932223,
2976,sim_2976,7,0.0021400183430143687,1.8182298880690596e-07,0.3499893002353948,0.0009993510274991797,0.8571428571428571,0.19663057526932223,
2975,sim_2975,7,0.0021400183430143687,3.8957764029354667e-07,0.3677760287834495,0.0020017862934754603,0.8571428571428571,0.19663057526932223,
2974,sim_2974,7,0.0021400183430143687,2.7909150634052075e-08,0.3665807463857447,0.0021872469401553775,0.9047619047619048,0.19663057526932223,
2973,sim_2973,7,0.0021400183430143687,5.79384744798343e-07,0.3350747797582463,0.00032668120666222834,0.8571428571428571,0.19663057526932223,
2972,sim_2972,7,0.0021400183430143687,7.328723619887563e-07,0.3609180183162308,0.0015774659005277022,0.5714285714285714,0.19663057526932223,
2971,sim_2971,7,0.0021400183430143687,5.462568800656575e-07,0.3543878656554713,0.0011855036371460424,0.7619047619047619,0.19663057526932223,
2970,sim_2970,7,0.0021400183430143687,2.8748541102647123e-07,0.35658999236890876,0.0012812610331934013,0.8571428571428571,0.19663057526932223,
2969,sim_2969,7,0.0021400183430143687,2.483884979144346e-07,0.3701063589047296,0.0023230998041699207,0.9047619047619048,0.19663057526932223,
2968,sim_2968,7,0.0021400183430143687,1.9239761666251112e-07,0.3618362831858407,0.0016598127421214638,0.8571428571428571,0.19663057526932223,
2999,sim_2999,7,0.0021400183430143687,2.727799860951754e-07,0.35984598459845984,0.0012307301843371725,0.9047619047619048,0.19663057526932223,
2998,sim_2998,7,0.0021400183430143687,0.0,0.3715356656065425,0.0019404752282713997,1.0,0.19663057526932223,
1581,sim_1581,7,0.0021400183430143687,2.8945669739709013e-08,0.3771039889324418,0.0023982723775524766,0.9523809523809523,0.19663057526932223,
1580,sim_1580,7,0.0021400183430143687,1.242963230233283e-08,0.3615563170111639,0.0018700220359467142,0.9047619047619048,0.19663057526932223,
2995,sim_2995,7,0.0021400183430143687,1.490417301885426e-07,0.36139653077008066,0.001541852653814935,0.8095238095238095,0.19663057526932223,
2994,sim_2994,7,0.0021400183430143687,4.237667114019272e-07,0.36348483164796086,0.0017875772092202386,0.7619047619047619,0.19663057526932223,
2993,sim_2993,7,0.0021400183430143687,7.096727969247902e-07,0.372806017779804,0.002140519885192777,0.6666666666666666,0.19663057526932223,
2992,sim_2992,7,0.0021400183430143687,5.303137811260361e-08,0.36251800953119806,0.0015880930081102113,0.9047619047619048,0.19663057526932223,
2991,sim_2991,7,0.0021400183430143687,1.125295798770761e-06,0.359608619173263,0.0012334366183603465,0.7142857142857143,0.19663057526932223,
2990,sim_2990,7,0.0021400183430143687,1.5796891674482023e-07,0.36935411020776876,0.002125810052717743,0.9523809523809523,0.19663057526932223,
2989,sim_2989,7,0.0021400183430143687,2.4312350991926717e-07,0.3483493077742279,0.0008792129101001565,0.7142857142857143,0.19663057526932223,
2988,sim_2988,7,0.0021400183430143687,4.075995907718442e-08,0.36139653077008066,0.0015143673729328027,0.9047619047619048,0.19663057526932223,
2987,sim_2987,7,0.0021400183430143687,9.889966978906337e-07,0.3620365246264527,0.001363351880579139,0.6666666666666666,0.19663057526932223,
2986,sim_2986,7,0.0021400183430143687,3.094860281636515e-08,0.3689791314156796,0.002117371293203798,0.9047619047619048,0.19663057526932223,
2985,sim_2985,7,0.0021400183430143687,1.6259822725972917e-07,0.352402499461323,0.0010869684696319572,0.8571428571428571,0.19663057526932223,
2984,sim_2984,7,0.0021400183430143687,8.219248509587809e-07,0.3776700150098141,0.0025020238218358888,0.8095238095238095,0.19663057526932223,
3014,sim_3014,7,0.0021400183430143687,7.944977411253115e-08,0.364659977703456,0.0017693219269004907,0.8571428571428571,0.19663057526932223,
3013,sim_3013,7,0.0021400183430143687,1.2836230305205135e-07,0.36514847064076805,0.0019429482553959992,0.9047619047619048,0.19663057526932223,
3012,sim_3012,7,0.0021400183430143687,7.96881844929839e-09,0.373188819167142,0.0024147105489118353,0.9523809523809523,0.19663057526932223,
3011,sim_3011,7,0.0021400183430143687,1.127174298818623e-06,0.3720427661510464,0.0023465449388858505,0.7142857142857143,0.19663057526932223,
1578,sim_1578,7,0.0021400183430143687,2.1828230113505017e-07,0.359608619173263,0.0015725364141022308,0.8095238095238095,0.19663057526932223,
3009,sim_3009,7,0.0021400183430143687,1.060109603403509e-07,0.36470063552235477,0.0018799482010224801,0.7619047619047619,0.19663057526932223,
3008,sim_3008,7,0.0021400183430143687,1.6094927625422256e-07,0.367321729365525,0.001971866016002932,0.9047619047619048,0.19663057526932223,
1574,sim_1574,7,0.0021400183430143687,2.2234998858175712e-07,0.37200045490731265,0.002203823696625575,0.9047619047619048,0.19663057526932223,
1573,sim_1573,7,0.0021400183430143687,1.5148372089100614e-08,0.37819401086830845,0.0028954189564273235,0.9047619047619048,0.19663057526932223,
1572,sim_1572,7,0.0021400183430143687,7.032891855870843e-07,0.35952956693778854,0.0015391390547685143,0.6190476190476191,0.19663057526932223,
3005,sim_3005,7,0.0021400183430143687,2.6493538772468066e-07,0.3509656652360515,0.0008877830250716479,0.8571428571428571,0.19663057526932223,
3004,sim_3004,7,0.0021400183430143687,8.168844742172862e-07,0.37619321449108684,0.002648012834965066,0.8571428571428571,0.19663057526932223,
3003,sim_3003,7,0.0021400183430143687,4.358215337328368e-07,0.35768179332968836,0.001484998585162579,0.8095238095238095,0.19663057526932223,
3002,sim_3002,7,0.0021400183430143687,6.004327772140305e-07,0.36860491322965966,0.0020254914166223837,0.7619047619047619,0.19663057526932223,
3001,sim_3001,7,0.0021400183430143687,1.1292839242513238e-06,0.36095784595012137,0.001592114001051464,0.7142857142857143,0.19663057526932223,
3000,sim_3000,7,0.0021400183430143687,7.173265166502974e-07,0.3672392500280678,0.0018772107775015682,0.7619047619047619,0.19663057526932223,
3031,sim_3031,7,0.0021400183430143687,5.847920188682936e-08,0.3608781994704325,0.001607101361930295,0.9523809523809523,0.19663057526932223,
3030,sim_3030,7,0.0021400183430143687,3.780358472452304e-07,0.3581125465294504,0.0014707520627332787,0.8571428571428571,0.19663057526932223,
3029,sim_3029,7,0.0021400183430143687,1.4050558068695874e-07,0.35358339638957953,0.0011171719161908954,0.8571428571428571,0.19663057526932223,
3028,sim_3028,7,0.0021400183430143687,1.0506127691600496e-06,0.3682729115064175,0.0018892420413206368,0.7619047619047619,0.19663057526932223,
3027,sim_3027,7,0.0021400183430143687,1.8432015345303833e-06,0.372806017779804,0.0021571375188664263,0.6666666666666666,0.19663057526932223,
3026,sim_3026,7,0.0021400183430143687,1.8881987497769192e-07,0.3739140374942844,0.0025559436702196985,0.8571428571428571,0.19663057526932223,
3025,sim_3025,7,0.0021400183430143687,5.41778616824337e-07,0.35585291557876414,0.0012747772110919399,0.7142857142857143,0.19663057526932223,
3024,sim_3024,7,0.0021400183430143687,2.675844853396427e-07,0.3554275779637075,0.001217176022746359,0.8095238095238095,0.19663057526932223,
3023,sim_3023,7,0.0021400183430143687,3.270758016404942e-07,0.357057089837354,0.0013371568447181875,0.7142857142857143,0.19663057526932223,
3022,sim_3022,7,0.0021400183430143687,9.009508949058489e-08,0.3650669642857143,0.0017785268676118813,0.9047619047619048,0.19663057526932223,
3021,sim_3021,7,0.0021400183430143687,5.2221258635201877e-08,0.36417279002449343,0.0019422608175711951,0.9047619047619048,0.19663057526932223,
3020,sim_3020,7,0.0021400183430143687,4.5223766125084586e-07,0.3723816029143898,0.0021837561757190775,0.7619047619047619,0.19663057526932223,
3019,sim_3019,7,0.0021400183430143687,3.488783787308131e-07,0.35885902358749316,0.0014617521591363423,0.8571428571428571,0.19663057526932223,
3018,sim_3018,7,0.0021400183430143687,3.251578330928248e-08,0.3769301682415303,0.002686244972746513,0.8571428571428571,0.19663057526932223,
3016,sim_3016,7,0.0021400183430143687,2.753134934419929e-08,0.3704836334805754,0.0021824193765527557,0.9047619047619048,0.19663057526932223,
1608,sim_1608,7,0.0021400183430143687,4.7560246325769854e-07,0.3711562464541019,0.0021444111590801875,0.9047619047619048,0.19663057526932223,
3047,sim_3047,7,0.0021400183430143687,4.6621040645061124e-07,0.35937156668863984,0.001490791978886343,0.6666666666666666,0.19663057526932223,
3046,sim_3046,7,0.0021400183430143687,3.5360766976813965e-08,0.35768179332968836,0.001366510269085736,0.9047619047619048,0.19663057526932223,
3045,sim_3045,7,0.0021400183430143687,4.89316959254551e-08,0.35639572891697535,0.0014206761740042804,0.9523809523809523,0.19663057526932223,
3044,sim_3044,7,0.0021400183430143687,3.40963986272638e-08,0.36340406621486504,0.0016013048240721705,0.9523809523809523,0.19663057526932223,
3043,sim_3043,7,0.0021400183430143687,1.1261397082469923e-07,0.3597272627295722,0.0015095259250498484,0.8571428571428571,0.19663057526932223,
3042,sim_3042,7,0.0021400183430143687,3.2731781253342996e-07,0.3419044632591199,0.0005197639340177951,0.7619047619047619,0.19663057526932223,
3041,sim_3041,7,0.0021400183430143687,7.210173284650789e-07,0.36523001339883876,0.001745818498082142,0.7142857142857143,0.19663057526932223,
3040,sim_3040,7,0.0021400183430143687,1.7689622211485564e-07,0.36985526910900046,0.0018479414033223244,0.9047619047619048,0.19663057526932223,
3039,sim_3039,7,0.0021400183430143687,2.0405595109525488e-07,0.358898398068905,0.0015415165186145237,0.8571428571428571,0.19663057526932223,
3038,sim_3038,7,0.0021400183430143687,7.414413246339626e-07,0.35647340889276374,0.0010039987977709846,0.8571428571428571,0.19663057526932223,
3037,sim_3037,7,0.0021400183430143687,2.676034486858068e-07,0.3428361806938476,0.0006107120532170831,0.8095238095238095,0.19663057526932223,
1607,sim_1607,7,0.0021400183430143687,5.558453449435431e-08,0.37472791843281017,0.0025012049559873916,0.8571428571428571,0.19663057526932223,
1606,sim_1606,7,0.0021400183430143687,4.0308370060028215e-07,0.36860491322965966,0.002036150027161409,0.7619047619047619,0.19663057526932223,
3034,sim_3034,7,0.0021400183430143687,1.5190825768146836e-07,0.36044077134986224,0.0017472499829750347,0.7619047619047619,0.19663057526932223,
1605,sim_1605,7,0.0021400183430143687,1.3917015588274255e-06,0.3543110918544194,0.0010695850967473504,0.7142857142857143,0.19663057526932223,
3032,sim_3032,7,0.0021400183430143687,2.50628067967304e-06,0.36340406621486504,0.0018039998224205027,0.6190476190476191,0.19663057526932223,
3063,sim_3063,7,0.0021400183430143687,6.280583389571687e-08,0.36531159258431983,0.0017561275211608756,0.8571428571428571,0.19663057526932223,
3062,sim_3062,7,0.0021400183430143687,2.2851271869346245e-07,0.36372734348938063,0.001959385273919302,0.8571428571428571,0.19663057526932223,
3061,sim_3061,7,0.0021400183430143687,7.812271105246457e-07,0.3643350412118512,0.0017859547271585703,0.8095238095238095,0.19663057526932223,
3060,sim_3060,7,0.0021400183430143687,1.3605352397520208e-07,0.36139653077008066,0.0016317743593569087,0.8571428571428571,0.19663057526932223,
3059,sim_3059,7,0.0021400183430143687,5.746682839262041e-07,0.36167624944714727,0.001543398434302971,0.8095238095238095,0.19663057526932223,
3058,sim_3058,7,0.0021400183430143687,3.7041091720675496e-07,0.3600440286186021,0.0013992324700088947,0.8571428571428571,0.19663057526932223,
3057,sim_3057,7,0.0021400183430143687,1.207176831171142e-06,0.36584274689632035,0.0018726967855810291,0.8095238095238095,0.19663057526932223,
1602,sim_1602,7,0.0021400183430143687,2.409914703304037e-07,0.37323140118667275,0.0021931683350795345,0.8095238095238095,0.19663057526932223,
3055,sim_3055,7,0.0021400183430143687,1.3277838903869274e-07,0.35251643496066387,0.0010286170899696642,0.8571428571428571,0.19663057526932223,
3054,sim_3054,7,0.0021400183430143687,8.67007302660088e-08,0.37421347671891086,0.002333379299714634,0.9523809523809523,0.19663057526932223,
3053,sim_3053,7,0.0021400183430143687,9.511769335461548e-07,0.3560465875693915,0.0012144291442339871,0.7142857142857143,0.19663057526932223,
3052,sim_3052,7,0.0021400183430143687,2.5430336124352544e-08,0.369479272562973,0.002202128768407955,0.8571428571428571,0.19663057526932223,
3051,sim_3051,7,0.0021400183430143687,5.074235544208276e-07,0.35259243289856634,0.0011146447080464168,0.7142857142857143,0.19663057526932223,
3050,sim_3050,7,0.0021400183430143687,9.180216546057761e-07,0.3605599647266314,0.0014480853740874405,0.6666666666666666,0.19663057526932223,
3049,sim_3049,7,0.0021400183430143687,3.322513605584044e-08,0.3662113748320645,0.0020495559219878947,0.8571428571428571,0.19663057526932223,
3048,sim_3048,7,0.0021400183430143687,5.527247058237914e-07,0.3678587494376968,0.0019588960860285605,0.8095238095238095,0.19663057526932223,
942,sim_942,7,0.0021400183430143687,8.002619911688906e-07,0.3852314215051231,0.0029312749599929595,0.8571428571428571,0.19663057526932223,
3078,sim_3078,7,0.0021400183430143687,9.349371551159473e-08,0.36032165675258865,0.0014521387439195774,0.8571428571428571,0.19663057526932223,
3077,sim_3077,7,0.0021400183430143687,3.422260988039189e-07,0.3359695973705834,0.00038714695338282364,0.7619047619047619,0.19663057526932223,
3076,sim_3076,7,0.0021400183430143687,9.24982596510059e-08,0.3670744024239704,0.0019401653910253737,0.9047619047619048,0.19663057526932223,
3075,sim_3075,7,0.0021400183430143687,1.2351618963052641e-08,0.36405119643850864,0.00171044167986269,0.9047619047619048,0.19663057526932223,
3074,sim_3074,7,0.0021400183430143687,7.153335304279766e-07,0.3683973420430229,0.001962359972161597,0.7619047619047619,0.19663057526932223,
3073,sim_3073,7,0.0021400183430143687,1.5517977373827258e-07,0.3615962856511165,0.0016021234653343021,0.7142857142857143,0.19663057526932223,
3072,sim_3072,7,0.0021400183430143687,6.241339961333272e-07,0.36328298533984893,0.0017097292838043332,0.7619047619047619,0.19663057526932223,
3071,sim_3071,7,0.0021400183430143687,3.7604216360971404e-07,0.36163626312880043,0.001468245036437186,0.8571428571428571,0.19663057526932223,
3070,sim_3070,7,0.0021400183430143687,9.486562219491778e-07,0.36247783687943264,0.0016880139159353605,0.8571428571428571,0.19663057526932223,
3069,sim_3069,7,0.0021400183430143687,2.768859958432692e-07,0.3600836635843241,0.0015846415080182552,0.7619047619047619,0.19663057526932223,
3068,sim_3068,7,0.0021400183430143687,4.3202554429659327e-07,0.36453805862030536,0.0015646544641291797,0.8571428571428571,0.19663057526932223,
3067,sim_3067,7,0.0021400183430143687,5.2565756930198504e-08,0.37149346961953433,0.0022437390285184084,0.9047619047619048,0.19663057526932223,
3066,sim_3066,7,0.0021400183430143687,9.316500493075259e-09,0.3620365246264527,0.0016804528014108002,0.9523809523809523,0.19663057526932223,
3065,sim_3065,7,0.0021400183430143687,4.212663103473612e-07,0.3444971037388099,0.0006645886397015095,0.7142857142857143,0.19663057526932223,
3064,sim_3064,7,0.0021400183430143687,1.2011545760452543e-07,0.3546952938625027,0.0011805730631650755,0.9047619047619048,0.19663057526932223,
3095,sim_3095,7,0.0021400183430143687,4.747984065291413e-07,0.3574863387978142,0.0012093744991936123,0.6190476190476191,0.19663057526932223,
3094,sim_3094,7,0.0021400183430143687,8.838819542258286e-08,0.3805258259655654,0.0029273474130496885,0.8571428571428571,0.19663057526932223,
3093,sim_3093,7,0.0021400183430143687,5.184962640736544e-07,0.3636060471320587,0.001636047454680757,0.7142857142857143,0.19663057526932223,
3092,sim_3092,7,0.0021400183430143687,4.2936766452457036e-08,0.34595452141723954,0.0006568768269973367,0.9523809523809523,0.19663057526932223,
3091,sim_3091,7,0.0021400183430143687,8.121136026352676e-07,0.3660064898735594,0.002043895011665517,0.7142857142857143,0.19663057526932223,
3090,sim_3090,7,0.0021400183430143687,0.0,0.36376779359430605,0.001762390892853972,1.0,0.19663057526932223,
3089,sim_3089,7,0.0021400183430143687,1.3312332881898694e-07,0.3470557029177719,0.000879862390760656,0.8571428571428571,0.19663057526932223,
3088,sim_3088,7,0.0021400183430143687,6.602337874237238e-07,0.3538128718226068,0.0012263642400003228,0.8095238095238095,0.19663057526932223,
3087,sim_3087,7,0.0021400183430143687,2.2394332469720578e-06,0.3596877061798988,0.001451490760885753,0.6190476190476191,0.19663057526932223,
3086,sim_3086,7,0.0021400183430143687,2.1246739984858994e-07,0.3605599647266314,0.0017254496061744234,0.7619047619047619,0.19663057526932223,
3085,sim_3085,7,0.0021400183430143687,1.5662565461377122e-07,0.3519853653287421,0.0012146475119046655,0.8571428571428571,0.19663057526932223,
3084,sim_3084,7,0.0021400183430143687,6.014968788210551e-07,0.36372734348938063,0.0017669715928382195,0.7619047619047619,0.19663057526932223,
3083,sim_3083,7,0.0021400183430143687,0.0,0.37666973744818055,0.002246239691534459,1.0,0.19663057526932223,
3082,sim_3082,7,0.0021400183430143687,1.5363837589512666e-07,0.3680657139642174,0.0019783856717256617,0.9523809523809523,0.19663057526932223,
936,sim_936,7,0.0021400183430143687,7.455175757439887e-08,0.3533923941227312,0.0011037004371100036,0.9047619047619048,0.19663057526932223,
3080,sim_3080,7,0.0021400183430143687,5.062237167759533e-07,0.37331659438484366,0.00250887626867913,0.8571428571428571,0.19663057526932223,
3111,sim_3111,7,0.0021400183430143687,2.1372796103157288e-06,0.3688543076229138,0.0020114217999624728,0.7142857142857143,0.19663057526932223,
3110,sim_3110,7,0.0021400183430143687,2.2914839585405176e-06,0.35647340889276374,0.0012444772207447395,0.7619047619047619,0.19663057526932223,
3109,sim_3109,7,0.0021400183430143687,6.790551721537062e-07,0.35830868660313286,0.001479917821000219,0.8095238095238095,0.19663057526932223,
3108,sim_3108,7,0.0021400183430143687,1.4239557120187054e-07,0.36263858093126383,0.0016345268934115913,0.7619047619047619,0.19663057526932223,
3107,sim_3107,7,0.0021400183430143687,7.604742881319745e-08,0.3597668279806423,0.001633348621570313,0.8571428571428571,0.19663057526932223,
3106,sim_3106,7,0.0021400183430143687,4.0084492581773985e-07,0.36139653077008066,0.0013936344605527293,0.8095238095238095,0.19663057526932223,
929,sim_929,7,0.0021400183430143687,9.035980326373423e-08,0.3613566062748564,0.0017047935730247921,0.8095238095238095,0.19663057526932223,
3104,sim_3104,7,0.0021400183430143687,2.39850774005783e-07,0.3769301682415303,0.0025287024763355507,0.8571428571428571,0.19663057526932223,
3103,sim_3103,7,0.0021400183430143687,2.520273513701048e-07,0.3643350412118512,0.0017121257140779542,0.7619047619047619,0.19663057526932223,
3102,sim_3102,7,0.0021400183430143687,4.0698800467616155e-07,0.3522506999784622,0.0011496909324901262,0.8095238095238095,0.19663057526932223,
3101,sim_3101,7,0.0021400183430143687,5.68374213049832e-07,0.3528967526162477,0.0011190471312627446,0.8095238095238095,0.19663057526932223,
3100,sim_3100,7,0.0021400183430143687,2.3224411820428018e-07,0.3486463440630996,0.0008891013986716125,0.9047619047619048,0.19663057526932223,
3099,sim_3099,7,0.0021400183430143687,1.2141894956702353e-07,0.36535239584496815,0.0019277863825233963,0.8571428571428571,0.19663057526932223,
3098,sim_3098,7,0.0021400183430143687,4.3170052488751665e-07,0.3479417083289012,0.0008692731643832208,0.8095238095238095,0.19663057526932223,
3097,sim_3097,7,0.0021400183430143687,3.5503042308783834e-07,0.3598064019359806,0.0015414721648164293,0.7619047619047619,0.19663057526932223,
3096,sim_3096,7,0.0021400183430143687,6.629288353886146e-08,0.3724664085629697,0.002241538365655202,0.9047619047619048,0.19663057526932223,
3127,sim_3127,7,0.0021400183430143687,5.486632449358728e-07,0.36079858813148025,0.0015850427516012201,0.9047619047619048,0.19663057526932223,
3126,sim_3126,7,0.0021400183430143687,3.98061279141219e-07,0.3631619851226824,0.0015708826993441477,0.9047619047619048,0.19663057526932223,
3125,sim_3125,7,0.0021400183430143687,2.5795860401568587e-07,0.3666218336695808,0.0018645508296934437,0.7619047619047619,0.19663057526932223,
3124,sim_3124,7,0.0021400183430143687,5.079058099462815e-07,0.3448603057459146,0.0006647336355740927,0.8095238095238095,0.19663057526932223,
3123,sim_3123,7,0.0021400183430143687,4.516917219784006e-07,0.3656791503633315,0.001880818757191065,0.8571428571428571,0.19663057526932223,
3122,sim_3122,7,0.0021400183430143687,4.481963370121572e-07,0.3723392145702903,0.002247737804465618,0.9047619047619048,0.19663057526932223,
3121,sim_3121,7,0.0021400183430143687,2.202955697440355e-08,0.37374314442413165,0.0026168202931880417,0.8571428571428571,0.19663057526932223,
3120,sim_3120,7,0.0021400183430143687,6.285356208252386e-07,0.35122946418984213,0.001043280208167281,0.7142857142857143,0.19663057526932223,
3119,sim_3119,7,0.0021400183430143687,5.641047403912337e-07,0.3627190064315813,0.001600222980747413,0.7619047619047619,0.19663057526932223,
1598,sim_1598,7,0.0021400183430143687,1.990112424250861e-07,0.37832523710386307,0.0024618964436963365,0.8571428571428571,0.19663057526932223,
3117,sim_3117,7,0.0021400183430143687,2.474436543028418e-07,0.3644568245125348,0.0017354700951760376,0.8571428571428571,0.19663057526932223,
3116,sim_3116,7,0.0021400183430143687,9.595987500215144e-07,0.36437562660131445,0.0016535370495653879,0.9047619047619048,0.19663057526932223,
3115,sim_3115,7,0.0021400183430143687,7.959320101984534e-07,0.3698970937464661,0.0018107867412325207,0.8571428571428571,0.19663057526932223,
3114,sim_3114,7,0.0021400183430143687,4.1480085855268e-07,0.36470063552235477,0.0017811233880558705,0.8571428571428571,0.19663057526932223,
3113,sim_3113,7,0.0021400183430143687,1.5210720865521354e-08,0.3713669391462307,0.0023661024923667257,0.9523809523809523,0.19663057526932223,
3112,sim_3112,7,0.0021400183430143687,3.738255514871747e-07,0.36523001339883876,0.0018412376040871853,0.8571428571428571,0.19663057526932223,
3143,sim_3143,7,0.0021400183430143687,2.0189360052189623e-07,0.35312533736370505,0.0010520294859459167,0.9047619047619048,0.19663057526932223,
3142,sim_3142,7,0.0021400183430143687,1.6535504599287287e-07,0.3575644949715785,0.0010956196755366723,0.9047619047619048,0.19663057526932223,
3141,sim_3141,7,0.0021400183430143687,1.653637853220211e-07,0.34905559705474337,0.0008479398048681744,0.8571428571428571,0.19663057526932223,
3140,sim_3140,7,0.0021400183430143687,7.867758131974745e-08,0.36167624944714727,0.0015480879233425384,0.9047619047619048,0.19663057526932223,
3139,sim_3139,7,0.0021400183430143687,5.728535367387836e-08,0.36328298533984893,0.0018269341643264334,0.9523809523809523,0.19663057526932223,
3138,sim_3138,7,0.0021400183430143687,1.7590912311607267e-07,0.35442626503413155,0.0012624930449874482,0.7619047619047619,0.19663057526932223,
3137,sim_3137,7,0.0021400183430143687,3.472851665399166e-07,0.3615563170111639,0.0017767132303313634,0.8571428571428571,0.19663057526932223,
3136,sim_3136,7,0.0021400183430143687,3.47876876847838e-07,0.364213339271796,0.0016428855132450651,0.7619047619047619,0.19663057526932223,
3135,sim_3135,7,0.0021400183430143687,1.1521769207507625e-07,0.3476828231292517,0.0008478784876840504,0.9047619047619048,0.19663057526932223,
3134,sim_3134,7,0.0021400183430143687,2.3633651432445746e-08,0.35862295800899024,0.0014882314139340015,0.9523809523809523,0.19663057526932223,
3133,sim_3133,7,0.0021400183430143687,5.215164461459427e-07,0.3597668279806423,0.0014534374879571833,0.8571428571428571,0.19663057526932223,
3132,sim_3132,7,0.0021400183430143687,5.01234082183444e-07,0.36384872080088987,0.001615461030844595,0.8095238095238095,0.19663057526932223,
1630,sim_1630,7,0.0021400183430143687,3.668828364913271e-07,0.36856338028169017,0.002169225490949263,0.8095238095238095,0.19663057526932223,
3130,sim_3130,7,0.0021400183430143687,3.6704396039049446e-08,0.35854433848514744,0.0015820220547652288,0.9047619047619048,0.19663057526932223,
3129,sim_3129,7,0.0021400183430143687,4.646338870340174e-07,0.35862295800899024,0.0013661641729735524,0.6190476190476191,0.19663057526932223,
3128,sim_3128,7,0.0021400183430143687,7.017992276137529e-08,0.37606346286502645,0.0026871771142194904,0.8571428571428571,0.19663057526932223,
3159,sim_3159,7,0.0021400183430143687,4.793169948842123e-07,0.35717405547062675,0.001364559073345827,0.8095238095238095,0.19663057526932223,
3158,sim_3158,7,0.0021400183430143687,3.7403877533619874e-07,0.36703321364452424,0.0018466021370851095,0.8571428571428571,0.19663057526932223,
3157,sim_3157,7,0.0021400183430143687,1.3168697207038286e-06,0.358898398068905,0.0013930840329722182,0.8571428571428571,0.19663057526932223,
3156,sim_3156,7,0.0021400183430143687,3.371526072559498e-07,0.3560853472675811,0.0013492577241868576,0.8571428571428571,0.19663057526932223,
3155,sim_3155,7,0.0021400183430143687,5.125249369025387e-07,0.35523457862728064,0.0010685836939288305,0.8571428571428571,0.19663057526932223,
3154,sim_3154,7,0.0021400183430143687,3.8331153840939927e-07,0.34913010993702637,0.0008302803069142683,0.8095238095238095,0.19663057526932223,
3153,sim_3153,7,0.0021400183430143687,1.1210657584208666e-06,0.3718735788994998,0.0019664163682056378,0.7619047619047619,0.19663057526932223,
3152,sim_3152,7,0.0021400183430143687,1.8309633705515436e-06,0.35740821678321677,0.0010058163893820187,0.7142857142857143,0.19663057526932223,
3151,sim_3151,7,0.0021400183430143687,5.974621231761213e-07,0.3621968774222124,0.0015085418487142486,0.8571428571428571,0.19663057526932223,
3150,sim_3150,7,0.0021400183430143687,1.1787989912830633e-07,0.35392772127245187,0.0012387933204956393,0.8095238095238095,0.19663057526932223,
3149,sim_3149,7,0.0021400183430143687,9.870913607632135e-08,0.34820097934852035,0.0008363295957731112,0.9047619047619048,0.19663057526932223,
3148,sim_3148,7,0.0021400183430143687,4.2960112745983443e-07,0.36437562660131445,0.0016025848724665853,0.7619047619047619,0.19663057526932223,
3147,sim_3147,7,0.0021400183430143687,3.511326322416082e-07,0.37081963496202247,0.002140176134719764,0.8571428571428571,0.19663057526932223,
1629,sim_1629,7,0.0021400183430143687,1.0996221365165667e-08,0.37119836586472993,0.0020692293253162138,0.9523809523809523,0.19663057526932223,
3145,sim_3145,7,0.0021400183430143687,4.220109695854547e-07,0.35111635895234006,0.000878065887353612,0.7619047619047619,0.19663057526932223,
3144,sim_3144,7,0.0021400183430143687,1.6912387989053564e-06,0.3560853472675811,0.0012643275980005115,0.8095238095238095,0.19663057526932223,
3175,sim_3175,7,0.0021400183430143687,8.691357470626941e-08,0.362678789222752,0.0018747052218753587,0.8571428571428571,0.19663057526932223,
3174,sim_3174,7,0.0021400183430143687,2.157071809427097e-07,0.363686902379364,0.001645752381778333,0.9047619047619048,0.19663057526932223,
3173,sim_3173,7,0.0021400183430143687,1.485017251716939e-07,0.366252379352816,0.0018730309501327623,0.8095238095238095,0.19663057526932223,
3172,sim_3172,7,0.0021400183430143687,4.49933129652761e-07,0.36384872080088987,0.0017539478375262158,0.7619047619047619,0.19663057526932223,
3171,sim_3171,7,0.0021400183430143687,3.028106662939381e-07,0.36551570007822104,0.0018203879766625461,0.9047619047619048,0.19663057526932223,
3170,sim_3170,7,0.0021400183430143687,1.8341089952027638e-08,0.35647340889276374,0.0013858998161234265,0.9523809523809523,0.19663057526932223,
3169,sim_3169,7,0.0021400183430143687,3.280780588768675e-07,0.3560853472675811,0.0012988003451555245,0.7142857142857143,0.19663057526932223,
3168,sim_3168,7,0.0021400183430143687,3.79833149725024e-08,0.35729109776078644,0.0014349835759079011,0.9047619047619048,0.19663057526932223,
3167,sim_3167,7,0.0021400183430143687,2.6383716388416125e-07,0.3530491095520777,0.0010077085352840846,0.8095238095238095,0.19663057526932223,
3166,sim_3166,7,0.0021400183430143687,4.910214640010318e-07,0.37387129957709453,0.0024538705475810733,0.8095238095238095,0.19663057526932223,
3165,sim_3165,7,0.0021400183430143687,3.801093603481918e-07,0.3605997133722853,0.0016728414166779957,0.8571428571428571,0.19663057526932223,
3164,sim_3164,7,0.0021400183430143687,4.793987914193661e-07,0.3570181183147784,0.001373564252535258,0.8095238095238095,0.19663057526932223,
3163,sim_3163,7,0.0021400183430143687,5.853552174959215e-07,0.36711560044893377,0.0017845455598852254,0.7619047619047619,0.19663057526932223,
3162,sim_3162,7,0.0021400183430143687,2.6809866011673103e-08,0.36584274689632035,0.0017745634724231926,0.9047619047619048,0.19663057526932223,
3161,sim_3161,7,0.0021400183430143687,7.898369198327152e-08,0.3655565489494859,0.00163715385889434,0.9047619047619048,0.19663057526932223,
3160,sim_3160,7,0.0021400183430143687,4.407444714577185e-07,0.36167624944714727,0.001560192484724838,0.8095238095238095,0.19663057526932223,
3191,sim_3191,7,0.0021400183430143687,4.4852608586237325e-08,0.36881271845754876,0.0021952448609174465,0.9523809523809523,0.19663057526932223,
3190,sim_3190,7,0.0021400183430143687,4.528092617235865e-08,0.37898273664697024,0.002721216272323384,0.9047619047619048,0.19663057526932223,
3189,sim_3189,7,0.0021400183430143687,3.108643744747812e-07,0.3614764062327329,0.0014761165545170726,0.8095238095238095,0.19663057526932223,
3188,sim_3188,7,0.0021400183430143687,8.721913058792483e-07,0.3644162210338681,0.0015758504460416105,0.8095238095238095,0.19663057526932223,
3187,sim_3187,7,0.0021400183430143687,1.0356629289919136e-06,0.35949005385207167,0.001394184558751893,0.6666666666666666,0.19663057526932223,
3186,sim_3186,7,0.0021400183430143687,2.653731966540083e-07,0.3683143790113726,0.0017442467633384407,0.7619047619047619,0.19663057526932223,
3185,sim_3185,7,0.0021400183430143687,3.00427223114173e-07,0.3711562464541019,0.00226238464582771,0.9047619047619048,0.19663057526932223,
3184,sim_3184,7,0.0021400183430143687,3.26330012957573e-07,0.37344445712980934,0.0023473568974323117,0.7619047619047619,0.19663057526932223,
3183,sim_3183,7,0.0021400183430143687,1.1544108417013115e-06,0.3498769921916782,0.0008325397078562626,0.6666666666666666,0.19663057526932223,
3182,sim_3182,7,0.0021400183430143687,0.0,0.3588196577446248,0.0013289597238444705,1.0,0.19663057526932223,
3181,sim_3181,7,0.0021400183430143687,6.702511953285751e-07,0.35949005385207167,0.0015275725452139465,0.7142857142857143,0.19663057526932223,
3180,sim_3180,7,0.0021400183430143687,2.6650848600075395e-07,0.36666293016477974,0.0018325427290950254,0.9047619047619048,0.19663057526932223,
3179,sim_3179,7,0.0021400183430143687,1.60599115518583e-07,0.3682729115064175,0.001919910424892046,0.8571428571428571,0.19663057526932223,
3178,sim_3178,7,0.0021400183430143687,2.1275776624690105e-07,0.364213339271796,0.0017206722039012862,0.9047619047619048,0.19663057526932223,
3177,sim_3177,7,0.0021400183430143687,1.8331225996874952e-07,0.3528586839266451,0.001147496009389585,0.9047619047619048,0.19663057526932223,
3176,sim_3176,7,0.0021400183430143687,3.556263356256618e-07,0.3579557890129131,0.0014385028519981833,0.8095238095238095,0.19663057526932223,
3207,sim_3207,7,0.0021400183430143687,8.583173547233752e-08,0.37723445969323033,0.0026302389518419026,0.9523809523809523,0.19663057526932223,
3206,sim_3206,7,0.0021400183430143687,1.1705790636134705e-07,0.36095784595012137,0.0016756295891163149,0.9047619047619048,0.19663057526932223,
3205,sim_3205,7,0.0021400183430143687,1.2904746428993106e-07,0.3644568245125348,0.001751133218730583,0.9047619047619048,0.19663057526932223,
3204,sim_3204,7,0.0021400183430143687,4.6160806910079485e-07,0.36514847064076805,0.001973806355857796,0.9523809523809523,0.19663057526932223,
3203,sim_3203,7,0.0021400183430143687,1.8211799304975569e-07,0.3631619851226824,0.0018619014664020405,0.8571428571428571,0.19663057526932223,
3202,sim_3202,7,0.0021400183430143687,5.011743363959045e-07,0.3650669642857143,0.0019972372831893767,0.8571428571428571,0.19663057526932223,
3201,sim_3201,7,0.0021400183430143687,1.0885815160709137e-07,0.355157437567861,0.00129506128779851,0.8095238095238095,0.19663057526932223,
3200,sim_3200,7,0.0021400183430143687,4.3284070257364805e-09,0.37520073411332877,0.002813432968529583,0.9523809523809523,0.19663057526932223,
3199,sim_3199,7,0.0021400183430143687,6.930909733186597e-07,0.36510771291438776,0.0015957377611220222,0.6666666666666666,0.19663057526932223,
3198,sim_3198,7,0.0021400183430143687,1.1421936271144214e-07,0.36255819108845044,0.001916583115166827,0.7619047619047619,0.19663057526932223,
3197,sim_3197,7,0.0021400183430143687,1.2741671483977047e-06,0.3624376731301939,0.0015664931781797797,0.8095238095238095,0.19663057526932223,
3196,sim_3196,7,0.0021400183430143687,4.848760010636829e-08,0.36682740832118427,0.0020954365130315027,0.9047619047619048,0.19663057526932223,
3195,sim_3195,7,0.0021400183430143687,3.2606502593035877e-07,0.35058949624866026,0.0008957061903507106,0.9047619047619048,0.19663057526932223,
3194,sim_3194,7,0.0021400183430143687,8.649167143378903e-08,0.36332333666555594,0.0016742397216305545,0.9047619047619048,0.19663057526932223,
3193,sim_3193,7,0.0021400183430143687,6.328117076161886e-07,0.36531159258431983,0.0019132984401994844,0.7619047619047619,0.19663057526932223,
3192,sim_3192,7,0.0021400183430143687,1.180753150978399e-06,0.3622771070993466,0.001764381505135144,0.6190476190476191,0.19663057526932223,
3223,sim_3223,7,0.0021400183430143687,3.326007424168491e-07,0.36131669059980115,0.0014174395930460224,0.7619047619047619,0.19663057526932223,
3222,sim_3222,7,0.0021400183430143687,3.0679587528141117e-07,0.3502516329371453,0.0010109715185945083,0.8571428571428571,0.19663057526932223,
3221,sim_3221,7,0.0021400183430143687,0.0,0.37006448693291094,0.0021825488223026933,1.0,0.19663057526932223,
3220,sim_3220,7,0.0021400183430143687,2.1664443621666216e-09,0.37149346961953433,0.0025528418412936265,0.9523809523809523,0.19663057526932223,
3219,sim_3219,7,0.0021400183430143687,7.053286978458848e-08,0.35984598459845984,0.0016179432754378155,0.9047619047619048,0.19663057526932223,
3218,sim_3218,7,0.0021400183430143687,3.68243034515295e-07,0.3579949655247893,0.0013198014769154704,0.8095238095238095,0.19663057526932223,
3217,sim_3217,7,0.0021400183430143687,1.1714001642733226e-07,0.364822663395048,0.0018382381385276827,0.9047619047619048,0.19663057526932223,
3216,sim_3216,7,0.0021400183430143687,6.866602257560938e-08,0.3695210122006326,0.0022393758056831765,0.9047619047619048,0.19663057526932223,
3215,sim_3215,7,0.0021400183430143687,4.174124363368117e-07,0.36356563298877403,0.001654498367509273,0.8095238095238095,0.19663057526932223,
3214,sim_3214,7,0.0021400183430143687,1.2028454647235014e-07,0.356318082788671,0.0012990154221335871,0.8571428571428571,0.19663057526932223,
3213,sim_3213,7,0.0021400183430143687,2.858050899775224e-07,0.35461838681699914,0.0011703769169530592,0.8095238095238095,0.19663057526932223,
3212,sim_3212,7,0.0021400183430143687,2.3600999894956113e-08,0.3681485649971863,0.0020931674826707865,0.9523809523809523,0.19663057526932223,
3211,sim_3211,7,0.0021400183430143687,2.3824597895775835e-06,0.37200045490731265,0.0018860527425699992,0.7619047619047619,0.19663057526932223,
3210,sim_3210,7,0.0021400183430143687,6.866260840959469e-07,0.3711562464541019,0.0024648385100863204,0.8095238095238095,0.19663057526932223,
3209,sim_3209,7,0.0021400183430143687,1.4577183022050156e-07,0.3516448075682649,0.0010872559169421653,0.8571428571428571,0.19663057526932223,
3208,sim_3208,7,0.0021400183430143687,1.7439320852903664e-07,0.3549262152777778,0.0013275097539771348,0.9047619047619048,0.19663057526932223,
3259,sim_3259,7,0.0021400183430143687,9.756145084186477e-07,0.36514847064076805,0.0020134834832951725,0.8571428571428571,0.19663057526932223,
3238,sim_3238,7,0.0021400183430143687,1.0926590191130455e-06,0.3611571160428398,0.00125993646613612,0.6666666666666666,0.19663057526932223,
3237,sim_3237,7,0.0021400183430143687,1.0318112222167805e-07,0.36344444444444446,0.0017258168080759681,0.8571428571428571,0.19663057526932223,
3236,sim_3236,7,0.0021400183430143687,3.2632691921407056e-07,0.3704836334805754,0.0019822292655766907,0.8095238095238095,0.19663057526932223,
3235,sim_3235,7,0.0021400183430143687,0.0,0.3605997133722853,0.0016352285110165182,1.0,0.19663057526932223,
3234,sim_3234,7,0.0021400183430143687,4.7461824419175935e-07,0.36380825269714157,0.001553296435084004,0.8571428571428571,0.19663057526932223,
3233,sim_3233,7,0.0021400183430143687,1.5500920150345757e-09,0.37968659315147996,0.002734386584861991,0.9523809523809523,0.19663057526932223,
3232,sim_3232,7,0.0021400183430143687,1.9316810982902997e-08,0.36835585585585584,0.0020457342442438894,0.9523809523809523,0.19663057526932223,
3231,sim_3231,7,0.0021400183430143687,5.861708523108245e-07,0.35791662107451583,0.0014604009907896402,0.7619047619047619,0.19663057526932223,
3230,sim_3230,7,0.0021400183430143687,9.019485535385127e-08,0.3517204301075269,0.0009952691353989713,0.8571428571428571,0.19663057526932223,
3229,sim_3229,7,0.0021400183430143687,1.849896372408698e-07,0.3636060471320587,0.0016983786350166286,0.8571428571428571,0.19663057526932223,
3228,sim_3228,7,0.0021400183430143687,1.2454137012660041e-06,0.35411930280394066,0.0010921082132038314,0.7619047619047619,0.19663057526932223,
3227,sim_3227,7,0.0021400183430143687,0.0,0.36405119643850864,0.0017445864435891342,1.0,0.19663057526932223,
3226,sim_3226,7,0.0021400183430143687,3.848329964136624e-07,0.37031586097588587,0.0021104975747738355,0.9047619047619048,0.19663057526932223,
3225,sim_3225,7,0.0021400183430143687,5.51278249891885e-08,0.362678789222752,0.0017226924271193374,0.9047619047619048,0.19663057526932223,
1237,sim_1237,7,0.0021400183430143687,0.0,0.3757178957041121,0.0027567551704305595,1.0,0.19663057526932223,
3224,sim_3224,7,0.0021400183430143687,1.8222071152113152e-06,0.3682729115064175,0.00203450963053975,0.7619047619047619,0.19663057526932223,
3270,sim_3270,7,0.0021400183430143687,4.927693154107369e-08,0.3695210122006326,0.002031158014542792,0.9047619047619048,0.19663057526932223,
3269,sim_3269,7,0.0021400183430143687,2.6110560306830106e-07,0.36384872080088987,0.0018272341938515052,0.7619047619047619,0.19663057526932223,
3268,sim_3268,7,0.0021400183430143687,2.997881334994742e-07,0.3706515580736544,0.0020071305004500752,0.9047619047619048,0.19663057526932223,
3267,sim_3267,7,0.0021400183430143687,6.44105564107984e-09,0.37832523710386307,0.0028383944240141777,0.9523809523809523,0.19663057526932223,
3266,sim_3266,7,0.0021400183430143687,4.284870342404039e-07,0.3523265833692374,0.0010148524833453268,0.6666666666666666,0.19663057526932223,
3265,sim_3265,7,0.0021400183430143687,5.055351284767001e-08,0.357838310906903,0.0015338426577502851,0.8571428571428571,0.19663057526932223,
3264,sim_3264,7,0.0021400183430143687,6.631269774398723e-07,0.36000440237728376,0.0013926459102337916,0.8571428571428571,0.19663057526932223,
3247,sim_3247,7,0.0021400183430143687,3.3191457298575977e-07,0.35194749300624056,0.0010745166504505213,0.8571428571428571,0.19663057526932223,
3246,sim_3246,7,0.0021400183430143687,2.0182687235544865e-07,0.36881271845754876,0.0020171674687627784,0.8571428571428571,0.19663057526932223,
3245,sim_3245,7,0.0021400183430143687,7.826552234113362e-07,0.3677760287834495,0.0020328367793466967,0.8095238095238095,0.19663057526932223,
3244,sim_3244,7,0.0021400183430143687,3.2422445646352965e-08,0.36103752759381896,0.001658573350471918,0.9523809523809523,0.19663057526932223,
3243,sim_3243,7,0.0021400183430143687,0.0,0.3627592325607186,0.0017287489760337425,1.0,0.19663057526932223,
3242,sim_3242,7,0.0021400183430143687,3.926572412509502e-08,0.3784127718648774,0.002730003775384192,0.9047619047619048,0.19663057526932223,
3241,sim_3241,7,0.0021400183430143687,1.0019564732464319e-07,0.3644162210338681,0.0018941263789413424,0.9047619047619048,0.19663057526932223,
3239,sim_3239,7,0.0021400183430143687,4.0825209222800336e-07,0.3678587494376968,0.001995474135003203,0.7142857142857143,0.19663057526932223,
