app_id,name,degree,degree_centrality,eigenvector,alpha_centrality,community
440,Team Fortress 2,1964,0.2560625814863103,0.3298381089225521,0.2287041412126375,1
550,Left 4 Dead 2,1546,0.2015645371577575,0.19017297407541775,0.1345638835976793,1
620,Portal 2,1516,0.19765319426336375,0.1552670878755509,0.11042103882796216,1
374320,DARK SOULS™ III,1510,0.196870925684485,0.13149179222655366,0.10076747275325443,0
203160,Tomb Raider,1508,0.1966101694915254,0.11261582961939126,0.08747323274226007,2
292030,The Witcher® 3: Wild Hunt,1492,0.19452411994784877,0.12345367371156005,0.09442246604762293,0
431960,Wallpaper Engine,1477,0.19256844850065188,0.1957933280948953,0.13846919746975056,1
220,Half-Life 2,1475,0.1923076923076923,0.15703719144396047,0.1118442059983821,1
945360,Among Us,1457,0.18996088657105606,0.2096106690681154,0.1456503737035606,1
49520,Borderlands 2,1451,0.1891786179921773,0.0941213567751036,0.0728952319190639,2
377160,Fallout 4,1397,0.18213820078226858,0.12158082641962936,0.09180943020238456,1
242760,The Forest,1371,0.178748370273794,0.15063447527314008,0.10856835472566351,1
4000,Garry's Mod,1322,0.17235984354628422,0.14636703036079682,0.10351917060089305,1
22380,Fallout: New Vegas,1321,0.17222946544980441,0.09520086011782897,0.07251488039961378,1
227300,Euro Truck Simulator 2,1321,0.17222946544980441,0.11606427431114831,0.08677571726367556,1
218620,PAYDAY 2,1320,0.17209908735332463,0.1152322920175149,0.08432136868060677,1
960090,Bloons TD 6,1314,0.17131681877444588,0.15448344080695922,0.10951875572911617,1
105600,Terraria,1307,0.17040417209908734,0.12741474447583548,0.0924021499441106,1
319630,Life is Strange - Episode 1,1304,0.17001303780964797,0.044222106166824114,0.039921697186946305,0
275850,No Man's Sky,1297,0.16910039113428943,0.06329484108649136,0.052922450680915,0
477160,Human: Fall Flat,1295,0.16883963494132986,0.11468474720686106,0.08607910092278526,0
255710,Cities: Skylines,1290,0.1681877444589309,0.07182172539711247,0.05787264335603019,1
444090,Paladins®,1287,0.16779661016949152,0.10311834867155362,0.07673304507871323,1
3590,Plants vs. Zombies GOTY Edition,1279,0.1667535853976532,0.07721348728809672,0.06068035113034408,0
548430,Deep Rock Galactic,1277,0.1664928292046936,0.07137976083819932,0.05658693850510039,0
304930,Unturned,1275,0.166232073011734,0.12443642989817562,0.08979632793615025,1
240,Counter-Strike: Source,1262,0.16453715775749675,0.11287792868950686,0.0825754074316274,1
379720,DOOM,1232,0.16062581486310298,0.0770619336377566,0.060726574445738535,1
291550,Brawlhalla,1210,0.1577574967405476,0.12161681634072279,0.08782897935156737,1
250900,The Binding of Isaac: Rebirth,1200,0.15645371577574968,0.07576972992854869,0.05867768986213095,2
230410,Warframe,1187,0.1547588005215124,0.07818925181229987,0.060495417469238526,1
8870,BioShock Infinite,1181,0.15397653194263364,0.05107698723630196,0.04409658400251871,0
570,Dota 2,1171,0.15267275097783573,0.06385911786113228,0.050823173579401956,1
48700,Mount & Blade: Warband,1165,0.15189048239895697,0.05739372497485867,0.047972359512131725,1
427520,Factorio,1165,0.15189048239895697,0.048647813749243374,0.04217605947394631,0
400,Portal,1155,0.15058670143415906,0.08846736202826466,0.06578896000908115,1
239140,Dying Light,1148,0.14967405475880052,0.09494291296964305,0.07140388761815623,1
289070,Sid Meier’s Civilization® VI,1138,0.1483702737940026,0.06563850765652701,0.054160875648206555,0
225540,Just Cause™ 3,1131,0.14745762711864407,0.0730991328996305,0.057563548163201375,1
108600,Project Zomboid,1123,0.14641460234680573,0.0754580318656696,0.058928925792908766,1
70,Half-Life,1114,0.1452411994784876,0.10323079839591713,0.07502457143995894,1
394360,Hearts of Iron IV,1114,0.1452411994784876,0.09611895235408015,0.07305846986069353,1
107410,Arma 3,1108,0.14445893089960887,0.07578878016758037,0.05999855342959693,1
359550,Tom Clancy's Rainbow Six® Siege,1106,0.14419817470664928,0.12156828048619084,0.08821343582337927,1
204360,Castle Crashers®,1104,0.14393741851368969,0.0639294652760468,0.050315898615533955,1
294100,RimWorld,1100,0.14341590612777053,0.04637669937618106,0.040710770429270376,0
252490,Rust,1100,0.14341590612777053,0.129543418687471,0.09298567920513116,1
322330,Don't Starve Together,1099,0.14328552803129074,0.07495981947506362,0.057724179878772895,1
238320,Outlast,1096,0.14289439374185137,0.0581579685966553,0.04782826618532803,1
8930,Sid Meier's Civilization® V,1089,0.14198174706649283,0.03520224148988553,0.032797129324449115,1
219150,Hotline Miami,1088,0.14185136897001305,0.0523929452327594,0.0434140939348413,1
238960,Path of Exile,1085,0.14146023468057367,0.039000630888105424,0.03553802090083758,0
730,Counter-Strike: Global Offensive,1075,0.14015645371577576,0.09970147515904879,0.0728791433914707,1
413150,Stardew Valley,1069,0.139374185136897,0.04917576710223923,0.041421600351761935,0
700330,SCP: Secret Laboratory,1062,0.13846153846153847,0.12070534721016524,0.08646995692055826,1
674940,Stick Fight: The Game,1054,0.13741851368970012,0.10694406088439773,0.07816482676901236,1
223470,POSTAL 2,1051,0.13702737940026075,0.06879523256706487,0.05361755707465793,1
262060,Darkest Dungeon®,1047,0.1365058670143416,0.03428325451867168,0.032624775889499996,0
346110,ARK: Survival Evolved,1044,0.1361147327249022,0.0836156200054473,0.06354319157998298,1
232090,Killing Floor 2,1043,0.13598435462842243,0.04159749104755547,0.036407311852939654,1
271590,Grand Theft Auto V,1039,0.13546284224250327,0.08504601729425412,0.06403026384552235,1
433340,Slime Rancher,1022,0.1332464146023468,0.05975399678458002,0.047523295996423874,1
524220,NieR:Automata™,1019,0.13285528031290741,0.03901794647969542,0.03558106614922389,0
362890,Black Mesa,1019,0.13285528031290741,0.05889460980419341,0.046723432697321,1
12210,Grand Theft Auto IV,1011,0.1318122555410691,0.06207796322369683,0.0497241308168503,1
205100,Dishonored,988,0.1288135593220339,0.0408700696056758,0.03633481471931381,0
646570,Slay the Spire,986,0.1285528031290743,0.033339282567091934,0.03158740148659184,0
391220,Rise of the Tomb Raider™,979,0.12764015645371576,0.0502497645504576,0.04324683340402856,0
284160,BeamNG.drive,972,0.12672750977835723,0.09715920644089092,0.07318707521850037,1
238460,BattleBlock Theater®,950,0.12385919165580182,0.03192922014798821,0.029288130815980366,0
391540,Undertale,944,0.12307692307692307,0.03929473382277121,0.034122645783455315,0
814380,Sekiro™: Shadows Die Twice,943,0.12294654498044329,0.061730707832757144,0.05073845958308875,0
270880,American Truck Simulator,942,0.12281616688396349,0.05308368267621874,0.044153138548972674,1
220240,Far Cry 3,938,0.12229465449804433,0.04447000287129692,0.03829128675495749,1
8190,Just Cause 2,937,0.12216427640156453,0.030012548585862928,0.028086998880728613,1
244850,Space Engineers,936,0.12203389830508474,0.04108640512899986,0.03622687912793077,1
282070,This War of Mine,929,0.1211212516297262,0.02262940479222173,0.02392399304082247,0
239030,"Papers, Please",914,0.11916558018252933,0.03647690880245656,0.03229519834916088,1
311690,Enter the Gungeon,913,0.11903520208604954,0.03542467057272998,0.03142742993607127,0
335300,DARK SOULS™ II: Scholar of the First Sin,907,0.1182529335071708,0.046221397165587715,0.039459766879645544,0
305620,The Long Dark,907,0.1182529335071708,0.03020117741714905,0.028840966475992637,1
424840,Little Nightmares,904,0.11786179921773142,0.048279949161386344,0.04038730440800793,0
220200,Kerbal Space Program,903,0.11773142112125162,0.04589158747327242,0.03930946530075296,1
489830,The Elder Scrolls V: Skyrim Special Edition,898,0.11707953063885267,0.04429155136707005,0.037748977029603586,1
435150,Divinity: Original Sin 2 - Definitive Edition,898,0.11707953063885267,0.03189033137553139,0.03077108257280527,0
221100,DayZ,891,0.11616688396349413,0.043736636014582816,0.03735056300302082,1
206440,To the Moon,886,0.11551499348109517,0.015380616932618635,0.01915265314536357,0
55230,Saints Row: The Third,886,0.11551499348109517,0.03295858156097838,0.0302151603079025,1
113200,The Binding of Isaac,883,0.1151238591916558,0.022772971764284902,0.023362602336225117,2
287700,METAL GEAR SOLID V: THE PHANTOM PAIN,879,0.11460234680573664,0.03630935934311773,0.03267418016852483,1
594650,Hunt Showdown,876,0.11421121251629726,0.035461778255382805,0.032179701949401576,0
632360,Risk of Rain 2,872,0.11368970013037809,0.055751631600588804,0.04477773806081128,0
235460,METAL GEAR RISING: REVENGEANCE,871,0.1135593220338983,0.05218012420640203,0.04246961259037225,1
246620,Plague Inc: Evolved,868,0.11316818774445893,0.025576612231851398,0.025094849503887594,1
588650,Dead Cells,867,0.11303780964797913,0.03960246028690435,0.034765343789439226,0
444200,World of Tanks Blitz MMO,866,0.11290743155149935,0.05314776329509794,0.04299002315204247,1
620980,Beat Saber,863,0.11251629726205997,0.03610515076846354,0.03207879531093696,1
588430,Fallout Shelter,861,0.11225554106910039,0.03564734363162945,0.03138600409453862,1
504230,Celeste,857,0.11173402868318122,0.04659613869351284,0.03934721570128654,0
268910,Cuphead,855,0.11147327249022164,0.04690550365926002,0.038957164220252354,0
581320,Insurgency: Sandstorm,855,0.11147327249022164,0.04712774465322296,0.03989668255191226,1
20920,The Witcher 2: Assassins of Kings Enhanced Edition,854,0.11134289439374184,0.031704357312824866,0.02982332706271162,1
361420,ASTRONEER,854,0.11134289439374184,0.044706032383429614,0.037748857006631394,1
286690,Metro 2033 Redux,846,0.11029986962190352,0.039532017872557425,0.03488582778085323,1
367520,Hollow Knight,843,0.10990873533246415,0.05611084858471251,0.04518687179501546,0
233450,Prison Architect,843,0.10990873533246415,0.027467279077182338,0.02657575020663096,1
206420,Saints Row IV,842,0.10977835723598435,0.026778755417091873,0.02603137064386001,1
812140,Assassin's Creed® Odyssey,842,0.10977835723598435,0.04172752511694743,0.03702475107526674,0
331470,Everlasting Summer,839,0.10938722294654497,0.03467051403783152,0.031090027163284576,1
883710,RESIDENT EVIL 2 / BIOHAZARD RE:2,835,0.10886571056062581,0.034832941619904,0.03224615893163162,0
552520,Far Cry® 5,830,0.10821382007822686,0.06148078257958349,0.04896739980688859,1
460950,Katana ZERO,826,0.10769230769230768,0.031211972382245955,0.029073720039478522,0
274170,Hotline Miami 2: Wrong Number,823,0.10730117340286832,0.042846277117099686,0.03612072677109404,1
251570,7 Days to Die,819,0.10677966101694915,0.03995819698669381,0.034575664328551366,1
379430,Kingdom Come: Deliverance,816,0.10638852672750977,0.023823187530355644,0.02468268344573986,0
518790,theHunter: Call of the Wild™,812,0.10586701434159061,0.04499938373349957,0.03840712842451696,0
20900,The Witcher: Enhanced Edition Director's Cut,811,0.10573663624511082,0.027148978440115892,0.02649684242713021,1
208650,Batman™: Arkham Knight,806,0.10508474576271186,0.03399162749517896,0.03138032079098587,0
683320,GRIS,806,0.10508474576271186,0.018902162640767432,0.02130861950094051,0
219990,Grim Dawn,801,0.1044328552803129,0.016302761255807152,0.01946911863294514,0
311210,Call of Duty®: Black Ops III,800,0.10430247718383312,0.0629145745942726,0.04902931774866331,1
236390,War Thunder,800,0.10430247718383312,0.04558329529487074,0.03807908672014371,1
359320,Elite Dangerous,799,0.10417209908735332,0.023352642485417414,0.02413778686390223,1
234140,Mad Max,797,0.10391134289439374,0.021110444054501788,0.022279024617961975,1
50300,Spec Ops: The Line,791,0.10312907431551499,0.017000653477048728,0.019696311973393856,2
698780,Doki Doki Literature Club!,790,0.1029986962190352,0.026518763126980406,0.02524744625727387,0
582010,MONSTER HUNTER: WORLD,785,0.10234680573663624,0.02794047854436961,0.026936008144857748,0
383870,Firewatch,782,0.10195567144719687,0.016029180825985444,0.01878946244270609,0
638970,Yakuza 0,781,0.10182529335071708,0.02783196591825641,0.026605676867855206,0
323190,Frostpunk,779,0.1015645371577575,0.024298986197738886,0.024921693470176677,0
307690,Sleeping Dogs: Definitive Edition,776,0.10117340286831812,0.025475759947349845,0.025256808966277668,0
381210,Dead by Daylight,775,0.10104302477183832,0.040242792883978695,0.03409723598148952,1
254700,resident evil 4 / biohazard 4,774,0.10091264667535854,0.03146096291349182,0.02945357989379041,0
552500,Warhammer: Vermintide 2,774,0.10091264667535854,0.03027152095609054,0.028343019201508238,0
203770,Crusader Kings II,773,0.10078226857887874,0.02106811612966146,0.022494830828827816,2
570940,DARK SOULS™: REMASTERED,773,0.10078226857887874,0.04257772128869317,0.03669853277697825,0
200510,XCOM: Enemy Unknown,772,0.10065189048239895,0.012326164281943445,0.016813373720946243,0
418370,RESIDENT EVIL 7 biohazard / BIOHAZARD 7 resident evil,772,0.10065189048239895,0.03541470039697314,0.032337028045636346,0
213670,South Park™: The Stick of Truth™,770,0.10039113428943937,0.02099152294978922,0.021904395344545777,2
457140,Oxygen Not Included,768,0.10013037809647979,0.026124501221185877,0.025563710502519436,0
438100,VRChat,766,0.09986962190352021,0.05373246938280231,0.04243235386985535,1
286160,Tabletop Simulator,759,0.09895697522816167,0.019073751024827904,0.02071060594111887,0
648800,Raft,755,0.0984354628422425,0.04613123352647479,0.03789862638882288,1
349040,NARUTO SHIPPUDEN: Ultimate Ninja STORM 4,754,0.0983050847457627,0.03495308765197923,0.031221731203033107,0
212680,FTL: Faster Than Light,753,0.09817470664928292,0.013421155857099213,0.01706917501063444,2
363970,Clicker Heroes,751,0.09791395045632334,0.014483773814977445,0.017458684438024955,1
613100,House Flipper,750,0.09778357235984354,0.029172510727668823,0.027284747684520924,1
438740,Friday the 13th: The Game,749,0.09765319426336375,0.03763277583173324,0.032648990380101266,1
403640,Dishonored 2,745,0.09713168187744459,0.02599984731617866,0.025879078004654173,0
253230,A Hat in Time,743,0.09687092568448501,0.025387580178552298,0.024265229525638175,0
304390,FOR HONOR™,742,0.09674054758800521,0.03836009815667822,0.03331866838848432,1
224260,No More Room in Hell,740,0.09647979139504563,0.02924448744790558,0.026891518153640052,1
1250,Killing Floor,739,0.09634941329856583,0.01917029817797273,0.020611403086002004,1
211820,Starbound,733,0.0955671447196871,0.018490726736504474,0.02008300202560108,2
480490,Prey,729,0.09504563233376792,0.01741459234062301,0.02003912938541633,0
221380,Age of Empires II HD,729,0.09504563233376792,0.013673213811465443,0.017063341784940164,1
274190,Broforce,727,0.09478487614080834,0.017265490775629447,0.019281567494716927,0
714010,Aim Lab,727,0.09478487614080834,0.05266303278128893,0.04174905314716303,1
221910,The Stanley Parable,724,0.09439374185136896,0.014559075965034333,0.01751647290056492,2
108710,Alan Wake,721,0.09400260756192959,0.012477293847738944,0.016474628584695488,0
50130,Mafia II,720,0.0938722294654498,0.019684521499491688,0.02107081357295473,1
233860,Kenshi,718,0.09361147327249023,0.02201352203874046,0.02308009638413536,0
500,Left 4 Dead,717,0.09348109517601043,0.03889598387080303,0.03276137791203845,1
387990,Scrap Mechanic,716,0.09335071707953063,0.05961479897727621,0.046769974086777744,1
264710,Subnautica,713,0.09295958279009126,0.028558435253662775,0.026743760205963293,1
287390,Metro: Last Light Redux,712,0.09282920469361147,0.033443543253518844,0.03051673344599721,1
508440,Totally Accurate Battle Simulator,711,0.09269882659713168,0.049161951515069365,0.039448219649321804,1
356190,Middle-earth™: Shadow of War™,707,0.09217731421121252,0.02484420031967474,0.024996522093007928,0
346900,AdVenture Capitalist,707,0.09217731421121252,0.019793855436442232,0.020570864181604566,1
393380,Squad,707,0.09217731421121252,0.04335028489988875,0.036761958185775816,1
750920,Shadow of the Tomb Raider,705,0.09191655801825294,0.02533681328108027,0.02542769585563613,0
306130,The Elder Scrolls® Online,703,0.09165580182529334,0.026492317392871487,0.0257018129958349,0
4500,S.T.A.L.K.E.R.: Shadow of Chernobyl,702,0.09152542372881356,0.023789376281547345,0.02372606992016828,1
218230,PlanetSide 2,702,0.09152542372881356,0.018356204739494748,0.020160732970562388,1
214490,Alien: Isolation,700,0.09126466753585398,0.019854019151623582,0.021293959300026234,0
636480,Ravenfield,700,0.09126466753585398,0.03880155836295586,0.033137768951965234,1
242050,Assassin’s Creed® IV Black Flag™,699,0.09113428943937418,0.024738795634257234,0.02465947745112299,0
389730,TEKKEN 7,699,0.09113428943937418,0.02466212815484512,0.02442756412586305,0
823130,Totally Accurate Battlegrounds,695,0.09061277705345502,0.052273415399330725,0.04119665028657076,1
231430,Company of Heroes 2,690,0.08996088657105605,0.022719240854859178,0.023148274173849827,1
35140,Batman: Arkham Asylum Game of the Year Edition,689,0.08983050847457627,0.021661750523343258,0.02254526998447016,1
582160,Assassin's Creed® Origins,688,0.08970013037809647,0.029020252756968033,0.02785453776538864,0
307780,Mortal Kombat X,678,0.08839634941329856,0.024413296785993036,0.023845133845690293,1
6060,"Star Wars: Battlefront 2 (Classic, 2005)",676,0.08813559322033898,0.01927493346010197,0.020511243795735965,1
304050,Trove,675,0.08800521512385918,0.030332331150982828,0.02738119773529277,1
621060,PC Building Simulator,673,0.0877444589308996,0.02629028402531352,0.025129002609171364,1
203140,Hitman: Absolution™,667,0.08696219035202085,0.02071521369109047,0.021674400850224457,1
678950,DRAGON BALL FighterZ,667,0.08696219035202085,0.02679596972543046,0.02558768342606489,0
201810,Wolfenstein: The New Order,665,0.08670143415906127,0.016212916883662193,0.018731038197693922,1
17410,Mirror's Edge™,664,0.08657105606258149,0.01972078766428963,0.020789502042632815,1
10,Counter-Strike,663,0.08644067796610169,0.031399897233271315,0.028045821927856936,1
414700,Outlast 2,660,0.08604954367666232,0.028867318176442523,0.027279295381089762,0
594570,Total War: WARHAMMER II,659,0.08591916558018253,0.01945833688392856,0.02148393494298556,0
386360,SMITE®,656,0.08552803129074316,0.021115854787499083,0.021813037360300918,1
33230,Assassin's Creed 2 Deluxe Edition,655,0.08539765319426336,0.022079776610753655,0.022865264474376458,0
578080,PLAYERUNKNOWN'S BATTLEGROUNDS,654,0.08526727509778358,0.02554200007165088,0.02444724417698858,1
200260,Batman: Arkham City - Game of the Year Edition,653,0.08513689700130378,0.02034036045533975,0.021620124077384246,1
239820,Game Dev Tycoon,653,0.08513689700130378,0.013365368003598306,0.016527018897539,1
365590,Tom Clancy’s The Division™,652,0.08500651890482398,0.0149590863703173,0.017854158047193504,0
848450,Subnautica: Below Zero,651,0.0848761408083442,0.03034287586668158,0.02762565551681634,1
552990,World of Warships,646,0.08422425032594524,0.024218558751855235,0.02397012466942636,0
489520,Minion Masters,645,0.08409387222946545,0.012935597544307809,0.01644555972384986,0
387290,Ori and the Blind Forest: Definitive Edition,638,0.08318122555410691,0.01370544362755512,0.016925996585440223,0
291480,Warface,635,0.08279009126466753,0.026340222825230027,0.02480516903756748,1
312660,Sniper Elite 4,634,0.08265971316818774,0.021120518446400022,0.021965624946945966,0
418460,Rising Storm 2: Vietnam,632,0.08239895697522816,0.0248917608452452,0.024532108043781715,1
761890,Albion Online,632,0.08239895697522816,0.024190456442790827,0.023635621669770384,1
223710,Cry of Fear,630,0.08213820078226858,0.02514883935440885,0.02387960830375203,1
431240,Golf With Your Friends,629,0.08200782268578878,0.025349504743141873,0.024270472844597924,1
447040,Watch_Dogs® 2,629,0.08200782268578878,0.02209672023073955,0.022578365858380856,0
209000,Batman™: Arkham Origins,627,0.0817470664928292,0.016550644253615614,0.0189057959599505,1
240720,Getting Over It with Bennett Foddy,627,0.0817470664928292,0.028555456634239317,0.026153389512567116,0
17390,SPORE™,626,0.0816166883963494,0.021909409822523332,0.021877135396939737,1
10180,Call of Duty®: Modern Warfare® 2,624,0.08135593220338982,0.023472386916819032,0.023129587360043828,1
268500,XCOM® 2,623,0.08122555410691004,0.01066819642676756,0.015177623082854903,0
346010,Besiege,620,0.08083441981747067,0.015822576252248276,0.018268464505986688,0
22330,The Elder Scrolls IV: Oblivion® Game of the Year Edition,619,0.08070404172099087,0.018711053198265187,0.020141583003866235,1
322500,SUPERHOT,618,0.08057366362451109,0.01810216136689936,0.019488720120677646,1
304430,INSIDE,617,0.08044328552803129,0.011973596265385557,0.015886651232096254,0
219640,Chivalry: Medieval Warfare,614,0.08005215123859191,0.011850418116209582,0.015726677700658952,1
282140,SOMA,612,0.07979139504563233,0.010736855253761486,0.015037460045271928,0
244210,Assetto Corsa,611,0.07966101694915254,0.0340533820072898,0.030144759779996682,1
386180,Crossout,610,0.07953063885267275,0.03328122068921355,0.029342675645683606,1
204100,Max Payne 3,610,0.07953063885267275,0.014510716404186559,0.017586172528963225,1
460930,Tom Clancy's Ghost Recon® Wildlands,604,0.078748370273794,0.022547533047179616,0.02287220784431948,1
39210,FINAL FANTASY XIV Online,603,0.0786179921773142,0.016048953672268575,0.018663477810496994,0
646910,The Crew™ 2,597,0.07783572359843546,0.031851759391031825,0.028841080757353935,1
815370,Green Hell,595,0.07757496740547588,0.020210416432501762,0.021075632321211707,1
322170,Geometry Dash,593,0.07731421121251629,0.036749991547609266,0.03113270565254759,1
967050,Pacify,593,0.07731421121251629,0.025104752051578118,0.02400530789618128,1
414340,Hellblade: Senua's Sacrifice,593,0.07731421121251629,0.010434443440354494,0.015011572571489008,0
261640,Borderlands: The Pre-Sequel,591,0.07705345501955671,0.015513812886723074,0.01804766482392105,1
21690,Resident Evil™ 5/ Biohazard 5®,590,0.07692307692307693,0.015362396595547828,0.01820856324138064,0
648350,Jurassic World Evolution,587,0.07653194263363755,0.01392293367001005,0.016955730190706588,1
265630,Fistful of Frags,584,0.07614080834419817,0.01707276093406955,0.018620795078236583,1
420,Half-Life 2: Episode Two,583,0.07601043024771838,0.0372706024158122,0.03135170662235433,1
10090,Call of Duty: World at War,581,0.0757496740547588,0.02235071325429528,0.022110637513412402,1
629730,Blade and Sorcery,580,0.075619295958279,0.03281283347393717,0.02922239110984297,1
221640,Super Hexagon,579,0.07548891786179922,0.00888434722115878,0.013595826013486275,2
236430,DARK SOULS™ II,578,0.07535853976531942,0.01096347545771752,0.015058036524915648,0
221040,Resident Evil 6 / Biohazard 6,576,0.07509778357235984,0.014576499720495847,0.01761182648833415,0
493340,Planet Coaster,571,0.07444589308996089,0.014814331520888506,0.01752416184386728,1
466560,Northgard,571,0.07444589308996089,0.013067379514261342,0.016535380351450635,0
35450,Red Orchestra 2: Heroes of Stalingrad with Rising Storm,569,0.0741851368970013,0.014736784206106484,0.017548763938095853,1
225080,Brothers - A Tale of Two Sons,567,0.07392438070404173,0.006772290988204986,0.012379004166191497,0
298110,Far Cry® 4,567,0.07392438070404173,0.021424818567668837,0.02194060007161256,1
269210,Hero Siege,565,0.07366362451108213,0.010447232387879373,0.01455977750230108,0
871720,Ultimate Custom Night,565,0.07366362451108213,0.03807151206215522,0.031912502260230166,1
200710,Torchlight II,562,0.07327249022164276,0.007505381925309411,0.012767662505829933,0
289650,Assassin's Creed® Unity,560,0.07301173402868318,0.02432038919878525,0.02386922529730444,0
334230,Town of Salem,558,0.0727509778357236,0.016055893825635492,0.01798910886837748,1
200210,Realm of the Mad God,558,0.0727509778357236,0.015953097645342775,0.01801767737485467,1
434570,Blood and Bacon,557,0.0726205997392438,0.020390017146428515,0.02066309627941611,1
502500,ACE COMBAT™ 7: SKIES UNKNOWN,556,0.07249022164276402,0.012332600586089183,0.01599838842945638,0
420530,OneShot,555,0.07235984354628422,0.017774432582536862,0.019120484536504296,0
24240,PAYDAY™ The Heist,555,0.07235984354628422,0.012072318820940328,0.01553016112297601,1
207140,SpeedRunners,554,0.07222946544980444,0.013406788502942173,0.016370147055068306,1
657200,Hand Simulator,552,0.07196870925684484,0.024081132885368468,0.02320349886833561,1
386940,Ultimate Chicken Horse,550,0.07170795306388526,0.019731255316408947,0.020375640419108432,1
513710,SCUM,547,0.07131681877444589,0.018256091048289323,0.01999297820528874,1
409710,BioShock™ Remastered,547,0.07131681877444589,0.015227124796227705,0.01790303232217465,0
582660,Black Desert Online,546,0.0711864406779661,0.019514975679652075,0.020460543524788145,1
265930,Goat Simulator,546,0.0711864406779661,0.012840985070181226,0.01587210622776871,1
635260,CarX Drift Racing Online,545,0.0710560625814863,0.04044933575115279,0.03387187818587573,1
48000,LIMBO,544,0.07092568448500652,0.008861857674841309,0.013660891558849027,0
633230,NARUTO TO BORUTO: SHINOBI STRIKER,543,0.07079530638852673,0.025592237472914205,0.024269445932681398,1
470220,UNO,543,0.07079530638852673,0.026357950522207997,0.02442265804718202,1
555160,Pavlov VR,538,0.07014341590612777,0.028616558974214588,0.025994854072725088,1
417860,Emily is Away,537,0.07001303780964797,0.008014569340473331,0.012816071698291033,1
41070,Serious Sam 3: BFE,537,0.07001303780964797,0.013198498033683769,0.016305602396570917,1
42700,Call of Duty®: Black Ops,535,0.0697522816166884,0.019633685157065983,0.02039110067139239,1
843380,Super Animal Royale,532,0.06936114732724902,0.018463686121142527,0.01942299658920744,1
107100,Bastion,532,0.06936114732724902,0.006442153508864359,0.012089652594070698,0
471710,Rec Room,531,0.06923076923076923,0.03330856609054416,0.02863743595284953,1
751780,Forager,526,0.06857887874837028,0.016423297570365553,0.018225507340220184,0
319510,Five Nights at Freddy's,525,0.06844850065189048,0.016799109194832778,0.018412933946928257,1
787860,Farming Simulator 19,522,0.0680573663624511,0.02262834093871819,0.02291405263798012,1
202970,Call of Duty®: Black Ops II,519,0.06766623207301173,0.015742020309619836,0.017780052454475486,1
880940,Pummel Party,519,0.06766623207301173,0.016132150626650528,0.01822198415052367,0
637650,FINAL FANTASY XV WINDOWS EDITION,519,0.06766623207301173,0.009501922013432964,0.014142499260096197,0
418240,Shadow Tactics: Blades of the Shogun,518,0.06753585397653195,0.009422391013801662,0.014067938865264966,0
501300,What Remains of Edith Finch,518,0.06753585397653195,0.00990035535067771,0.014515248325616627,0
312530,Duck Game,516,0.06727509778357235,0.01680618016738035,0.018338189737177726,1
475550,Beholder,515,0.06714471968709257,0.013260532221794982,0.016283760905984535,0
257510,The Talos Principle,514,0.06701434159061277,0.005267872667635164,0.01117307061940869,0
302510,Ryse: Son of Rome,512,0.06675358539765319,0.00998176896947703,0.014310237716246725,1
244450,Men of War: Assault Squad 2,512,0.06675358539765319,0.01794925065132774,0.019646953727656437,1
454650,DRAGON BALL XENOVERSE 2,512,0.06675358539765319,0.01831382437225627,0.019552999251505904,1
222880,Insurgency,511,0.0666232073011734,0.010825411312954017,0.014691132600095374,1
22370,Fallout 3: Game of the Year Edition,510,0.06649282920469361,0.01698505079367625,0.018707269633765178,1
504370,Battlerite,510,0.06649282920469361,0.011530496673017783,0.015262956302214978,0
245170,Skullgirls,509,0.06636245110821382,0.010061107148055293,0.014151477518914725,2
12200,Bully: Scholarship Edition,509,0.06636245110821382,0.013719633209416214,0.016526877163572293,1
380,Half-Life 2: Episode One,507,0.06610169491525424,0.032264790831594004,0.02803285484454803,1
728880,Overcooked! 2,507,0.06610169491525424,0.012558391173227774,0.015965574720406394,0
645630,Car Mechanic Simulator 2018,504,0.06571056062581486,0.019274069142589244,0.0202714709737098,1
447530,VA-11 Hall-A: Cyberpunk Bartender Action,504,0.06571056062581486,0.008392150245985127,0.013371976656153112,0
360430,Mafia III,503,0.06558018252933508,0.009821661063794502,0.014182860141481441,1
440900,Conan Exiles,503,0.06558018252933508,0.013578613905202545,0.016858322729603043,1
236850,Europa Universalis IV,501,0.06531942633637548,0.01761307887355853,0.01935730357352027,1
601150,Devil May Cry 5,500,0.0651890482398957,0.01879895517687587,0.020148013773922113,0
466240,Deceit,496,0.06466753585397653,0.02426978544607101,0.023138349146618192,1
282800,100% Orange Juice,495,0.06453715775749674,0.008273794143331502,0.012969636828927445,0
204300,Awesomenauts - the 2D moba,494,0.06440677966101695,0.007670864970546111,0.012668383988537417,2
337320,Paint the Town Red,490,0.06388526727509779,0.01813680270464817,0.01923162134987599,1
641990,The Escapists 2,489,0.06375488917861799,0.01985749894639756,0.020315736377644788,1
516750,My Summer Car,488,0.0636245110821382,0.022365528564324517,0.022052177433649848,1
337000,Deus Ex: Mankind Divided,487,0.06349413298565841,0.007096805672780484,0.012406050382673992,0
601510,Yu-Gi-Oh! Duel Links,487,0.06349413298565841,0.012367060058768477,0.015506229086910244,2
690790,DiRT Rally 2.0,486,0.06336375488917861,0.014496555327385731,0.01710111224883297,1
225840,Sven Co-op,484,0.06310299869621903,0.02662749126474902,0.024238876008426752,1
527230,For The King,484,0.06310299869621903,0.009147699996934737,0.013728983139693961,0
977950,A Dance of Fire and Ice,483,0.06297262059973924,0.01701353986157848,0.01856847578958176,0
554620,Life is Strange: Before the Storm,482,0.06284224250325945,0.010537025020446995,0.014845908195395559,0
599140,Graveyard Keeper,479,0.06245110821382008,0.007732265302750354,0.012810500689227067,0
42910,Magicka,478,0.06232073011734029,0.005761636995640684,0.011364619772446374,2
413420,Danganronpa 2: Goodbye Despair,477,0.06219035202086049,0.011494127700652602,0.01530676637814017,0
532210,Life is Strange 2,477,0.06219035202086049,0.009994591775927689,0.014171187403509068,0
2990,FlatOut 2™,476,0.0620599739243807,0.010799500737440754,0.01452439942288876,1
243470,Watch_Dogs™,476,0.0620599739243807,0.011504978506924309,0.015102882494540384,0
376210,The Isle,475,0.06192959582790091,0.01900333486316405,0.020168696986575328,1
214950,Total War™: ROME II - Emperor Edition,475,0.06192959582790091,0.009262400870671495,0.014034452959843924,1
413410,Danganronpa: Trigger Happy Havoc,475,0.06192959582790091,0.010359523039445895,0.01461934918511419,0
459820,Crush Crush,474,0.06179921773142112,0.012402733679765252,0.01537912173121835,1
238010,Deus Ex: Human Revolution - Director's Cut,471,0.061408083441981745,0.007395662862742393,0.0125780973065936,2
57300,Amnesia: The Dark Descent,471,0.061408083441981745,0.008432958581717595,0.013028367529630233,1
250320,The Wolf Among Us,471,0.061408083441981745,0.006096823787273178,0.011660671549764919,0
612880,Wolfenstein II: The New Colossus,471,0.061408083441981745,0.010852209089357962,0.014838839002857901,0
248820,Risk of Rain,469,0.061147327249022165,0.008254881721509302,0.012967288854517187,2
380600,Fishing Planet,467,0.06088657105606258,0.01638826717246326,0.018156891921235162,1
310950,Street Fighter V,463,0.06036505867014341,0.009023034761175974,0.013577474512411399,0
884660,Cuisine Royale,462,0.06023468057366362,0.01638875897678752,0.01805218970035982,1
333600,NEKOPARA Vol. 1,461,0.06010430247718383,0.009036425219991612,0.013593568208415023,0
17470,Dead Space,461,0.06010430247718383,0.009611022187985985,0.013934659776613283,0
41700,S.T.A.L.K.E.R.: Call of Pripyat,459,0.059843546284224246,0.011734733539766931,0.015289407495944537,1
278360,A Story About My Uncle,459,0.059843546284224246,0.006356050573660179,0.011606161757130546,1
367500,Dragon's Dogma: Dark Arisen,459,0.059843546284224246,0.0065144249007586695,0.011979492924815736,0
704850,Thief Simulator,458,0.059713168187744456,0.014153399694619293,0.016778711045285444,1
460790,Bayonetta,457,0.059582790091264666,0.00841100027247518,0.013134491863013388,0
326460,ShellShock Live,455,0.059322033898305086,0.013290649508143145,0.01603021766726841,1
260230,Valiant Hearts: The Great War™ / Soldats Inconnus : Mémoires de la Grande Guerre™,454,0.05919165580182529,0.006838814526957405,0.012036424642439371,0
220440,DmC: Devil May Cry,453,0.0590612777053455,0.007063246625198742,0.012380019843605867,0
383980,Rivals of Aether,450,0.05867014341590612,0.02302315829105952,0.02216423750368194,1
246900,Viscera Cleanup Detail,450,0.05867014341590612,0.009816578006042059,0.013861993551630387,1
268050,The Evil Within,450,0.05867014341590612,0.007924623763055886,0.012966979925418693,0
242860,Verdun,449,0.05853976531942633,0.01070321057318567,0.014611810353059376,1
427730,Who's Your Daddy,448,0.05840938722294654,0.018271835426074492,0.019065309939114546,1
552100,Brick Rigs,446,0.058148631029986964,0.02678030607052219,0.024780697221989362,1
464920,Surviving Mars,446,0.058148631029986964,0.008141222278429157,0.012987563970123085,1
285900,Gang Beasts,445,0.05801825293350717,0.019426436797972856,0.019864076850962108,1
333930,Dirty Bomb®,444,0.05788787483702738,0.009575048401951428,0.013655956481948794,1
584400,Sonic Mania,440,0.05736636245110821,0.013633230874802152,0.01612864164028858,1
617670,Zup! S,440,0.05736636245110821,0.013536183163641101,0.01617737545529987,1
228380,Wreckfest,437,0.05697522816166884,0.00806462807576956,0.012695504307878526,1
644930,They Are Billions,435,0.056714471968709254,0.0075548404768712414,0.012723625344982482,0
364360,Total War: WARHAMMER,435,0.056714471968709254,0.006957617194847676,0.012430175836880051,0
367450,Poly Bridge,434,0.056584093872229464,0.01097420761068758,0.014563541655890638,0
420290,Blackwake,434,0.056584093872229464,0.010449004137836233,0.014285712475224803,1
22320,The Elder Scrolls III: Morrowind® Game of the Year Edition,431,0.05619295958279009,0.008737400044884061,0.013255137104493416,2
368500,Assassin's Creed® Syndicate,430,0.0560625814863103,0.012948018025034046,0.016273336673158608,0
977400,Cell to Singularity - Evolution Never Ends,427,0.05567144719687092,0.010609626812439677,0.01421572609170008,0
32440,LEGO® Star Wars™ - The Complete Saga,425,0.05541069100391134,0.012503967980846997,0.015422936248929927,1
611500,Quake Champions,425,0.05541069100391134,0.009096694634437415,0.013265263448515377,1
460920,Steep™,425,0.05541069100391134,0.013397670646474276,0.016121851691156545,1
266840,Age of Mythology: Extended Edition,424,0.05528031290743155,0.005944765559860084,0.011387938102928125,2
242700,Injustice: Gods Among Us Ultimate Edition,423,0.05514993481095176,0.007754478822292087,0.012497149520492785,1
519860,DUSK,422,0.055019556714471965,0.008011831724984562,0.012625223768362519,1
250600,The Plan,421,0.054889178617992175,0.003965567726012677,0.010079218531607929,2
371660,Far Cry® Primal,419,0.054628422425032595,0.010918564365638244,0.01463877353562709,1
206190,Gunpoint,419,0.054628422425032595,0.004779651228567145,0.010706987918646996,0
385800,NEKOPARA Vol. 0,419,0.054628422425032595,0.00793292199160812,0.012667586856021392,0
368230,Kingdom: Classic,418,0.0544980443285528,0.007526488567140208,0.012274025877807163,1
666140,My Time At Portia,418,0.0544980443285528,0.005737811638584642,0.011390127120979872,0
384190,ABZU,417,0.05436766623207301,0.004012278655005964,0.01015789787424808,0
573090,Stormworks: Build and Rescue,417,0.05436766623207301,0.025914020704373195,0.024298595543415943,1
228300,Remember Me,416,0.05423728813559322,0.004187115797765614,0.010312484317927747,0
287290,Resident Evil Revelations 2 / Biohazard Revelations 2,416,0.05423728813559322,0.009417848262919358,0.013675523738728884,1
110800,L.A. Noire,416,0.05423728813559322,0.007828948036564974,0.012654150280602296,1
706990,BLOCKPOST,415,0.05410691003911343,0.012847304153439562,0.01563840986485514,1
242920,Banished,415,0.05410691003911343,0.004538257202897263,0.010477219281180372,1
994280,古剑奇谭三(Gujian3),414,0.05397653194263364,0.010245900257253361,0.01477563230571775,0
274940,Depth,413,0.05384615384615384,0.009138602635888237,0.01333877115494975,1
668630,Tricolour Lovestory,413,0.05384615384615384,0.008503522314610754,0.01331728951505549,0
512900,Streets of Rogue,412,0.05371577574967405,0.006333510466630864,0.011566632597957552,0
485510,Nioh: Complete Edition / 仁王 Complete Edition,411,0.05358539765319426,0.00867288675908914,0.013378217054746728,0
597170,Clone Drone in the Danger Zone,411,0.05358539765319426,0.018087482321621356,0.019059845693596054,1
33930,Arma 2: Operation Arrowhead,410,0.05345501955671447,0.01123825392422832,0.01481895069420203,1
47890,The Sims™ 3,409,0.053324641460234676,0.007189301086009283,0.012112834567681884,1
444640,Bloons TD Battles,409,0.053324641460234676,0.020876471268876505,0.020460351116633458,1
236090,Dust: An Elysian Tail,408,0.053194263363754886,0.003839253825207946,0.00995158721238987,0
738060,Freddy Fazbear's Pizzeria Simulator,408,0.053194263363754886,0.017457608621761666,0.018465275693983953,1
324800,Shadow Warrior 2,407,0.053063885267275096,0.006933418037023316,0.012040238693765156,0
834530,Yakuza Kiwami,406,0.052933507170795306,0.009133443264192449,0.013493070598988691,0
247080,Crypt of the NecroDancer,406,0.052933507170795306,0.005337202827608271,0.010901836779352173,0
383150,Dead Island Definitive Edition,404,0.05267275097783572,0.010310359517581604,0.01405860394939323,1
503560,911 Operator,404,0.05267275097783572,0.007665604560260484,0.01240554949767109,1
488790,South Park™: The Fractured But Whole™,402,0.05241199478487614,0.00807688872389229,0.012679356511634956,1
394510,HELLDIVERS™ A New Hell Edition,401,0.05228161668839635,0.005664342246700901,0.011190998095101469,0
450540,"Hot Dogs, Horseshoes & Hand Grenades",401,0.05228161668839635,0.014331396853461525,0.016565497414545875,1
7940,Call of Duty® 4: Modern Warfare®,401,0.05228161668839635,0.010243566510973263,0.014031515082169864,1
589290,Holdfast: Nations At War,400,0.05215123859191656,0.012714586397618114,0.015830487577620667,1
323850,Move or Die,399,0.05202086049543676,0.014285787444630778,0.016553590265517695,1
71340,Sonic Generations Collection,397,0.05176010430247718,0.009785112287637444,0.013679410195865603,1
233130,Shadow Warrior,395,0.0514993481095176,0.004830542072125364,0.010627128737644358,2
491950,Orwell: Keeping an Eye On You,394,0.05136897001303781,0.004552666282269924,0.010407926825137526,0
242680,Nuclear Throne,393,0.05123859191655802,0.009245655962333878,0.013375424611034489,1
238090,Sniper Elite 3,392,0.05110821382007823,0.008152334754817926,0.012764451592324894,1
20510,S.T.A.L.K.E.R.: Clear Sky,391,0.05097783572359844,0.010033345623654804,0.014052571358709241,1
505460,Foxhole,391,0.05097783572359844,0.009335158703041036,0.013551627102613798,1
313120,Stranded Deep,390,0.05084745762711864,0.009787633042693289,0.013732359140059082,1
253710,theHunter Classic,390,0.05084745762711864,0.008695689223282246,0.013041534714387838,1
237930,Transistor,389,0.05071707953063885,0.004484088053758402,0.010478806204710603,0
476600,Call of Duty®: WWII,387,0.05045632333767927,0.006820973232922318,0.011912778531099415,1
939960,Far Cry® New Dawn,386,0.050325945241199474,0.011938799629556303,0.015170568313587417,1
32370,STAR WARS™ - Knights of the Old Republic™,386,0.050325945241199474,0.006532705301369952,0.011718390810309428,1
50,Half-Life: Opposing Force,386,0.050325945241199474,0.016826947090752147,0.018109957747666855,1
603850,Age of Civilizations II,386,0.050325945241199474,0.013125655500586551,0.01579593428606953,1
544810,KARDS,385,0.050195567144719684,0.007033298946971645,0.011975910597855927,1
774861,Project Winter,384,0.050065189048239894,0.008470975533771009,0.012851382155464887,0
288160,The Room,381,0.04967405475880052,0.0041748099084785995,0.010228487475598007,0
201790,Orcs Must Die! 2,380,0.04954367666232073,0.005163965115653076,0.0107308320406097,1
15100,Assassin's Creed™: Director's Cut Edition,378,0.04928292046936115,0.006478456341246436,0.011715336004081223,1
301520,Robocraft,377,0.04915254237288135,0.008411035779419691,0.01271039933097836,1
48190,Assassin’s Creed® Brotherhood,377,0.04915254237288135,0.008168881614566977,0.012915028773552065,0
104900,ORION: Prelude,376,0.04902216427640156,0.005034118503582542,0.010635329347957861,1
438040,Shakes and Fidget,375,0.04889178617992177,0.011040963091568668,0.014442363808796986,1
787480,Phoenix Wright: Ace Attorney Trilogy / 逆転裁判123 成歩堂セレクション,374,0.04876140808344198,0.006718661001624849,0.011837566347172306,0
335240,Transformice,374,0.04876140808344198,0.00851319402188104,0.012785630450979139,1
582500,We Were Here,373,0.04863102998696219,0.006944704808944018,0.01179934075325827,1
729040,Borderlands Game of the Year Enhanced,373,0.04863102998696219,0.005379634931219635,0.010904984254448207,2
232430,Gone Home,371,0.048370273794002605,0.003097294236861612,0.009588636959451885,0
905370,Conqueror's Blade,371,0.048370273794002605,0.00959864697339443,0.013648670451789935,1
571740,Golf It!,371,0.048370273794002605,0.01070333987507499,0.014210851120472021,1
113400,APB Reloaded,370,0.048239895697522815,0.0070252321010026,0.011872427137301385,1
362930,Garfield Kart,368,0.04797913950456323,0.011077154971559628,0.014365286636590155,1
233290,Murdered: Soul Suspect,368,0.04797913950456323,0.0046938929321919546,0.010469835312462514,1
736260,Baba Is You,368,0.04797913950456323,0.005946245251842647,0.011320980787479106,0
313340,Mountain,366,0.04771838331160365,0.005071653816190229,0.01068318836409979,0
365450,Hacknet,365,0.04758800521512386,0.005141806852736242,0.01068553780439315,0
35720,Trine 2: Complete Story,364,0.04745762711864407,0.003880374921676742,0.009962560305768855,2
55150,"Warhammer 40,000: Space Marine",364,0.04745762711864407,0.005320506402900857,0.0109222283218558,0
99900,Spiral Knights,364,0.04745762711864407,0.008535960365482056,0.01274267630599834,1
559650,Witch It,362,0.04719687092568448,0.009887456844241952,0.013650327052850447,1
8500,EVE Online,361,0.04706649282920469,0.00851300923615911,0.012986990362054111,1
249130,LEGO® Marvel™ Super Heroes,361,0.04706649282920469,0.00806284901396886,0.012573375437536885,1
437920,Tricky Towers,359,0.04680573663624511,0.006537686421071407,0.011536845709808124,1
445980,Wizard of Legend,359,0.04680573663624511,0.006042412568492279,0.011405170391897784,0
264200,One Finger Death Punch,358,0.046675358539765316,0.0038837075929016337,0.00993136808107383,2
34900,Bad Rats: the Rats' Revenge,356,0.046414602346805736,0.0054218313319487465,0.010829335520115842,1
3830,Psychonauts,355,0.046284224250325946,0.004595294353375054,0.010339659154085619,2
230290,Universe Sandbox ²,354,0.04615384615384615,0.009913482913380395,0.01375838334053072,1
47780,Dead Space™ 2,353,0.04602346805736636,0.005946880439859185,0.01128925058554769,1
630,Alien Swarm,353,0.04602346805736636,0.00692177851521663,0.011724677569203076,1
34870,Sniper: Ghost Warrior 2,352,0.04589308996088657,0.00776304199072726,0.012433393202387193,1
291650,Pillars of Eternity,351,0.04576271186440678,0.004683417658080157,0.010720782476078022,0
350640,Sherlock Holmes: The Devil's Daughter,350,0.04563233376792699,0.005495905065625876,0.01098434564952155,0
281990,Stellaris,350,0.04563233376792699,0.006675192301229522,0.011776408092000895,0
567640,Danganronpa V3: Killing Harmony,349,0.04550195567144719,0.0065428598221743866,0.011787121446362694,0
241600,Rogue Legacy,346,0.045110821382007824,0.005309665653871122,0.010743334252557237,2
221680,Rocksmith® 2014 Edition - Remastered,345,0.04498044328552803,0.004978121006886456,0.010581421688304563,1
517630,Just Cause 4,345,0.04498044328552803,0.00828766587884995,0.012629433395858477,1
674020,World War 3,345,0.04498044328552803,0.007515660192641625,0.012260551313035955,1
213610,Sonic Adventure 2,343,0.04471968709256845,0.009277917624895436,0.01331773375325637,1
9480,Saints Row 2,343,0.04471968709256845,0.006036079943954938,0.011229411573690016,1
105450,Age of Empires® III: Complete Collection,343,0.04471968709256845,0.004617086574629976,0.01033350552293707,1
248570,Toribash,343,0.04471968709256845,0.008127092073232454,0.01250180922417282,1
270150,RUNNING WITH RIFLES,343,0.04471968709256845,0.005404208831566232,0.010910791659440137,0
10500,Total War: EMPIRE – Definitive Edition,342,0.04458930899608866,0.004933384132944425,0.010722395936622353,1
601430,The Evil Within 2,342,0.04458930899608866,0.007585860878442237,0.012575445525520585,0
474960,Quantum Break,342,0.04458930899608866,0.006367545568248264,0.011626715985401128,0
475150,Titan Quest Anniversary Edition,341,0.04445893089960887,0.004512388201874004,0.01032863171123951,0
731490,Crash Bandicoot™ N. Sane Trilogy,341,0.04445893089960887,0.005331617457803908,0.010822162168407912,0
701160,Kingdom Two Crowns,340,0.04432855280312907,0.006577839545358329,0.011555380434817759,0
259080,Just Cause 2: Multiplayer Mod,340,0.04432855280312907,0.0074396407995678294,0.01210297100990629,1
239160,Thief,340,0.04432855280312907,0.005411877907083519,0.010904828945261895,1
2280,Ultimate Doom,340,0.04432855280312907,0.008644337121456161,0.012775682630604523,1
109600,Neverwinter,340,0.04432855280312907,0.006339769370893689,0.011374073964286323,1
32470,STAR WARS™ Empire at War - Gold Pack,338,0.04406779661016949,0.0059847616873865625,0.011307157034739654,1
675010,MudRunner,337,0.0439374185136897,0.009724383549550042,0.01373621490791456,1
611790,House Party,336,0.04380704041720991,0.005238256188861263,0.010678170116490145,0
341800,Keep Talking and Nobody Explodes,335,0.043676662320730114,0.006819727874446873,0.01170246366077859,1
755790,Ring of Elysium,334,0.043546284224250324,0.00918481211730518,0.013163465694151723,1
397950,Clustertruck,333,0.043415906127770534,0.008625051419443431,0.012735275125109718,1
208580,STAR WARS™ Knights of the Old Republic™ II - The Sith Lords™,332,0.043285528031290744,0.004821469387165633,0.010500899847136992,2
299740,Miscreated,331,0.04315514993481095,0.005551614356625412,0.01098856456379112,1
365360,Battle Brothers,331,0.04315514993481095,0.0044544744616999985,0.010450253168362142,0
394690,Tower Unite,328,0.04276401564537158,0.007635464088108758,0.012141683284737075,1
405640,Pony Island,327,0.04263363754889179,0.002728085569667024,0.009102696928695272,0
410900,Forts,326,0.04250325945241199,0.008617453865800668,0.012904843047584406,1
22300,Fallout 3,325,0.0423728813559322,0.006310022665204244,0.01136778514101881,1
236110,Dungeon Defenders II,325,0.0423728813559322,0.006159708912118797,0.01122312385596858,1
541570,Sally Face,323,0.04211212516297262,0.006440156386450329,0.01145829121368753,0
341940,Hatred,323,0.04211212516297262,0.004468286492191055,0.010173319974597046,1
412830,STEINS;GATE,322,0.041981747066492825,0.005661316390965758,0.011143744874495591,0
4700,Total War: MEDIEVAL II – Definitive Edition,322,0.041981747066492825,0.006916746351654568,0.011931409129485891,1
234670,NARUTO SHIPPUDEN: Ultimate Ninja STORM 3 Full Burst HD,321,0.041851368970013035,0.0037868877345063985,0.009819170604671306,2
392110,Endless Space® 2,321,0.041851368970013035,0.0039326591118792635,0.009951614824427467,0
332950,Dark Deception,320,0.041720990873533245,0.008439217145174245,0.012671253437155666,0
108800,Crysis 2 - Maximum Edition,319,0.041590612777053455,0.003793870113154072,0.009760068299630805,1
383120,Empyrion - Galactic Survival,319,0.041590612777053455,0.005758672083179145,0.01128828979967459,1
409720,BioShock™ 2 Remastered,319,0.041590612777053455,0.0056051478340147,0.011052210100425796,0
704270,Generation Zero,318,0.041460234680573665,0.006943072364178218,0.011742830931689032,1
223750,DCS World Steam Edition,318,0.041460234680573665,0.009631890288910231,0.013630564031852664,1
209080,Guns of Icarus Online,318,0.041460234680573665,0.0036290690620920762,0.009658397929374504,1
640820,Pathfinder: Kingmaker,317,0.04132985658409387,0.00269009194095014,0.00922622586599724,0
805550,Assetto Corsa Competizione,316,0.04119947848761408,0.006224677403351218,0.011520024329164607,1
544920,Darwin Project,315,0.04106910039113429,0.006430519991175223,0.011326823757457024,1
535930,Two Point Hospital,314,0.0409387222946545,0.0032973476054712967,0.009473371363886018,0
569480,Kingdoms and Castles,314,0.0409387222946545,0.005072594169434745,0.010562190852337908,1
65800,Dungeon Defenders,314,0.0409387222946545,0.00437460535815546,0.01010691770139782,1
330830,Tales from the Borderlands,313,0.0408083441981747,0.003716912734196899,0.009782299740270716,0
250400,How to Survive,313,0.0408083441981747,0.0036502492242655917,0.009700321556582294,1
667530,Drunken Wrestlers 2,312,0.04067796610169491,0.009338702416089405,0.013179757893431458,1
225260,Brutal Legend,311,0.04054758800521512,0.0034594301875405407,0.009527903320441698,1
373420,Divinity: Original Sin - Enhanced Edition,311,0.04054758800521512,0.00439229102388639,0.010277501957403012,0
409160,"Dr. Langeskov, The Tiger, and The Terribly Cursed Emerald: A Whirlwind Heist",310,0.04041720990873533,0.002528803436365019,0.008943032758744272,2
38400,Fallout: A Post Nuclear Role Playing Game,310,0.04041720990873533,0.005995881613604031,0.011172687202077947,1
292730,Call of Duty®: Infinite Warfare,309,0.04028683181225554,0.005222278307409289,0.010713861342452573,0
265550,Dead Rising 3 Apocalypse Edition,309,0.04028683181225554,0.0045375608945118885,0.01021304368258649,1
311340,METAL GEAR SOLID V: GROUND ZEROES,308,0.040156453715775746,0.005357409041642953,0.010769642904023716,1
80,Counter-Strike: Condition Zero,308,0.040156453715775746,0.009500382010868688,0.013279885068106612,1
233270,Far Cry 3 - Blood Dragon,307,0.040026075619295956,0.004968013226367361,0.010481475664443036,1
563560,Alien Swarm: Reactive Drop,307,0.040026075619295956,0.006237443749172649,0.011235068699320483,1
337340,Finding Paradise,306,0.039895697522816166,0.004068355253716392,0.010190405092835376,0
9900,Star Trek Online,306,0.039895697522816166,0.0049180312163599185,0.010583748558549226,1
383080,Sakura Clicker,305,0.039765319426336376,0.004068470159797262,0.009875700952828869,1
257850,Hyper Light Drifter,305,0.039765319426336376,0.003995899114702968,0.009906027470705334,0
992300,嗜血印 Bloody Spell,305,0.039765319426336376,0.006459807679798938,0.01166230925391938,0
221260,Little Inferno,304,0.03963494132985658,0.004140319772655369,0.009916819616948581,2
493490,City Car Driving,304,0.03963494132985658,0.012666684067189148,0.015515575428041148,1
406150,Refunct,303,0.03950456323337679,0.0035438543010198422,0.00956287448046947,0
312990,The Expendabros,303,0.03950456323337679,0.004351338248546297,0.01003316896959845,1
557600,Gorogoa,303,0.03950456323337679,0.003329901778037149,0.009591925742654868,0
204340,Serious Sam 2,303,0.03950456323337679,0.0070235279424113424,0.011750188698966504,1
1049800,BLOCKADE Classic,302,0.039374185136897,0.008985138379127738,0.012996820016566522,1
233720,Surgeon Simulator,302,0.039374185136897,0.004643461831506715,0.010247827416988228,1
300,Day of Defeat: Source,301,0.03924380704041721,0.00987297891741482,0.01346999883068557,1
626690,Sword Art Online: Fatal Bullet,300,0.03911342894393742,0.004611004949147006,0.010277720784875086,0
627270,Injustice™ 2,299,0.03898305084745762,0.006172286634099122,0.011325687809798517,0
115320,Prototype 2,299,0.03898305084745762,0.0044569735585285675,0.01016177482846138,1
332310,LEGO® Worlds,299,0.03898305084745762,0.0036635324323928188,0.009609799245603717,1
355180,Codename CURE,299,0.03898305084745762,0.006534315010855373,0.011384362498551648,1
274520,Darkwood,298,0.03885267275097783,0.004692645218509038,0.010342145775199355,0
201870,Assassin's Creed® Revelations,298,0.03885267275097783,0.005750075121908385,0.01112849304677915,0
447820,Day of Infamy,297,0.03872229465449804,0.005214242939429625,0.01066708152209945,1
942970,Unheard,297,0.03872229465449804,0.004277743735249114,0.010269175628867656,0
285920,TerraTech,297,0.03872229465449804,0.008433262497537182,0.012702507305565812,1
2310,QUAKE,296,0.038591916558018254,0.004764416407446506,0.010317984176051532,1
304240,Resident Evil / biohazard HD REMASTER,296,0.038591916558018254,0.005867986948533465,0.01126480409333249,0
332800,Five Nights at Freddy's 2,296,0.038591916558018254,0.007320943095499509,0.011943807315325922,1
350080,Wolfenstein: The Old Blood,295,0.038461538461538464,0.005354649676235138,0.010791190395488202,1
9200,RAGE,294,0.03833116036505867,0.003302300541036411,0.009418349998977732,2
6910,Deus Ex: Game of the Year Edition,293,0.03820078226857888,0.003528058497413109,0.009574493277257658,2
210970,The Witness,293,0.03820078226857888,0.003238155466402348,0.009449223930374697,0
235540,Warhammer: End Times - Vermintide,292,0.03807040417209909,0.0031895854243138007,0.009333096041304485,1
813630,Supraland,292,0.03807040417209909,0.003182460931596207,0.009329571837081654,0
130,Half-Life: Blue Shift,291,0.0379400260756193,0.012311778667323768,0.015063244243651398,1
736190,中国式家长 / Chinese Parents,291,0.0379400260756193,0.006036318563764414,0.011301424377408425,0
528230,SYNTHETIK: Legion Rising,289,0.03767926988265971,0.0038912396774466443,0.009896768247721186,0
653530,Return of the Obra Dinn,289,0.03767926988265971,0.0033515435517450488,0.009509589423082547,0
531510,Just Shapes & Beats,289,0.03767926988265971,0.010309330954650637,0.013727699247424436,1
335670,LISA,287,0.03741851368970013,0.004172208789088145,0.009939295337346655,0
424280,Iron Snout,286,0.03728813559322034,0.0032928802775574494,0.009333334356444125,1
209650,Call of Duty®: Advanced Warfare - Gold Edition,285,0.037157757496740544,0.004206188543183766,0.010008628912889875,1
391720,Layers of Fear,285,0.037157757496740544,0.003305174528622306,0.00947019011525667,0
814540,Changed,284,0.037027379400260754,0.00798610115224119,0.012233256367448545,1
280,Half-Life: Source,284,0.037027379400260754,0.010979787838653665,0.014143216945970179,1
732430,Superflight,284,0.037027379400260754,0.004500734506313359,0.010098733949123214,0
351920,Crazy Machines 3,283,0.036897001303780964,0.0033727968715348096,0.009443320793793022,0
303210,The Beginner's Guide,283,0.036897001303780964,0.0033894970817986477,0.009488527463131597,2
325610,Total War: ATTILA,283,0.036897001303780964,0.006028272027980555,0.01145452685806265,1
794260,Outward,282,0.036766623207301175,0.005422877710610442,0.010920323963656093,0
47870,Need For Speed: Hot Pursuit,282,0.036766623207301175,0.004284180925152175,0.009983009038756721,1
283640,Salt and Sanctuary,281,0.03663624511082138,0.004285162513776417,0.010094866277928577,0
248610,Door Kickers,281,0.03663624511082138,0.00336271450521757,0.009446282358586579,1
411300,ELEX,281,0.03663624511082138,0.0024984673849569317,0.008922889404324987,0
48720,Mount & Blade: With Fire & Sword,281,0.03663624511082138,0.0054534316624824395,0.010750430630824433,1
640590,The LEGO® NINJAGO® Movie Video Game,279,0.0363754889178618,0.004949317231276867,0.010411655445205822,1
38410,Fallout 2: A Post Nuclear Role Playing Game,279,0.0363754889178618,0.005597294311242634,0.010871506912921039,1
21090,F.E.A.R.,279,0.0363754889178618,0.003033311560043845,0.009228915978668036,1
686200,Door Kickers: Action Squad,279,0.0363754889178618,0.005617331269910266,0.010849512113591059,0
219890,Antichamber,278,0.03624511082138201,0.00334212521039388,0.009403126777746131,0
6000,STAR WARS™ Republic Commando™,277,0.03611473272490222,0.005078560270850005,0.010466372242060073,1
765410,Bean Battles,277,0.03611473272490222,0.01030542115052774,0.013681013842538628,1
813820,Realm Royale,276,0.03598435462842242,0.005724929530969858,0.01080858593208236,1
509980,BIGFOOT,276,0.03598435462842242,0.009860585084005084,0.013494570960293816,1
393420,Hurtworld,276,0.03598435462842242,0.005846448433574169,0.010989067845866955,1
447020,Farming Simulator 17,275,0.03585397653194263,0.0056605998000087195,0.011017990305915777,1
408900,Unfortunate Spacemen,274,0.03572359843546284,0.006896780954599263,0.011571564571667109,1
606150,Moonlighter,274,0.03572359843546284,0.0032858308163014886,0.009380215756085324,0
931690,Himno,274,0.03572359843546284,0.0044658129270677685,0.01004809488757925,0
314160,Microsoft Flight Simulator X: Steam Edition,274,0.03572359843546284,0.006776876624348105,0.01165668705321064,1
212070,Star Conflict,273,0.03559322033898305,0.0031902349611886965,0.009288850541149888,1
215530,The Incredible Adventures of Van Helsing,273,0.03559322033898305,0.002283172795191177,0.00876961292023764,0
609320,FAR: Lone Sails,272,0.03546284224250326,0.0027469467168966806,0.009034917324823115,0
12140,Max Payne,272,0.03546284224250326,0.004557304343776847,0.010216371077260727,1
342180,Arizona Sunshine,271,0.035332464146023465,0.0030323919090018904,0.009227383010493357,1
35700,Trine Enchanted Edition,271,0.035332464146023465,0.002159466140488862,0.008674450083617617,0
824270,KovaaK's FPS Aim Trainer,271,0.035332464146023465,0.011486621410692269,0.014436869710128425,1
301640,Zombie Army Trilogy,270,0.035202086049543675,0.004803251262887456,0.010362511958740488,1
65540,Gothic 1,269,0.035071707953063885,0.004652531543895311,0.010284577632259885,1
521890,Hello Neighbor,269,0.035071707953063885,0.007701455696938299,0.0120780190328929,1
250760,Shovel Knight: Treasure Trove,268,0.034941329856584095,0.003189169315439946,0.009316913267602948,0
40700,Machinarium,268,0.034941329856584095,0.0039202423110540315,0.009824578799287076,0
228200,Company of Heroes,267,0.0348109517601043,0.0044196523478131815,0.010160500784362167,1
427290,Vampyr,267,0.0348109517601043,0.0029982617520121634,0.009220259057626844,0
300380,Road Redemption,267,0.0348109517601043,0.0020770225267272083,0.008619503826431056,0
568220,Lobotomy Corporation | Monster Management Simulation,266,0.03468057366362451,0.0056794064434382814,0.010935743669887539,0
280160,Aragami,266,0.03468057366362451,0.003587580824020676,0.009535806228786598,1
280790,Creativerse,266,0.03468057366362451,0.004069578737524095,0.009802820399150966,1
209160,Call of Duty®: Ghosts,265,0.03455019556714472,0.004658453700073877,0.010255855223289154,1
262410,World of Guns: Gun Disassembly,265,0.03455019556714472,0.004279106494594603,0.009913726766409559,1
553640,ICEY,265,0.03455019556714472,0.003557737083982371,0.009568889672429855,0
560130,Pillars of Eternity II: Deadfire,265,0.03455019556714472,0.0036110173001043114,0.009876555848794766,0
356670,Spooky's Jump Scare Mansion,265,0.03455019556714472,0.005196721648771854,0.010470632320018857,1
67370,The Darkness II,265,0.03455019556714472,0.0032165834574090493,0.009304998844277415,1
766570,Russian Fishing 4,264,0.03441981747066493,0.006327236777675582,0.011293103331887409,1
19900,Far Cry® 2: Fortune's Edition,264,0.03441981747066493,0.00471603437045154,0.010206548594200535,1
356570,Party Hard,263,0.03428943937418514,0.0047753244277616,0.010225207894348536,1
374040,Portal Knights,263,0.03428943937418514,0.003397904625304135,0.009404984487771974,0
42960,Victoria II,262,0.03415906127770534,0.0061265142676349554,0.011190659907051483,1
690040,SUPERHOT: MIND CONTROL DELETE,262,0.03415906127770534,0.004943853648999714,0.010339606833870628,1
410320,EARTH DEFENSE FORCE 4.1 The Shadow of New Despair,261,0.03402868318122555,0.00324903927318228,0.009348605478293049,0
323470,DRAGON BALL XENOVERSE,261,0.03402868318122555,0.003341505738666876,0.009379189096815751,1
40990,Mafia,261,0.03402868318122555,0.005186834854593944,0.010553485288133015,1
302670,Call to Arms,260,0.03389830508474576,0.004927037893889327,0.010487611783455076,1
616560,Ultimate Epic Battle Simulator,260,0.03389830508474576,0.005011183932166651,0.010404342832536318,1
667970,VTOL VR,259,0.03376792698826597,0.007627520858627118,0.012268364425912654,1
220780,Thomas Was Alone,259,0.03376792698826597,0.0022568149635913506,0.00869578511939527,0
429660,Tales of Berseria™,259,0.03376792698826597,0.0027272491563126795,0.009048518136593313,0
395170,DISTRAINT: Deluxe Edition,259,0.03376792698826597,0.0032771089906588587,0.009362341812999869,0
435120,Rusty Lake Hotel,258,0.033637548891786176,0.0035038958061651892,0.009535778218600495,0
622650,Bendy and the Ink Machine™,258,0.033637548891786176,0.006632059907743501,0.01139245444508727,1
34030,Total War: NAPOLEON – Definitive Edition,257,0.033507170795306386,0.0045266514196314975,0.01026316416297814,1
6860,Hitman: Blood Money,257,0.033507170795306386,0.004229865314115034,0.009942584070704748,1
204880,Sins of a Solar Empire: Rebellion®,257,0.033507170795306386,0.0024149329772038667,0.008833328997890758,2
10680,Aliens vs. Predator™,257,0.033507170795306386,0.003818488739536633,0.009629742350161485,1
298630,The Escapists,256,0.033376792698826596,0.004965672522674583,0.010321431084254283,1
851100,Touhou Luna Nights,256,0.033376792698826596,0.003662002471396612,0.009579081323596968,0
39140,FINAL FANTASY VII,256,0.033376792698826596,0.0029838738750130175,0.009147926371028766,0
464060,RUINER,256,0.033376792698826596,0.003431436440352409,0.009437837985039634,0
681280,Descenders,256,0.033376792698826596,0.006960071208523761,0.01160297545388311,1
555570,Infestation: The New Z,255,0.033246414602346806,0.0046304966782349435,0.010152169292500382,1
312520,Rain World,254,0.033116036505867016,0.006220311036186969,0.011186814789222451,0
278080,DYNASTY WARRIORS 8: Xtreme Legends Complete Edition / 真・三國無双７ with 猛将伝,254,0.033116036505867016,0.0037483518217547793,0.009691389512304268,0
287980,Mini Metro,253,0.03298565840938722,0.0023831892817020917,0.008756251975643715,0
578620,GORN,253,0.03298565840938722,0.0032870923825767256,0.009336518649804806,1
45760,Ultra Street Fighter® IV,253,0.03298565840938722,0.0027397983675326227,0.00898573038919739,2
246420,Kingdom Rush,252,0.03285528031290743,0.0033847685921667486,0.009441677006493641,0
425580,The Room Two,251,0.03272490221642764,0.0025614522826349437,0.008957725493555217,0
572890,Pikuniku,251,0.03272490221642764,0.0036234401543471994,0.00953547218680371,0
578310,BRAIN / OUT,251,0.03272490221642764,0.006408002265235725,0.011207545528329681,1
210770,Sanctum 2,251,0.03272490221642764,0.002186397259953542,0.00864778582842484,1
294860,Valkyria Chronicles™,250,0.03259452411994785,0.0018692273482392961,0.008459711204212876,0
204030,Fable - The Lost Chapters,250,0.03259452411994785,0.002823179007685269,0.009029615185490215,1
249050,Dungeon of the Endless™,250,0.03259452411994785,0.0017140459189057251,0.00836511724462192,0
282900,Hyperdimension Neptunia Re;Birth1 / 超次次元ゲイム ネプテューヌRe;Birth1 / 超次次元遊戲戰機少女重生1,250,0.03259452411994785,0.0021938255566808077,0.008706140024277746,0
537800,Bomber Crew,249,0.03246414602346805,0.00342942960659049,0.009400563667935612,1
24200,DC Universe™ Online,249,0.03246414602346805,0.004774172191408413,0.010230279368259411,1
268130,Heat Signature,249,0.03246414602346805,0.00286599032860364,0.009112457367127963,0
235600,Tom Clancy’s Splinter Cell Blacklist,249,0.03246414602346805,0.003694502596489714,0.009603897831018782,1
237990,The Banner Saga,248,0.03233376792698826,0.002270115850038433,0.008791898359719125,0
306020,Bloons TD 5,248,0.03233376792698826,0.006013956164050081,0.010928442905451356,1
666220,CS2D,248,0.03233376792698826,0.004996798895819117,0.010338680009193217,1
47810,Dragon Age: Origins - Ultimate Edition,248,0.03233376792698826,0.0033895616565965533,0.009460596597959304,0
40100,Supreme Commander 2,247,0.03220338983050847,0.0036196576057046415,0.00952233894494276,1
368070,Sniper Ghost Warrior 3,247,0.03220338983050847,0.003781576478523647,0.00975436560704665,1
39000,Moonbase Alpha,246,0.032073011734028684,0.004228755628285278,0.009853605157753548,1
498240,Batman - The Telltale Series,246,0.032073011734028684,0.003916183126731838,0.009755905785159025,2
17480,Command & Conquer: Red Alert 3,246,0.032073011734028684,0.002938513592585274,0.009113381292865597,1
251060,Wargame: Red Dragon,246,0.032073011734028684,0.004024974258575062,0.009832004382121388,1
361280,Turmoil,246,0.032073011734028684,0.0035442833208907754,0.009478033939180747,1
501590,Bulletstorm: Full Clip Edition,245,0.031942633637548894,0.003880123476763679,0.009736173779189986,0
211500,RaceRoom Racing Experience,244,0.0318122555410691,0.005233223887749714,0.010585856357844549,1
251990,Long Live The Queen,244,0.0318122555410691,0.001645488511970121,0.008301591426656353,0
544750,SOULCALIBUR VI,244,0.0318122555410691,0.003521472060384761,0.009515050749871646,0
391460,WARMODE,243,0.03168187744458931,0.0047021777628448065,0.01013366459541328,1
238370,Magicka 2,243,0.03168187744458931,0.0034256628959105145,0.009367430979795878,1
462780,Darksiders Warmastered Edition,243,0.03168187744458931,0.0030132082023180333,0.00916491844359016,0
508900,Zup! X,243,0.03168187744458931,0.003673738356703547,0.009539968070225604,1
590380,Into the Breach,242,0.03155149934810952,0.0026306179149364122,0.008931279529766203,0
1046030,ISLANDERS,242,0.03155149934810952,0.0026771082188635424,0.008921912338935387,0
738520,Breathedge,241,0.03142112125162973,0.0023334287339137946,0.008705536376875055,0
428550,Momodora: Reverie Under The Moonlight,241,0.03142112125162973,0.0026123482775301937,0.008933218722547745,0
265300,Lords Of The Fallen™,240,0.03129074315514993,0.0027239571574316627,0.009017469755223368,0
39510,Gothic II: Gold Edition,240,0.03129074315514993,0.0032255399675881454,0.009338154530717107,1
434650,Lost Castle,240,0.03129074315514993,0.003257385818076707,0.009332645749605522,0
492720,Tropico 6,240,0.03129074315514993,0.0027410143443861567,0.00899565900866424,1
9420,Supreme Commander: Forged Alliance,239,0.031160365058670144,0.002814692957327271,0.009052254429288155,1
386070,Planetary Annihilation: TITANS,239,0.031160365058670144,0.003291653967608826,0.009324556877969332,1
311560,Assassin’s Creed® Rogue,239,0.031160365058670144,0.004485519491137413,0.010193619179289215,0
847370,Sunset Overdrive,239,0.031160365058670144,0.004391497692226335,0.009972918640930186,1
658850,Do Not Feed the Monkeys,239,0.031160365058670144,0.003144124217878907,0.009255208457664194,0
707010,Will To Live Online,238,0.03102998696219035,0.005027111625464179,0.01038874901319633,1
585420,Trailmakers,237,0.03089960886571056,0.007602351975418392,0.012057172158160668,1
224760,FEZ,237,0.03089960886571056,0.0021015131803084094,0.008555017029379225,0
485610,Ball 3D: Soccer Online,237,0.03089960886571056,0.0053170765728654795,0.01050359047749072,1
423230,Furi,236,0.030769230769230767,0.003190239512997528,0.009253013345003341,0
900270,Lonk's Adventure,235,0.030638852672750978,0.003349775577109123,0.00934524825670283,0
673950,Farm Together,234,0.030508474576271184,0.003930849493952497,0.00973530942998873,0
288470,Fable Anniversary,234,0.030508474576271184,0.0027874035840306285,0.008998717984390265,1
637090,BATTLETECH,233,0.030378096479791394,0.0017069614096094372,0.008376363404661443,0
9010,Return to Castle Wolfenstein,233,0.030378096479791394,0.002377928657895372,0.008743658695708067,1
734750,PickCrafter,233,0.030378096479791394,0.00619813064923266,0.011041998567848538,1
292120,FINAL FANTASY® XIII,233,0.030378096479791394,0.0019918798234316534,0.00854138898359125,0
481510,Night in the Woods,232,0.030247718383311605,0.0054396843557318626,0.010591295278207964,0
359870,FINAL FANTASY X/X-2 HD Remaster,232,0.030247718383311605,0.0022976024720187584,0.008729107847371645,0
40970,Stronghold Crusader HD,232,0.030247718383311605,0.003781258772599279,0.009582428384496416,1
21000,LEGO® Batman™: The Videogame,231,0.03011734028683181,0.005379915748168025,0.010590910396557502,1
317360,Double Action: Boogaloo,231,0.03011734028683181,0.003923915617872863,0.00964559040840476,1
320,Half-Life 2: Deathmatch,230,0.02998696219035202,0.00934000353994988,0.013001410032931275,1
218680,Scribblenauts Unlimited,230,0.02998696219035202,0.0036692409986265676,0.009468747350643729,1
21130,LEGO® Harry Potter: Years 1-4,230,0.02998696219035202,0.0029041720439793566,0.009027311204957145,1
365300,Transmissions: Element 120,229,0.029856584093872228,0.003328771274489766,0.009272055724006066,1
297130,Titan Souls,229,0.029856584093872228,0.0044199106071940684,0.010029336283698979,0
586140,BlazBlue Centralfiction,229,0.029856584093872228,0.0031632171175237306,0.009283175924059141,0
372000,Tree of Savior (English Ver.),229,0.029856584093872228,0.002532620262004329,0.008849019858755464,0
597220,West of Loathing,227,0.029595827900912645,0.00346182347864058,0.009357814465585994,0
70300,VVVVVV,227,0.029595827900912645,0.0024546036154501133,0.008766887647242564,2
258520,The Vanishing of Ethan Carter,227,0.029595827900912645,0.0021576917240689617,0.008623627650813821,0
388410,Darksiders II Deathinitive Edition,226,0.029465449804432855,0.0033336998538584846,0.00933691490518856,0
222480,Resident Evil Revelations / Biohazard Revelations,226,0.029465449804432855,0.0030756347669116937,0.009301865646417025,0
26800,Braid,225,0.02933507170795306,0.0014734131456704755,0.008168772180988661,0
617830,SUPERHOT VR,225,0.02933507170795306,0.0035552774624414535,0.009454813214637557,1
631510,Devil May Cry HD Collection,225,0.02933507170795306,0.0040170874618873365,0.009805016200034263,0
252330,Slender: The Arrival,224,0.02920469361147327,0.003840162010845159,0.009583671665816099,1
392160,X4: Foundations,224,0.02920469361147327,0.002972196743586008,0.009242089467590984,0
589780,The Red Strings Club,224,0.02920469361147327,0.0018529365407368105,0.008462580649826263,0
289130,Endless Legend™,223,0.029074315514993482,0.001777454368305925,0.008384533902881849,0
70000,Dino D-Day,223,0.029074315514993482,0.0028910472325117,0.008998644669287532,1
473690,Absolver,223,0.029074315514993482,0.0028112983167320246,0.008951375499735112,0
469820,Genital Jousting,222,0.02894393741851369,0.003670922652409963,0.009452759203948847,1
9450,"Warhammer® 40,000: Dawn of War® - Soulstorm",222,0.02894393741851369,0.003491640320146928,0.009409629223494927,1
744900,Dead Frontier 2,221,0.0288135593220339,0.005160668699946344,0.010395300332807476,1
13520,Far Cry®,220,0.028683181225554105,0.0031099070564977118,0.009168269656648369,1
670290,Real Pool 3D - Poolians,219,0.028552803129074315,0.0039013794461213954,0.009609106694074589,1
351640,Eternal Senia,219,0.028552803129074315,0.0014936975627555943,0.00814613090275205,0
212500,The Lord of the Rings Online™,219,0.028552803129074315,0.002016561511612084,0.00846793992187549,1
882790,天命奇御 Fate Seeker,218,0.028422425032594522,0.0028097666395777896,0.009133956801788337,0
4570,"Warhammer® 40,000: Dawn of War® - Game of the Year Edition",218,0.028422425032594522,0.0027774806714921203,0.008986627714572086,1
397900,Business Tour - Board Game with Online Multiplayer,217,0.028292046936114732,0.00557922040270653,0.0106581873399729,1
16900,GROUND BRANCH,217,0.028292046936114732,0.005365989304122018,0.01065741989792306,1
211400,Deadlight,217,0.028292046936114732,0.0013929934386759804,0.008141862438723915,0
57690,Tropico 4,217,0.028292046936114732,0.0027565948499750697,0.008972140210037552,2
340,Half-Life 2: Lost Coast,216,0.02816166883963494,0.00816967324731152,0.012255857857322935,1
578330,LEGO® City Undercover,216,0.02816166883963494,0.0033481512610866837,0.009294507432027001,1
232010,Euro Truck Simulator,216,0.02816166883963494,0.0033556885829354273,0.009276339495143128,1
368340,CrossCode,216,0.02816166883963494,0.0018978333107578995,0.00841329015861362,0
736220,Post Scriptum,215,0.02803129074315515,0.0039254741561556864,0.009796898166046536,1
438640,LEGO® STAR WARS™: The Force Awakens,214,0.02790091264667536,0.004024482139446387,0.009689025968289168,1
32510,LEGO® Star Wars™ III - The Clone Wars™,214,0.02790091264667536,0.004846860669115017,0.010185311523179544,1
388880,Oxenfree,214,0.02790091264667536,0.002258769119632409,0.008622205791893314,0
909080,Cube Escape: Paradox,213,0.027770534550195566,0.002181185585369112,0.008634903166199897,0
339340,Resident Evil 0 / biohazard 0 HD REMASTER,213,0.027770534550195566,0.003530926041054646,0.009633104483905126,0
520440,GUILTY GEAR Xrd -REVELATOR-,213,0.027770534550195566,0.0032563724953709764,0.009293186591025447,0
2100,Dark Messiah of Might & Magic,212,0.027640156453715776,0.002167190723210254,0.00853613370288818,2
593280,Cat Quest,212,0.027640156453715776,0.0016566830311759016,0.008234649394448876,0
329050,Devil May Cry® 4 Special Edition,212,0.027640156453715776,0.0038506819166435028,0.009684425814851199,0
241560,The Crew™,211,0.027509778357235982,0.003073135156742434,0.00912394774549123,1
420110,NEKOPARA Vol. 2,210,0.027379400260756193,0.0024810979900152194,0.00887465567890065,0
239070,Hammerwatch,210,0.027379400260756193,0.001906288130971825,0.008396901845290754,0
443810,This Is the Police,209,0.0272490221642764,0.00214403866017295,0.008573887300052338,0
245620,Tropico 5,209,0.0272490221642764,0.0023561130826735034,0.008689782501127008,1
39500,Gothic® 3,209,0.0272490221642764,0.002471351604940078,0.008775363222599333,1
266510,Hand of Fate,209,0.0272490221642764,0.0015618139350680733,0.008207020393252239,0
238210,System Shock 2,209,0.0272490221642764,0.001490466459820233,0.008148236334615661,2
252870,PULSAR: Lost Colony,209,0.0272490221642764,0.0028466435590851252,0.008948849895435507,1
266010,LYNE,208,0.02711864406779661,0.0016404976667352507,0.008206563977604468,2
290340,Armello,208,0.02711864406779661,0.001350859991134057,0.008054548078569724,0
232890,Stronghold Crusader 2,208,0.02711864406779661,0.003572307156962505,0.009406474535870915,1
374280,Hired Ops,207,0.02698826597131682,0.0056700654157208485,0.010722365984421134,1
436150,Governor of Poker 3,207,0.02698826597131682,0.0037739849265341296,0.009516625773577952,1
378540,The Surge,206,0.026857887874837026,0.0021030357604965065,0.0085515567873756,0
614570,Dishonored®: Death of the Outsider™,205,0.026727509778357236,0.002344795756701032,0.008729723334983543,0
24010,Train Simulator 2019,204,0.026597131681877443,0.0033294238135619133,0.009324947775235567,1
382310,Eco,203,0.026466753585397653,0.0034716186055270635,0.00942108447681715,1
499520,The Turing Test,203,0.026466753585397653,0.0013382054374041113,0.008038483646217705,0
313160,Farming Simulator 15,203,0.026466753585397653,0.003393385904033266,0.009319817424724765,1
453480,Shadowverse CCG,203,0.026466753585397653,0.0023183015834271786,0.00865223732201001,0
256290,Child of Light,202,0.02633637548891786,0.0011083703349814363,0.007902869839663044,0
388090,Five Nights at Freddy's 4,202,0.02633637548891786,0.004814915313792383,0.010145988401427558,1
208140,Endless Space® - Collection,202,0.02633637548891786,0.0015595949701757352,0.008156516669375646,2
223100,Homefront®: The Revolution,202,0.02633637548891786,0.0026208577597590828,0.008836638886587918,1
377840,FINAL FANTASY IX,202,0.02633637548891786,0.0017755370994915931,0.00833443673455848,0
424030,War of Rights,202,0.02633637548891786,0.004676684196075789,0.010222668619218687,1
363890,RPG Maker MV,201,0.02620599739243807,0.002804528891697667,0.008880060085489265,0
282440,Quake Live™,201,0.02620599739243807,0.002114924718492145,0.008486206595198865,1
405310,LEGO® MARVEL's Avengers,201,0.02620599739243807,0.003119387902757919,0.009110085401356207,1
362680,Fran Bow,200,0.02607561929595828,0.002956493635319796,0.009004246431829063,0
962730,Skater XL,200,0.02607561929595828,0.0059825756992243646,0.010900902109564887,1
323320,Grow Home,200,0.02607561929595828,0.0015997477943411197,0.008210808781877058,0
232770,POSTAL,199,0.025945241199478487,0.003436275487676149,0.009299070308809495,1
250180,METAL SLUG 3,199,0.025945241199478487,0.002253205952798563,0.00859017598894696,0
496300,Kingdom: New Lands,199,0.025945241199478487,0.002212949663679939,0.008551234879525568,0
272510,NARUTO SHIPPUDEN: Ultimate Ninja STORM Revolution,198,0.025814863102998697,0.003294810836533635,0.009249627088894041,1
12150,Max Payne 2: The Fall of Max Payne,197,0.025684485006518903,0.002634377923695053,0.008871388486709184,1
604240,Shotgun Farmers,197,0.025684485006518903,0.007260980623555104,0.011601014853904535,1
367580,Hook,197,0.025684485006518903,0.001559065567792265,0.00815952218002419,0
489360,CASE: Animatronics,197,0.025684485006518903,0.0034269043889956045,0.00929068260982334,1
435790,10 Second Ninja X,197,0.025684485006518903,0.002585111482737237,0.008794205330817432,0
458710,Kingdom Rush Frontiers,197,0.025684485006518903,0.0027302302090602246,0.008943999907213231,0
860950,Mark of the Ninja: Remastered,197,0.025684485006518903,0.002551513113249796,0.008798075050803053,0
96100,Defy Gravity Extended,196,0.025554106910039114,0.0014806700879469363,0.008079256804178325,2
320240,We Happy Few,196,0.025554106910039114,0.002983644913692621,0.00900584656096795,1
205950,Jet Set Radio,196,0.025554106910039114,0.0029269274517881674,0.00898287830312806,1
327030,Worms W.M.D,196,0.025554106910039114,0.003373212077445732,0.009227616838496105,1
6020,STAR WARS™ Jedi Knight - Jedi Academy™,196,0.025554106910039114,0.0030059383589222896,0.009046518086868136,1
493900,Dungeons 3,196,0.025554106910039114,0.0017001735340261724,0.008246036079117645,0
49600,Beat Hazard,196,0.025554106910039114,0.0021924609453217807,0.008513541944402016,1
834910,ATLAS,195,0.02542372881355932,0.002701593463056857,0.00894159607569835,1
339610,Freestyle 2: Street Basketball,195,0.02542372881355932,0.002901442306329269,0.008947347637157281,1
382490,Relic Hunters Zero,195,0.02542372881355932,0.0023729349935831447,0.008613275421246491,1
448510,Overcooked,195,0.02542372881355932,0.0022396204524706186,0.0085795996987501,0
297000,Heroes® of Might & Magic® III - HD Edition,194,0.02529335071707953,0.0022445882869680765,0.008575058164224174,1
213330,LEGO® Batman™ 2: DC Super Heroes,194,0.02529335071707953,0.0026914094430884844,0.008852890923461459,1
269950,X-Plane 11,194,0.02529335071707953,0.004162295360326962,0.009843389016052247,1
313740,Sakura Spirit,194,0.02529335071707953,0.0014645063510311807,0.00809266251880152,0
200170,Worms Revolution,194,0.02529335071707953,0.0031787979542462733,0.009095832212799703,1
767560,War Robots,193,0.025162972620599737,0.004370003779013569,0.009857030668533653,1
396750,EVERSPACE™,193,0.025162972620599737,0.00197768244197945,0.008412428757916313,0
1053680,Granny Simulator,193,0.025162972620599737,0.004452002384173473,0.009869230276346437,1
301910,Saints Row: Gat out of Hell,192,0.025032594524119947,0.0026317225238760822,0.008813458614777215,1
515180,Bus Simulator 18,192,0.025032594524119947,0.003989358761841946,0.009782292224449594,1
55100,Homefront,191,0.024902216427640157,0.001735454164336114,0.008258249927366786,1
673880,"Warhammer 40,000: Mechanicus",191,0.024902216427640157,0.002428315616830377,0.008690106451380644,0
423880,Carpe Diem,191,0.024902216427640157,0.0019499605407808946,0.00836657203929122,1
113020,Monaco: What's Yours Is Mine,191,0.024902216427640157,0.002591489580537934,0.008791005118002513,1
313690,LEGO® Batman™ 3: Beyond Gotham,191,0.024902216427640157,0.003324929153124442,0.009265069246546105,1
17460,Mass Effect,191,0.024902216427640157,0.001983060036770453,0.008429500497934075,2
633460,Tannenberg,190,0.024771838331160364,0.0025711305511415504,0.00881119047929789,1
238430,Contagion,189,0.024641460234680574,0.002944577659218465,0.00900661689797436,1
647830,LEGO® Marvel Super Heroes 2,189,0.024641460234680574,0.003293239045376138,0.009227923720964867,1
4920,Natural Selection 2,189,0.024641460234680574,0.0023940492948022027,0.00866798512768326,1
270550,Yet Another Zombie Defense,189,0.024641460234680574,0.0025928634167660856,0.008768025127762175,1
422970,Devil Daggers,189,0.024641460234680574,0.002540191139471214,0.008712705475571103,2
241260,Sherlock Holmes: Crimes and Punishments,188,0.02451108213820078,0.0013877885084224398,0.008079385869309725,0
533300,Zup!,188,0.02451108213820078,0.002072329679398401,0.008428084478737866,1
359050,Shower With Your Dad Simulator 2015: Do You Still Shower With Your Dad,188,0.02451108213820078,0.0021867210011703893,0.008502342738284374,1
584980,Late Shift,187,0.02438070404172099,0.0019676756108511126,0.008400566587624798,0
973760,Thronebreaker: The Witcher Tales,187,0.02438070404172099,0.0026678268912023978,0.008885522619552238,0
21100,F.E.A.R. 3,187,0.02438070404172099,0.0022517919875201698,0.008553353448478069,1
296470,Mount Your Friends,186,0.024250325945241197,0.0022121107028431806,0.008501322959935357,1
360940,The Mean Greens - Plastic Warfare,186,0.024250325945241197,0.0028175639056501637,0.008890538939820815,1
456750,The Room Three,185,0.024119947848761408,0.0013808558225880145,0.008056889427714316,0
586980,MadOut2 BigCityOnline,185,0.024119947848761408,0.004369131951035066,0.009859004563366861,1
352400,LEGO® Jurassic World,185,0.024119947848761408,0.002672403741264956,0.008788569151927356,1
22100,Mount & Blade,185,0.024119947848761408,0.002338309568124011,0.008614542316105036,1
1008710,Wet Girl,184,0.023989569752281614,0.002456404821658225,0.008661708091873322,0
394310,Punch Club,184,0.023989569752281614,0.0021731002611934504,0.008486888857475188,2
48240,Anno 2070™,183,0.023859191655801824,0.0014312612389713536,0.008082957339244369,0
688420,Bad North,183,0.023859191655801824,0.002152164807371908,0.00850558536808324,0
519190,Next Day: Survival,183,0.023859191655801824,0.0027696268611603373,0.008875969496591132,1
400910,Rabi-Ribi,183,0.023859191655801824,0.0019084806022237322,0.008390098055565376,0
764790,The Messenger,183,0.023859191655801824,0.0017929944759404657,0.008292861833813567,0
589870,Learn to Fly 3,183,0.023859191655801824,0.005142402611786589,0.01031372230498505,1
520720,Dear Esther: Landmark Edition,183,0.023859191655801824,0.0021652608807479316,0.00850294568465224,1
434170,The Jackbox Party Pack 3,183,0.023859191655801824,0.004452525497530103,0.00986200240649095,1
206500,AirMech Strike,182,0.023728813559322035,0.002129507309556713,0.008467566207345529,1
415200,Motorsport Manager,182,0.023728813559322035,0.00185299324788287,0.008334522261896453,1
446020,Jalopy - The Road Trip Driving Indie Car Game (公路旅行驾驶游戏),181,0.02359843546284224,0.00316409693571792,0.00911217745989563,1
231160,The Swapper,180,0.02346805736636245,0.0009193382819119705,0.007740102327108551,0
618140,Barro,180,0.02346805736636245,0.0018988764724209486,0.008325535836368317,0
743450,Monster Prom,180,0.02346805736636245,0.002399430763408503,0.008634468128643522,0
451020,Battle Chasers: Nightwar,180,0.02346805736636245,0.0014145017112396662,0.008100485291611078,0
65980,Sid Meier's Civilization®: Beyond Earth™,180,0.02346805736636245,0.0019098808618976642,0.008361076868635629,0
445220,Avorion,179,0.023337679269882658,0.0018044367581209811,0.008299537178780946,2
10150,Prototype™,179,0.023337679269882658,0.0024004303943960534,0.008674247352631512,1
360170,How to Survive 2,179,0.023337679269882658,0.0021677761368946056,0.008496904801509718,1
226840,Age of Wonders III,178,0.023207301173402868,0.001389587258002112,0.00801326903346597,0
263980,Out There Somewhere,178,0.023207301173402868,0.0012942777677547128,0.007951047927706359,2
362490,Exanima,178,0.023207301173402868,0.0018754179126718711,0.008334001801831172,1
57900,Duke Nukem Forever,178,0.023207301173402868,0.0018701050825932256,0.008288609399119492,1
233980,UnEpic,177,0.023076923076923075,0.001768202599681496,0.008272100674685824,0
250260,Jazzpunk: Director's Cut,177,0.023076923076923075,0.001996002836198104,0.008353680156588309,1
605740,"Flashing Lights - Police, Firefighting, Emergency Services Simulator (警情，消防，急救)",177,0.023076923076923075,0.005067334934398796,0.01043161032402157,1
773951,Freeman: Guerrilla Warfare,177,0.023076923076923075,0.0019704988712401002,0.008400637727191936,1
371970,Barony,177,0.023076923076923075,0.0025308829585503046,0.008708223395429971,0
253430,CastleMiner Z,177,0.023076923076923075,0.003966691519236766,0.009563483927979793,1
627690,Idle Champions of the Forgotten Realms,177,0.023076923076923075,0.0018938635065942312,0.00833955686186884,0
784150,Workers & Resources: Soviet Republic,177,0.023076923076923075,0.002591563805488198,0.008791783510666715,1
760060,Mutant Year Zero: Road to Eden,176,0.022946544980443285,0.0013721666529685555,0.008008074576220676,0
513510,Intralism,175,0.022816166883963495,0.0021994016179844693,0.008492848637751458,0
242640,Styx: Master of Shadows,175,0.022816166883963495,0.0013463041960520387,0.007990579927151506,0
28000,Kane & Lynch 2: Dog Days,174,0.0226857887874837,0.0016931205457739091,0.008204165480529014,1
2600,Vampire: The Masquerade - Bloodlines,174,0.0226857887874837,0.0010197691597194445,0.007789486129196477,0
16450,F.E.A.R. 2: Project Origin,174,0.0226857887874837,0.002065059124791456,0.008417426357465072,1
233610,Distance,174,0.0226857887874837,0.0020624319885021772,0.008397335531895814,1
234080,Castlevania: Lords of Shadow – Ultimate Edition,173,0.022555410691003912,0.001243302933516044,0.007931066206787333,0
302830,BLOCKADE 3D,173,0.022555410691003912,0.001988260923318676,0.008367261395731703,1
829110,LEGO® DC Super-Villains,173,0.022555410691003912,0.0029092455089039333,0.008956791966812622,1
94400,Nidhogg,173,0.022555410691003912,0.0019754801917372922,0.00835937235913648,1
555220,Detention,173,0.022555410691003912,0.001389221791359043,0.00804709319917439,0
287450,Rise of Nations: Extended Edition,172,0.02242503259452412,0.00192687002739916,0.00832617184999437,1
495890,Montaro,172,0.02242503259452412,0.002011504653457883,0.008349373270745758,0
273110,Counter-Strike Nexon: Zombies,172,0.02242503259452412,0.003310304064668457,0.00914277323289092,1
217200,Worms Armageddon,172,0.02242503259452412,0.0021372322351978163,0.008448399025924001,1
559210,Rakuen,172,0.02242503259452412,0.0010193785327827466,0.007783527102603294,0
239200,Amnesia: A Machine for Pigs,172,0.02242503259452412,0.0010403002536937607,0.0077967610906077515,2
677120,Heroes of Hammerwatch,171,0.02229465449804433,0.0021596391930787293,0.008478170903636529,0
980300,One Finger Death Punch 2,171,0.02229465449804433,0.0018405008962648877,0.008279705042274151,0
334940,Yoku's Island Express,171,0.02229465449804433,0.000924757540793994,0.007714623720668583,0
33100,Alien Shooter,171,0.02229465449804433,0.0023866942100151107,0.008615742948723363,1
2400,The Ship: Murder Party,171,0.02229465449804433,0.00260827304258711,0.008731570369682095,1
40950,Stronghold HD,170,0.022164276401564535,0.0019643795285624404,0.008334576583409855,1
272060,Serena,170,0.022164276401564535,0.0009647118019606862,0.0077405270170857994,2
351940,The Descendant,170,0.022164276401564535,0.0022181880268688247,0.008509430854295258,1
893030,Music Racer,169,0.022033898305084745,0.003168505244136906,0.009068391715664441,1
527450,Cockroach Simulator,169,0.022033898305084745,0.0035516692997674044,0.009280357845051795,1
400630,Wuppo,169,0.022033898305084745,0.0021591305143617147,0.008497048607890474,0
459220,Halo Wars: Definitive Edition,168,0.021903520208604955,0.0024567238079288988,0.008656174115742826,1
219830,King Arthur's Gold,167,0.021773142112125162,0.0018179539634029262,0.0082359581203135,1
799070,Zup! 8,167,0.021773142112125162,0.0033690615546735528,0.00921500629651052,1
825630,STEINS;GATE 0,167,0.021773142112125162,0.002249650154169155,0.008640094138636607,0
253980,Enclave,167,0.021773142112125162,0.0013568504521566033,0.007975816672811895,1
329430,State of Decay: YOSE,167,0.021773142112125162,0.0022368844684105553,0.008530538444617894,1
602520,NEKOPARA Vol. 3,167,0.021773142112125162,0.003072019718321595,0.009137870563535043,0
227860,Castle Story,167,0.021773142112125162,0.0027973375762417115,0.008832383225952511,1
589590,Kindergarten,166,0.021642764015645372,0.0028385235036265453,0.008851335551551168,1
433850,Z1 Battle Royale,166,0.021642764015645372,0.0026107605365365606,0.008737139663543033,1
299360,Block N Load,166,0.021642764015645372,0.0024760096246668464,0.00862949028415595,1
424370,Wolcen: Lords of Mayhem,166,0.021642764015645372,0.0017014474606461378,0.00823320365157622,0
518150,Intruder,166,0.021642764015645372,0.0031574173688996383,0.009051240986548553,1
263060,Blockstorm,166,0.021642764015645372,0.0016430985227059306,0.00813808273066036,1
41000,Serious Sam HD: The First Encounter,165,0.02151238591916558,0.0024890843525429782,0.008667193512312583,1
2630,Call of Duty® 2,164,0.02138200782268579,0.0026934523255867215,0.00876512091339285,1
3480,Peggle Deluxe,164,0.02138200782268579,0.0032008921239836167,0.009062383814838688,1
428690,Youtubers Life,164,0.02138200782268579,0.0030072216531595933,0.008960278115152214,1
562860,Ion Maiden,164,0.02138200782268579,0.0007642985133815488,0.007608728923774522,0
8000,Tomb Raider: Anniversary,164,0.02138200782268579,0.0017539949358645155,0.008240428124139795,1
354140,Five Nights at Freddy's 3,164,0.02138200782268579,0.003806508528220056,0.009510058301817392,1
248310,Freedom Planet,164,0.02138200782268579,0.0015941357861174728,0.008114204148064581,2
398850,Epistory - Typing Chronicles,164,0.02138200782268579,0.000885499277364884,0.007702232863309899,0
921060,Modern Combat 5,163,0.021251629726205996,0.0028568263031926045,0.008879230199707327,1
435400,Hidden Folks,163,0.021251629726205996,0.0009594450552726295,0.007738833954518224,0
35130,Lara Croft and the Guardian of Light,163,0.021251629726205996,0.0012017145885749047,0.00789708410012488,2
8140,Tomb Raider: Underworld,162,0.021121251629726206,0.0021449158705869964,0.00848689478693231,1
12360,FlatOut: Ultimate Carnage,162,0.021121251629726206,0.002694569690838475,0.008802076457482232,1
12220,Grand Theft Auto: Episodes from Liberty City,162,0.021121251629726206,0.002751046403484135,0.008851528882488495,1
607260,McOsu,162,0.021121251629726206,0.003881665937924297,0.009457154596111973,1
449960,Book of Demons,162,0.021121251629726206,0.0016512096962551773,0.008166351578742119,0
35000,Mini Ninjas,162,0.021121251629726206,0.0015755761910720765,0.008094112737398712,1
346120,Boring Man - Online Tactical Stickman Combat,162,0.021121251629726206,0.0025347224190571276,0.008646695271591573,1
331870,AER Memories of Old,161,0.020990873533246412,0.0017330794790695087,0.008174258401333751,0
621830,WRC 7 FIA World Rally Championship,160,0.020860495436766623,0.002095793407649299,0.008431843270107871,1
595520,FINAL FANTASY XII THE ZODIAC AGE,160,0.020860495436766623,0.0016004257295014759,0.008150473134714004,0
650700,Yume Nikki,160,0.020860495436766623,0.0015562485498722552,0.008068098818737837,0
788770,Meteor 60 Seconds!,160,0.020860495436766623,0.0020609891362304523,0.008398733607939317,0
952040,MUSYNX,160,0.020860495436766623,0.001965534876077902,0.008367991925871787,0
369990,"Gremlins, Inc.",159,0.020730117340286833,0.001462801650027991,0.008020078191518572,0
955900,了不起的修仙模拟器,159,0.020730117340286833,0.002664195175657326,0.008881725251643921,0
290080,Life is Feudal: Your Own,159,0.020730117340286833,0.0016278079994382375,0.008190179982943366,1
523780,Emily is Away Too,159,0.020730117340286833,0.0021370604432467064,0.008439002894667102,0
384180,Prominence Poker,158,0.02059973924380704,0.0017178796551133853,0.00815746579362453,0
562010,Tanki Online,158,0.02059973924380704,0.003235078570110281,0.009099179064722884,1
897330,Coloring Pixels,158,0.02059973924380704,0.0022703142274249034,0.008495706925315132,1
268650,From the Depths,158,0.02059973924380704,0.00232203212210256,0.008568110071098574,1
207690,Botanicula,157,0.02046936114732725,0.0007469048836211609,0.00758452463892678,0
893180,Catherine Classic,157,0.02046936114732725,0.00163412113885935,0.008146813931193842,0
399810,Call of Cthulhu®,157,0.02046936114732725,0.001547639130707128,0.008105876665509281,0
410110,12 is Better Than 6,157,0.02046936114732725,0.0012733054124066637,0.007922399133132427,2
397340,SimplePlanes,156,0.020338983050847456,0.0032207488523092916,0.00910376586402143,1
4760,Rome: Total War™ - Collection,156,0.020338983050847456,0.00183550407256427,0.008277267106692599,1
451340,Gold Rush: The Game,156,0.020338983050847456,0.003147192095626879,0.009085860081911333,1
20,Team Fortress Classic,156,0.020338983050847456,0.005412467571106076,0.010393334345043357,1
252610,Death Road to Canada,155,0.020208604954367666,0.002189118967528067,0.008457612020692274,0
858810,Dawn of Man,155,0.020208604954367666,0.0014549612366806716,0.008053477062845045,2
761620,Beholder 2,155,0.020208604954367666,0.0021848267589034296,0.008471990612132278,0
102600,Orcs Must Die!,155,0.020208604954367666,0.000683412694653797,0.007551758362609176,1
47790,Medal of Honor™,155,0.020208604954367666,0.002066769002975945,0.00839399091532673,1
222940,THE KING OF FIGHTERS XIII STEAM EDITION,155,0.020208604954367666,0.00157789426700537,0.008113580888392697,0
862690,关于我被小学女生绑架这件事,154,0.020078226857887873,0.0015820298927661936,0.008129632262777402,0
214340,Deponia,154,0.020078226857887873,0.0010715786229689155,0.007779435873054112,0
293780,Crawl,154,0.020078226857887873,0.0018355136576527033,0.008230035283983564,2
293760,Automation - The Car Company Tycoon Game,154,0.020078226857887873,0.004790143380096453,0.010148827489960374,1
65790,ARMA: Cold War Assault,153,0.019947848761408083,0.0023773361491683685,0.008564426920007962,1
65930,The Bureau: XCOM Declassified,153,0.019947848761408083,0.0011936296366485055,0.007864776209791022,1
311770,LEGO® Pirates of the Caribbean: The Video Game,153,0.019947848761408083,0.0028390861933870596,0.008859808289064273,1
589360,Ni no Kuni™ II: Revenant Kingdom,153,0.019947848761408083,0.00135806200185093,0.007975905967506565,0
611660,Fallout 4 VR,152,0.01981747066492829,0.0019670399102651986,0.00839385298951042,0
234190,Receiver,152,0.01981747066492829,0.001752519435390242,0.008173147745211875,1
442070,Drawful 2,151,0.0196870925684485,0.0029859312698378845,0.00891460298727208,1
248390,Craft The World,151,0.0196870925684485,0.0022953199359084017,0.008508966755569839,0
647960,Rusted Warfare - RTS,151,0.0196870925684485,0.0021999158912478166,0.008459649570942527,1
235800,Audiosurf 2,151,0.0196870925684485,0.0024908875906700114,0.008617125361728189,1
312840,Fahrenheit: Indigo Prophecy Remastered,151,0.0196870925684485,0.0014682561033278962,0.008015754151043988,1
2300,DOOM II,151,0.0196870925684485,0.0036297920199325046,0.009319328831797914,1
446800,Transport Fever,151,0.0196870925684485,0.0019780263754672375,0.00838886251548835,1
230050,DLC Quest,151,0.0196870925684485,0.001709133875138652,0.008156761905966719,1
532110,Rusty Lake: Roots,150,0.01955671447196871,0.00161712273061492,0.008213149825551913,0
678800,SAS: Zombie Assault 4,150,0.01955671447196871,0.003792866302019401,0.00939485782824623,1
552620,ATOM RPG: Post-apocalyptic indie game,150,0.01955671447196871,0.0011059247715122962,0.007816881281566568,0
252410,SteamWorld Dig,150,0.01955671447196871,0.0010396030578569998,0.007744772995674488,0
212160,Vindictus,150,0.01955671447196871,0.001896214757979437,0.008292231477942044,1
267530,The LEGO® Movie - Videogame,150,0.01955671447196871,0.002219547102939229,0.008445502630139176,1
406970,The Uncertain: Last Quiet Day,150,0.01955671447196871,0.002043656324429754,0.008355461015656158,1
24780,SimCity™ 4 Deluxe Edition,149,0.019426336375488917,0.0017325291465393998,0.008168417532254712,1
232910,TrackMania² Stadium,149,0.019426336375488917,0.001952205949696868,0.008287128068114444,1
244930,SNOW,149,0.019426336375488917,0.0025255032909268023,0.00864396156997796,1
70600,Worms Ultimate Mayhem,149,0.019426336375488917,0.002722053932504578,0.008744207070366088,1
632300,Hobo: Tough Life,148,0.019295958279009127,0.0019912192388105614,0.008322752321051662,1
571310,SteamWorld Dig 2,148,0.019295958279009127,0.002068026679296192,0.008357231888677956,0
1021950,When the Darkness comes,148,0.019295958279009127,0.0024554568686742406,0.008590244617926696,1
829590,CryoFall,148,0.019295958279009127,0.0017786277713556892,0.008216234909402681,0
389140,Horizon Chase Turbo,148,0.019295958279009127,0.0014338346185711226,0.007980708678079764,0
463530,Empires of the Undergrowth,148,0.019295958279009127,0.0019455179856927407,0.008302481784918533,1
356040,Sheltered,148,0.019295958279009127,0.0017083183290994624,0.008169698410052257,0
293260,Card Hunter,147,0.019165580182529333,0.0010628590128568642,0.0077645676292407125,0
40300,Risen,147,0.019165580182529333,0.0013850362721648931,0.007999606301228881,1
611670,The Elder Scrolls V: Skyrim VR,147,0.019165580182529333,0.002357145347761568,0.008602149931609552,1
360740,Downwell,147,0.019165580182529333,0.0017780913900503751,0.00820764694248658,2
228280,Baldur's Gate: Enhanced Edition,147,0.019165580182529333,0.0011889193779371751,0.007853756231608762,0
265890,Hexcells,147,0.019165580182529333,0.0008862178203997695,0.007649050159834767,0
244160,Homeworld Remastered Collection,146,0.019035202086049544,0.0016281804722712433,0.008136480301369316,0
357190,ULTIMATE MARVEL VS. CAPCOM 3,146,0.019035202086049544,0.002162301319733377,0.008474629435895015,0
34830,Sniper: Ghost Warrior,146,0.019035202086049544,0.0016293809730700995,0.008136048084567785,1
17500,Zombie Panic! Source,146,0.019035202086049544,0.002913574688967381,0.008879010379317449,1
702670,Donut County,146,0.019035202086049544,0.0017848724650640934,0.008183001409313601,0
433950,Bit Blaster XL,146,0.019035202086049544,0.0011310734306791248,0.0077799292756791025,1
6220,FlatOut,145,0.01890482398956975,0.0018056083286373222,0.0082022379036386,1
234650,Shadowrun Returns,145,0.01890482398956975,0.0006374939429205444,0.0075227101419401,0
352520,The Silent Age,145,0.01890482398956975,0.0012999347399827927,0.007893200822938833,2
264380,Narcissu 1st & 2nd,145,0.01890482398956975,0.0013165256649693335,0.007912650689291995,0
469600,Legion TD 2,144,0.01877444589308996,0.00159160615039969,0.008105421286205701,0
461950,Beat Cop,144,0.01877444589308996,0.001334556652407923,0.00792381199757222,1
673130,AMID EVIL,144,0.01877444589308996,0.0016944137729085526,0.008151689777187162,0
243970,"Invisible, Inc.",144,0.01877444589308996,0.0007197012093161809,0.00756203012372257,0
594330,Visage,143,0.01864406779661017,0.0018354218013704956,0.008222145789128523,0
384300,CPUCores :: Maximize Your FPS,143,0.01864406779661017,0.0019102020996920952,0.008260601374121514,0
429050,Feed and Grow: Fish,142,0.018513689700130377,0.0031074433724912745,0.009007680138825287,1
326480,If My Heart Had Wings,142,0.018513689700130377,0.0009194416449507484,0.007685023352536337,0
212800,Super Crate Box,142,0.018513689700130377,0.0011846396196446007,0.007818962397420396,1
237630,DuckTales: Remastered,142,0.018513689700130377,0.001313627405812973,0.007914071235643602,0
723780,Modern Combat Versus,142,0.018513689700130377,0.0032498509828964633,0.009072274869623085,1
601050,Attack on Titan 2 - A.O.T.2 - 進撃の巨人２,142,0.018513689700130377,0.003134052004734262,0.008999319519864137,0
7000,Tomb Raider: Legend,142,0.018513689700130377,0.002157992541295799,0.008449537728530484,1
967250,DOKA 2 KISHKI EDITION,142,0.018513689700130377,0.0023134742668515,0.008512332790116825,1
348550,GUILTY GEAR XX ACCENT CORE PLUS R,142,0.018513689700130377,0.0018776579229318662,0.00826409740462103,0
46500,Syberia,141,0.018383311603650587,0.0011466055297468722,0.007809860557144701,2
606800,Startup Company,141,0.018383311603650587,0.0024800141566217932,0.008618453931946768,1
777130,Blush Blush,141,0.018383311603650587,0.0028305458466478836,0.008845622324617199,1
253250,Stonehearth,141,0.018383311603650587,0.0015407927419941062,0.008036810826875983,1
583950,Artifact,141,0.018383311603650587,0.0014825179845770666,0.008001626414666905,0
838380,DEAD OR ALIVE 6,141,0.018383311603650587,0.0018601929891722483,0.008311387295198973,0
200900,Cave Story+,141,0.018383311603650587,0.0013962035874135715,0.007949349232943404,0
218640,Lucius,141,0.018383311603650587,0.0014242239800695698,0.007961352115805426,1
208200,Doom 3: BFG Edition,141,0.018383311603650587,0.001999904235273441,0.008317345882099939,1
441870,OutDrive,141,0.018383311603650587,0.001668680704435436,0.008090372162210105,1
620590,Ancestors Legacy,140,0.018252933507170794,0.001183250473301932,0.007828686628972278,2
204530,Infested Planet,140,0.018252933507170794,0.0010802950111995383,0.007775327698475398,0
375950,Viridi,140,0.018252933507170794,0.0009533983384336556,0.007693561304381407,0
553310,Lethal League Blaze,140,0.018252933507170794,0.002608597987932372,0.008702417872771066,1
675260,Batman: The Enemy Within - The Telltale Series,140,0.018252933507170794,0.002083191721483556,0.008397953475028601,0
227100,Sniper Elite: Nazi Zombie Army,140,0.018252933507170794,0.0015260871736702331,0.008012848655003384,1
450390,The Lab,140,0.018252933507170794,0.0015907913682007265,0.008050685281616019,1
474750,Reigns,140,0.018252933507170794,0.0011733237465554355,0.007802121773607914,1
291860,Pit People®,139,0.018122555410691004,0.0019423041051728936,0.008273276626773343,2
427190,DEAD RISING®,139,0.018122555410691004,0.002566293824869513,0.008656595044121841,1
364470,The Elder Scrolls®: Legends™,139,0.018122555410691004,0.0010543255225850551,0.007744317947044388,1
815780,PIPE by BMX Streets,139,0.018122555410691004,0.0030162487080081977,0.008964354081544942,1
362960,Tyranny,139,0.018122555410691004,0.0009208967449924111,0.007689847412847777,0
387860,the static speaks my name,138,0.01799217731421121,0.00134935653516067,0.007911894761973114,1
391730,Crashlands,138,0.01799217731421121,0.0015200728957417502,0.00803761050589869,0
311730,DEAD OR ALIVE 5 Last Round: Core Fighters,138,0.01799217731421121,0.0010481812936342706,0.007758105649601697,0
327410,A Bird Story,138,0.01799217731421121,0.0011154283744469087,0.007817169329482655,0
462770,Pyre,138,0.01799217731421121,0.0008020992807748243,0.007600714240702168,0
303390,Dead Bits,137,0.01786179921773142,0.00115502883750337,0.00779394635101508,1
722960,CASE 2: Animatronics Survival,137,0.01786179921773142,0.0026070812857266895,0.008689392417470082,1
233840,Worms Clan Wars,136,0.01773142112125163,0.0014925420431313669,0.00800629341388363,1
496240,Onward,136,0.01773142112125163,0.0026335080063976902,0.008733825781321541,1
506610,Five Nights at Freddy's: Sister Location,136,0.01773142112125163,0.003003917040506917,0.008949082470050244,1
45740,Dead Rising® 2,135,0.017601043024771838,0.0020355234724008277,0.008316486537467374,1
914620,Mist Survival,135,0.017601043024771838,0.0019341563470250773,0.008278779101106798,1
511470,Glass Masquerade,135,0.017601043024771838,0.0007334762569961433,0.007555010169612087,0
15620,"Warhammer 40,000: Dawn of War II",135,0.017601043024771838,0.0011149881534559996,0.007777533395098684,0
307960,IL-2 Sturmovik: Battle of Stalingrad,135,0.017601043024771838,0.0017653922197905212,0.008218525762252479,1
375480,Chronicon,135,0.017601043024771838,0.0012979429524856876,0.00792502874248586,0
527430,"Warhammer 40,000: Inquisitor - Martyr",135,0.017601043024771838,0.001150762555389805,0.00783123586426378,0
435530,The Final Station,135,0.017601043024771838,0.0013383354629960085,0.007908742570140053,0
429790,AdventureQuest 3D,135,0.017601043024771838,0.0018848723048664143,0.008226161553896012,1
98400,Hard Reset Extended Edition,134,0.017470664928292048,0.0006996477655482206,0.007516905539858992,2
275390,Guacamelee! Super Turbo Championship Edition,134,0.017470664928292048,0.0012181854051875533,0.00782193002367782,2
572410,Steel Division: Normandy 44,134,0.017470664928292048,0.0008435970525307387,0.007613657001077722,1
636040,Pixel Worlds: MMO Sandbox,134,0.017470664928292048,0.0035743579900332917,0.009238053948626484,1
203290,America's Army: Proving Grounds,134,0.017470664928292048,0.0019674575112096178,0.008299351644155952,1
368370,Her Story,134,0.017470664928292048,0.0012486660818330521,0.007863424558295898,0
353560,Plug & Play,134,0.017470664928292048,0.001233489013447397,0.007837274626820302,0
338170,Ratz Instagib,133,0.017340286831812254,0.0022287292341057413,0.008445561585670882,1
113420,Fallen Earth Free2Play,133,0.017340286831812254,0.0012442956592012015,0.007840846461565649,1
41500,Torchlight,133,0.017340286831812254,0.0011564589342531457,0.007798239158988028,0
227780,Serious Sam Classics: Revolution,133,0.017340286831812254,0.0018938046844968442,0.008242697174208842,1
115100,Costume Quest,133,0.017340286831812254,0.0006404017936535988,0.007486907426951289,0
95400,ibb & obb,133,0.017340286831812254,0.0011111797300938481,0.007762779673472788,0
587620,OKAMI HD / 大神 絶景版,133,0.017340286831812254,0.0011006739629368823,0.007766459500371893,0
259550,Hero of the Kingdom,133,0.017340286831812254,0.00045264489977604353,0.00736976877815014,0
354240,"Please, Don’t Touch Anything",133,0.017340286831812254,0.0016156755242738398,0.008057910268039445,1
805940,RUSSIA BATTLEGROUNDS,133,0.017340286831812254,0.0016773577446248843,0.008087644342256521,1
24790,Command & Conquer 3: Tiberium Wars,132,0.017209908735332465,0.0013359038293069107,0.007900326108734503,1
868520,killer7,132,0.017209908735332465,0.0013151799018674083,0.007881896112944601,1
324160,CLANNAD,132,0.017209908735332465,0.001717938099646912,0.008203079249802138,0
844930,Fox Hime Zero,132,0.017209908735332465,0.0015043122467967673,0.008017235853487287,0
911400,Assassin's Creed® III Remastered,131,0.01707953063885267,0.0021377023870298192,0.0085037351897017,0
453090,Parkitect,131,0.01707953063885267,0.0012997368827296141,0.0079030404342229,0
310370,The Way of Life Free Edition,131,0.01707953063885267,0.0014159626999150675,0.007947709641026979,1
250620,Among the Sleep - Enhanced Edition,131,0.01707953063885267,0.0014492517057939466,0.007949121794386537,1
858210,Nova Drift,131,0.01707953063885267,0.002095488743006288,0.00836385675815927,0
207230,ArcheBlade™,131,0.01707953063885267,0.0014565729138239813,0.007966316254316383,2
25890,Hearts of Iron III,130,0.01694915254237288,0.0013081627327091534,0.007876729817161787,1
30,Day of Defeat,130,0.01694915254237288,0.002795936025539657,0.008784331900037818,1
220860,McPixel,130,0.01694915254237288,0.00102939115104706,0.007709920316652587,1
344760,Reign Of Kings,130,0.01694915254237288,0.0013556951178438806,0.007923555194852059,1
362620,Software Inc.,130,0.01694915254237288,0.0018133092812168878,0.008200367340555506,1
581630,Sword With Sauce,130,0.01694915254237288,0.0018868470804923494,0.008215975864963504,1
648390,Marie's Room,130,0.01694915254237288,0.000721994737890295,0.007527820253139469,0
380840,Teeworlds,130,0.01694915254237288,0.0014004805227978143,0.00792150569671919,1
285190,"Warhammer 40,000: Dawn of War III",130,0.01694915254237288,0.0010915822092514855,0.007768779236731543,0
70400,Recettear: An Item Shop's Tale,130,0.01694915254237288,0.0011557662075293944,0.007796305008740552,0
729660,Blackout Z: Slaughterhouse Edition,130,0.01694915254237288,0.0014665767618077695,0.007959840941884956,1
939400,LoveChoice 拣爱,129,0.016818774445893088,0.001542458091246524,0.008059927254265738,0
402330,Press X to Not Die,129,0.016818774445893088,0.0017227204158367711,0.008112966023706062,1
489940,BATTALION 1944,129,0.016818774445893088,0.0015550689850001278,0.008040293313087027,1
523660,HYPERCHARGE: Unboxed,129,0.016818774445893088,0.0016724396058173108,0.008079329448639021,1
486310,Meadow,128,0.016688396349413298,0.0011737010131633186,0.007782269482221151,0
366090,Colony Survival,128,0.016688396349413298,0.001723014912378655,0.008173143009655614,1
233470,Evoland,128,0.016688396349413298,0.0007258928852236578,0.007536867344671727,0
643270,OLDTV,127,0.016558018252933508,0.0015686091889456739,0.008015905924960728,1
206480,Dungeons & Dragons Online®,127,0.016558018252933508,0.001741970640151539,0.008156610542636842,1
1048100,Peekaboo,127,0.016558018252933508,0.0019545575277671104,0.008267354934819072,1
587430,I Expect You To Die,127,0.016558018252933508,0.001484938619479345,0.007984277885017725,2
495140,NARUTO: Ultimate Ninja STORM,127,0.016558018252933508,0.0020821265894358587,0.008381180374713436,0
426000,HunieCam Studio,127,0.016558018252933508,0.001201247661068705,0.007798363994459185,1
290300,Rebel Galaxy,127,0.016558018252933508,0.0009690796855519609,0.00767739731043189,2
237310,Elsword,126,0.016427640156453715,0.0016184760953854452,0.008052809292055608,1
32430,STAR WARS™ - The Force Unleashed™ Ultimate Sith Edition,126,0.016427640156453715,0.0024354637215711137,0.00855458403135499,1
323580,Jotun: Valhalla Edition,126,0.016427640156453715,0.0008649340095930759,0.007610641491519927,0
205910,Tiny and Big: Grandpa's Leftovers,126,0.016427640156453715,0.0008705066240397391,0.007597195915304478,2
555950,Danganronpa Another Episode: Ultra Despair Girls,126,0.016427640156453715,0.0021633218933355537,0.008473747933148958,0
6880,Just Cause,126,0.016427640156453715,0.0019878455046315685,0.00828198316659338,1
240760,Wasteland 2: Director's Cut,125,0.016297262059973925,0.001058969320415808,0.007740319842982048,0
352720,The Universim,125,0.016297262059973925,0.001524229703384882,0.008017258473413733,0
25000,Overgrowth,125,0.016297262059973925,0.0014075034649426446,0.007916096394843974,1
333420,Cossacks 3,125,0.016297262059973925,0.0018914058124922563,0.00822504559596621,1
342200,MechWarrior Online™ Solaris 7,125,0.016297262059973925,0.0010282191907701394,0.00769420734584601,1
494150,The Thrill of the Fight - VR Boxing,125,0.016297262059973925,0.0017894345030834273,0.008183118882338766,1
239250,Castlevania: Lords of Shadow 2,124,0.01616688396349413,0.0009382563801451728,0.007677001275291777,0
718670,Cultist Simulator,124,0.01616688396349413,0.0012668847540506572,0.007871076979090359,0
24720,SPORE™ Galactic Adventures,124,0.01616688396349413,0.001871063153926133,0.008214061558111361,1
530330,Blameless,123,0.016036505867014342,0.0009657610880191497,0.007645333311404792,2
250340,Blockland,123,0.016036505867014342,0.002204861534769351,0.008393726386933593,1
504130,Manual Samuel,123,0.016036505867014342,0.001715903158497671,0.00810418620780231,1
816340,Kingdom Rush Origins,123,0.016036505867014342,0.0018385077113112485,0.00825323857199052,0
1026820,Coloring Game,123,0.016036505867014342,0.0016005187673765553,0.008030677187488702,1
899440,GOD EATER 3,123,0.016036505867014342,0.0010196005718492733,0.007699266035779096,0
393080,Call of Duty®: Modern Warfare® Remastered,122,0.01590612777053455,0.0014962788590899415,0.007993315656626122,1
13570,Tom Clancy's Splinter Cell Chaos Theory®,122,0.01590612777053455,0.0010798970182828054,0.00773234856341811,1
12130,Manhunt,122,0.01590612777053455,0.0014533218780053523,0.007963260387088195,1
690830,Foundation,122,0.01590612777053455,0.0013834876268011818,0.007935470753260907,0
268750,Magicite,122,0.01590612777053455,0.0011281090260940416,0.007766747901890359,1
688130,Pogostuck: Rage With Your Friends,122,0.01590612777053455,0.002861616599252403,0.00879604597744908,1
321360,Primal Carnage: Extinction,121,0.01577574967405476,0.0029947733170240833,0.008911332364492264,1
227600,Castle of Illusion,121,0.01577574967405476,0.0009343929144475105,0.007629293540023009,2
430960,Lucy -The Eternity She Wished For-,121,0.01577574967405476,0.0010026078108417965,0.007689186004594607,0
742300,Mega Man 11 / ロックマン11 運命の歯車!!,121,0.01577574967405476,0.0007310824372810538,0.00750627061294265,0
328080,Rise to Ruins,121,0.01577574967405476,0.0010316893132075353,0.007707114028501774,0
22000,World of Goo,121,0.01577574967405476,0.0010819267825153973,0.007741820423211693,0
582550,Passpartout: The Starving Artist,121,0.01577574967405476,0.0016546059399796546,0.008062204574582262,1
699920,Despotism 3k,120,0.015645371577574965,0.0017907319440997973,0.008146099445112293,1
394970,DEADBOLT,120,0.015645371577574965,0.0014287217913779755,0.007956064807840722,0
389570,Mitos.is: The Game,120,0.015645371577574965,0.0015844266634040816,0.00801108909794981,1
610080,Realm Grinder,120,0.015645371577574965,0.0012973041149664894,0.007857717275317649,1
215280,Secret World Legends,120,0.015645371577574965,0.0006481874839401555,0.007474179545131543,0
562220,Zup! 2,120,0.015645371577574965,0.0012205283155044004,0.007823335831611565,2
368360,60 Seconds!,119,0.015514993481095175,0.0016042634194341062,0.008030361491482153,1
951440,Volcanoids,119,0.015514993481095175,0.0018747683889674704,0.008212610431676133,1
758190,Dragon Cliff,119,0.015514993481095175,0.0009137922754416756,0.007658306853660286,0
552590,The Sexy Brutale,119,0.015514993481095175,0.00044015855108667506,0.007346254107439264,0
214730,Space Rangers HD: A War Apart,119,0.015514993481095175,0.0007078651013083972,0.0075028446627888636,0
448280,Job Simulator,119,0.015514993481095175,0.0019250639763783782,0.008227903759100829,1
606280,Darksiders III,119,0.015514993481095175,0.0010723438207468237,0.007746379648122913,0
274900,Murder Miners,118,0.015384615384615384,0.0014715314535940671,0.00794486176566191,1
396900,GRIP: Combat Racing,118,0.015384615384615384,0.0011769977942414863,0.007783695835112802,0
268850,EVGA Precision XOC,118,0.015384615384615384,0.0012675127425920264,0.007818195236761182,1
203750,Binary Domain,118,0.015384615384615384,0.0007681687471584743,0.007533887722894311,2
205650,The Testament of Sherlock Holmes,118,0.015384615384615384,0.0005332897445135483,0.007420704559563166,2
522210,Serial Cleaner,118,0.015384615384615384,0.000923912916235717,0.007636006061541804,2
39120,RIFT,118,0.015384615384615384,0.0015920631431425342,0.008036020186248247,1
227940,Heroes & Generals,118,0.015384615384615384,0.00207440288568401,0.008336983897465733,1
550650,Black Squad,118,0.015384615384615384,0.0025927077087577275,0.008628916973496431,1
292410,Street Racing Syndicate,118,0.015384615384615384,0.0009241965544222084,0.007622521115654928,1
225640,Sacred 2 Gold,117,0.015254237288135592,0.0008786478892196216,0.007614022117698222,2
913550,i wanna be the Creator,117,0.015254237288135592,0.0019066423921318663,0.008226619042789356,0
914260,HALF DEAD 2,117,0.015254237288135592,0.0016537782103805234,0.008059066452054437,1
236370,Interstellar Marines,117,0.015254237288135592,0.0015703472406002384,0.00801597369627999,1
60,Ricochet,117,0.015254237288135592,0.002790620799709048,0.008734993862161344,1
1032430,Blood Trail,117,0.015254237288135592,0.002767981273576203,0.008751285413934978,1
939620,Pleasure Puzzle:Portrait,116,0.015123859191655802,0.001086908617824105,0.007746647699914531,0
315430,Polarity,116,0.015123859191655802,0.0009407966052990074,0.007632984028703107,1
384110,Pathologic Classic HD,116,0.015123859191655802,0.0014848167542960231,0.007957071291624561,1
855860,Superfighters Deluxe,115,0.01499348109517601,0.002512779897514042,0.008561137221776448,1
745880,東方天空璋 ～ Hidden Star in Four Seasons.,115,0.01499348109517601,0.0009490728889260798,0.007647093412474999,0
251130,Chroma Squad,115,0.01499348109517601,0.0010169783606459116,0.007683785844003606,0
684410,Bridge Constructor Portal,115,0.01499348109517601,0.0015757914655401858,0.007997444753915754,1
310360,Higurashi When They Cry Hou - Ch.1 Onikakushi,115,0.01499348109517601,0.0007107700955581351,0.007499200704767399,0
304410,Hexcells Infinite,115,0.01499348109517601,0.0005699883673123837,0.007419857233963633,0
298050,Master of Orion,114,0.014863102998696219,0.000772917069907815,0.007524177147945615,0
526160,The Wild Eight,114,0.014863102998696219,0.0011742357676819836,0.007758877601202926,1
102840,Shank 2,114,0.014863102998696219,0.0010500253997511393,0.007690932756609725,1
115800,Owlboy,114,0.014863102998696219,0.0011553550341764968,0.007783526304271146,0
367270,Angels Fall First,114,0.014863102998696219,0.0008350874586530166,0.007566132324819895,1
40390,Risen 2: Dark Waters,114,0.014863102998696219,0.0009908366339480906,0.00768015762592123,2
427100,Fernbus Simulator,114,0.014863102998696219,0.0020891332454728386,0.008416845743388447,1
64000,Men of War: Assault Squad,114,0.014863102998696219,0.0011538242743844831,0.007791322425995366,1
298610,Ylands,114,0.014863102998696219,0.001798433095649932,0.008137318733907325,1
570780,古剑奇谭(GuJian),114,0.014863102998696219,0.0011506005084445505,0.00783930710871179,0
646270,60 Parsecs!,113,0.014732724902216427,0.001621186287389885,0.00801875799642349,1
637100,Sonic Forces,113,0.014732724902216427,0.001117164641855934,0.0077511311767355364,1
868360,Project Hospital,113,0.014732724902216427,0.0014687738531262502,0.007999931060743426,0
711810,Never Split the Party,113,0.014732724902216427,0.0020309265019252403,0.00827180970526254,1
351970,Tales of Zestiria,113,0.014732724902216427,0.0005252264076447275,0.007390753546460072,0
593600,PixARK,113,0.014732724902216427,0.0018427607481174535,0.00817068501114147,1
359840,Shift Happens,113,0.014732724902216427,0.0015147221677544273,0.007975116838441928,1
373930,Sudden Strike 4,113,0.014732724902216427,0.0008334313063570293,0.007577142910454848,0
47410,Stronghold Kingdoms,113,0.014732724902216427,0.0013685116641290113,0.007870340707299521,1
222440,THE KING OF FIGHTERS 2002 UNLIMITED MATCH,112,0.014602346805736636,0.001166417778662726,0.00778807520412446,0
13500,Prince of Persia: Warrior Within™,112,0.014602346805736636,0.0013663326484747585,0.007875531294756774,0
249230,Risen 3 - Titan Lords,112,0.014602346805736636,0.0008770755143709027,0.007606187070563045,0
318430,Squishy the Suicidal Pig,112,0.014602346805736636,0.0010436182655968647,0.007677819498095939,1
332570,Amazing Frog?,111,0.014471968709256844,0.0028067799400922455,0.008752388002778675,1
13560,Tom Clancy's Splinter Cell®,111,0.014471968709256844,0.0011477712966306624,0.007752533206380953,1
359310,Evoland 2,111,0.014471968709256844,0.0005645315153385915,0.007405615555413488,0
4580,"Warhammer® 40,000: Dawn of War® - Dark Crusade",110,0.014341590612777053,0.0015115538262752898,0.007970160449252483,1
759740,RIDE 3,110,0.014341590612777053,0.001218912180535964,0.007799334229002011,1
543870,NARUTO SHIPPUDEN: Ultimate Ninja STORM 2,110,0.014341590612777053,0.0017705585555319052,0.008155102672469225,0
322110,20XX,109,0.014211212516297261,0.0009529631596265501,0.007631901898152403,0
665360,Comedy Night,109,0.014211212516297261,0.0013600427628757661,0.007857164816340249,1
42670,Singularity™,109,0.014211212516297261,0.0011538888544141918,0.007754813546452161,1
373770,LiEat,109,0.014211212516297261,0.0007421661819960659,0.0074949779395137375,0
220700,RPG Maker VX Ace,109,0.014211212516297261,0.0011366774857005091,0.00774183444643932,1
744190,Rusty Lake Paradise,109,0.014211212516297261,0.0006526977531194013,0.0074977166975399275,0
209670,Cortex Command,109,0.014211212516297261,0.0009433973708625765,0.007622843431250421,1
265210,Viscera Cleanup Detail: Santa's Rampage,109,0.014211212516297261,0.0015642868554707656,0.007977840201602271,1
673610,Airport CEO,108,0.01408083441981747,0.0016660644912647469,0.008100672169997276,1
270850,Car Mechanic Simulator 2014,108,0.01408083441981747,0.0014433669714369048,0.007915357288457449,1
353360,how do you Do It?,108,0.01408083441981747,0.0009218502105072888,0.007600804621627595,2
397740,Hylics,108,0.01408083441981747,0.0014503359766400673,0.00793327507744475,0
339200,Oceanhorn: Monster of Uncharted Seas,108,0.01408083441981747,0.0004939381971565374,0.0073477581180072075,0
704450,Neverwinter Nights: Enhanced Edition,108,0.01408083441981747,0.0009467502408517634,0.007656487607574551,0
712730,SIMULACRA,107,0.01395045632333768,0.0013148548480210478,0.007836971766672576,0
236450,PAC-MAN™ Championship Edition DX+,107,0.01395045632333768,0.0018030480271904177,0.008123086173057698,1
385770,Time Clickers,107,0.01395045632333768,0.0005606290244505585,0.007390136327116204,1
347620,Gaokao.Love.100Days,107,0.01395045632333768,0.0010304970815085066,0.007703825865678818,0
248860,NEO Scavenger,107,0.01395045632333768,0.001105521488232216,0.007727967936680831,0
436520,Line of Sight,107,0.01395045632333768,0.0020078109346054174,0.008257756754232525,1
648100,レイジングループ,107,0.01395045632333768,0.0008098683834922603,0.007585612705059066,0
794600,LET IT DIE,107,0.01395045632333768,0.0011770696874515343,0.007751204073646556,0
207170,Legend of Grimrock,107,0.01395045632333768,0.0005436670698798409,0.007395936575012398,0
677160,We Were Here Too,107,0.01395045632333768,0.0014224872130587296,0.007917297369383085,0
619150,while True: learn(),107,0.01395045632333768,0.0012559284785941737,0.007797507742546159,0
866440,What Never Was,107,0.01395045632333768,0.0008522579957000127,0.007552925552788741,0
355790,Styx: Shards of Darkness,107,0.01395045632333768,0.0006937923168984486,0.007486964937798698,0
214420,Gear Up,107,0.01395045632333768,0.0011336514839912996,0.007753861593189032,1
311310,Naval Action,107,0.01395045632333768,0.0008934467277244377,0.0076003899202745084,1
207490,Rayman® Origins,106,0.013820078226857888,0.0010900227131334958,0.007691341099826764,1
665370,Mutilate-a-Doll 2,106,0.013820078226857888,0.002224541326246716,0.008371414109335675,1
499440,klocki,106,0.013820078226857888,0.0004505543920121655,0.007332133438822057,0
91700,E.Y.E: Divine Cybermancy,106,0.013820078226857888,0.0009081000185152794,0.007601076178161726,1
616720,Live2DViewerEX,106,0.013820078226857888,0.0013394179517557205,0.007878217714283021,0
261180,Lethal League,106,0.013820078226857888,0.0013316782926514217,0.00785006350534092,1
418030,Subsistence,106,0.013820078226857888,0.0011594998219903172,0.0077626850934540284,1
326410,Windward,106,0.013820078226857888,0.0006397563119518552,0.007442616041362529,0
466500,35MM,106,0.013820078226857888,0.0010358721700903608,0.007663996982601249,1
278970,Digger Online,106,0.013820078226857888,0.0015276477990422155,0.007972071512020775,1
460810,Vanquish,105,0.013689700130378096,0.0008929596065482648,0.007588963131993175,0
263760,Turbo Dismount™,105,0.013689700130378096,0.001612708568521529,0.008005582251371006,1
2320,QUAKE II,105,0.013689700130378096,0.0017782868079122692,0.008113918474805873,1
483980,Mad Father,105,0.013689700130378096,0.0010502157079013128,0.007690516435949848,0
22350,BRINK,105,0.013689700130378096,0.0014443546693000656,0.007907238189666875,1
224480,Octodad: Dadliest Catch,105,0.013689700130378096,0.0014267942852108553,0.007892451110684734,2
345350,LIGHTNING RETURNS™: FINAL FANTASY® XIII,105,0.013689700130378096,0.0006531536596585988,0.007471026055615851,0
672680,Call of War,105,0.013689700130378096,0.001846905784348256,0.008146291858420626,1
216150,MapleStory,105,0.013689700130378096,0.0017641508281658464,0.008122190958688578,0
329110,Gems of War - Puzzle RPG,105,0.013689700130378096,0.0007146675046461187,0.0074849641495517,0
274270,NOT A HERO,105,0.013689700130378096,0.0008624483080416335,0.00757785648254877,0
383180,Dead Island: Riptide Definitive Edition,105,0.013689700130378096,0.0015492957184365804,0.007979916437003026,1
598980,The Coin Game,105,0.013689700130378096,0.0015232715090233704,0.007950538651222435,1
214770,Guacamelee! Gold Edition,105,0.013689700130378096,0.0006140177786911435,0.007420051184955925,2
360830,Yooka-Laylee,105,0.013689700130378096,0.0008490125517884185,0.007561247077382786,0
270210,Melody's Escape,104,0.013559322033898305,0.000699317014734822,0.007462027076011156,0
234270,Ken Follett's The Pillars of the Earth,104,0.013559322033898305,0.001175528572348114,0.007771066630858415,0
790820,Valkyria Chronicles 4,104,0.013559322033898305,0.0008087347312398569,0.007544866492468886,0
295790,Never Alone (Kisima Ingitchuna),104,0.013559322033898305,0.0006475196524778625,0.007445878276226054,0
269670,BADLAND: Game of the Year Edition,104,0.013559322033898305,0.0019031233113141022,0.00818227820063065,0
253030,Race The Sun,104,0.013559322033898305,0.0008650898930371649,0.007570581870464885,1
250520,UnderRail,104,0.013559322033898305,0.0006892350526029855,0.007465838775355695,0
575640,Zup! 3,103,0.013428943937418513,0.001528643755523014,0.007954118317622614,1
3330,Zuma Deluxe,103,0.013428943937418513,0.001446348734504336,0.007915135016387466,0
411370,Melty Blood Actress Again Current Code,103,0.013428943937418513,0.0013995349737018269,0.00788338413955599,0
329130,Reassembly,103,0.013428943937418513,0.0008717722730179262,0.0075839450635998154,0
671510,DESOLATE,102,0.013298565840938721,0.0010670488587898577,0.007682683650619156,1
245470,Democracy 3,102,0.013298565840938721,0.0009437804495840284,0.0076161353003659765,1
992310,Backbone: Prologue,102,0.013298565840938721,0.0014860738999080223,0.007928925197412904,1
286100,You Have to Win the Game,102,0.013298565840938721,0.0010185487650681904,0.007659276202528497,1
607890,Sword Art Online: Hollow Realization Deluxe Edition,102,0.013298565840938721,0.0013178081933264215,0.00785570775472288,0
204120,LEGO® Harry Potter: Years 5-7,102,0.013298565840938721,0.00102729967661908,0.007660270159651969,1
11450,Overlord™,102,0.013298565840938721,0.0010814267706405322,0.007693408817507844,1
7830,Men of War™,102,0.013298565840938721,0.0013978471351414417,0.007880002960714146,1
12810,Overlord II,102,0.013298565840938721,0.0008153208404215303,0.007542436877948588,1
247020,"Cook, Serve, Delicious!",102,0.013298565840938721,0.000645308325817528,0.007426057055010615,1
598700,The Vagrant,102,0.013298565840938721,0.0006506572286828059,0.007453754447683209,0
753420,Dungreed,102,0.013298565840938721,0.0018222055465215903,0.008166795655103063,0
664830,Zombotron,102,0.013298565840938721,0.0013453152122626785,0.007835318182505768,1
256190,Enemy Front,102,0.013298565840938721,0.0006736740390409322,0.007448831606870411,1
411960,TY the Tasmanian Tiger,102,0.013298565840938721,0.0009279852245697848,0.007602494511393641,2
781440,"OH MY GOD, LOOK AT THIS KNIGHT",102,0.013298565840938721,0.0010037381546624579,0.007636784080172927,1
274500,Brigador: Up-Armored Edition,102,0.013298565840938721,0.00038937333787865684,0.007288378886997448,0
251470,TowerFall Ascension,101,0.01316818774445893,0.0008974890299648377,0.007584632175752957,0
219950,NiGHTS Into Dreams,101,0.01316818774445893,0.0010463017900153577,0.007674969107342833,2
361300,Mother Russia Bleeds,101,0.01316818774445893,0.0014804477093629733,0.007938843075932492,0
219910,Edna & Harvey: Harvey's New Eyes,101,0.01316818774445893,0.000476290817014135,0.007326089664817507,2
650000,DOOM VFR,101,0.01316818774445893,0.000572305012795297,0.007403438846781228,1
265690,NaissanceE,101,0.01316818774445893,0.0007219827956311002,0.007462182355409602,2
719890,Beasts of Bermuda,101,0.01316818774445893,0.0024384016463226163,0.008591762305869489,1
280220,Creeper World 3: Arc Eternal,100,0.01303780964797914,0.0009907938899712406,0.007651783813102996,2
7520,Two Worlds II HD,100,0.01303780964797914,0.0010288954741571976,0.007668986396300382,1
442080,Riders of Icarus,100,0.01303780964797914,0.0012302087763425837,0.007774617949509266,1
436320,Raw Data,100,0.01303780964797914,0.0006979309937655099,0.007504398002273238,2
1200,Red Orchestra: Ostfront 41-45,100,0.01303780964797914,0.0007874428351150442,0.0075189740998061645,1
529180,Dark and Light,100,0.01303780964797914,0.0010220231923856252,0.007691754830074486,2
429720,IMSCARED,100,0.01303780964797914,0.0009745533385223697,0.0076294077092144506,1
312670,Strange Brigade,100,0.01303780964797914,0.0010005354005976142,0.007636919411025879,2
247000,Talisman: Digital Edition,100,0.01303780964797914,0.0006937654532380625,0.007468607253245703,2
673750,Super Bunny Man,100,0.01303780964797914,0.0016767909209387559,0.008059203166673828,1
489630,"Warhammer 40,000: Gladius - Relics of War",100,0.01303780964797914,0.0009008819690993324,0.007642455377586459,0
525510,"Guns, Gore and Cannoli 2",100,0.01303780964797914,0.0010537009835990493,0.007667186801036983,0
2620,Call of Duty®,99,0.012907431551499348,0.001184879840013355,0.007746582690543837,1
225600,Blade Symphony,99,0.012907431551499348,0.0008505891222560949,0.007564822659487794,1
343860,Tacoma,98,0.012777053455019557,0.0007029788043813446,0.0074662106369325736,0
743390,DISTRAINT 2,98,0.012777053455019557,0.001046176738815869,0.0076792763034752845,0
6120,Shank,98,0.012777053455019557,0.0006190555174025325,0.0074243734540651455,2
853770,Maximum Action,98,0.012777053455019557,0.0015544233253903701,0.007964632331007119,1
341000,Mad Games Tycoon,98,0.012777053455019557,0.0004461042040024695,0.007320259481534928,2
230270,N++ (NPLUSPLUS),98,0.012777053455019557,0.001517996970551904,0.007951107332614381,0
32360,The Secret of Monkey Island: Special Edition,98,0.012777053455019557,0.0006980419859897822,0.0074626108669609646,0
615120,COMPOUND,98,0.012777053455019557,0.0007385288944389933,0.0074955027974585985,5
564710,Soda Dungeon,98,0.012777053455019557,0.0011014431593255848,0.0076873656918353475,1
888790,Sabbat of the Witch,98,0.012777053455019557,0.001128238308915845,0.007734898007910291,0
613830,CHRONO TRIGGER®,98,0.012777053455019557,0.0008202923629431149,0.007527260958472256,0
215470,Primal Carnage,98,0.012777053455019557,0.00112540631620505,0.007713266844106822,1
284240,Maize,97,0.012646675358539765,0.0005971399175249545,0.00739145292662786,0
462930,AdVenture Communist,97,0.012646675358539765,0.0011801456315003386,0.007733303384774088,1
215080,WAKFU,97,0.012646675358539765,0.0014455632169195914,0.007888311280767252,1
239120,FINAL FANTASY III,97,0.012646675358539765,0.0006537798116696985,0.007449296545996803,0
259680,Tales of Maj'Eyal,97,0.012646675358539765,0.0004595319886126399,0.007319263225590636,0
879160,Battlerite Royale,97,0.012646675358539765,0.0015169715292553986,0.007934123943661235,1
269790,DreadOut,97,0.012646675358539765,0.0007242981947826498,0.00748271767667563,0
270450,Robot Roller-Derby Disco Dodgeball,97,0.012646675358539765,0.0008694366060492615,0.0075506802044106765,1
452060,Caveblazers,97,0.012646675358539765,0.0010933342961611438,0.007684967262995574,0
378610,Valley,97,0.012646675358539765,0.0005711208248974022,0.007389791182389885,0
239800,Bleed,96,0.012516297262059974,0.0005920847624597006,0.007394963908948274,2
451760,Highway Blossoms,96,0.012516297262059974,0.0007314726027664144,0.0074769654397783625,0
711660,CHUCHEL,96,0.012516297262059974,0.0011840727974234304,0.00774186690027933,1
944220,Gachi Heroes,96,0.012516297262059974,0.0012137758564955995,0.007762193260333994,1
289950,Construction Simulator 2015,96,0.012516297262059974,0.0016076444105662623,0.008044934764587529,1
538070,Bad Dream: Coma,96,0.012516297262059974,0.0007768732108119327,0.007496088016999519,0
428660,Deliver Us The Moon: Fortuna,96,0.012516297262059974,0.0006677026047562599,0.007442094949056665,0
588030,Derail Valley,96,0.012516297262059974,0.0013266342060947532,0.007857460547995715,1
4720,Condemned: Criminal Origins,96,0.012516297262059974,0.0007436200827007944,0.00749163822820911,1
92800,SpaceChem,96,0.012516297262059974,0.0005589521749065683,0.007375170153766363,0
29800,Caster,95,0.012385919165580182,0.0008534014851101987,0.007536578305145695,1
39150,FINAL FANTASY VIII,95,0.012385919165580182,0.0006596978385650584,0.0074374828460412505,2
346250,The Old Tree,95,0.012385919165580182,0.000441539372572633,0.0073007281865871765,2
333980,AKIBA'S TRIP: Undead ＆ Undressed,95,0.012385919165580182,0.00068073464168769,0.007448522037803006,0
1520,DEFCON,95,0.012385919165580182,0.0013897945345588347,0.007856472294494633,1
878380,东方大战争 ~ Touhou Big Big Battle,95,0.012385919165580182,0.0012400631148975975,0.007772218585505988,0
573100,Battlefleet Gothic: Armada 2,95,0.012385919165580182,0.0007845673955843726,0.007509722300624523,0
356650,Death's Gambit,95,0.012385919165580182,0.0009988581106258807,0.007658964209824059,0
327070,Gloria Victis,95,0.012385919165580182,0.0009228948011664142,0.007596217069678129,1
311290,SpellForce 3,95,0.012385919165580182,0.0003229217906559954,0.007234003153262846,0
518030,Aim Hero,95,0.012385919165580182,0.0017822859020992312,0.00810255128577543,0
784950,CONFLICT OF NATIONS: WORLD WAR 3,94,0.01225554106910039,0.0019511142589459592,0.008208191624936342,1
280680,Krita,94,0.01225554106910039,0.001687928914384502,0.008023213079992968,1
790740,Tick Tock: A Tale for Two,94,0.01225554106910039,0.0006805151523446399,0.0074533328044878305,0
543900,METAL GEAR SURVIVE,94,0.01225554106910039,0.0011776128454524392,0.0077355274655993575,1
416680,Zombie Night Terror,94,0.01225554106910039,0.0016808297618449172,0.008031947156530595,1
457210,SEUM: Speedrunners from Hell,94,0.01225554106910039,0.0018702720010880984,0.008147575536868349,1
296710,Monstrum,94,0.01225554106910039,0.0012415496918624213,0.007769990171593243,1
480430,Hide and Shriek,94,0.01225554106910039,0.002207299311461127,0.008339896325814609,1
17570,"Pirates, Vikings, and Knights II",94,0.01225554106910039,0.0011881327089750726,0.007732320103232553,1
222750,Wargame: Airland Battle,94,0.01225554106910039,0.0008605416929369246,0.0075543732491627266,1
622220,Fate/EXTELLA LINK,94,0.01225554106910039,0.0010071420898913708,0.007655741717963566,0
303310,The House in Fata Morgana,94,0.01225554106910039,0.000614842715210439,0.007432021523214836,0
251150,The Legend of Heroes: Trails in the Sky,94,0.01225554106910039,0.0007490817929965938,0.007503590262943014,0
720250,Welcome to the Game II,93,0.012125162972620599,0.0015547984301791543,0.007958460630937919,1
334920,Zero-K,93,0.012125162972620599,0.0011854666157549768,0.007748121975781912,1
12710,Overlord™: Raising Hell,93,0.012125162972620599,0.0008623866119993338,0.0075518915998868275,2
98800,Dungeons of Dredmor,93,0.012125162972620599,0.0005266014897190647,0.007359743020562264,0
456670,Hand of Fate 2,93,0.012125162972620599,0.0007118457884642713,0.007467261599119505,0
252530,OMSI 2: Steam Edition,93,0.012125162972620599,0.0015085673298721135,0.00799524121220921,1
78000,Bejeweled® 3,93,0.012125162972620599,0.0007702397933439268,0.007486459116995959,0
1002560,Tiny Snow,93,0.012125162972620599,0.0008877546421852169,0.00761932536259896,0
304650,SUNLESS SEA,93,0.012125162972620599,0.0004809598577002266,0.007317307996078569,0
397060,Faeria,92,0.011994784876140807,0.0007841585235796999,0.007511137778782459,0
263300,BlazBlue: Calamity Trigger,92,0.011994784876140807,0.0007035551963834144,0.0074517257148470056,0
702890,BlazBlue: Cross Tag Battle,92,0.011994784876140807,0.0012375553340999307,0.007784248938377249,0
300570,Infinifactory,92,0.011994784876140807,0.0006496420676827443,0.007418109326837683,1
438480,Rock 'N' Roll Defense,92,0.011994784876140807,0.0010720607143396748,0.007668834921953412,1
3920,Sid Meier's Pirates!,92,0.011994784876140807,0.0009725190429073169,0.0076084842449424,1
107310,Cthulhu Saves the World,92,0.011994784876140807,0.0007802170146076025,0.007494743162978867,2
530320,Wandersong,91,0.011864406779661017,0.001028575935035144,0.007635886691979412,0
253330,Neverending Nightmares,91,0.011864406779661017,0.0007268674484160415,0.007468065293758633,0
844590,Hypnospace Outlaw,91,0.011864406779661017,0.0009751425662417386,0.007605323081337124,0
311260,The Guild 3,91,0.011864406779661017,0.0006051596179069887,0.007406350776145084,0
758990,Ancient Warfare 3,91,0.011864406779661017,0.0016737165400272965,0.008049221879719702,1
253900,Knights and Merchants,91,0.011864406779661017,0.000747390253434277,0.007471828513464609,1
899970,NEKOPARA Extra,91,0.011864406779661017,0.00099957776578211,0.007680065889270188,0
316790,Grim Fandango Remastered,91,0.011864406779661017,0.0008815022054063858,0.007555788444576938,0
276810,Mordheim: City of the Damned,91,0.011864406779661017,0.0005224853502717984,0.007366069413097606,0
280180,Hover,91,0.011864406779661017,0.0007808723800620089,0.007490496445971373,0
401680,POSTAL Redux,91,0.011864406779661017,0.0020959923947998773,0.008296452082006064,1
703700,Our End of the World,91,0.011864406779661017,0.0008542943448120618,0.007559306116927617,0
246840,FATE,91,0.011864406779661017,0.0008147839532289113,0.007510558544267534,1
600990,The Gardens Between,91,0.011864406779661017,0.00047295227883079044,0.0073257593260656175,0
404790,Godot Engine,91,0.011864406779661017,0.0011161476108098945,0.007689576255386811,1
403190,Planetbase,91,0.011864406779661017,0.0007325937757523973,0.007472066031199677,1
682130,Discord Bot Maker,90,0.011734028683181226,0.0018218213492106553,0.008103236096884013,1
284950,Pixel Puzzles: Japan,90,0.011734028683181226,0.00032388871838197016,0.0072205878981811316,2
562810,MONOPOLY® PLUS,90,0.011734028683181226,0.001875817264345024,0.008142506148090943,1
544330,Snake Pass,90,0.011734028683181226,0.0007268000677384922,0.00744623731503164,1
482920,Hero Zero,90,0.011734028683181226,0.0011577849152926134,0.0077187057312232054,1
363440,Mega Man Legacy Collection / ロックマン クラシックス コレクション,90,0.011734028683181226,0.0005900745558837709,0.007374051871618374,1
1930,Two Worlds Epic Edition,90,0.011734028683181226,0.0008253775421917139,0.007519093137428896,1
96000,The Tiny Bang Story,90,0.011734028683181226,0.00034824172206702385,0.007235574119412279,0
943380,Timberman VS,90,0.011734028683181226,0.001784310133050079,0.008107569814784863,1
501080,Fishing: Barents Sea,90,0.011734028683181226,0.0010531998233900596,0.0076709587495072135,1
322190,SteamWorld Heist,90,0.011734028683181226,0.0004835504759440991,0.007318642277262307,0
617160,Home Sweet Home,90,0.011734028683181226,0.0013930716979279668,0.007924777265605353,0
447290,Redeemer,90,0.011734028683181226,0.000708647951822077,0.007456463921007341,0
546050,Puyo Puyo™Tetris®,90,0.011734028683181226,0.0008007394970212635,0.007506841129975175,0
420740,The Deed,90,0.011734028683181226,0.0007112632489550566,0.007444999968198713,0
680360,Regions Of Ruin,89,0.011603650586701434,0.001149226042184141,0.007710080137139246,1
852110,RetroMaze,89,0.011603650586701434,0.000910872355439489,0.007557641118869433,0
2820,X3: Terran Conflict,89,0.011603650586701434,0.0005211757873674734,0.007346834668290992,2
574980,Them's Fightin' Herds,89,0.011603650586701434,0.0012511089799120876,0.007761389493511724,0
6900,Hitman: Codename 47,89,0.011603650586701434,0.0008058641248469992,0.007505813258690723,1
838310,Bloodstained: Curse of the Moon,89,0.011603650586701434,0.0009826797557097012,0.00762577903883569,0
405900,Disgaea PC / 魔界戦記ディスガイア PC,89,0.011603650586701434,0.0008624222208395022,0.00754084798295906,0
984110,SYNTHETIK: Arena,89,0.011603650586701434,0.001306395743620524,0.007809186705861473,0
22230,Rock of Ages,89,0.011603650586701434,0.0010597009104261704,0.007646788438357778,1
233150,LUFTRAUSERS,89,0.011603650586701434,0.0007061075933957782,0.00745724016269398,2
298600,Lovely Planet,89,0.011603650586701434,0.0009663247543004327,0.007599914722115459,1
543460,Dead Rising 4,89,0.011603650586701434,0.001296213417153477,0.007816418516660671,0
224460,Contrast,88,0.011473272490221642,0.0003483878904656131,0.007241003281119648,0
638110,Desert Bus VR,88,0.011473272490221642,0.0013676758712822612,0.007831316540049827,1
6850,Hitman 2: Silent Assassin,88,0.011473272490221642,0.000889486613737743,0.0075550712265988655,1
387340,Hyperdimension Neptunia U: Action Unleashed,88,0.011473272490221642,0.000656825524124386,0.007403714535767919,0
333950,Medieval Engineers,88,0.011473272490221642,0.0012458095877742555,0.0077834294918393485,1
699170,Fell Seal: Arbiter's Mark,88,0.011473272490221642,0.0005884766325857007,0.007393934587528243,0
218740,Pid,88,0.011473272490221642,0.0005767649986512115,0.007366805640136993,2
265610,Epic Battle Fantasy 4,88,0.011473272490221642,0.0007626016392136535,0.007482437071459709,0
880950,爱上火车-Pure Station- / Maitetsu:Pure Station,88,0.011473272490221642,0.001018723499593525,0.007676669279162133,0
511680,Fate/EXTELLA,87,0.01134289439374185,0.0006342684662561057,0.007418397909041361,0
418650,Space Pirate Trainer,87,0.01134289439374185,0.0005568909785460002,0.007387856519005051,0
285310,RollerCoaster Tycoon®: Deluxe,87,0.01134289439374185,0.0009117963119355718,0.0075629858752152505,1
816090,Space Hulk: Deathwing - Enhanced Edition,87,0.01134289439374185,0.0007913795062966323,0.007494815433241643,0
55140,MX vs. ATV Reflex,87,0.01134289439374185,0.000832920708638584,0.007513165797663639,1
418340,RWBY: Grimm Eclipse,87,0.01134289439374185,0.0008718410162269701,0.007550077433084174,0
258760,Scania Truck Driving Simulator,87,0.01134289439374185,0.0009181028510400637,0.00757891504013074,1
218060,BIT.TRIP Presents... Runner2: Future Legend of Rhythm Alien,87,0.01134289439374185,0.000812430775766019,0.007516466955732407,2
292910,Deponia: The Complete Journey,87,0.01134289439374185,0.0008082437062894655,0.007498720043557464,2
517710,Redout: Enhanced Edition,87,0.01134289439374185,0.0008344146302895272,0.007534047887964364,0
32500,STAR WARS™: The Force Unleashed™ II,87,0.01134289439374185,0.0010274340743849804,0.007631775245505867,1
285500,Hard Truck Apocalypse / Ex Machina,87,0.01134289439374185,0.0006989377480875454,0.007435410394840568,1
15080,Rayman Raving Rabbids™,87,0.01134289439374185,0.0012412239593839604,0.0077487091284759585,1
375820,Human Resource Machine,87,0.01134289439374185,0.0006206206845807434,0.007398858495356693,0
315460,Dig or Die,87,0.01134289439374185,0.000829843149860173,0.007518788077646207,2
348620,Voices from the Sea,86,0.01121251629726206,0.0006158944596164794,0.007379767694132643,2
537340,Guts and Glory,86,0.01121251629726206,0.0008901706225698596,0.007548241224857492,1
342560,Airships: Conquer the Skies,86,0.01121251629726206,0.0009831978655813073,0.007610741141331657,1
245390,"I Have No Mouth, and I Must Scream",86,0.01121251629726206,0.0004915468434060683,0.007313290546296005,2
785740,This Is the Police 2,86,0.01121251629726206,0.0011324677939230233,0.007699242218259192,1
886250,PokerStars VR,86,0.01121251629726206,0.0017462075144025647,0.008090477280825494,1
610180,The Jackbox Party Pack 4,86,0.01121251629726206,0.002043964486339959,0.008234358791267582,1
715560,Eastshade,86,0.01121251629726206,0.0006417670470847548,0.00740778358570614,0
211600,Thief™ Gold,85,0.011082138200782268,0.0007176723545259546,0.007453490806294474,1
582890,Estranged: Act II,85,0.011082138200782268,0.0009624123812482104,0.007594589776230094,1
230070,The Age of Decadence,85,0.011082138200782268,0.0005761858831317725,0.007380207585243903,0
251870,Go! Go! Nippon! ~My First Trip to Japan~,85,0.011082138200782268,0.000914367128178069,0.007566555867146798,0
230700,La-Mulana,85,0.011082138200782268,0.0007053410024046992,0.0074401682113331424,0
257750,Bloody Trapland,85,0.011082138200782268,0.001002806959008922,0.0076096995950554625,1
242880,"Sir, You Are Being Hunted",85,0.011082138200782268,0.0007278689773350229,0.007447109702307755,2
441380,PAC-MAN™ CHAMPIONSHIP EDITION 2,85,0.011082138200782268,0.0005270154439761655,0.007328566527004391,1
885810,The Witch's House MV,85,0.011082138200782268,0.0008526022660278656,0.007547334495311953,0
774461,The Jackbox Party Pack 5,85,0.011082138200782268,0.0018183343579806267,0.008085129471740131,1
2210,Quake IV,85,0.011082138200782268,0.0006509843658379206,0.007416661990937265,1
477740,Zero Escape: The Nonary Games,85,0.011082138200782268,0.0004915562339298344,0.007336160798591281,0
438490,GOD EATER 2 Rage Burst,84,0.010951760104302478,0.0008833695863524123,0.007544102815021736,0
583470,The End Is Nigh,84,0.010951760104302478,0.0009286743524043797,0.007572937884532701,2
22180,Penumbra Overture,84,0.010951760104302478,0.000987679830442658,0.007618332945589443,1
757240,Aimtastic,84,0.010951760104302478,0.0015866235360244242,0.00796025588086854,1
506500,Party Panic,84,0.010951760104302478,0.0017707734179534757,0.008090415939293428,1
610360,Zup! Zero,83,0.010821382007822686,0.001016943824776357,0.007630844547621928,1
258970,Gauntlet™ Slayer Edition,83,0.010821382007822686,0.0005682485152587588,0.007356679708401522,0
453270,Madness Cubed,83,0.010821382007822686,0.001689374262140875,0.008021536211719497,1
835860,Dreadnought,83,0.010821382007822686,0.0009461460982263187,0.007576028012415018,1
307880,Savage Lands,83,0.010821382007822686,0.000804894732847009,0.007502030687185021,1
623940,HIVESWAP: Act 1,83,0.010821382007822686,0.0009333525424017652,0.007578372289750496,0
480650,Yu-Gi-Oh! Legacy of the Duelist,83,0.010821382007822686,0.0011601477391718984,0.007708224765782699,2
382140,SKYHILL,83,0.010821382007822686,0.0007313027171725047,0.007460824075158686,0
221540,DG2: Defense Grid 2,83,0.010821382007822686,0.0006579719455711977,0.007435579782168345,0
654990,Dude Simulator,83,0.010821382007822686,0.0016168024059769394,0.007976397028094254,1
848350,Katamari Damacy REROLL,83,0.010821382007822686,0.0004662544657514803,0.007294151215602858,2
461560,MANDAGON,83,0.010821382007822686,0.0006017151587204436,0.007367611597787266,2
495910,Dungeon Fighter Online,83,0.010821382007822686,0.0007237210346410661,0.007444358002215457,0
358130,Curious Expedition,83,0.010821382007822686,0.00037139283771510606,0.007247295265544423,0
586200,Street Fighter 30th Anniversary Collection,83,0.010821382007822686,0.0004890526787108103,0.007309466418662063,0
318600,The Flame in the Flood,83,0.010821382007822686,0.0006866948600797057,0.00743003690654237,2
310080,Hatoful Boyfriend,82,0.010691003911342895,0.00043363104518680273,0.00728077835969709,2
468530,A Date in the Park,82,0.010691003911342895,0.0002826611720328714,0.007186054531063127,2
470310,Troubleshooter,82,0.010691003911342895,0.00048140065524345665,0.007325863217917618,0
488310,Eleven: Table Tennis VR,82,0.010691003911342895,0.0004685743637202465,0.007305290945767042,2
559100,Phantom Doctrine,82,0.010691003911342895,0.0005482175708138715,0.007362669040763744,0
365960,rFactor 2,82,0.010691003911342895,0.0011485734027886453,0.007739101981833707,1
468920,Ultimate Fishing Simulator,82,0.010691003911342895,0.0013076756477608709,0.0077989707628581964,1
323220,Vagante,82,0.010691003911342895,0.0009329836592306638,0.007569543720398771,0
353270,Hyperdimension Neptunia Re;Birth3 V Generation / 神次次元ゲイム ネプテューヌRe;Birth3 V CENTURY / 神次次元遊戲 戰機少女 重生3 Ｖ世紀,82,0.010691003911342895,0.0005327646370871012,0.007343591287057509,0
298260,Only If,82,0.010691003911342895,0.0009039136267384432,0.0075493832052462755,1
389170,A Lenda do Herói - O Herói desta Canção,82,0.010691003911342895,0.0006930948788021321,0.007430195425742799,2
596970,SUNLESS SKIES,82,0.010691003911342895,0.0007046081880301089,0.007462793254340549,0
537110,Angels of Death,82,0.010691003911342895,0.0008622654790842452,0.007547220268378828,0
346330,BrainBread 2,82,0.010691003911342895,0.001755659832299817,0.008047936537897359,1
577940,Killer Instinct,82,0.010691003911342895,0.0005758670546738218,0.007360701087903344,0
214250,I Am Alive,82,0.010691003911342895,0.000621778987957866,0.007388896264692717,1
298240,Red Crucible®: Firestorm,82,0.010691003911342895,0.0007787955996167968,0.00747515780221774,1
242820,140,82,0.010691003911342895,0.0003359370930683936,0.007213468438666107,0
34190,Sonic & SEGA All-Stars Racing,82,0.010691003911342895,0.000682444753582543,0.007416661954127515,1
405820,Turok,82,0.010691003911342895,0.0006288398531036197,0.0073900308067623285,2
236690,Blood Bowl 2,81,0.010560625814863103,0.0005548690258015893,0.007348767658962927,0
211740,Thief™ II: The Metal Age,81,0.010560625814863103,0.001077107870934374,0.007650178127262096,1
237740,Angry Video Game Nerd Adventures,81,0.010560625814863103,0.0006588642564995769,0.007399388455803331,1
343710,Kholat,81,0.010560625814863103,0.0007026125528295173,0.007439744932236835,2
227080,Papo & Yo,81,0.010560625814863103,0.00039860302086588636,0.007255958775118073,0
748360,MY HERO ONE'S JUSTICE,81,0.010560625814863103,0.0015185534829298486,0.007910463235138134,0
442120,Pinball FX3,81,0.010560625814863103,0.0004643391614833051,0.007291462186157208,0
308600,Geneshift,81,0.010560625814863103,0.0013247627328115152,0.00779597420868884,1
998930,Seek Girl,81,0.010560625814863103,0.0008859956259118297,0.00756572688496923,0
381020,Sky Rogue,81,0.010560625814863103,0.000555179070336776,0.00734215753853532,0
261530,Lifeless Planet Premier Edition,81,0.010560625814863103,0.0003725167479755022,0.007233565381349248,2
363930,Dead Age,81,0.010560625814863103,0.0006130858361732361,0.0073903933409246725,0
431930,Kabounce,81,0.010560625814863103,0.0009515341303796388,0.007571312995235457,1
345390,King's Quest,81,0.010560625814863103,0.0005332018630111972,0.007336766755595074,0
934840,FrostRunner,81,0.010560625814863103,0.0011688265686169508,0.007702817246912626,1
952860,河洛群俠傳 (Ho Tu Lo Shu ： The Books of Dragon),81,0.010560625814863103,0.0007928262499438186,0.007554950642391834,0
513000,KUBOOM,80,0.010430247718383311,0.0018289795135247166,0.008092209792509209,1
507490,Ashes of the Singularity: Escalation,80,0.010430247718383311,0.0004114792277995831,0.007257340556068442,0
220820,Zombie Driver HD,80,0.010430247718383311,0.0008273310775720015,0.007498118412869893,1
286000,Tooth and Tail,80,0.010430247718383311,0.0004046685029770537,0.007251287716345971,1
512250,Oh...Sir!! The Insult Simulator,80,0.010430247718383311,0.0008759510082755426,0.007525074147059551,2
615610,Orbt XL,80,0.010430247718383311,0.0007510279891824264,0.00745522183423243,1
432350,Epic Battle Fantasy 5,80,0.010430247718383311,0.0010956237038129053,0.0076634704782886235,0
289690,LARA CROFT AND THE TEMPLE OF OSIRIS™,80,0.010430247718383311,0.0009346662720945007,0.007571866042129806,1
402180,Sakura Swim Club,80,0.010430247718383311,0.000965088787998414,0.007587597936533943,1
24810,Command & Conquer 3: Kane's Wrath,80,0.010430247718383311,0.0008507881873520461,0.007516873835109618,1
365160,Kona,80,0.010430247718383311,0.0008075477820291769,0.007499738527237367,0
261110,Killer is Dead - Nightmare Edition,80,0.010430247718383311,0.000745238123889284,0.007458409354507973,0
315810,eden*,79,0.01029986962190352,0.0005991556182550621,0.007365776386429842,0
591460,Parkasaurus,79,0.01029986962190352,0.0005106085557565374,0.007327182701705039,0
966330,Flower,79,0.01029986962190352,0.000591690353553508,0.007368715688728933,0
302590,Of Guards And Thieves,79,0.01029986962190352,0.0012994713202406198,0.007771782157282321,1
15120,Tom Clancy's Rainbow Six® Vegas 2,79,0.01029986962190352,0.0006758660378425997,0.0074064262418714385,1
314230,Rodina,79,0.01029986962190352,0.0008564091493811427,0.007519843569306848,1
530890,Haydee,79,0.01029986962190352,0.0012660951054483019,0.007749983816437205,1
375910,Anno 2205™,79,0.01029986962190352,0.0006184349777650951,0.007384273640729658,0
502800,SENRAN KAGURA ESTIVAL VERSUS,79,0.01029986962190352,0.0007978968456768385,0.007508567571688174,0
570840,家有大貓 Nekojishi,79,0.01029986962190352,0.0010063824874908538,0.0076215500860477995,0
2870,X Rebirth,79,0.01029986962190352,0.0006056970535844564,0.007382349026484262,2
466300,Planescape: Torment: Enhanced Edition,79,0.01029986962190352,0.0005277788974660476,0.007331142776457081,0
91200,Anomaly: Warzone Earth,79,0.01029986962190352,0.0003003448779727999,0.007192479141636038,2
371140,Aegis Defenders,78,0.010169491525423728,0.0009677828690344753,0.00757998149402938,0
503940,Railway Empire,78,0.010169491525423728,0.0005457832063079967,0.007340433001489112,0
314410,Rampage Knights,78,0.010169491525423728,0.0009024583415272818,0.007542645220747071,2
397460,The Jackbox Party Pack 2,78,0.010169491525423728,0.0010910177806153325,0.00765511277849388,1
518060,Chess Ultra,78,0.010169491525423728,0.0009189572463085508,0.00754522005012623,1
247430,Hitman: Contracts,78,0.010169491525423728,0.0008390593006324917,0.007507975150939162,1
1510,Uplink,78,0.010169491525423728,0.000741109512539409,0.0074522067600024345,1
446150,GUNS UP!,78,0.010169491525423728,0.0013797761204719578,0.007814211956540433,1
427250,8-Bit Armies,78,0.010169491525423728,0.0006126384133659686,0.007365453775194005,1
299460,Woodle Tree Adventures,78,0.010169491525423728,0.000362576882356343,0.007221132823634859,1
260750,Neighbours from Hell Compilation,78,0.010169491525423728,0.00044506101113629936,0.007273224052967961,1
388210,Day of the Tentacle Remastered,78,0.010169491525423728,0.0003629440209458104,0.007227997294301616,0
449540,There's Poop In My Soup,78,0.010169491525423728,0.0007678000556902609,0.007454172058015395,1
252030,Valdis Story: Abyssal City,78,0.010169491525423728,0.00043653582070263855,0.007268773873196539,0
33120,Alien Shooter 2: Reloaded,77,0.010039113428943936,0.0011212347086091516,0.007672412845705267,1
404680,Hob,77,0.010039113428943936,0.0004897576813809822,0.007302852805018009,0
39800,Nation Red,77,0.010039113428943936,0.00044337112908912895,0.007268945523019125,1
421040,Plantera,77,0.010039113428943936,0.0005768215362842457,0.007342552914986721,1
224960,Tomb Raider I,77,0.010039113428943936,0.0007885244313080241,0.007477861769677382,1
667870,MINDNIGHT,77,0.010039113428943936,0.0011747321287266458,0.007709740321980031,1
333640,Caves of Qud,77,0.010039113428943936,0.0007767131533730367,0.00748897875069779,0
439190,Stories: The Path of Destinies,77,0.010039113428943936,0.00034654127902215734,0.007215079609397817,0
564230,Fire Pro Wrestling World,77,0.010039113428943936,0.000656263038211882,0.007398309943885343,1
364420,Roguelands,77,0.010039113428943936,0.0006818888657209087,0.007410096187255691,2
732370,Juicy Realm,76,0.009908735332464145,0.0006269488307576196,0.007384086650583734,0
979060,Bloons Adventure Time TD,76,0.009908735332464145,0.0013702542762089528,0.007821024957615646,1
876850,Princess Lili - 丽丽公主,76,0.009908735332464145,0.0009009135631169343,0.007557161256533617,0
798510,SUPER DRAGON BALL HEROES WORLD MISSION,76,0.009908735332464145,0.0005505276007095607,0.007332769368245494,0
203650,Sonic the Hedgehog 4 - Episode II,76,0.009908735332464145,0.0011120349249123887,0.007671543480442045,1
8800,Civilization IV: Beyond the Sword,76,0.009908735332464145,0.0005588522238257998,0.007347769168770034,1
568090,Tattletail,76,0.009908735332464145,0.001968331217430807,0.008164437410007316,1
530620,Resident Evil 7 / Biohazard 7 Teaser: Beginning Hour,76,0.009908735332464145,0.0012207037991723625,0.0077483370254838565,1
469610,Rick and Morty: Virtual Rick-ality,76,0.009908735332464145,0.0010506362223006024,0.007615489678135191,1
579180,Ys VIII: Lacrimosa of DANA / イースVIII-Lacrimosa of DANA-,76,0.009908735332464145,0.000583826512989237,0.007373783020569399,0
465760,Scrap Garden,76,0.009908735332464145,0.0007887092343427635,0.007466736006512225,1
368180,Polyball,76,0.009908735332464145,0.0008219488554843456,0.007497399706669444,1
269770,Secrets of Grindea,76,0.009908735332464145,0.0005905111868225084,0.007357062393090279,0
558420,Stories Untold,76,0.009908735332464145,0.00037983637450239214,0.007229644430648871,2
552280,游魂2-you're the only one- / Tayutama 2-you're the only one-,76,0.009908735332464145,0.0006347112645638415,0.007399717699363833,0
220260,Farming Simulator 2013 Titanium Edition,76,0.009908735332464145,0.0010203337362978176,0.007618000948474322,1
475190,Scanner Sombre,76,0.009908735332464145,0.0006672284861524301,0.007399398595824959,0
838350,太吾绘卷 The Scroll Of Taiwu,76,0.009908735332464145,0.0008082896536296474,0.007513133503126982,0
24800,Command & Conquer: Red Alert 3 - Uprising,76,0.009908735332464145,0.0009222225034133181,0.007562052710895815,1
254440,Pool Nation,76,0.009908735332464145,0.000505832237893245,0.007301147936259632,1
825310,Dude Simulator 2,76,0.009908735332464145,0.00106796302310887,0.007635120979823448,1
877200,Zero Caliber VR,76,0.009908735332464145,0.0010139086249578728,0.007612868241862308,1
637850,Confess My Love,75,0.009778357235984355,0.0004622689170474925,0.007274453233521732,0
287630,The Council,75,0.009778357235984355,0.00042579421387991645,0.0072697404894107144,0
245280,ENSLAVED™: Odyssey to the West™ Premium Edition,75,0.009778357235984355,0.00040977535502742014,0.007250926458725198,2
361990,Lakeview Cabin Collection,75,0.009778357235984355,0.0006752519297657386,0.007407697413149752,0
244710,Shelter,75,0.009778357235984355,0.00040587176161550783,0.007244243881591536,0
3910,Sid Meier's Civilization® III Complete,75,0.009778357235984355,0.0004884884510129162,0.007290081611892349,1
257350,Baldur's Gate II: Enhanced Edition,75,0.009778357235984355,0.0005739588233170127,0.007348933250140188,0
521200,Epic Battle Fantasy 3,75,0.009778357235984355,0.0007385294836520459,0.007439817548294137,2
873190,ЕСТЬ ДВА СТУЛА,75,0.009778357235984355,0.0013749559417382464,0.007817702876826068,1
840720,Sword Art Online: Lost Song,75,0.009778357235984355,0.0009449294293123407,0.007579622795383232,0
612470,Bio Inc. Redemption,75,0.009778357235984355,0.0005952192999838735,0.007362327356139249,1
335000,Tormentum - Dark Sorrow,75,0.009778357235984355,0.0002980395866846864,0.007182045828841979,0
296870,Dreaming Sarah,75,0.009778357235984355,0.0006087317088829242,0.007354412492642307,2
991780,探灵笔记-1v5(Notes of Soul),75,0.009778357235984355,0.0011801543333874321,0.007725514765830248,0
445190,Expeditions: Viking,75,0.009778357235984355,0.0005951836735335022,0.007356784574987753,0
502280,BERSERK and the Band of the Hawk,75,0.009778357235984355,0.0009100477007210364,0.007551978874754091,1
374900,Agatha Christie - The ABC Murders,75,0.009778357235984355,0.0006534413980941441,0.007386185136179573,0
672630,Academia : School Simulator,74,0.009647979139504563,0.0007163809982076027,0.007442549435955281,1
408410,X-Morph: Defense,74,0.009647979139504563,0.00039963576075143555,0.007237562339858631,0
448780,Sixtieth Kilometer,74,0.009647979139504563,0.0004641623398004502,0.0072736224885089785,2
212630,Tom Clancy's Ghost Recon: Future Soldier™,74,0.009647979139504563,0.0007561053752789971,0.007450121519483235,0
599080,The Blackout Club,74,0.009647979139504563,0.0008779863277886997,0.007518335271815971,0
4560,Company of Heroes - Legacy Edition,74,0.009647979139504563,0.000677593428245511,0.007403769640536359,1
963000,"The Haunted Island, a Frog Detective Game",74,0.009647979139504563,0.00044485199313284724,0.0072662383351239195,0
574560,"Dude, Stop",74,0.009647979139504563,0.0008038558921018657,0.007464877006611861,1
202750,Alan Wake's American Nightmare,74,0.009647979139504563,0.0004817530962627735,0.0072986339749330845,2
214870,Painkiller Hell & Damnation,74,0.009647979139504563,0.0006449353642484418,0.007382912083362652,1
40,Deathmatch Classic,74,0.009647979139504563,0.0014167244889886112,0.007846131927920275,1
968250,King of Retail,74,0.009647979139504563,0.000700244253624266,0.007428346563779804,1
15320,IL-2 Sturmovik: 1946,74,0.009647979139504563,0.00079568364805554,0.007480982138508651,1
339350,Choice of Robots,74,0.009647979139504563,0.0008422801008317578,0.007510907375056829,1
403120,THE GAME OF LIFE,73,0.009517601043024772,0.0009951850922079526,0.007582923078780725,1
485980,Syrian Warfare,73,0.009517601043024772,0.0005943258552800327,0.007366287607741262,1
351800,Dev Guy,73,0.009517601043024772,0.0003581644580570325,0.0072104142495965804,2
404590,Vikings - Wolves of Midgard,73,0.009517601043024772,0.00041786414000193636,0.007258119020866274,0
297020,The Culling Of The Cows,73,0.009517601043024772,0.0007110691394347248,0.007425946811397268,1
312200,Chasm,73,0.009517601043024772,0.0005173439083091045,0.007314441833632119,0
437630,State of Mind,73,0.009517601043024772,0.0005942265371526341,0.007360790465825403,0
13600,Prince of Persia®: The Sands of Time,73,0.009517601043024772,0.0005965095709446771,0.007363012162569481,1
522470,The House of Da Vinci,73,0.009517601043024772,0.00042040774807765844,0.0072553562391005424,0
377600,Tcheco in the Castle of Lucio,73,0.009517601043024772,0.0005662257833577145,0.007333210685015823,1
421120,Samorost 3,73,0.009517601043024772,0.0006736391657731168,0.007410080521286352,0
372360,Tales of Symphonia,73,0.009517601043024772,0.0006859090130015991,0.00740556618553127,0
3620,Zuma's Revenge!,73,0.009517601043024772,0.0008745042444032098,0.007527173492876261,0
281610,Homeworld: Deserts of Kharak,73,0.009517601043024772,0.0006069705724234877,0.007373871855006083,0
220460,Cargo Commander,73,0.009517601043024772,0.0003373043173814033,0.007200111927347106,2
598060,Slasher's Keep,73,0.009517601043024772,0.0004370524552818232,0.007268912769548343,0
7510,X-Blades,73,0.009517601043024772,0.00033995703494953263,0.0072026412424791835,1
244870,Electronic Super Joy,72,0.00938722294654498,0.00044678346419763706,0.007264895644177051,2
636150,Cyberhunt,72,0.00938722294654498,0.0009065296394924451,0.0075364860381200915,1
359390,Amnesia™: Memories,72,0.00938722294654498,0.00036830843507942157,0.007221777148991003,0
611760,Don't Escape: 4 Days in a Wasteland,72,0.00938722294654498,0.0008744203036241295,0.0075051041078029145,1
434260,My Name is Mayo,72,0.00938722294654498,0.0006039892996238962,0.007355361951299145,1
982270,Dealer's Life,72,0.00938722294654498,0.0007241527912900109,0.007429189843296131,1
386880,Rake,72,0.00938722294654498,0.0013176831978155613,0.007774456095943099,1
431600,Automobilista,72,0.00938722294654498,0.0007179880879116565,0.007443056476204474,1
585710,Blazing Beaks,72,0.00938722294654498,0.0015065990190162863,0.007895434895454623,1
399820,Kopanito All-Stars Soccer,72,0.00938722294654498,0.0010121376459368023,0.007605094351713834,1
433530,Heliborne,72,0.00938722294654498,0.0006446562104467459,0.0073790625342500865,1
324810,TOXIKK™,72,0.00938722294654498,0.000852648163631162,0.007505128653765027,1
566160,Zup! 6,71,0.009256844850065189,0.0007403198356354428,0.0074391521708834524,1
211780,Conflict Desert Storm™,71,0.009256844850065189,0.0007448951318409828,0.007431188729205284,1
801630,UNDER NIGHT IN-BIRTH Exe:Late[st],71,0.009256844850065189,0.0009830368972851273,0.007588526006374104,0
554310,Rage Wars,71,0.009256844850065189,0.0017288122554299805,0.00801441911949712,1
380150,STASIS,71,0.009256844850065189,0.0002613821572817732,0.007155358655118135,0
437160,The Lion's Song: Episode 1 - Silence,71,0.009256844850065189,0.0002622799208160914,0.00714970388946187,4
290790,Grey Goo,71,0.009256844850065189,0.000533809262865703,0.007313300319167745,1
3900,Sid Meier's Civilization® IV,71,0.009256844850065189,0.0008115665777386463,0.007489470637963644,1
814480,Mini World: Block Art,71,0.009256844850065189,0.0011719646082799836,0.007680466416915463,1
632350,Cyberdimension Neptunia: 4 Goddesses Online | 四女神オンライン CYBER DIMENSION NEPTUNE | 四女神ONLINE 幻次元遊戲戰機少女,71,0.009256844850065189,0.0006813464640483753,0.007418546311062375,0
552700,WORLD OF FINAL FANTASY®,71,0.009256844850065189,0.000554355904249828,0.007344927824216269,0
725480,Slap City,71,0.009256844850065189,0.0007896276980998446,0.007466604770971636,1
525480,.hack//G.U. Last Recode,71,0.009256844850065189,0.0003775695797362941,0.007230790838600168,0
348510,Autobahn Police Simulator,71,0.009256844850065189,0.0006262691673674417,0.007373875132438003,1
224500,Gnomoria,71,0.009256844850065189,0.00048412666552204473,0.0073003047449484776,2
790710,World of Warplanes,71,0.009256844850065189,0.0010366826382440055,0.007615103033331545,1
39680,The Guild II Renaissance,70,0.009126466753585397,0.0006480120935602002,0.007397678601420239,1
384490,NECROPOLIS: BRUTAL EDITION,70,0.009126466753585397,0.0008477073229799077,0.007499022408233064,2
348250,Google Earth VR,70,0.009126466753585397,0.00047726617888389826,0.007273436240472158,1
401190,Dinosaur Hunt,70,0.009126466753585397,0.0009213480706606178,0.007528008479383325,1
353640,Train Valley,70,0.009126466753585397,0.0003880914038470407,0.007224405818338672,0
510420,The Hex,70,0.009126466753585397,0.000631077247551598,0.007365168925036421,0
493200,RiME,70,0.009126466753585397,0.0004470652933524338,0.0072626001323612315,0
434460,Rock of Ages 2: Bigger & Boulder™,70,0.009126466753585397,0.0008236474327183499,0.007478425551313328,1
581270,Old Man's Journey,70,0.009126466753585397,0.0004223018331118231,0.007262355406498287,0
274290,Gods Will Be Watching,70,0.009126466753585397,0.0004055430923406807,0.00723395703179437,0
340170,FINAL FANTASY TYPE-0™ HD,70,0.009126466753585397,0.00046744656209169735,0.00728394397848197,0
21980,Call of Juarez®: Bound in Blood,70,0.009126466753585397,0.0006551957809972946,0.007393735924250601,1
356520,Port of Call,70,0.009126466753585397,0.0002994270710018844,0.007171516897808263,2
400170,The Incredible Adventures of Van Helsing: Final Cut,70,0.009126466753585397,0.0003520175495589337,0.007207974993611388,0
414530,Skyforge,70,0.009126466753585397,0.0007874233216740357,0.007467817944510735,1
302380,Floating Point,70,0.009126466753585397,0.0006963288205809799,0.007402630140753121,1
667720,Red Faction Guerrilla Re-Mars-tered,70,0.009126466753585397,0.0009128429348982738,0.0075327628317137865,1
220740,Chaos on Deponia,70,0.009126466753585397,0.0006278992102725222,0.007363516275884675,1
508840,Broken Armor,69,0.008996088657105605,0.00043623151758594083,0.007244226701120097,2
994220,NEOVERSE,69,0.008996088657105605,0.00037107638305495675,0.0072269075600668075,0
402840,Crusaders of the Lost Idols,69,0.008996088657105605,0.00036844064339610646,0.007219402033475885,2
223810,Ys I & II Chronicles+,69,0.008996088657105605,0.00017948080774618128,0.007108201356398417,0
222420,THE KING OF FIGHTERS '98 ULTIMATE MATCH FINAL EDITION,69,0.008996088657105605,0.00047573204083929227,0.007295473806503725,0
917680,"one night, hot springs",69,0.008996088657105605,0.0007487847257239813,0.007435909204118649,1
269650,Dex,69,0.008996088657105605,0.00037080531992316824,0.007212997124983201,0
345180,Victor Vran ARPG,69,0.008996088657105605,0.0004924644456455199,0.007290335071878269,0
208750,Apotheon,69,0.008996088657105605,0.00021329799013631434,0.007119621429627901,0
330390,Grandia® II Anniversary Edition,69,0.008996088657105605,0.0003254420596543549,0.007191627542579029,0
22600,Worms Reloaded,69,0.008996088657105605,0.0008022606419955567,0.007465019485352574,1
591370,Production Line : Car factory simulation,68,0.008865710560625815,0.0004707095372780389,0.007297647796090236,2
884260,Akane,68,0.008865710560625815,0.000506794904218757,0.007300855234784198,0
591960,Animation Throwdown: The Quest for Cards,68,0.008865710560625815,0.000985476316492375,0.007568174030491551,1
376300,GUILTY GEAR Xrd -SIGN-,68,0.008865710560625815,0.00042975584776022593,0.007249081629773172,0
351710,Hyperdimension Neptunia Re;Birth2: Sisters Generation / 超次次元ゲイム ネプテューヌRe;Birth2 / 超次次元遊戲 戰機少女 重生2,68,0.008865710560625815,0.00024689752505946535,0.007151241993838387,0
234390,Teleglitch: Die More Edition,68,0.008865710560625815,0.0006120519738987239,0.007355211451957075,2
728540,Islands of Nyne: Battle Royale,68,0.008865710560625815,0.0006343154830496914,0.007366867793794303,1
511740,Gal*Gun: Double Peace,68,0.008865710560625815,0.0004543865046139041,0.007264773822695391,0
438270,Learn Japanese To Survive! Hiragana Battle,68,0.008865710560625815,0.0005903583169313774,0.007347053430683122,0
6030,STAR WARS™ Jedi Knight II - Jedi Outcast™,68,0.008865710560625815,0.0006912592062643851,0.007400519188662877,1
243950,Divinity: Dragon Commander,68,0.008865710560625815,0.00021699697200928662,0.00713622915568307,0
726590,NBA 2K Playgrounds 2,68,0.008865710560625815,0.000738870934173503,0.007426898156204345,1
555880,Sairento VR,68,0.008865710560625815,0.00040861489872588745,0.007245373547558667,2
763410,Long Live Santa!,68,0.008865710560625815,0.0010534765422094729,0.007605004538146206,1
840800,Outlaws of the Old West,68,0.008865710560625815,0.000636338728062618,0.007374034228286962,1
285840,Enemy Mind,68,0.008865710560625815,0.0002630767110937996,0.007147234516002886,1
443110,Armored Warfare,68,0.008865710560625815,0.0007189975157472469,0.007411961112657073,1
277430,Halo: Spartan Assault,68,0.008865710560625815,0.000715482395655803,0.00741883419393701,1
266430,Anarchy Arcade,68,0.008865710560625815,0.0007833682576749444,0.007458489584470615,1
915460,ULTIMATE HARDBASS DEFENCE,67,0.008735332464146024,0.0006652175039165413,0.007387150406286459,1
11280,Penguins Arena: Sedna's World,67,0.008735332464146024,0.0006088040745003927,0.007349520576017771,1
723390,Hunt Down The Freeman,67,0.008735332464146024,0.0013216662070403438,0.007767083778378687,1
247660,Deadly Premonition: The Director's Cut,67,0.008735332464146024,0.0003828326791684622,0.0072251432916955296,0
834740,Circle Empires,67,0.008735332464146024,0.0008281364429092381,0.007482834925575186,0
329490,Phantom Breaker: Battle Grounds,67,0.008735332464146024,0.0006098676275248156,0.007346932348097364,0
301860,Submerged,67,0.008735332464146024,0.00032883540419972857,0.007185717397367538,2
354380,Assassin’s Creed® Chronicles: China,67,0.008735332464146024,0.0008596576478312083,0.007515271038952071,0
246580,The Typing of The Dead: Overkill,67,0.008735332464146024,0.00027911270412246767,0.007160931257527695,0
809020,ZeroRanger,67,0.008735332464146024,0.0004978222109038603,0.007292738626557741,0
313500,Blitzkrieg 2 Anthology,66,0.008604954367666232,0.0006852271996327041,0.007396119512789369,1
94300,The Dream Machine: Chapter 1 & 2,66,0.008604954367666232,0.0005163685684833957,0.007291053117553732,1
888090,TREE,66,0.008604954367666232,0.000759081105933765,0.007435017864500139,2
46510,Syberia II,66,0.008604954367666232,0.0005122422813919613,0.007301990223899375,2
674750,Yet Another Zombie Defense HD,66,0.008604954367666232,0.0012003924562617532,0.007688044175989926,1
426790,Grow Up,66,0.008604954367666232,0.0003182070764140936,0.00718345584415319,0
92000,Hydrophobia: Prophecy,66,0.008604954367666232,0.00030501772984485435,0.007171080523104675,0
388750,BlazBlue: Chronophantasma Extend,66,0.008604954367666232,0.0003580573354642001,0.007220383496737478,0
215830,Closers,66,0.008604954367666232,0.0010744787193209967,0.007630819374020925,1
346940,Shadowrun: Hong Kong - Extended Edition,66,0.008604954367666232,0.0002025853475391752,0.007111185193069063,0
231200,Kentucky Route Zero,66,0.008604954367666232,0.00042517362312495386,0.007240096302580626,0
529780,Disturbed,66,0.008604954367666232,0.000697065899734898,0.0073994263648848105,1
496460,Life is Feudal: Forest Village,66,0.008604954367666232,0.0006946715979009509,0.007412637146507063,5
385370,Radiator 2: Anniversary Edition,66,0.008604954367666232,0.00027273021900241484,0.007150270114492998,2
743640,Achievement Clicker,66,0.008604954367666232,0.0007569768608792687,0.007425569451656685,1
307110,We Need To Go Deeper,66,0.008604954367666232,0.0014266627972669634,0.007825982319083873,1
290770,The Fall,65,0.00847457627118644,0.0002795607127440066,0.007157885915753883,0
541300,Survive the Nights,65,0.00847457627118644,0.0006642512388600846,0.0073820658495824375,1
327890,I am Bread,65,0.00847457627118644,0.000677558472073805,0.007382927229948418,1
512470,The Pirate: Caribbean Hunt,65,0.00847457627118644,0.0006305966921060949,0.007360419203450665,1
268870,Satellite Reign,65,0.00847457627118644,0.0005094419931626279,0.007296479908850591,0
640890,Will Glow the Wisp,65,0.00847457627118644,0.0007456122165263729,0.007431283564547682,0
507010,Mr.President!,65,0.00847457627118644,0.0008013541346791637,0.00746484807526861,1
45700,Devil May Cry 4,65,0.00847457627118644,0.0006223772566357253,0.007363224410702623,2
585690,Minimalism,65,0.00847457627118644,0.0006673184770939841,0.007377800442401916,1
570770,古剑奇谭二(GuJian2),65,0.00847457627118644,0.0004461324408514604,0.007286578071564596,0
929670,Orion Sandbox Enhanced,65,0.00847457627118644,0.0007046567000320652,0.0074000865332599615,1
326360,Warspear Online,65,0.00847457627118644,0.001062374170252863,0.007617992927953101,1
314970,Age of Conquest IV,65,0.00847457627118644,0.0011756123075553643,0.007685803832068746,1
313730,Sunrider: Mask of Arcadius,65,0.00847457627118644,0.0005227057190290594,0.007298246675140215,2
893680,Project Warlock,64,0.008344198174706649,0.0007329506443832041,0.007420088518423703,1
287260,Toybox Turbos,64,0.008344198174706649,0.000688920529939717,0.007388816758693761,1
568570,Force of Nature,64,0.008344198174706649,0.0003941423958174947,0.007218242023640595,1
269050,Year Walk,64,0.008344198174706649,0.0005130584015888354,0.007287828158072032,2
357070,UBERMOSH,64,0.008344198174706649,0.0006726678474000098,0.007382848896607193,1
238260,Pinball Arcade,64,0.008344198174706649,0.0003612079739440441,0.007209439251717219,0
230190,War for the Overworld,64,0.008344198174706649,0.00038326665902942576,0.007218208460219848,0
286260,fault - milestone one,64,0.008344198174706649,0.00040373203437303335,0.007226423107816719,0
616110,SPACEPLAN,64,0.008344198174706649,0.00036111979992805085,0.007201218864476083,0
283290,Nosferatu: The Wrath of Malachi,64,0.008344198174706649,0.0007467562254858329,0.007421073298981461,1
802890,Muv-Luv Alternative,64,0.008344198174706649,0.0005236653793669525,0.007311881518669069,0
712100,Total War Saga: THRONES OF BRITANNIA,64,0.008344198174706649,0.00081137234765173,0.007478645579077944,1
770810,"Good Pizza, Great Pizza",64,0.008344198174706649,0.000681174242931629,0.007388646676451084,1
332200,Axiom Verge,64,0.008344198174706649,0.000623252258946749,0.00735162324785811,0
351510,Quiplash,64,0.008344198174706649,0.0010417128661347726,0.00759311908544834,1
18500,Defense Grid: The Awakening,64,0.008344198174706649,0.0005292447281062505,0.007302648292057594,2
3700,Sniper Elite,64,0.008344198174706649,0.000620853094425944,0.007355024319121788,1
422510,DEMON'S TILT,64,0.008344198174706649,0.0003110633968433569,0.007174906827191762,0
107200,Space Pirates and Zombies,64,0.008344198174706649,0.00035788009924563133,0.0072007472129526975,0
366250,METAL SLUG,64,0.008344198174706649,0.0006409417380059913,0.0073597256048211716,0
6800,Commandos: Behind Enemy Lines,64,0.008344198174706649,0.0005517384338947567,0.007310685105417513,2
302080,Bus Driver,64,0.008344198174706649,0.0005163014759379314,0.007299960426602656,1
232750,Mars: War Logs,64,0.008344198174706649,0.00014594542397247984,0.007075482168458362,0
513450,Drop Alive,63,0.008213820078226857,0.00030616966240622125,0.007168407833491333,1
7200,Trackmania United Forever Star Edition,63,0.008213820078226857,0.0007429958468869468,0.007420923215760475,1
577670,Demolish & Build 2018,63,0.008213820078226857,0.0011355588525231144,0.007661414021510897,1
411830,SENRAN KAGURA SHINOVI VERSUS,63,0.008213820078226857,0.00030086827664909543,0.007161010156196835,0
32330,LEGO® Indiana Jones™: The Original Adventures,63,0.008213820078226857,0.0009087750100686821,0.007522197824497418,1
71230,Crazy Taxi,63,0.008213820078226857,0.0002621248978007806,0.007137958771988549,0
47920,Shift 2 Unleashed,63,0.008213820078226857,0.00041087741121736726,0.00722828730415065,1
889510,SENRAN KAGURA Burst Re:Newal,63,0.008213820078226857,0.0005461962748183622,0.007317536201230453,0
863590,Starcom: Nexus,63,0.008213820078226857,0.0005728886410390856,0.00734724899882069,0
425220,One Piece Burning Blood,63,0.008213820078226857,0.0010207271390246786,0.0076060973185140875,1
263620,Mitsurugi Kamui Hikae,63,0.008213820078226857,0.0003862692377313799,0.007215970791266034,0
360870,Ultimate Tic-Tac-Toe,63,0.008213820078226857,0.0007122319156908247,0.007402324974344913,2
237850,Dreamfall Chapters,63,0.008213820078226857,0.0003119829769087417,0.007181605276921452,0
595690,One Hour One Life,62,0.008083441981747066,0.0009655543801173591,0.007542143915033663,1
734580,BattleRush,62,0.008083441981747066,0.000926646973326601,0.007536402802451611,1
667890,Dead Maze,62,0.008083441981747066,0.0005016573826302248,0.007279100502461569,1
311870,Super Trench Attack!,62,0.008083441981747066,0.0005637739069356345,0.007316026444881261,2
281640,The Banner Saga 2,62,0.008083441981747066,0.0003264415458609409,0.0071926390440125035,0
251110,INFRA,62,0.008083441981747066,0.0006026175625693335,0.007336479368291744,1
434730,Half Dead,62,0.008083441981747066,0.0009022924986085484,0.0075114883583122785,1
302790,Momodora III,62,0.008083441981747066,0.0003592272239434384,0.007198639349765848,0
907470,Iris.Fall,62,0.008083441981747066,0.00028387759997813475,0.007160495117643294,0
2200,Quake III Arena,62,0.008083441981747066,0.0010188130881240742,0.007582989784835564,1
228360,Full Throttle Remastered,62,0.008083441981747066,0.00035260292767166354,0.007198919298780227,0
976940,永冻之壳 The Shell of Permafrost,62,0.008083441981747066,0.0004112205805122396,0.007226166882613539,0
434050,Duke Nukem 3D: 20th Anniversary World Tour,62,0.008083441981747066,0.0006125844998575038,0.007346846220431431,1
222730,Reus,62,0.008083441981747066,0.00044520192907656156,0.007250174101597446,2
733070,Sudoku Universe / 数独宇宙,62,0.008083441981747066,0.00045458167252602084,0.007265578721110828,0
666860,Bit Heroes,62,0.008083441981747066,0.001317720050553238,0.0077573237370893115,1
270110,Block Story™,62,0.008083441981747066,0.0008683292612996573,0.007487803645540169,1
638650,Sword Art Online Re: Hollow Fragment,62,0.008083441981747066,0.000527744975691582,0.007295510193389428,0
461840,Zenge,62,0.008083441981747066,0.0005205438489529059,0.0072879989754098835,0
654880,Dream Daddy: A Dad Dating Simulator,62,0.008083441981747066,0.0005086173522983496,0.00729037970987144,0
319910,Trine 3: The Artifacts of Power,61,0.007953063885267274,0.0005096586366861237,0.0072937740030477845,0
15390,Brothers in Arms: Hell's Highway™,61,0.007953063885267274,0.00041800022888598045,0.007227662977319509,1
282760,Circuits,61,0.007953063885267274,0.00034826242866348715,0.007189523909900298,2
674520,Fight'N Rage,61,0.007953063885267274,0.0003166907943156318,0.007169662252947255,0
345820,Shantae and the Pirate's Curse,61,0.007953063885267274,0.0005296011551866395,0.007294574893790167,0
587450,Saurian,61,0.007953063885267274,0.0007142623126857056,0.0074171827680296915,1
393530,Insanity Clicker,61,0.007953063885267274,0.00034628001020539455,0.00718335948128477,1
418180,Tempest: Pirate Action RPG,61,0.007953063885267274,0.0005543882988161258,0.00731005719781632,0
3720,Evil Genius,61,0.007953063885267274,0.0005820567494588026,0.007324721914099199,2
863570,Super Seducer 2 : Advanced Seduction Tactics,61,0.007953063885267274,0.0005749734050868057,0.007324254087591463,0
544550,Stationeers,61,0.007953063885267274,0.00046763038252827855,0.007269542243501489,1
260210,Assassin’s Creed® Liberation HD,61,0.007953063885267274,0.0005034580309177587,0.007290904112550894,2
597230,Shotgun Legend,61,0.007953063885267274,0.0006630750128005345,0.007367225439253473,1
502520,Ultimate General: Civil War,61,0.007953063885267274,0.00037243842858011096,0.007217137683001143,0
235380,Blitzkrieg 3,61,0.007953063885267274,0.000512721892410585,0.007284051174412802,0
1043340,No Time,60,0.007822685788787483,0.0012254861469206458,0.007722286954100202,1
412880,Drift Streets Japan,60,0.007822685788787483,0.0008626184074891874,0.0074879586678971285,1
243800,Gas Guzzlers Extreme,60,0.007822685788787483,0.0006261975978862875,0.0073473758579367075,1
550010,Happy Room,60,0.007822685788787483,0.0010907388871300415,0.007618882950155506,1
514920,Crash Wheels,60,0.007822685788787483,0.000652479648512874,0.00736184208817676,1
558260,Gravel,60,0.007822685788787483,0.0004244454705015709,0.007228926211108954,1
6550,Devil May Cry® 3 Special Edition,60,0.007822685788787483,0.000568331421651258,0.007319601098211011,0
713650,Sevgilim Olur musun ?,60,0.007822685788787483,0.0012218670312513157,0.007705923432253481,1
537180,Digimon Masters Online,60,0.007822685788787483,0.0008610308789660615,0.007483495912125698,1
558100,Art of War: Red Tides,60,0.007822685788787483,0.0004674169517568507,0.007259862878514085,0
775940,Rise of Liberty,60,0.007822685788787483,0.0006886435914668874,0.00739960380157888,1
600090,The Coma: Recut,60,0.007822685788787483,0.0005618922667129127,0.007309651696175685,0
311240,Zero Escape: Zero Time Dilemma,60,0.007822685788787483,0.00036752496042334853,0.007199358941462236,0
31270,Puzzle Agent,60,0.007822685788787483,0.0004795363922329502,0.007266903114126237,2
332500,GRAV,60,0.007822685788787483,0.00045164370465081215,0.007244700890553978,13
91600,Sanctum,60,0.007822685788787483,0.0004680143963291255,0.007261481244255382,1
351290,SURVIVAL,60,0.007822685788787483,0.0005251343930719096,0.007296481463610687,1
313020,Soul Gambler,60,0.007822685788787483,0.00020066482160840604,0.0070984783477159126,2
304530,Agents of Mayhem,60,0.007822685788787483,0.0006786082987897694,0.007384928457157941,0
410850,DRAGON QUEST HEROES™ Slime Edition,60,0.007822685788787483,0.00033014837921330464,0.007177115576297406,0
266130,Breach & Clear,59,0.007692307692307692,0.0005731600524124531,0.0073147474448685985,1
394760,Dead Effect 2,59,0.007692307692307692,0.0003932607854966626,0.007208126149884311,1
342310,RIOT: Civil Unrest,59,0.007692307692307692,0.0005317318053470537,0.0072950878252761265,1
419480,Starpoint Gemini Warlords,59,0.007692307692307692,0.0003493740966322027,0.007199346158326076,0
320040,Moon Hunters,59,0.007692307692307692,0.0005724410757025456,0.007318759773605419,0
493540,Figment,59,0.007692307692307692,0.0002493276068225616,0.007133199940184295,0
604450,Another Adventure,59,0.007692307692307692,0.00042507020344854896,0.007237372439511292,0
356510,Soccer Rage,59,0.007692307692307692,0.0004543712231304252,0.007246249313719278,2
541210,Cold Waters,59,0.007692307692307692,0.0005956748144835226,0.007339161733226206,1
538100,Feel The Snow,59,0.007692307692307692,0.0005604282775500067,0.007301304566037604,1
618740,Beat Hazard 2,59,0.007692307692307692,0.00032808508192561374,0.007172514499684392,0
794800,Clue/Cluedo: The Classic Mystery Game,59,0.007692307692307692,0.000590134135374471,0.007329773344280341,1
57680,The First Templar - Steam Special Edition,59,0.007692307692307692,0.00018880421510684557,0.007090241433216914,0
358090,D4: Dark Dreams Don’t Die -Season One-,59,0.007692307692307692,0.00018061025142022564,0.007084794438961424,0
231330,Deadfall Adventures,59,0.007692307692307692,0.0003222656934479449,0.007167116051171549,1
577690,Spooky's Jump Scare Mansion: HD Renovation,59,0.007692307692307692,0.0012957519931285472,0.007753795707328452,1
63710,BIT.TRIP RUNNER,59,0.007692307692307692,0.0007562718695906622,0.007425136709924312,1
367670,Controller Companion,59,0.007692307692307692,0.0004162678567329282,0.007227644204769559,2
619910,Just Cause™ 3: Multiplayer Mod,59,0.007692307692307692,0.0011339323252638688,0.007651620189981621,1
964350,At Home Alone,59,0.007692307692307692,0.0002436461884483709,0.007125959086473809,0
410340,Liftoff: FPV Drone Racing,59,0.007692307692307692,0.0008733882875918029,0.007500970591985039,0
408520,FORM,59,0.007692307692307692,0.00016921285109964835,0.00709446807929787,0
504210,SHENZHEN I/O,59,0.007692307692307692,0.0004061109681088465,0.007219245326292729,0
457330,High Octane Drift,58,0.007561929595827901,0.0008753602718128864,0.007500987865308863,1
386620,"Cook, Serve, Delicious! 2!!",58,0.007561929595827901,0.0005455809558013714,0.00730921900929674,0
449800,Attack on Titan / A.O.T. Wings of Freedom,58,0.007561929595827901,0.0005195193071454607,0.007285097772392861,0
487120,Citadel: Forged with Fire,58,0.007561929595827901,0.0004776697262188348,0.007267880663838656,13
623080,planetarian HD,58,0.007561929595827901,0.0006357084272921368,0.0073722512849074846,0
381120,Shoppe Keep,58,0.007561929595827901,0.00047439322816962933,0.007251509281239627,2
219780,Divinity II: Developer's Cut,58,0.007561929595827901,0.00025302247576347884,0.0071242952811576485,2
221810,The Cave,58,0.007561929595827901,0.00041429543126489165,0.007221612161623573,0
603960,Monolith,58,0.007561929595827901,0.0003773699858915562,0.00720428461063765,0
595140,Immortal Redneck,58,0.007561929595827901,0.0005234626596467165,0.007285646704097803,2
262830,Crimsonland,58,0.007561929595827901,0.00024413023999072915,0.007123934392672785,0
228760,TrackMania² Canyon,58,0.007561929595827901,0.0003922836378204467,0.007213118204776789,1
207750,Symphony,58,0.007561929595827901,0.0003246787299998862,0.007171726629199102,2
55110,Red Faction®: Armageddon™,58,0.007561929595827901,0.0003551572427428849,0.007195036465497118,1
404410,Endless Sky,58,0.007561929595827901,0.0009069843347288892,0.00751738977866895,2
725340,Lines X Free,58,0.007561929595827901,0.00040612097827076447,0.007215218057152503,0
558990,Opus Magnum,58,0.007561929595827901,0.0005739950811318958,0.00731503248216362,0
931500,Touhou Genso Wanderer -Reloaded- / 不可思议的幻想乡TOD -RELOADED- / 不思議の幻想郷TOD -RELOADED-,58,0.007561929595827901,0.0006868791464635163,0.007379115032527403,0
469990,NEKOPALIVE,57,0.0074315514993481095,0.00033041641650350116,0.007171385272326309,0
374030,Virginia,57,0.0074315514993481095,0.00031573465940247584,0.007172459444418697,0
308040,Back to Bed,57,0.0074315514993481095,0.00034055603205721636,0.007173739722976341,2
705210,Cube Racer,57,0.0074315514993481095,0.0011654777962972042,0.007653207923366679,1
108200,Ticket to Ride,57,0.0074315514993481095,0.00041321583443410285,0.007217132029583848,0
33680,eversion,57,0.0074315514993481095,0.00024372541727417393,0.0071162418919124,2
222980,Dead Pixels,57,0.0074315514993481095,0.0004854864433942408,0.007259720710095481,1
529590,"Please, Don't Touch Anything 3D",57,0.0074315514993481095,0.0008696981443229715,0.0074820986166217966,1
271500,Sniper Art of Victory,57,0.0074315514993481095,0.0003333849190667651,0.007173781125361634,1
9350,Supreme Commander,57,0.0074315514993481095,0.0005103893630301262,0.0072803543117472575,1
8080,Kane and Lynch: Dead Men™,57,0.0074315514993481095,0.00045776244227584985,0.007242104478629658,1
33900,Arma 2,57,0.0074315514993481095,0.0005323681519115953,0.007299056363381292,1
405710,Staxel,57,0.0074315514993481095,0.0005910655042519744,0.007333028126994746,0
538680,The Legend of Heroes: Trails of Cold Steel,57,0.0074315514993481095,0.0004741688305516695,0.007286165237485985,0
696370,BROKE PROTOCOL: Online City RPG,57,0.0074315514993481095,0.0007112907961801892,0.007387833171614846,1
271900,Hexcells Plus,57,0.0074315514993481095,0.00014562869129139514,0.007066503737189519,0
1051310,Paper Dolls: Original / 纸人：第一章,57,0.0074315514993481095,0.0010579851372254196,0.00763195777028013,0
304030,ArcheAge,57,0.0074315514993481095,0.0006652300824771368,0.007369199872212325,1
467960,Home Behind,57,0.0074315514993481095,0.0004490967701675938,0.0072477945365377995,0
724970,神舞幻想 Faith of Danschant,57,0.0074315514993481095,0.000470519579730523,0.007274737149446432,0
205230,Hell Yeah! Wrath of the Dead Rabbit,57,0.0074315514993481095,0.0003709763219757106,0.007196394696013333,0
588730,Majotori,57,0.0074315514993481095,0.00045001306422958576,0.007238717979090863,1
238750,Might & Magic X - Legacy,57,0.0074315514993481095,0.00036011630970447106,0.0072067109809124275,0
409590,KINGDOMS,57,0.0074315514993481095,0.0003246336404711619,0.007169122564840603,1
485460,The Banner Saga 3,57,0.0074315514993481095,0.0004980934479616615,0.007284541249774428,0
572430,Party Hard 2,56,0.007301173402868318,0.0006674161018607464,0.007367571224832804,1
232790,Broken Age,56,0.007301173402868318,0.00014027395301495008,0.007055240297094462,0
104200,BEEP,56,0.007301173402868318,0.00047747407713174926,0.007251099621700043,2
272470,The Incredible Adventures of Van Helsing II,56,0.007301173402868318,0.00034398798781154596,0.0071750288234159725,2
73170,Darkest Hour: A Hearts of Iron Game,56,0.007301173402868318,0.0004551114690712497,0.007239771910103537,1
327860,Salt,56,0.007301173402868318,0.0005228785703105279,0.007280730514809408,1
743130,MewnBase,56,0.007301173402868318,0.0006788501456465906,0.007367845271212769,1
1052070,Burning Daylight,56,0.007301173402868318,0.0005507913751301138,0.00729865094597869,0
242720,GunZ 2: The Second Duel,56,0.007301173402868318,0.0005679774950077774,0.007311070542641605,1
363600,Holy Potatoes! A Weapon Shop?!,56,0.007301173402868318,0.00024663041006585623,0.007116156095459404,2
421050,Deponia Doomsday,56,0.007301173402868318,0.00045741987367268154,0.007243488215584855,0
771950,SUMETRICK,56,0.007301173402868318,0.0008132234152827175,0.0074554312615531726,1
607050,Wargroove,56,0.007301173402868318,0.0004314465419477051,0.007230359851699766,0
356400,Thumper,56,0.007301173402868318,0.0008189775865696405,0.007449218357706624,0
383230,Dungeon Souls,56,0.007301173402868318,0.0003621610715085937,0.007186264768127088,0
487700,Conan the mighty pig,56,0.007301173402868318,0.0007126505756946985,0.007384665068820926,1
696170,SENRAN KAGURA Peach Beach Splash,56,0.007301173402868318,0.0005447251799805104,0.007302179023086035,0
503350,White Noise 2,56,0.007301173402868318,0.000278291944725153,0.007135853957388034,1
342580,12 Labours of Hercules,55,0.007170795306388526,0.00038884873686510606,0.00719942023133603,2
587220,Jet Island,55,0.007170795306388526,0.0007858904508540259,0.007453992866667869,1
297860,Split/Second,55,0.007170795306388526,0.0003532228088077509,0.007182093411624184,0
684680,Polygoneer,55,0.007170795306388526,0.0007518762970859356,0.007410318284862543,1
377530,侠客风云传(Tale of Wuxia),55,0.007170795306388526,0.00038609049739168547,0.00722982179145923,0
331670,The Jackbox Party Pack,55,0.007170795306388526,0.0005167763663360696,0.007267610134602727,1
458730,Conception II: Children of the Seven Stars,55,0.007170795306388526,0.00034027737104075297,0.007174736741666523,0
656240,Heat,55,0.007170795306388526,0.0004757476734120026,0.007264599635816936,1
402130,FlatOut 4: Total Insanity,55,0.007170795306388526,0.0004532341429488585,0.007241247838035911,1
417290,Ghost of a Tale,55,0.007170795306388526,0.0005066253804025275,0.007275792286215002,0
324310,Bus Simulator 16,55,0.007170795306388526,0.0005550769749845618,0.007327559543958025,1
375530,"Football, Tactics & Glory",55,0.007170795306388526,0.0003809399043199194,0.007200586784090978,0
252470,Space Pirates And Zombies 2,55,0.007170795306388526,0.0004690140790313599,0.0072525857267717935,0
355050,Sky Force Anniversary,55,0.007170795306388526,0.00020821067732564605,0.007099348340158079,0
748940,Rise of Legions,55,0.007170795306388526,0.00042296927324559036,0.007220194798801654,2
429300,Sepia Tears,55,0.007170795306388526,0.00048673338802947806,0.007253027901522954,2
891220,pla_toon,54,0.007040417209908735,0.0009832214312157877,0.007542227968429751,1
588950,Kingsway,54,0.007040417209908735,0.0005428752421669049,0.007292159331641744,1
243450,Urban Trial Freestyle,54,0.007040417209908735,0.0005803799329458743,0.007310168999927088,1
1055430,Swords and Sandals Classic Collection,54,0.007040417209908735,0.0013141606269460012,0.007732164078849728,1
529110,Awkward Dimensions Redux,54,0.007040417209908735,0.0006127391679034876,0.007328380363945176,1
22200,Zeno Clash,54,0.007040417209908735,0.0005801645548959994,0.0073077247695941105,11
317820,Guild of Dungeoneering,54,0.007040417209908735,0.00031128951968848823,0.007155352490363958,0
97000,Solar 2,54,0.007040417209908735,0.0003653518310530785,0.007188819731897483,2
497180,Street Legal Racing: Redline v2.3.1,54,0.007040417209908735,0.0010730088077635772,0.00761744714114919,1
695290,The Golf Club™ 2019 featuring PGA TOUR,54,0.007040417209908735,0.0004882785361264532,0.00727304303345258,0
802200,Hellbound: Survival Mode,54,0.007040417209908735,0.0007952332766063532,0.007436834623024168,1
789760,DEAD OR SCHOOL,54,0.007040417209908735,0.000350525190551054,0.007185874357712664,0
357310,Oriental Empires,54,0.007040417209908735,0.0005410655248927983,0.0073007884850826025,0
266310,GameGuru,54,0.007040417209908735,0.0006389545676664622,0.007344705156313335,1
1058000,Rain's love memory-雨的恋记,54,0.007040417209908735,0.0003391436940028738,0.007190624731030238,0
738540,Tales of Vesperia: Definitive Edition,54,0.007040417209908735,0.00024157272650623867,0.00711354687985702,0
448320,GIBZ,54,0.007040417209908735,0.0007535118782626139,0.007408015924938043,1
963930,Contractors,54,0.007040417209908735,0.0005900505417675623,0.00733931481900288,1
370360,TIS-100,53,0.006910039113428944,0.0002745474533280577,0.007135794941251887,0
396650,ACE Academy,53,0.006910039113428944,0.00021385835408830638,0.00710017821334269,0
368390,The Darkside Detective,53,0.006910039113428944,0.00041783027589543156,0.007218177162300628,0
340730,Sunrider Academy,53,0.006910039113428944,0.00028515306082894107,0.00713972815223444,0
272890,Vertiginous Golf,53,0.006910039113428944,0.00031741775595281555,0.007157811740589219,1
266410,iRacing,53,0.006910039113428944,0.0006577298632244149,0.0073826601982754,1
747200,Keplerth,53,0.006910039113428944,0.0004958897064976779,0.007267582553040607,0
633360,Remothered: Tormented Fathers,53,0.006910039113428944,0.00029503915138563534,0.0071464118210261334,0
2270,Wolfenstein 3D,53,0.006910039113428944,0.0006457595753305473,0.007348122217783511,1
727850,ELDERBORN,53,0.006910039113428944,0.000399436329372676,0.007203868939418493,2
948830,寄甡  Symbiotic Love,53,0.006910039113428944,0.0002660443232031741,0.007142245652009593,0
12320,Sacred Gold,53,0.006910039113428944,0.0005008298899884908,0.007262994981517015,1
345650,Without Within,53,0.006910039113428944,0.0005873357235096371,0.007311423340147812,2
298400,Knightmare Tower,53,0.006910039113428944,0.0004732744879804273,0.00724268421616461,2
312750,FINAL FANTASY IV,53,0.006910039113428944,0.0003804217693756976,0.007209347528998418,0
244730,Divekick,53,0.006910039113428944,0.0004462747869500295,0.007239656803350259,2
733990,I Can't Believe It's Not Gambling,53,0.006910039113428944,0.0006033879904886892,0.007320912718088114,1
250050,Life Goes On: Done to Death,53,0.006910039113428944,0.00048029444809044315,0.007254639377561118,0
953580,Tourist Bus Simulator,53,0.006910039113428944,0.000899411698834358,0.0075384319142725986,1
209630,Magrunner: Dark Pulse,53,0.006910039113428944,0.0006609272001494533,0.007355522077371722,1
622720,Weedcraft Inc,53,0.006910039113428944,0.00037858095931511606,0.0072012434416679275,0
846110,The friends of Ringo Ishikawa,52,0.006779661016949152,0.000665240783199376,0.007367563717274949,0
359100,Q.U.B.E. 2,52,0.006779661016949152,0.000736546241872062,0.007399432220474588,2
389510,Wild Animal Racing,52,0.006779661016949152,0.0006923634414794732,0.007376889449860114,68
388800,Azure Striker Gunvolt,52,0.006779661016949152,0.0002767715748740186,0.007132611879382996,0
921590,DISSIDIA FINAL FANTASY NT Free Edition,52,0.006779661016949152,0.0005382353508841318,0.007284840167703098,0
870200,SimpleRockets 2,52,0.006779661016949152,0.0008716894756863319,0.007481957964568112,1
932850,Simmiland,52,0.006779661016949152,0.000498514273667539,0.0072571510815793395,0
204630,Retro City Rampage™ DX,52,0.006779661016949152,0.00044469208693267965,0.007234528854024364,1
665490,The Monster Inside,52,0.006779661016949152,0.0003222397436692317,0.007153169988338812,1
809140,Cliff Empire,52,0.006779661016949152,0.000214874520698932,0.007098877628268656,0
477770,Ride 2,52,0.006779661016949152,0.0007511402331967187,0.00741361977158208,1
952250,SEPTEMBER 1999,52,0.006779661016949152,0.0004456832690694766,0.007225387984040814,1
673560,IOSoccer,52,0.006779661016949152,0.0010400548479220888,0.007574139933014502,1
755500,ONE PIECE World Seeker,52,0.006779661016949152,0.000973631148090794,0.007535111065979405,1
691450,Misao: Definitive Edition,52,0.006779661016949152,0.0004778646312353024,0.007261204954510929,0
979080,Rebel Forces,52,0.006779661016949152,0.0006952031646521143,0.007367966593992268,1
540840,Lara Croft GO,52,0.006779661016949152,0.0003568300936602024,0.007182072968868894,0
842780,NavalArt,52,0.006779661016949152,0.0007847631545414918,0.007436499161809075,1
7860,NecroVision,52,0.006779661016949152,0.00041436262785453576,0.007207951996066302,1
831560,WARRIORS OROCHI 4 - 無双OROCHI３,52,0.006779661016949152,0.0002895054534993741,0.0071439412481719535,0
598810,Carcassonne - Tiles & Tactics,52,0.006779661016949152,0.00012588980214118487,0.007042437818577604,0
214170,Divine Divinity,51,0.006649282920469361,0.0002492228749528535,0.007112662800113539,2
13540,Tom Clancy's Rainbow Six® Vegas,51,0.006649282920469361,0.0005069852319559159,0.007264855745056005,1
592260,Dungeon Painter Studio,51,0.006649282920469361,0.00032120625170177226,0.007154818782774131,0
249590,Teslagrad,51,0.006649282920469361,0.0003477963148634952,0.007173145024690651,2
383270,Hue,51,0.006649282920469361,0.0006866751964014416,0.007364053034446759,2
94200,Jamestown,51,0.006649282920469361,0.00022817038200540366,0.0071101653660449755,2
392950,Lost Lands: A Hidden Object Adventure,51,0.006649282920469361,0.00023007995925865399,0.007101325827474995,2
115110,Stacking,51,0.006649282920469361,0.0002758675721886409,0.007129074121412632,0
730310,DYNASTY WARRIORS 9 真・三國無双８,51,0.006649282920469361,0.00038346454030972586,0.007198548934189969,0
754150,Rolling Line,51,0.006649282920469361,0.0006130489812462375,0.0073345018726054655,1
407330,Sakura Dungeon,51,0.006649282920469361,0.00047506531960211045,0.007244425490559105,0
764050,Maelstrom,51,0.006649282920469361,0.0004424300524388487,0.007223302972482249,1
331160,Disney•Pixar Cars,51,0.006649282920469361,0.0009044487325256582,0.007494495492504764,1
406550,Umineko When They Cry - Question Arcs,51,0.006649282920469361,0.0004255772556779582,0.007217303008230386,0
604780,aMAZE,51,0.006649282920469361,0.0005674455525139149,0.007289964177451576,2
283880,Heroine's Quest: The Herald of Ragnarok,51,0.006649282920469361,0.00026330419592312425,0.007121711784071223,2
38700,Toki Tori,51,0.006649282920469361,0.00021981364103552584,0.007095856886179188,1
786520,SAO Utils: Beta,51,0.006649282920469361,0.0007411207835937478,0.0074181603914357415,0
963710,Lost in Vivo,51,0.006649282920469361,0.000562683124995451,0.007303634536129632,0
363680,Battlefleet Gothic: Armada,51,0.006649282920469361,0.0003933709934474949,0.007201840902709224,1
433170,Die Young,51,0.006649282920469361,0.00030641337269154473,0.007146231348135744,0
217920,Alien Rage - Unlimited,51,0.006649282920469361,0.00027553940931410826,0.007131754628461288,0
719750,PUSS!,51,0.006649282920469361,0.0004117195918007758,0.007206786037083062,1
582270,Everything,51,0.006649282920469361,0.00032014857960299204,0.007152117208562396,2
457550,Bigscreen Beta,51,0.006649282920469361,0.0006306756812480376,0.007334498112039029,1
284050,Sanitarium,51,0.006649282920469361,0.0003288827985751678,0.0071637259138715515,0
562360,"Planes, Bullets and Vodka",51,0.006649282920469361,0.0006849058926497441,0.007372356461138031,1
463220,Dungeon of Zolthan,51,0.006649282920469361,0.00019402525454615668,0.007080664322025777,2
588690,"Peace, Death!",51,0.006649282920469361,0.000623380321687557,0.007332198813250913,1
7760,X-COM: UFO Defense,51,0.006649282920469361,0.0003380515120426579,0.007168917145698274,1
658620,Wonderful Everyday Down the Rabbit-Hole,50,0.00651890482398957,0.00033255390074185916,0.0071690163888658,0
214970,Intrusion 2,50,0.00651890482398957,0.0006463912619025671,0.007345509372124063,1
300550,Shadowrun: Dragonfall - Director's Cut,50,0.00651890482398957,0.00015355532811865447,0.007059393456811877,0
3020,Call of Juarez™,50,0.00651890482398957,0.0003595771385295276,0.0071823301018061,2
393520,Iconoclasts,50,0.00651890482398957,0.00038531347866655315,0.007193986737625639,0
244910,Homesick,50,0.00651890482398957,0.0003602660012496451,0.007182119244958567,0
395520,Missing Translation,50,0.00651890482398957,6.899805356308781e-05,0.007012347192675559,2
631570,Whispers of a Machine,50,0.00651890482398957,0.00020050869126037762,0.007082566712912806,0
727020,Arcade Moonlander Plus,50,0.00651890482398957,0.0004487086089432498,0.0072333156579064434,1
543260,Wonder Boy: The Dragon's Trap,50,0.00651890482398957,0.00033176819662039854,0.007162477582339239,0
735850,Trailer Park Boys: Greasy Money,50,0.00651890482398957,0.0007419677554754428,0.007398993882944475,1
283160,House of the Dying Sun,50,0.00651890482398957,0.00021824577266502145,0.007099543479342382,0
471550,Nine Parchments,50,0.00651890482398957,0.0006643300644056062,0.007362124469290174,0
4850,Cossacks: Back to War,50,0.00651890482398957,0.0005552050571264952,0.007294489136722481,1
745330,StrikeForce Kitty,50,0.00651890482398957,0.000490999868737693,0.007244699446843847,1
207350,Ys Origin,50,0.00651890482398957,0.00026798038584257476,0.007130308081202633,0
261760,Lichdom: Battlemage,50,0.00651890482398957,0.0002749686012201791,0.007129278711521228,2
246760,Legends of Eisenwald,50,0.00651890482398957,0.00010415854592291694,0.007027963284915947,0
329070,SpyParty,50,0.00651890482398957,0.0005368555746863889,0.007274263963556377,1
710470,Little Witch Academia: Chamber of Time,50,0.00651890482398957,0.00043325743918296174,0.007222182634620712,0
370280,Season of 12 Colors,50,0.00651890482398957,0.0002420800738545109,0.007117864677871798,0
324080,Rising World,50,0.00651890482398957,0.0004933687850823479,0.007258805278329212,2
200010,Quantum Conundrum,50,0.00651890482398957,0.0005495045038958169,0.007287084343210601,2
798810,Natural Locomotion,50,0.00651890482398957,0.0002124051196312169,0.00709627686198563,1
312610,METAL SLUG X,50,0.00651890482398957,0.000580790086968712,0.007319798918304094,0
555150,The First Tree,50,0.00651890482398957,0.0002959648666601746,0.00713750960483282,0
797430,HD Poker: Texas Hold'em,49,0.006388526727509778,0.0006470348932485388,0.007336946763959586,1
327140,Tilt Brush,49,0.006388526727509778,0.000283803288387368,0.007136476156321495,5
228260,Fallen Enchantress: Legendary Heroes,49,0.006388526727509778,0.00020745917474405804,0.007094577203157224,0
254200,FortressCraft Evolved!,49,0.006388526727509778,0.00029805267785227435,0.007139707948375085,0
15170,Heroes of Might & Magic V,49,0.006388526727509778,0.0008231285499334832,0.007440169570541377,1
857450,ISLAND,49,0.006388526727509778,0.00031779720131562875,0.007158950724815269,0
372800,RPG MO,49,0.006388526727509778,0.00018304556364228514,0.007070663719447799,0
416590,Emily Wants To Play,49,0.006388526727509778,0.0006917066422668567,0.007371127156635145,1
25900,King's Bounty: The Legend,49,0.006388526727509778,0.0002243124807172834,0.007097494429975342,2
33460,From Dust,49,0.006388526727509778,0.0002627993986366275,0.007117379875470295,0
448850,Overload,49,0.006388526727509778,0.0003046590089626892,0.007155056632250128,0
869760,Stoneshard: Prologue,49,0.006388526727509778,0.0004080868965946926,0.007202070829464669,0
423580,Project Highrise,49,0.006388526727509778,0.0003169070530382318,0.007153349524384809,1
292140,FINAL FANTASY® XIII-2,49,0.006388526727509778,0.00019643428666385265,0.007089794496296019,0
262150,Vanguard Princess,49,0.006388526727509778,0.00020902224726398346,0.0070850687232041284,2
569860,Thimbleweed Park™,49,0.006388526727509778,0.0002627344616671121,0.007118475212540104,0
7610,Railroad Tycoon 3,49,0.006388526727509778,0.0003408387831479602,0.007165661925140573,1
38600,Faerie Solitaire,49,0.006388526727509778,0.0002718499165633396,0.007119940658762941,1
535480,Sundered®: Eldritch Edition,49,0.006388526727509778,0.00035553193984142964,0.007179848544354049,0
457680,OPUS: The Day We Found Earth,49,0.006388526727509778,0.0003948778650761828,0.007201909184088814,0
296490,GemCraft - Chasing Shadows,49,0.006388526727509778,0.0002031121053592224,0.007089342923503823,0
1031480,東方幕華祭 春雪篇 ～ Fantastic Danmaku Festival Part II,49,0.006388526727509778,0.0005164740421488721,0.0072772187677444524,0
91100,SkyDrift,49,0.006388526727509778,0.00028209373541403964,0.007128443760712417,1
243200,Memoria,49,0.006388526727509778,0.00014748801042123498,0.00705356308824155,0
559610,Love Ribbon,48,0.006258148631029987,0.0002367070835154496,0.007111073639549817,0
516480,Pinkman,48,0.006258148631029987,0.000657031451879307,0.0073399574293300796,1
463150,BARRIER X,48,0.006258148631029987,0.0003889548914412455,0.007196166822952962,0
395200,Ben and Ed,48,0.006258148631029987,0.0006710239593614457,0.007356333184050099,1
324570,Halo: Spartan Strike,48,0.006258148631029987,0.0004796213445966839,0.0072511578447244434,2
7600,Sid Meier's Railroads!,48,0.006258148631029987,0.00023585092281588725,0.007103441773099041,1
749520,樱之杜†净梦者 / Sakura no Mori † Dreamers,48,0.006258148631029987,0.00022871610085842319,0.007104794458128887,0
716710,東方憑依華　～ Antinomy of Common Flowers.,48,0.006258148631029987,0.0004906186111023062,0.007261499134543053,0
253110,The Cat Lady,48,0.006258148631029987,0.0002693366371177909,0.0071214100608574925,2
326180,Sinister City,48,0.006258148631029987,0.0002967006248643683,0.007135888406407043,1
603260,The Cat Games,48,0.006258148631029987,0.00035861007285392676,0.0071692135192231886,0
230820,The Night of the Rabbit,48,0.006258148631029987,0.00022741934867162618,0.007090335728475089,2
15130,Beyond Good and Evil™,48,0.006258148631029987,0.00045560916206191634,0.0072350283103015944,0
340050,Survivalist,48,0.006258148631029987,0.00032564917150555266,0.007157041488714916,2
45770,Dead Rising 2: Off the Record,48,0.006258148631029987,0.0005061229588412702,0.007260182795174972,1
15190,Brothers in Arms: Road to Hill 30™,48,0.006258148631029987,0.0005587038815481261,0.00728585974312401,1
512790,Quern - Undying Thoughts,48,0.006258148631029987,0.0002984104605029833,0.007138585008447598,0
455400,PAC-MAN 256,48,0.006258148631029987,0.0003328018680525546,0.007165752330564702,0
203630,Warlock - Master of the Arcane,48,0.006258148631029987,0.00021017180331598227,0.00708371875170571,2
323720,Decay: The Mare,48,0.006258148631029987,0.00022994877378559745,0.007094511807706211,2
359800,Copa Petrobras de Marcas,48,0.006258148631029987,0.0007894168359916134,0.0074264060187054,1
98200,Frozen Synapse,48,0.006258148631029987,0.0002406975379431313,0.00710714482778174,0
624270,The Painscreek Killings,48,0.006258148631029987,0.00018215967073467615,0.007071716917991686,0
282530,Castlevania: Lords of Shadow – Mirror of Fate HD,48,0.006258148631029987,0.00022065910341067293,0.0070925230888046024,2
638000,When Ski Lifts Go Wrong,48,0.006258148631029987,0.0003552293408452295,0.007167147293532639,1
619780,The Swords of Ditto,47,0.006127770534550195,0.0005161930068614646,0.007259181375666128,0
400110,Else Heart.Break(),47,0.006127770534550195,0.00028670851299319094,0.007126552914475513,0
235250,Super Sanctum TD,47,0.006127770534550195,0.0002548177424117787,0.007108992325168097,2
405830,Turok 2: Seeds of Evil,47,0.006127770534550195,0.0003121135239350008,0.007147177345767094,1
241910,Goodbye Deponia,47,0.006127770534550195,0.00028035703564019903,0.007126957683877588,2
742250,OPUS: Rocket of Whispers,47,0.006127770534550195,0.0002797658094303927,0.00713061599197631,0
409100,The Purring Quest,47,0.006127770534550195,0.00018770300400961453,0.007074576151793001,2
665300,Stream Avatars,47,0.006127770534550195,0.00034944439081092043,0.00716366091650011,1
368950,Jigoku Kisetsukan: Sense of the Seasons,47,0.006127770534550195,0.0004404497375989678,0.007215238558873494,0
810670,NALOGI,47,0.006127770534550195,0.0003328196087957115,0.007156654794473876,1
497640,Trick & Treat,47,0.006127770534550195,0.0002023396879194005,0.007077154854069389,2
553790,Once in Yaissor,47,0.006127770534550195,0.0006833424011419664,0.007364939421121217,1
366320,Seasons after Fall,47,0.006127770534550195,0.00010392897983316324,0.007023915161697323,0
435030,Lost Lands: Mahjong,47,0.006127770534550195,0.0002787326823451277,0.007124495369357491,0
608800,Guns of Icarus Alliance,47,0.006127770534550195,0.00021906412050352235,0.007088796343613154,38
503580,Duck Season,47,0.006127770534550195,0.0006271951606218949,0.007321999181189756,1
32450,LEGO® Indiana Jones™ 2: The Adventure Continues,47,0.006127770534550195,0.0005318663644201789,0.007274274592248567,1
465200,Fury Unleashed,47,0.006127770534550195,0.0004115461424779308,0.00720859680556063,0
32380,STAR WARS™ Jedi Knight: Dark Forces II,47,0.006127770534550195,0.00040041641956228586,0.007193727566274566,1
970570,CHAOS;CHILD,47,0.006127770534550195,0.0002814624820788524,0.0071336611477137695,0
690530,灵魂筹码 Soul at Stake,47,0.006127770534550195,0.000518546524266469,0.00727732255007923,0
3483,Peggle Extreme,47,0.006127770534550195,0.000439787834689609,0.00721323006783204,1
466910,Worm.is: The Game,47,0.006127770534550195,0.0006120595224587103,0.007320309341662223,1
538840,City Climber,47,0.006127770534550195,0.00021420938901224845,0.007084667808938604,2
255390,Max: The Curse of Brotherhood,46,0.0059973924380704036,0.00038035736738638033,0.007179153748870445,1
465520,PRICE,46,0.0059973924380704036,0.00010319259046827882,0.007023274514658711,0
1017100,Territory Idle,46,0.0059973924380704036,0.00048084129861509936,0.007241295727115063,1
224900,Iron Sky: Invasion,46,0.0059973924380704036,0.00024588853233244114,0.007102316349226614,1
526740,hack_me,46,0.0059973924380704036,0.00028306319531850807,0.007131040436731056,1
313630,The Solus Project,46,0.0059973924380704036,0.00036883958055933784,0.007175040821002579,0
1003480,Fireboy & Watergirl: Elements,46,0.0059973924380704036,0.0006285427025758048,0.007339950766767303,0
244770,StarMade,46,0.0059973924380704036,0.0003134537862033841,0.007143057491802679,1
659540,Warsim: The Realm of Aslona,46,0.0059973924380704036,0.00018842000308155952,0.007068235830537421,2
531640,Eternal Card Game,46,0.0059973924380704036,0.0002995152808303888,0.007138328459178178,0
256330,WRC 4 FIA World Rally Championship,46,0.0059973924380704036,0.00043143269236589946,0.007208254390272286,1
668210,Super Fancy Pants Adventure,46,0.0059973924380704036,0.0006532557966187143,0.007343356098177274,1
312280,Simply Chess,46,0.0059973924380704036,0.00027311510843024226,0.007117077807768254,1
2610,GUN™,46,0.0059973924380704036,0.0007600185228135903,0.007403046906182433,1
25800,Europa Universalis III Complete,46,0.0059973924380704036,0.0003536598889890268,0.0071709479427858,1
455820,Omensight: Definitive Edition,46,0.0059973924380704036,0.0003605538939830594,0.007174301148644427,0
251170,Damned,46,0.0059973924380704036,0.000353817558145196,0.007163508243680756,1
270170,Depression Quest,46,0.0059973924380704036,0.0002715672797266627,0.007123065198420886,2
449140,Istrolid,46,0.0059973924380704036,0.0005962378430464213,0.007309960462326087,1
269710,Tumblestone,46,0.0059973924380704036,0.00038673650427894195,0.007185082245445824,1
307050,Shan Gui (山桂),46,0.0059973924380704036,0.0002571008465955776,0.007106494291797995,1
265590,The Red Solstice,46,0.0059973924380704036,0.00018191123941203394,0.0070676634928885426,0
378720,Thea: The Awakening,46,0.0059973924380704036,0.00023798987882432546,0.007101197048291163,0
15710,Oddworld: Abe's Exoddus®,46,0.0059973924380704036,0.00046784397203471955,0.007232949606904512,2
882710,東方幕華祭 TouHou Makuka Sai ~ Fantastic Danmaku Festival,46,0.0059973924380704036,0.0004877548703312207,0.007247506674052226,0
1700,Arx Fatalis,46,0.0059973924380704036,0.0003263650696851345,0.0071506489066901656,2
250420,8BitMMO,46,0.0059973924380704036,0.00025683823087263564,0.007107912190211497,1
400080,Out of Space,46,0.0059973924380704036,0.0003633540839446032,0.007168015286407878,0
722060,Dominions 5 - Warriors of the Faith,46,0.0059973924380704036,0.00019690973204276963,0.0070773079034213635,2
571260,THE KING OF FIGHTERS XIV STEAM EDITION,46,0.0059973924380704036,0.0005220250141488678,0.007273921760011549,0
6010,Indiana Jones® and the Fate of Atlantis™,45,0.005867014341590613,0.00040859929198954316,0.007193349736124043,1
937580,東方紺珠伝 ～ Legacy of Lunatic Kingdom.,45,0.005867014341590613,0.0003716783771446227,0.00717421106421577,0
38420,Fallout Tactics: Brotherhood of Steel,45,0.005867014341590613,0.0005036991412223524,0.00726390267385355,0
976010,I hate this game,45,0.005867014341590613,0.0005993252855330133,0.007306050386049776,1
249330,Unholy Heights,45,0.005867014341590613,0.00020624854573623598,0.007075490011410611,2
463270,Ghost 1.0,45,0.005867014341590613,0.00025887609906386096,0.007112325503892294,0
506140,Shop Heroes,45,0.005867014341590613,0.00037443351745925223,0.007175688486337399,1
274350,Dropsy,45,0.005867014341590613,0.00030294144312376445,0.007134685262845841,0
107600,Waves,45,0.005867014341590613,0.00036521185274884045,0.007174361333371046,2
542050,Forgotton Anne,45,0.005867014341590613,0.00022201014511512944,0.00709384414776247,0
266490,Lili: Child of Geos - Complete Edition,45,0.005867014341590613,0.0003099679307934335,0.0071407758686660655,0
255870,PixelJunk™ Shooter,45,0.005867014341590613,0.00016178895040108534,0.007052576509549383,2
839310,Signal Simulator,45,0.005867014341590613,0.000365665974511244,0.007178686352071809,0
226860,Galactic Civilizations III,45,0.005867014341590613,0.00030518362168173544,0.007136150609192321,2
690810,Killing Floor: Incursion,45,0.005867014341590613,0.00028225772735654815,0.007127339101775596,2
274980,Influent,45,0.005867014341590613,0.0003688601522511702,0.007175676580506139,1
15370,Heroes of Might & Magic V: Tribes of the East,45,0.005867014341590613,0.00037599636582862913,0.007179843373801271,0
452570,Battle Chef Brigade Deluxe,45,0.005867014341590613,0.0001557957195474696,0.007049959397214133,0
231740,Knights of Pen and Paper +1 Edition,45,0.005867014341590613,0.0002183786437277848,0.007083876908051166,2
204240,The Bridge,45,0.005867014341590613,0.00035574345959713606,0.007171504164959367,1
550470,NosTale,45,0.005867014341590613,0.00036743292005648266,0.0071738526809008545,1
317250,Airscape - The Fall of Gravity,45,0.005867014341590613,0.0004769073404533406,0.007231949287518037,1
269490,Bardbarian,45,0.005867014341590613,0.0002567833322633091,0.007108081037766981,2
314810,Randal's Monday,45,0.005867014341590613,0.000291763178158097,0.00713203600086131,2
209370,Analogue: A Hate Story,45,0.005867014341590613,0.0002597060578763086,0.007108089437491468,0
249870,Scribblenauts Unmasked: A DC Comics Adventure,45,0.005867014341590613,0.0005162292601545301,0.007258397293654359,1
774201,Heaven's Vault,45,0.005867014341590613,0.00034050733923476163,0.007159495029826058,0
454100,Dungeon Escape,45,0.005867014341590613,0.0002470747591076745,0.007099230134945466,1
557630,Hello Charlotte EP2: Requiem Aeternam Deo,45,0.005867014341590613,0.0005152199672187261,0.0072638607615091244,0
850000,Noel The Mortal Fate S1-7,45,0.005867014341590613,0.00037827634342745876,0.0071855524817724,0
798420,Professional Fishing,44,0.005736636245110821,0.0006526022796742579,0.0073329129838841794,1
278460,Skyborn,44,0.005736636245110821,0.00035155586191758486,0.0071597581099023255,0
606230,Thea 2: The Shattering,44,0.005736636245110821,0.00016809294559366747,0.007067066071101789,0
488730,God's Trigger,44,0.005736636245110821,0.0006968340653364372,0.007359221002177554,1
951000,Trap Shrine / 女装神社,44,0.005736636245110821,0.0003502546808885307,0.007162046785195459,0
396710,The Adventure Pals,44,0.005736636245110821,0.00042843678975881155,0.0072063125052564654,0
860890,Factory Town,44,0.005736636245110821,0.0003791863609795228,0.007182808355516758,0
336140,Unavowed,44,0.005736636245110821,0.00021619778822983956,0.007086745666753418,0
20820,Shatter,44,0.005736636245110821,0.0001922344001953909,0.007071031870413304,2
329380,Stealth Inc 2: A Game of Clones,44,0.005736636245110821,0.00038863309056221397,0.007187474533677648,1
1046820,I'm on Observation Duty,44,0.005736636245110821,0.0008302642922269933,0.007437017352301507,1
636450,Rez Infinite,44,0.005736636245110821,0.0002506515579359585,0.007103920973770874,2
343100,Overture,44,0.005736636245110821,0.00018239915414577159,0.007063606816054949,0
331600,One Piece Pirate Warriors 3,44,0.005736636245110821,0.0006290113558031922,0.007320775211068733,1
598960,Mashinky,44,0.005736636245110821,0.0004220548115545393,0.007223479427930901,0
407810,Hard Reset Redux,44,0.005736636245110821,0.0002767903773728391,0.00711676992208944,1
16720,Velvet Assassin,44,0.005736636245110821,0.00015989527341874987,0.007054516744349481,0
266110,Tower of Guns,44,0.005736636245110821,0.00048283790550978365,0.007244176122527212,2
779640,妄想症：Deliver Me,44,0.005736636245110821,0.0004947429744904309,0.007260487326984344,0
619880,ATOMEGA,44,0.005736636245110821,0.0007295214089530396,0.007382193768843019,1
1058430,A Legionary's Life,44,0.005736636245110821,0.0005255371918652656,0.0072633737274661134,0
252350,Double Dragon: Neon,44,0.005736636245110821,0.00014032149122054563,0.0070369281623083296,0
40720,Samorost 2,44,0.005736636245110821,0.00020911829025955096,0.00708317750364697,0
235210,STRIDER™ / ストライダー飛竜®,44,0.005736636245110821,0.00033402866426304837,0.007149876792990256,0
616250,Crystalline,44,0.005736636245110821,0.00024661955350807467,0.007102973237094818,1
22120,Penumbra: Black Plague Gold Edition,44,0.005736636245110821,0.0005721701217831121,0.007298551929726543,1
822240,Animal Jam - Play Wild!,44,0.005736636245110821,0.0006328311268081812,0.0073208590104183536,1
402020,The Park,44,0.005736636245110821,0.000280560304750835,0.007123587814593172,0
285330,RollerCoaster Tycoon® 2: Triple Thrill Pack,44,0.005736636245110821,0.0003152882625528561,0.007140016262738997,2
446390,Onechanbara Z2: Chaos,44,0.005736636245110821,0.0001567778451230645,0.0070458742420729656,0
415350,Shooting Stars!,44,0.005736636245110821,0.00031873684119651204,0.0071391848568657474,0
43190,The Haunted: Hells Reach,44,0.005736636245110821,0.0003459717496289263,0.007159929569852912,1
270630,Haunt the House: Terrortown,44,0.005736636245110821,0.0006643459497339473,0.007344876727131765,0
342380,Sakura Angels,44,0.005736636245110821,0.0004156511629806692,0.00719917536607911,1
274310,Always Sometimes Monsters,44,0.005736636245110821,0.0004123195671750922,0.007198002326179937,2
318220,Enforcer: Police Crime Action,43,0.00560625814863103,0.0003504485147760361,0.0071624447191380525,1
487430,KARAKARA,43,0.00560625814863103,0.00020588750711736392,0.00707825721528761,0
443580,Antenna,43,0.00560625814863103,0.000523718330759856,0.007257876762380283,2
313480,Blitzkrieg Anthology,43,0.00560625814863103,0.00034545737940667076,0.007156939632352096,1
447150,APE OUT,43,0.00560625814863103,0.0004192832089170884,0.007199432393168911,0
264080,Vangers,43,0.00560625814863103,0.0006359228182657617,0.007323398240448803,1
758370,Through the Ages,43,0.00560625814863103,9.50647922951657e-05,0.0070117928299173,0
500260,Ben and Ed - Blood Party,43,0.00560625814863103,0.0006833179930651223,0.007353441872408583,1
635320,Last Day of June,43,0.00560625814863103,0.0002715399082386191,0.007116293870084989,0
268400,Panzer Corps,43,0.00560625814863103,0.00017824619923769688,0.007065296998054886,0
587000,First Strike: Final Hour,43,0.00560625814863103,0.000766356294432005,0.007406267049021971,1
934580,Hell Wedding 夜嫁,43,0.00560625814863103,0.0005230902976250804,0.0072667549185159875,0
797410,Headsnatchers,43,0.00560625814863103,0.0005098052384812102,0.007260417909064896,2
296070,MIND: Path to Thalamus Enhanced Edition,43,0.00560625814863103,0.00013718501666773713,0.007034798628058763,2
353700,The Deadly Tower of Monsters,43,0.00560625814863103,0.00014509762310217295,0.007037741660205127,2
6980,Thief: Deadly Shadows,43,0.00560625814863103,0.00038851916694703273,0.007179839721266236,1
790060,The Void Rains Upon Her Heart,43,0.00560625814863103,0.0003160282674140271,0.007142326247384616,0
346560,Hero of the Kingdom II,43,0.00560625814863103,0.0002762097086660147,0.007116983149761982,2
255280,1954 Alcatraz,43,0.00560625814863103,0.00039967278416111284,0.007187810782782064,1
957790,WAR DUST | 32 vs 32 Battles,43,0.00560625814863103,0.00033055742724159604,0.00714975360170697,1
310060,Knights of Pen and Paper 2,43,0.00560625814863103,0.00022795919369661253,0.007085049401542771,0
576770,Low Magic Age,43,0.00560625814863103,0.00017872723253779867,0.007064770604426461,0
460430,The Letter - Horror Visual Novel,43,0.00560625814863103,0.00020469166023526052,0.007074783974400335,0
641960,BOXVR,43,0.00560625814863103,0.00010325707816637582,0.007015048601761291,2
252110,Lovers in a Dangerous Spacetime,43,0.00560625814863103,0.000302064954582338,0.0071325119907363526,0
417880,Everybody's Gone to the Rapture,43,0.00560625814863103,0.00035448275834720706,0.007163362304221297,0
39670,Chaser,43,0.00560625814863103,0.0002816699409157324,0.007119320283691723,1
266210,One Way Heroics,43,0.00560625814863103,0.00017016093029995977,0.0070564138666240174,0
322210,"Guns, Gore & Cannoli",43,0.00560625814863103,0.0006620709295836927,0.007342873027788406,1
605230,Grey Hack,43,0.00560625814863103,0.0005688850280864197,0.007284001476179035,1
688470,汉匈决战/Han Xiongnu Wars,42,0.005475880052151239,0.0003373404612928539,0.007152327942327534,0
485380,Welcome to the Game,42,0.005475880052151239,0.0006107511102911369,0.007310318275027738,1
217750,Age of Conan: Unchained,42,0.005475880052151239,0.00028568871461369253,0.007123061547905085,13
396350,Bleed 2,42,0.005475880052151239,0.00028958001772438045,0.00712339659690478,2
390520,PewDiePie: Legend of the Brofist,42,0.005475880052151239,0.00045560585473267183,0.0072164687486367275,1
223830,Xenonauts,42,0.005475880052151239,0.00023475494768786085,0.007094978793671192,2
252670,Nihilumbra,42,0.005475880052151239,0.0002635287222433671,0.00710451415239378,2
471010,Seven: Enhanced Edition,42,0.005475880052151239,0.0003215872095735008,0.0071491177593942775,0
399670,Game Corp DX,42,0.005475880052151239,0.0001865827693380236,0.007059952278263432,1
521150,Another Brick in The Mall,42,0.005475880052151239,0.0006056344108793933,0.007309116149007343,1
502940,"Calm Down, Stalin",42,0.005475880052151239,0.0004857267614940813,0.007237691083057826,1
853550,Equilinox,42,0.005475880052151239,0.000330541180815667,0.007145732426262445,0
776490,永遠消失的幻想鄉 ～ The Disappearing of Gensokyo,42,0.005475880052151239,0.00019379933067324598,0.007074697509935475,0
250380,Knock-knock,42,0.005475880052151239,0.0004762397867720161,0.007232670262222247,1
72000,Closure,42,0.005475880052151239,0.00019911515675701425,0.0070676611383143975,2
357300,Snakebird,42,0.005475880052151239,0.00030250124409577614,0.007127183013069127,0
6200,Ghost Master®,42,0.005475880052151239,0.0003373744252753032,0.007150975264767487,1
470260,Event[0],42,0.005475880052151239,0.0002530668209571445,0.007103342396765484,0
635200,Distrust: a Long Dark Polar Survival,42,0.005475880052151239,0.00030678016254073916,0.007128799084630184,1
17330,Crysis Warhead®,42,0.005475880052151239,0.00038743934065158745,0.007186073348246438,1
243930,Bound By Flame,42,0.005475880052151239,0.00010858372685867558,0.007018786343014114,0
805850,Wrecked,42,0.005475880052151239,0.0003410310012443101,0.007146908314663379,1
335190,200% Mixed Juice!,42,0.005475880052151239,0.000316520824214963,0.007142017477526194,0
296830,Lucius II,42,0.005475880052151239,0.00032336086934685326,0.007148749514289009,2
272270,Torment: Tides of Numenera,42,0.005475880052151239,0.00020449355486791212,0.007079325493752508,0
996380,Smartphone Tycoon,42,0.005475880052151239,0.0008881288081917595,0.007475547072698671,1
274230,RONIN,42,0.005475880052151239,8.324697758872016e-05,0.006999494515097282,2
390560,Fantasy Strike,42,0.005475880052151239,0.0005132758209427346,0.007252480889427169,0
393190,TSIOQUE,42,0.005475880052151239,0.00013689814653799226,0.007036881034185999,0
219680,Proteus,42,0.005475880052151239,0.000422805229915136,0.0071982775092619715,2
1005870,HYPERFIGHT Max Battle,41,0.005345501955671447,0.00045057461582800515,0.0072103261398517825,2
342640,Pixel Privateers,41,0.005345501955671447,0.00020402013505909635,0.007071253778099722,0
268990,The Dishwasher: Vampire Smile,41,0.005345501955671447,0.0002968650282967037,0.00713454461168418,0
41100,Hammerfight,41,0.005345501955671447,0.0003275728610778573,0.007144229452574669,2
926140,CHANGE: A Homeless Survival Experience,41,0.005345501955671447,0.0005024700469846711,0.007247717504141647,0
702810,Shooty Skies,41,0.005345501955671447,0.00024318549256893338,0.007093954992334389,132
552080,IronWolf VR,41,0.005345501955671447,0.0002366282409313581,0.007089868312290775,1
254460,Obscure,41,0.005345501955671447,0.0005358474458414282,0.0072664025211405196,1
455980,Judgment: Apocalypse Survival Simulation,41,0.005345501955671447,0.0002438679908363682,0.007097946415658997,0
260190,Marc Eckō's Getting Up: Contents Under Pressure,41,0.005345501955671447,0.00042113357694609595,0.007205989152098737,1
606500,HellSign,41,0.005345501955671447,0.0002721145512959186,0.007116816023665012,0
98300,Toy Soldiers,41,0.005345501955671447,0.0002498947768685672,0.0070991977365941735,1
382260,8Bit Fiesta,41,0.005345501955671447,0.00031040830396588857,0.007131612579059296,1
233740,Organ Trail: Director's Cut,41,0.005345501955671447,0.0006439961546057865,0.0073355351865460805,1
236510,Takedown: Red Sabre,41,0.005345501955671447,0.00033816495271474716,0.0071470873607356105,1
384480,Six Sides of the World,41,0.005345501955671447,0.00011365202225900568,0.0070195001194199875,0
320140,Absolute Drift,41,0.005345501955671447,0.000527554462222282,0.007256319197887928,1
41300,Altitude,41,0.005345501955671447,0.00035689541310115065,0.007154625643858118,1
971680,Montaro RE,41,0.005345501955671447,0.00034852746283767835,0.007152656896200672,1
251290,The Legend of Heroes: Trails in the Sky SC,41,0.005345501955671447,0.0004682938182345411,0.007239165608444586,0
544730,Catan Universe,41,0.005345501955671447,0.0006016508677991124,0.007298947765558212,1
19980,Prince of Persia®,41,0.005345501955671447,0.0003353909341087262,0.007148466141060362,0
263740,FootLOL: Epic Fail League,41,0.005345501955671447,0.00014660778786095032,0.007036769714718324,2
720280,Fox Hime,41,0.005345501955671447,0.0002816358014380632,0.0071251188622208144,0
483420,Adam Wolfe,41,0.005345501955671447,0.00010221031667759575,0.00701200001927821,2
11190,Sherlock Holmes versus Jack the Ripper,41,0.005345501955671447,6.787969048369265e-05,0.007002582821098865,2
508980,Crashday Redline Edition,41,0.005345501955671447,0.0005716897233673698,0.007280047872912255,1
451840,Out of Ammo,40,0.005215123859191656,0.000181302480561499,0.007053785508376706,2
628950,Nephise Begins,40,0.005215123859191656,0.00019290751866254933,0.007062938573125654,0
350740,The Bug Butcher,40,0.005215123859191656,0.00017730368073189088,0.007064112111837959,0
410670,Suits: A Business RPG,40,0.005215123859191656,0.00026274721632266125,0.007100851353727571,1
318530,Wings of Vi,40,0.005215123859191656,0.00020239314955440498,0.007068521688326007,2
982580,女巫与六便士 the sibyl and sixpence,40,0.005215123859191656,0.0003104521975376555,0.007134151445316519,0
395570,We Are The Dwarves,40,0.005215123859191656,0.0002597827304890604,0.007102856428496377,3
338390,The Technomancer,40,0.005215123859191656,0.00019716824962919886,0.007068458151094685,0
282400,SuperPower 2 Steam Edition,40,0.005215123859191656,0.0003368227777093541,0.007148488138193697,1
310510,Deathtrap,40,0.005215123859191656,0.0002462918844164016,0.007097233695766521,0
905640,Combat Arms: Reloaded,40,0.005215123859191656,0.0005773869265573473,0.0072848954426398835,1
773670,Delete,40,0.005215123859191656,8.082426987046945e-05,0.006996505514236715,0
388060,The Escapists: The Walking Dead,40,0.005215123859191656,0.0006494718960293334,0.0073270930109150855,1
460120,Megadimension Neptunia VII,40,0.005215123859191656,0.00039498175353695433,0.00718980236343623,0
1010860,Hide and Seek,40,0.005215123859191656,0.000577925204549157,0.007288851231934968,1
307580,Technobabylon,40,0.005215123859191656,0.00013200949200949368,0.007027878882251693,0
648120,Pixel Painter,40,0.005215123859191656,0.00025719554601193265,0.007099070942103054,1
449040,Jesus Christ RPG Trilogy,40,0.005215123859191656,0.0004988098467858312,0.007240479369613476,0
891510,Love's Sweet Garnish,40,0.005215123859191656,0.00032110475963167143,0.007140504276276489,0
703320,Hidden & Dangerous 2: Courage Under Fire,40,0.005215123859191656,0.00028127304927361873,0.007117785760026249,1
508550,Sneak Thief,40,0.005215123859191656,0.0007123576798042455,0.0073608666308371635,1
585900,Harvest Moon: Light of Hope Special Edition,40,0.005215123859191656,0.00018078988870920553,0.007059402387649969,0
39540,SpellForce - Platinum Edition,40,0.005215123859191656,0.00048160255938521857,0.007236461753472468,1
404540,Nex Machina,40,0.005215123859191656,0.00016984527381100733,0.007053072824819821,0
637670,Secret of Mana,40,0.005215123859191656,0.00029140885189644515,0.007121610632466002,0
765900,Leisure Suit Larry - Magna Cum Laude Uncut and Uncensored,40,0.005215123859191656,0.0004508904468701922,0.007210755324133122,1
306760,Obduction,40,0.005215123859191656,0.00017693535306235702,0.007055046099192258,0
581130,Metal Waltz: Anime tank girls,40,0.005215123859191656,0.00031027183041196015,0.007128488643266835,1
287920,Mortal Online,40,0.005215123859191656,0.00024663351700520797,0.007097489629766972,1
722180,SURV1V3,40,0.005215123859191656,0.0002557877605383359,0.007103857474842325,1
327640,CaesarIA,40,0.005215123859191656,0.00020212527875701055,0.007066295024035661,1
1023980,V.L.A.D.i.K,39,0.005084745762711864,0.0005229542353317723,0.007255995390853583,1
269110,Super Motherload,39,0.005084745762711864,0.00024914225757781064,0.0070975345880380574,1
788690,Psychonauts in the Rhombus of Ruin,39,0.005084745762711864,0.0004478249054289812,0.00721029317065371,0
23490,Tropico 3,39,0.005084745762711864,0.00027739532785550565,0.007110697049139398,1
249680,Marlow Briggs and the Mask of Death,39,0.005084745762711864,0.00012154103560076258,0.007018155669309899,0
475490,Major\Minor - Complete Edition,39,0.005084745762711864,0.00039040470457323766,0.0071755259547402125,1
552970,Sumoman,39,0.005084745762711864,0.000330512205362394,0.007139986689161982,1
19000,Silent Hill Homecoming,39,0.005084745762711864,0.000451226049489135,0.0072143789667616365,2
245490,Trials Fusion™,39,0.005084745762711864,0.0004221037808345691,0.007191110667584971,1
440650,Niche - a genetics survival game,39,0.005084745762711864,0.00035709065473125707,0.007154938306653643,1
817510,Golfing Over It with Alva Majo,39,0.005084745762711864,0.0003950968557634422,0.007175032715157796,1
530390,Slayaway Camp,39,0.005084745762711864,0.00026304002394871153,0.0070993640148348785,1
595280,Throne of Lies® The Online Game of Deceit,39,0.005084745762711864,0.00032038869473878376,0.007133381658133483,1
407560,Killing Room,39,0.005084745762711864,0.0003695885868095197,0.007163253423631389,1
343440,Crash Drive 2,39,0.005084745762711864,0.000546804322381578,0.007263971390296104,1
250560,Fight The Dragon,39,0.005084745762711864,0.0001758086975072352,0.007051307972067899,0
15210,Silent Hunter® III,39,0.005084745762711864,0.0002782622521188075,0.007110167833209098,1
318230,Convoy,39,0.005084745762711864,0.0002579812299062392,0.007098339596489278,2
254320,Duskers,39,0.005084745762711864,0.0002572722634454836,0.0070964297633466485,0
316430,Battle of Empires : 1914-1918,39,0.005084745762711864,0.00030976922805306894,0.007133705129115879,1
351030,Pixel Puzzles Ultimate,39,0.005084745762711864,0.00019286123539739318,0.007058208944168683,2
317470,Cubic Castles,39,0.005084745762711864,0.0005134347295833933,0.007246620522284594,1
517160,Richie's Plank Experience,39,0.005084745762711864,0.00012227799243325307,0.007019703373583666,2
685690,Guns'n'Stories: Bulletproof VR,39,0.005084745762711864,9.663834124482915e-05,0.007003906883106005,2
39190,Dungeon Siege,39,0.005084745762711864,0.00027020391470489256,0.0071052849778863655,1
503400,Four Last Things,39,0.005084745762711864,0.00017621336478666134,0.007050746442897045,0
232050,Eador. Masters of the Broken World,39,0.005084745762711864,0.00016100037296349953,0.007043097978497856,2
927250,Bladed Fury,39,0.005084745762711864,0.0001651491937900395,0.007047942837620782,0
307230,"I, Zombie",39,0.005084745762711864,0.00021443002074147288,0.007072072680438131,2
331480,Pinstripe,39,0.005084745762711864,0.00015584994253242538,0.007038359121648992,0
37000,The Void,39,0.005084745762711864,0.0001286156612893994,0.007022696152411611,0
279720,The I of the Dragon,39,0.005084745762711864,0.00028086500227591263,0.007108993305478139,2
376730,Monument,38,0.0049543676662320724,0.0005946430352729645,0.007287465352468849,1
695920,Super Seducer : How to Talk to Girls,38,0.0049543676662320724,0.00033631570591016453,0.007141788806396494,0
758330,Shenmue I & II,38,0.0049543676662320724,0.00022661681294889436,0.0070811702606164125,0
415030,One More Dungeon,38,0.0049543676662320724,0.0002902391099909981,0.007118564539402736,2
400250,Heaven Island - VR MMO,38,0.0049543676662320724,0.00011299525421835058,0.00701184579014925,2
532840,CAYNE,38,0.0049543676662320724,0.00018128441995156862,0.0070523616516219535,2
1031920,Симулятор Сидения у Подъезда,38,0.0049543676662320724,0.0006874248101731866,0.007347703580760738,1
322450,FRAMED Collection,38,0.0049543676662320724,0.00030736363184911925,0.007134726319251352,0
544390,NITE Team 4,38,0.0049543676662320724,0.00019000286467449944,0.007061687611758466,0
791930,BombTag,38,0.0049543676662320724,0.0008052341714327034,0.007411872617784643,1
793350,Swarmlake,38,0.0049543676662320724,0.0004857732013672711,0.007226370829161583,0
481110,The Bunker,38,0.0049543676662320724,0.00020172941686598413,0.007064163723256634,2
290730,My Lands: Black Gem Hunting,38,0.0049543676662320724,0.00012820135513679312,0.00701949456766616,2
241320,Ittle Dew,38,0.0049543676662320724,0.00018307792101951166,0.0070524041026216846,2
251950,WWII Online,38,0.0049543676662320724,0.00048244849755584246,0.007231722314426122,1
400940,Budget Cuts,38,0.0049543676662320724,0.000483705329730674,0.00723355030562709,1
45750,Lost Planet® 2,38,0.0049543676662320724,0.0003622350137072166,0.007161479358577456,1
562500,Warstone TD,38,0.0049543676662320724,0.0001751024564399237,0.007048377034341864,0
733790,Not Tonight,38,0.0049543676662320724,0.0003352833315742674,0.007142888256142772,0
979600,Kaori After Story,38,0.0049543676662320724,0.0003207380313931746,0.007137585469342444,0
691320,Gun Club VR,38,0.0049543676662320724,0.00043214241534693496,0.007209995283663501,1
691770,Eiyu*Senki – The World Conquest,38,0.0049543676662320724,0.00023416125545669292,0.007085223424085922,0
597700,OVIVO,38,0.0049543676662320724,0.00012393213868621935,0.00702104811597217,0
257710,Max Gentlemen,38,0.0049543676662320724,0.00045784460801952297,0.007209662154515075,1
571350,DED,38,0.0049543676662320724,0.00044429257276493357,0.007204456282710428,1
12830,Operation Flashpoint: Dragon Rising,38,0.0049543676662320724,0.0004343163043556838,0.007204943003251605,1
368730,No Time To Explain Remastered,38,0.0049543676662320724,0.0003823193554876603,0.007166517127961741,1
718560,Scythe: Digital Edition,38,0.0049543676662320724,5.205301835456093e-05,0.006976262106856302,0
449210,Verdict Guilty - 유죄 평결,38,0.0049543676662320724,0.00021063379524660023,0.007070304343881223,1
324510,Boundless,38,0.0049543676662320724,0.0003144971610167939,0.0071406186437419465,0
314000,Pool Nation FX Lite,37,0.004823989569752282,0.00030593742076275243,0.0071228416522881,2
442780,STRAFE: Millennium Edition,37,0.004823989569752282,0.00017214624393870423,0.007049525223442805,2
471660,Kingspray Graffiti VR,37,0.004823989569752282,0.0002481810427765474,0.007091126371341007,1
363460,Spermination,37,0.004823989569752282,0.00031481075272236594,0.0071278718269231905,1
212010,Galaxy on Fire 2™ Full HD,37,0.004823989569752282,0.0003223129592573527,0.0071358823807249165,2
368620,Timespinner,37,0.004823989569752282,0.0001885741341949327,0.007057870746137302,0
378370,Nomad,37,0.004823989569752282,0.000492455356576784,0.007231369335415707,1
485450,Ninja Stealth,37,0.004823989569752282,0.0002507536491037219,0.007090193522357244,1
288060,Whispering Willows,37,0.004823989569752282,0.00021864137497109847,0.007071754824885785,2
612020,Zombidle : REMONSTERED,37,0.004823989569752282,0.00011381473915699664,0.007012740920876228,2
20540,Company of Heroes: Tales of Valor,37,0.004823989569752282,0.000243661102540845,0.007089557305511463,0
919370,Overdungeon,37,0.004823989569752282,0.00011591510344631764,0.007014902661038207,0
791330,Fallen ~Makina and the City of Ruins~,37,0.004823989569752282,0.0002996117571355571,0.007124790343300459,0
271570,Space Farmers,37,0.004823989569752282,0.00020336170307853023,0.007064858672197874,0
370770,Holodrive,37,0.004823989569752282,0.0004358114371344362,0.007194307860213486,1
520010,Climbey,37,0.004823989569752282,0.0003102358116975772,0.007123309697067662,1
294810,BlazBlue: Continuum Shift Extend,37,0.004823989569752282,0.00024101590621740873,0.007097663656659562,0
628770,Tangledeep,37,0.004823989569752282,0.00011430841605245973,0.007015477429147599,0
305260,Battle Islands,37,0.004823989569752282,0.0003775584857354427,0.00716258089297724,1
745960,A Sky Full of Stars,37,0.004823989569752282,0.0002660285630935717,0.007104139161241867,0
816350,The Flood,37,0.004823989569752282,0.00016445203340551473,0.007040662010643329,0
301650,Battlezone 98 Redux,37,0.004823989569752282,0.0002147741365302966,0.007074892171383469,5
25830,Knights of Honor,37,0.004823989569752282,0.0003833783474341133,0.0071691890040799285,1
218820,Mercenary Kings: Reloaded Edition,37,0.004823989569752282,0.00020404916555902435,0.007066308386026114,0
842910,The MISSING: J.J. Macfield and the Island of Memories,37,0.004823989569752282,0.00014833015140667906,0.00703045260907895,0
574310,The Mooseman,37,0.004823989569752282,0.0002394456531709202,0.007085548397590545,1
330580,Shark Attack Deathmatch 2,37,0.004823989569752282,0.00046597872280288816,0.00721259641681756,1
505170,Carmageddon: Max Damage,36,0.00469361147327249,0.00019806345968167345,0.007060091449358357,2
465240,Serious Sam VR: The Last Hope,36,0.00469361147327249,0.00021345629497700422,0.0070694486842710355,1
312780,Way of the Samurai 4,36,0.00469361147327249,0.00023891374563095647,0.0070829580232999794,1
525360,Shio,36,0.00469361147327249,0.0005889187864906427,0.0072938694006405005,0
71260,Space Channel 5: Part 2,36,0.00469361147327249,0.0003133259626302748,0.007123282085318252,1
440880,The Count Lucanor,36,0.00469361147327249,0.00045279154585204696,0.007207550044015056,0
367120,Seduce Me the Otome,36,0.00469361147327249,0.00024781650077898473,0.007089779440639333,2
489140,Mr. Shifty,36,0.00469361147327249,0.0003481245229172392,0.00714578521055312,0
201420,Toki Tori 2+,36,0.00469361147327249,0.00010697083134281643,0.00700853067848156,0
207080,Indie Game: The Movie,36,0.00469361147327249,0.00020735499601900242,0.007067717538607928,2
277890,Shantae: Risky's Revenge - Director's Cut,36,0.00469361147327249,0.0002289664176487008,0.007077626844528773,0
33320,Prince of Persia: The Forgotten Sands™,36,0.00469361147327249,0.00019501454236884897,0.007055935187738834,1
213650,Dwarfs - F2P,36,0.00469361147327249,0.00022207135097443447,0.007071275010937612,1
321960,Might & Magic® Heroes® VII,36,0.00469361147327249,0.0003417019882481955,0.007144675200940837,0
705120,Death Coming,36,0.00469361147327249,0.0003502100582557607,0.007150467071500504,0
257170,Rebuild 3: Gangs of Deadsville,36,0.00469361147327249,0.00020723217093475467,0.007066967494806672,0
646500,Egypt: Old Kingdom,36,0.00469361147327249,0.00025061187314237283,0.007093876737720027,1
263540,Villagers and Heroes,36,0.00469361147327249,0.00018357575773357709,0.0070471296686067456,1
301460,Electronic Super Joy: Groove City,36,0.00469361147327249,0.00022482963802673717,0.0070714930407964555,2
500810,Arcanum: Of Steamworks and Magick Obscura,36,0.00469361147327249,0.00013320382480614762,0.007025409620004777,0
250700,Super Time Force Ultra,36,0.00469361147327249,0.00018769782213813544,0.007050588351031603,2
249650,Blackguards,36,0.00469361147327249,0.00013711752171037734,0.007025551854332142,0
502820,Batman™: Arkham VR,36,0.00469361147327249,0.00018504065323645476,0.0070508259426524346,2
386480,Blood Code,36,0.00469361147327249,0.0004490294718267941,0.007208613683074131,0
580200,Yonder: The Cloud Catcher Chronicles,36,0.00469361147327249,0.0001293108807145073,0.007019319835714806,0
298160,Eldevin,36,0.00469361147327249,0.0002808738878857141,0.007105701377755538,2
215690,Zeno Clash 2,36,0.00469361147327249,0.00039490769247492636,0.007173152770381474,0
883860,Cadria Item Shop,36,0.00469361147327249,0.00019864368811048981,0.007058264922717328,0
339400,Runestone Keeper,36,0.00469361147327249,0.00021593414366760105,0.007072208866426489,0
204060,Superbrothers: Sword & Sworcery EP,36,0.00469361147327249,0.00024764193835520034,0.007088959484140838,0
15560,AaaaaAAaaaAAAaaAAAAaAAAAA!!! for the Awesome,36,0.00469361147327249,9.780613691164813e-05,0.006999924041428216,2
466130,White Day: A Labyrinth Named School,36,0.00469361147327249,0.0003339829302167888,0.007149818173009364,0
269190,Edge Of Eternity,36,0.00469361147327249,0.00014023740915145524,0.007025424774203431,0
655790,Fly Simulator,36,0.00469361147327249,0.000599623964687931,0.007293720781732909,1
385240,Ultimate Arena,36,0.00469361147327249,0.00016199743423968914,0.007037288299604876,0
307670,Hard West,36,0.00469361147327249,0.00019289747853270332,0.007054698537977961,0
9800,Death to Spies,36,0.00469361147327249,0.00018880594134016622,0.007051224275898802,1
361550,Cradle,36,0.00469361147327249,0.00012337006626048956,0.007017021810637158,0
602320,Train Valley 2,36,0.00469361147327249,0.0002874029144540173,0.007108777819966403,1
215510,Rocketbirds: Hardboiled Chicken,36,0.00469361147327249,0.000220575169734291,0.007071796467825217,0
339190,Dead Synchronicity: Tomorrow Comes Today,36,0.00469361147327249,0.00012769402317960356,0.0070176730047769725,0
420000,Home Design 3D,35,0.0045632333767926985,0.0002374366775827421,0.007077755525194856,1
589530,Hakuoki: Kyoto Winds / 薄桜鬼 真改　風ノ章 / 薄櫻鬼 真改　風之章,35,0.0045632333767926985,5.901131252860864e-05,0.006982503455816403,0
634160,Cattails | Become a Cat!,35,0.0045632333767926985,0.0003430911170430223,0.007141053752375978,1
354160,WRC 5 FIA World Rally Championship,35,0.0045632333767926985,0.00040805142830885793,0.007174219586112486,1
269030,The Yawhg,35,0.0045632333767926985,0.00013182936423303883,0.007018669454579475,0
323380,The Magic Circle,35,0.0045632333767926985,6.221588418098539e-05,0.0069790046462921106,0
238240,Edge of Space,35,0.0045632333767926985,0.00027997958200757427,0.007107849200534002,2
566860,VR Dungeon Knight,35,0.0045632333767926985,0.00027472837313899015,0.0071074274109463095,0
331500,Executive Assault,35,0.0045632333767926985,0.0002779680271214681,0.0071015983588760285,1
207250,Cubemen,35,0.0045632333767926985,0.0003834932778516653,0.007165565082728573,1
532190,Super Blood Hockey,35,0.0045632333767926985,0.00013184311170768355,0.007016963829643074,5
738530,New Gundam Breaker,35,0.0045632333767926985,0.00047811964728242015,0.007223996353695927,0
356070,Commander Cool 2,35,0.0045632333767926985,9.66620906389536e-05,0.007006367803912749,2
1020470,Evoland Legendary Edition,35,0.0045632333767926985,0.0002497931420548253,0.007084945432771395,0
833040,Hiveswap Friendsim,35,0.0045632333767926985,0.00025342774325051514,0.007095409266190643,0
244810,Foul Play,35,0.0045632333767926985,0.0003200948762381972,0.00712828165790298,2
732810,Slipstream,35,0.0045632333767926985,0.00013926354712987717,0.007022847993959602,0
214830,Half Minute Hero: Super Mega Neo Climax Ultimate Boy,35,0.0045632333767926985,0.00022160965625933217,0.007074460395289425,0
204180,Waveform,35,0.0045632333767926985,0.00012535547882830205,0.007015114430006703,2
323060,Tharsis,35,0.0045632333767926985,0.00020687278655415,0.007063724295043995,0
800270,Terraforming Mars,35,0.0045632333767926985,0.00011777325452790023,0.007011441166118167,0
298180,The Desolate Hope,35,0.0045632333767926985,0.00010687504351219456,0.007004242813398141,2
366220,Wurm Unlimited,35,0.0045632333767926985,0.00027557587203975016,0.007106030279900646,1
716490,EXAPUNKS,35,0.0045632333767926985,9.03971284080158e-05,0.006993901924970686,0
688060,Odd Realm,35,0.0045632333767926985,0.00024620309676597074,0.007089808177847868,0
496890,Replica,35,0.0045632333767926985,0.00028413328864224503,0.007106619863680247,0
332480,Phoenix Force,35,0.0045632333767926985,4.887640135340764e-05,0.006968186123128797,2
609490,Minit,35,0.0045632333767926985,0.00024446181310896104,0.007083925158928033,0
746930,OrbusVR: Reborn,35,0.0045632333767926985,0.0003837218398371769,0.007172600369998605,1
421700,Sakura Santa,35,0.0045632333767926985,0.00024282643421421864,0.007081265063071367,4
694500,Army Men RTS,35,0.0045632333767926985,0.00035789852055628785,0.00714936680371008,1
636970,Tales Of Glory,35,0.0045632333767926985,0.00026729442792905743,0.00709795863780548,1
423950,Deadlight: Director's Cut,35,0.0045632333767926985,0.00041731799529626153,0.007181737077917935,2
764300,Shantae: Half-Genie Hero Ultimate Edition,35,0.0045632333767926985,0.00030704239584793347,0.007122103056834892,0
223220,Giana Sisters: Twisted Dreams,35,0.0045632333767926985,0.00033979479259019945,0.007141771483061331,0
258910,Citizens of Earth,35,0.0045632333767926985,6.160202778787863e-05,0.006978539628290094,0
829660,No Time to Relax,35,0.0045632333767926985,0.00024988938987043617,0.007088002448635226,0
495570,ConflictCraft,34,0.004432855280312908,0.0002174126356226015,0.007064981952938214,20
487000,Quest Hunter,34,0.004432855280312908,0.000354278714075848,0.007150837698387059,0
351100,Niffelheim,34,0.004432855280312908,0.00010094467328882544,0.00699969141059323,0
209190,Stealth Bastard Deluxe,34,0.004432855280312908,0.00025745541984481307,0.0070883554103243025,1
3540,Peggle™ Nights,34,0.004432855280312908,0.0003782493690149455,0.007158720010249753,0
91900,Post Apocalyptic Mayhem,34,0.004432855280312908,0.0005260725995822395,0.0072445837842861766,1
433910,Neon Drive,34,0.004432855280312908,0.00033438895577689103,0.007138053218765831,1
314790,Silence,34,0.004432855280312908,0.00010876637412807785,0.0070021249467786895,0
347830,Fairy Fencer F,34,0.004432855280312908,0.00022502813855587088,0.007076012195354149,0
3710,Judge Dredd: Dredd vs. Death,34,0.004432855280312908,0.0002769665633636507,0.00709953097849047,1
463390,One Thousand Lies,34,0.004432855280312908,0.0002125574310123879,0.007062411498011208,1
743890,Mega Man X Legacy Collection / ロックマンX アニバーサリー コレクション,34,0.004432855280312908,0.0002779770305721352,0.00709868171198335,1
274560,Revolution Ace,34,0.004432855280312908,0.00016505127680027106,0.007035220458550692,1
828070,Treasure Hunter Claire,34,0.004432855280312908,0.00022831556296912527,0.007081284703846157,0
1900,Earth 2160,34,0.004432855280312908,0.0003850804091547634,0.007165742357799884,1
468700,NVIDIA® VR Funhouse,34,0.004432855280312908,6.555815909802024e-05,0.00697623832274081,6
427820,Hitman GO: Definitive Edition,34,0.004432855280312908,0.0002871669062008863,0.007104161275964281,0
899390,Xenon Racer,34,0.004432855280312908,0.00026658885567261393,0.0070939928199640345,0
606710,Sphinx and the Cursed Mummy,34,0.004432855280312908,0.0002544481596306902,0.007085261848646761,2
939520,HELLGATE: London,34,0.004432855280312908,0.0002261527889645406,0.007077164591258829,0
248170,Clickteam Fusion 2.5,34,0.004432855280312908,0.0005824501957938816,0.007275600903007818,1
671440,Rise of Industry,34,0.004432855280312908,0.00029180289634739054,0.007110797210776378,1
757210,EMERGENCY 4 Deluxe,34,0.004432855280312908,0.00037413751745639124,0.0071609064821320165,1
804490,Creed: Rise to Glory™,34,0.004432855280312908,0.00034846479853445567,0.007143920711911382,1
619700,Steel Rats™,34,0.004432855280312908,0.0003928440595729494,0.007169557186293825,1
429680,Spellweaver,34,0.004432855280312908,0.00014405574823884843,0.007022959429400959,2
203830,The Dark Eye: Chains of Satinav,34,0.004432855280312908,0.00019709678460545768,0.0070558210775116285,0
436670,The Legend of Heroes: Trails in the Sky the 3rd,34,0.004432855280312908,0.0002510193967573512,0.007099974764356777,0
820730,Adventure of a Lifetime,34,0.004432855280312908,0.00029985791272298833,0.007117486297093368,0
258180,Deus Ex: The Fall,34,0.004432855280312908,0.00022769099533224808,0.00708321789459879,0
530630,Empires Apart,34,0.004432855280312908,0.0005345948324716514,0.007249257294861786,1
201570,Really Big Sky,34,0.004432855280312908,0.00028846338722313244,0.007106146104527034,0
444770,Mimpi Dreams,34,0.004432855280312908,0.0006067639367792008,0.0072870407317392185,1
495280,Disgaea 2 PC / 魔界戦記ディスガイア2 PC,34,0.004432855280312908,0.00011579200146339214,0.007010013076901287,0
240320,Panzar,34,0.004432855280312908,0.00023467444800775173,0.007075835631379624,1
260430,The Four Kings Casino and Slots,34,0.004432855280312908,0.00019824733965573038,0.007053067906683004,1
923470,MOMO.EXE,34,0.004432855280312908,0.00023230908917674554,0.00707517052668615,1
314020,Morphopolis,34,0.004432855280312908,0.00021699820171937068,0.007069854098690699,0
935880,Glass Masquerade 2: Illusions,34,0.004432855280312908,0.00010300217009136482,0.007003865833545313,0
300060,ADR1FT,34,0.004432855280312908,0.0003023252213545903,0.007117040295007632,1
402530,The Last Door: Season 2 - Collector's Edition,34,0.004432855280312908,0.00024759377854095956,0.007089414700701096,2
228960,Skulls of the Shogun,34,0.004432855280312908,0.00023043906412414648,0.007074235650384211,2
569800,LEAVES - The Journey,34,0.004432855280312908,9.954686038253003e-05,0.006996841378303843,0
587470,Chroma Lab,34,0.004432855280312908,8.72070196829828e-05,0.006990689933002467,0
263100,9.03m,34,0.004432855280312908,0.000205783022618607,0.007058688106421179,2
403430,ARCADE GAME SERIES: GALAGA,33,0.004302477183833116,0.00034750508290317463,0.007137249438801041,1
305380,Blue Estate The Game,33,0.004302477183833116,0.00011930881288485543,0.007007724411781337,0
780210,Freeways,33,0.004302477183833116,0.0006551722676573526,0.0073164871577656,1
80330,The Blackwell Legacy,33,0.004302477183833116,0.00010659413569901613,0.006999208605000756,0
37400,"Time Gentlemen, Please! and Ben There, Dan That! Special Edition  Double Pack",33,0.004302477183833116,0.0002619538799459501,0.007091001841406727,0
237870,Planet Explorers,33,0.004302477183833116,0.00015664569281451655,0.007029556363082231,1
772430,Hero of the Kingdom III,33,0.004302477183833116,9.76408060825924e-05,0.006993228421762554,2
308420,Ziggurat,33,0.004302477183833116,0.00014956465316752956,0.007027916437393701,0
803600,Disgaea 5 Complete / 魔界戦記ディスガイア5,33,0.004302477183833116,0.00020196543299971727,0.007056870070888152,0
491280,Drift Horizon Online,33,0.004302477183833116,0.0005587527143507082,0.007260211942576313,1
466940,The Sandbox Evolution - Craft a 2D Pixel Universe!,33,0.004302477183833116,0.0005312959505795517,0.0072483385967962,1
740290,Irony Of Nightmare,33,0.004302477183833116,0.0004016654097181712,0.007170059897409533,1
992070,Idle Wizard,33,0.004302477183833116,0.00022843970045491742,0.007072582589201937,0
268220,Meltdown,33,0.004302477183833116,0.0001677432222025214,0.00703404531126525,0
567380,Heartbound,33,0.004302477183833116,0.00044646095904172877,0.007201347531023234,0
220160,Trials Evolution: Gold Edition,33,0.004302477183833116,0.0004391381345138545,0.007191540814351986,1
65780,ARMA: Gold Edition,33,0.004302477183833116,0.0004146971919673489,0.007179103875993711,1
838390,Merry Glade,33,0.004302477183833116,0.0001622703910262432,0.007030182542759692,2
248650,Draw a Stickman: EPIC,33,0.004302477183833116,0.00015513808509960792,0.007027558420733248,0
425410,Road to Ballhalla,33,0.004302477183833116,0.0001988877076238365,0.0070551023698337215,0
802880,Muv-Luv,33,0.004302477183833116,0.0002298962152182713,0.0070843754133369284,0
320760,Tokyo School Life,33,0.004302477183833116,0.00015978223902058275,0.0070336971033707245,2
402560,Tabletopia,33,0.004302477183833116,0.00017266793995284087,0.007036082030673309,2
441670,Jelly Killer,33,0.004302477183833116,0.00025011800594285186,0.0070808023136802395,2
539720,Razortron 2000,33,0.004302477183833116,0.00026843629818225904,0.007101881833197859,1
467380,Khimera: Destroy All Monster Girls,33,0.004302477183833116,0.000290165861070362,0.007105984832664118,2
604490,Running Through Russia,33,0.004302477183833116,0.00039548658993063626,0.007164832593069323,1
4770,Rome: Total War™ - Alexander,33,0.004302477183833116,0.00032674292956074005,0.007125758103910615,1
211160,Viking: Battle for Asgard,33,0.004302477183833116,0.00028770613119426106,0.007106433003366785,1
8170,Battlestations Pacific,33,0.004302477183833116,0.00029989994594139575,0.00711895702234468,1
16730,Legendary,33,0.004302477183833116,0.0002687718240825185,0.007091693017054645,1
639490,Umineko When They Cry - Answer Arcs,33,0.004302477183833116,0.0003758464801558602,0.0071595691552778645,0
855640,My Brother Rabbit,33,0.004302477183833116,0.00014535995538998868,0.007021909117406213,0
1043500,Tree Simulator 2020,33,0.004302477183833116,0.0004962677303628732,0.0072287791524156585,1
431540,Frosty Kiss,33,0.004302477183833116,0.00017319252696444627,0.007052396934668199,0
505630,Let Them Come,33,0.004302477183833116,0.0003478055744640394,0.007140632100173133,0
371520,Bounty Train,33,0.004302477183833116,0.00022829925502875734,0.007076632749697529,0
222520,Champions of Regnum,33,0.004302477183833116,0.0003597584597666571,0.007147606698146024,1
209540,Strike Suit Zero,33,0.004302477183833116,0.00011333499716036109,0.00700496325704959,0
275100,Shelter 2,33,0.004302477183833116,0.00030349819513197945,0.007119510156544669,0
645090,Zup! 5,33,0.004302477183833116,0.00020597037494927696,0.007056478923309492,1
15750,Oddworld: Stranger's Wrath HD,33,0.004302477183833116,0.00011040113333600774,0.007001299667127606,2
20530,Red Faction,33,0.004302477183833116,0.000352837733004979,0.007145305095668181,1
776960,Sos i Pie Sos,33,0.004302477183833116,0.00036049866433424024,0.007145337762648088,1
329440,Sonic Lost World,32,0.0041720990873533245,0.0005499262221755428,0.00725969627861073,1
537450,ReCore: Definitive Edition,32,0.0041720990873533245,0.00041673222760993167,0.007176384811813552,1
275180,Costume Quest 2,32,0.0041720990873533245,0.00020856987415935504,0.007065181398537044,0
754040,Piggy Poggy Pog,32,0.0041720990873533245,0.000667697352292328,0.007321222513291121,1
373180,Kung Fury: Street Rage,32,0.0041720990873533245,0.0003592206341629862,0.007143980170233795,2
798840,Cry of War / 战争号角,32,0.0041720990873533245,0.0003893488620168149,0.007165772116880465,1
726830,Vacation Simulator,32,0.0041720990873533245,0.00042752084591902203,0.00718425679096695,1
385380,Planet Centauri,32,0.0041720990873533245,0.00037084990254436826,0.007152482428139625,1
686260,Forged Battalion,32,0.0041720990873533245,0.0002058145286815747,0.007057499199383795,0
420930,CHKN,32,0.0041720990873533245,0.0005395221494974354,0.007259722890301193,1
666330,Inertia,32,0.0041720990873533245,0.0004884365103120672,0.007218618880809371,1
846470,Moss,32,0.0041720990873533245,9.627014055791822e-05,0.006995867442024681,0
283680,Astebreed: Definitive Edition,32,0.0041720990873533245,0.00025016411213525506,0.007082531603768188,0
792710,Levelhead,32,0.0041720990873533245,0.00032601300934020585,0.007123370237167422,0
757480,Broken Reality,32,0.0041720990873533245,0.0004187270265013045,0.007179691858717191,1
576130,State of Anarchy: Master of Mayhem,32,0.0041720990873533245,8.204867304064832e-05,0.00698337906407118,2
525680,Deisim,32,0.0041720990873533245,0.0001629620473277212,0.007032480727694253,1
1012240,旅燕归航 Swallow Homing,32,0.0041720990873533245,0.00027769667451026705,0.007099925659410473,0
255300,Journey of a Roach,32,0.0041720990873533245,0.000219678538962229,0.007066279230635135,2
214360,Tower Wars,32,0.0041720990873533245,0.00010440814517450924,0.00699761954583302,2
940680,The Textorcist: The Story of Ray Bibbia,32,0.0041720990873533245,0.00044782488261122536,0.007198762430771617,0
264300,Guns n Zombies,32,0.0041720990873533245,0.0002059579706508277,0.007060467949574842,2
684580,Shoppe Keep 2 - Business and Agriculture RPG Simulation,32,0.0041720990873533245,0.0002539365295061368,0.007083679073473505,0
278570,Labyrinthine Dreams,32,0.0041720990873533245,0.00020672344796574218,0.007057056206548553,0
576470,ANIMALITY,32,0.0041720990873533245,0.00019918977551849716,0.007050985900378666,2
534550,Guacamelee! 2,32,0.0041720990873533245,0.00033845200873007064,0.007134117858641776,0
626680,Kreedz Climbing,32,0.0041720990873533245,0.0007481738475022767,0.007373455364316146,1
227220,Sang-Froid - Tales of Werewolves,32,0.0041720990873533245,0.00010551657330635548,0.006999610859699375,0
227000,Primordia,32,0.0041720990873533245,0.00010478658347266173,0.006998728090431051,0
253750,Ikaruga,32,0.0041720990873533245,0.00020763982241836916,0.007063081759718196,2
896160,Evil Bank Manager,32,0.0041720990873533245,0.0001707439468092355,0.007036461886471353,2
250110,Assault Android Cactus,32,0.0041720990873533245,0.0002295633764078881,0.007070034978051713,1
331440,bit Dungeon II,32,0.0041720990873533245,0.00011620773823117544,0.0070048772809185415,2
295690,PARTICLE MACE,32,0.0041720990873533245,0.00021533597985975116,0.007062034502604353,2
239430,Q.U.B.E: Director's Cut,32,0.0041720990873533245,0.0003783995866783448,0.007158070159637738,2
359600,Assassin’s Creed® Chronicles: Russia,32,0.0041720990873533245,0.00030364361904515604,0.007120522938271507,1
714080,BLACK CLOVER: QUARTET KNIGHTS,32,0.0041720990873533245,0.00047968675726818886,0.007220325718088955,0
245300,Disney Epic Mickey 2:  The Power of Two,32,0.0041720990873533245,0.0006684012579596149,0.00732508367753491,1
601810,Spark the Electric Jester,32,0.0041720990873533245,0.00028876490422826085,0.007107410502266356,2
446840,Splasher,32,0.0041720990873533245,0.00016193279836059128,0.007028896468507449,1
281920,Splatter - Zombie Apocalypse,32,0.0041720990873533245,0.0003491764469224165,0.007136603614840777,1
792100,7 Billion Humans,32,0.0041720990873533245,0.0002736608611872455,0.007100722653787061,0
667600,Sky Force Reloaded,32,0.0041720990873533245,0.00020843578498763816,0.007061327243970812,0
604330,The Crown of Leaves,32,0.0041720990873533245,0.0003206378516308056,0.00712386602651694,1
782670,Battle Tanks: Legends of World War II,32,0.0041720990873533245,0.0003569118424440682,0.00715172385672631,1
9180,Commander Keen,32,0.0041720990873533245,0.00035726374110038844,0.007148257797842258,2
40380,nail'd,31,0.004041720990873533,0.0003394257801500607,0.007131798118972542,1
229480,Dungeons & Dragons: Chronicles of Mystara,31,0.004041720990873533,5.4112951906975146e-05,0.006966291416513847,0
224980,Tomb Raider IV: The Last Revelation,31,0.004041720990873533,0.0002864145125908007,0.007103888052462379,2
38740,EDGE,31,0.004041720990873533,0.00023171006201473494,0.007070547432908337,1
313780,Conarium,31,0.004041720990873533,0.00010969458432571548,0.006998169106099747,2
45100,Secret of the Magic Crystals,31,0.004041720990873533,0.00020556153743506785,0.007055257096261445,2
252550,Qbeh-1: The Atlas Cube,31,0.004041720990873533,0.00015479605408895848,0.007024405684593522,0
248800,Dysfunctional Systems: Learning to Manage Chaos,31,0.004041720990873533,0.00021411017221075753,0.007061700404850374,1
249990,FORCED: Slightly Better Edition,31,0.004041720990873533,0.00021423191581386547,0.0070605172829747535,0
211180,Unmechanical,31,0.004041720990873533,7.776255745240373e-05,0.00698311880995612,2
850630,Starting The Game,31,0.004041720990873533,0.0005341417427134232,0.0072449880743606825,1
730820,The Curse of Monkey Island,31,0.004041720990873533,0.00028582589713424647,0.007108450178481784,0
410710,System Shock: Enhanced Edition,31,0.004041720990873533,0.00024046403535255955,0.0070782167311878134,2
314030,Guilty Gear X2 #Reload,31,0.004041720990873533,0.0002244618971876091,0.007067667843739759,0
2640,Call of Duty: United Offensive,31,0.004041720990873533,0.0003828775704770419,0.0071604502922787555,1
58610,Wargame: European Escalation,31,0.004041720990873533,0.0004437898900719294,0.007202099744685418,1
441830,I am Setsuna,31,0.004041720990873533,0.00021258678539087136,0.007063851323941992,0
403700,Zero Punctuation: Hatfall - Hatters Gonna Hat Edition,31,0.004041720990873533,0.00025159661920211133,0.007081842424502442,2
735570,Project Rhombus,31,0.004041720990873533,0.0005172262632678588,0.007234883152789837,1
422810,River City Ransom: Underground,31,0.004041720990873533,0.00020913103250612096,0.007057641491774259,0
287020,Harvester,31,0.004041720990873533,0.00018360689948343785,0.007043208257735198,0
416770,SquareCells,31,0.004041720990873533,7.026274940648617e-05,0.006977024401999155,0
546390,Brief Karate Foolish,31,0.004041720990873533,0.0006098299940309767,0.007290959381346385,1
670160,D'LIRIUM,31,0.004041720990873533,0.0002750883520708307,0.007094629902626969,1
415880,Disc Jam,31,0.004041720990873533,0.00039929080837826267,0.007167112531620744,1
218510,Planets Under Attack,31,0.004041720990873533,0.0005049000412950024,0.007227380493219109,8
255070,Abyss Odyssey,31,0.004041720990873533,0.0001082581628593035,0.006999077487228141,0
377680,Sakura Beach,31,0.004041720990873533,0.0005153910972548458,0.007230891989221889,1
63610,Riven: The Sequel to MYST,31,0.004041720990873533,0.00015963310796675626,0.007029557243430564,2
8600,RACE 07,31,0.004041720990873533,0.00015342554145750758,0.007027894234545979,1
252130,Divide By Sheep,31,0.004041720990873533,0.00013411920478770172,0.00701410818755725,0
344770,fault - milestone two side:above,31,0.004041720990873533,0.0001431953002950772,0.007022415678140203,0
363360,Interstellar Rift,31,0.004041720990873533,0.00015265336003291132,0.007026915633740458,0
314660,Oddworld: New 'n' Tasty,31,0.004041720990873533,0.00026984394938328127,0.007096875708444204,0
322290,Gurumin: A Monstrous Adventure,31,0.004041720990873533,0.00016966064353873264,0.007035273240733478,2
293180,Overcast - Walden and the Werewolf,31,0.004041720990873533,0.0002750624049246208,0.00709201366177419,1
491130,Red Trigger,31,0.004041720990873533,0.00018410704158263523,0.0070417504478602795,2
740250,Neos VR,31,0.004041720990873533,0.0005616315486514882,0.007258918157461847,1
412740,Audioshield,31,0.004041720990873533,0.00010847014191749448,0.007001069589292419,0
715510,Run Zeus Run,31,0.004041720990873533,0.00040652736838136486,0.007173025814236574,1
17440,SPORE™ Creepy & Cute Parts Pack,31,0.004041720990873533,0.0005046278170500898,0.007234408434658611,1
422900,Particle Fleet: Emergence,30,0.003911342894393741,0.00018691917074236333,0.007043469690050062,0
355130,MotoGP™15,30,0.003911342894393741,0.0004334189956008309,0.007182236779454926,1
461430,EmergeNYC,30,0.003911342894393741,0.00031012638636288036,0.007117377889160977,1
418040,hocus,30,0.003911342894393741,0.00016439581073821345,0.007028381631231712,0
24670,Trainz™ Simulator 12,30,0.003911342894393741,0.0004427837466678335,0.007208662732741144,1
573320,Underhero,30,0.003911342894393741,0.0003683792473498456,0.007153895776141984,0
904740,东方试闻广纪 ~ Perfect Memento of Touhou Question,30,0.003911342894393741,0.0002541465050354991,0.007082006949106709,0
425210,Shadwen,30,0.003911342894393741,0.00020771899349046114,0.007058470909642905,1
848550,Welcome Back To 2007 2,30,0.003911342894393741,0.00018207641022771867,0.007042142851447636,0
7110,Jade Empire™: Special Edition,30,0.003911342894393741,0.00016226130107841925,0.007028375444950683,1
748490,The Legend of Heroes: Trails of Cold Steel II,30,0.003911342894393741,0.00023259505727898816,0.007091984614946038,0
216890,Blood Bowl: Chaos Edition,30,0.003911342894393741,0.00015324108712577687,0.007023172711189813,2
397270,A Kiss For The Petals - Remembering How We Met,30,0.003911342894393741,0.00032796082748173263,0.007129889193817068,0
1640,Disciples II: Gallean's Return,30,0.003911342894393741,0.00029400817317815254,0.007102723310040903,2
355980,Dungeon Warfare,30,0.003911342894393741,0.00015007845117330496,0.007021494120642739,0
881690,The Slater,30,0.003911342894393741,0.00013282946726292228,0.007011551361115394,2
643700,Super Sports Surgery,30,0.003911342894393741,0.0005264098314409695,0.007232466482700486,1
624970,Battlezone: Combat Commander,30,0.003911342894393741,0.00021728147239490035,0.00706247401578365,5
257730,Infinity Wars: Animated Trading Card Game,30,0.003911342894393741,0.00030217123603799704,0.007108482394668924,0
473770,BallisticNG,30,0.003911342894393741,0.00020087765945822866,0.007049833734845041,0
384500,Zombie Party,30,0.003911342894393741,0.00028255344617460535,0.0070971981180957145,2
962400,Granny,30,0.003911342894393741,0.0003917462922670505,0.0071629363820852375,0
775900,MotoGP™18,30,0.003911342894393741,0.00026100588607559357,0.007084737187129355,1
656970,MagiCat,30,0.003911342894393741,0.0004287749799904499,0.00717961143737743,0
578850,64.0,30,0.003911342894393741,0.0003573975470950166,0.007143036266664071,0
370910,Kathy Rain,30,0.003911342894393741,0.00012428861925243602,0.00700948895441382,0
416600,Full Metal Furies,30,0.003911342894393741,0.00013200299991560294,0.007011831143151459,0
214590,Fairy Bloom Freesia,30,0.003911342894393741,8.127162672466209e-05,0.006979923909100097,2
634340,Legend of Himari,30,0.003911342894393741,0.00031208812787483726,0.007116350105430311,1
517790,Caesar™ 3,30,0.003911342894393741,0.00030568796638600455,0.007112206131389135,1
550080,VALKYRIE DRIVE -BHIKKHUNI-,30,0.003911342894393741,0.00038777227046766914,0.0071585406645334505,0
464350,Screeps,30,0.003911342894393741,0.00024888635558880577,0.0070827571885065995,0
556180,Mysterium: A Psychic Clue Game,30,0.003911342894393741,0.0001865559193366877,0.0070407710614783375,0
299720,Terrorhedron Tower Defense,30,0.003911342894393741,0.0002561687826853671,0.007082716460658176,0
589510,Shovel Knight: Specter of Torment,30,0.003911342894393741,0.00044651040870614386,0.007193583264227931,0
574820,Cat or Bread?,30,0.003911342894393741,0.0004531545747542054,0.007192474425142927,1
494430,Praey for the Gods,30,0.003911342894393741,0.0004643481863471576,0.0072077183439742155,0
237890,Agarest: Generations of War,30,0.003911342894393741,0.00018048318161143574,0.007038387755957923,2
380360,Tap Tap Infinity,30,0.003911342894393741,0.00020497241430119802,0.007051903502372846,1
282050,MX vs. ATV Supercross Encore,29,0.0037809647979139506,0.0003459840630360904,0.007129955636597186,1
256370,MXGP - The Official Motocross Videogame,29,0.0037809647979139506,0.00024145058875102565,0.007074017186593213,1
63910,King's Bounty: Crossworlds,29,0.0037809647979139506,0.00020051893058555632,0.0070475747275550995,0
404200,WARTILE,29,0.0037809647979139506,0.00012624324349036421,0.007006759307324694,0
210950,Rune Classic,29,0.0037809647979139506,0.00022115380118149994,0.007058926155725241,1
433100,The Town of Light,29,0.0037809647979139506,0.00013817817249898133,0.0070129808275949165,0
995460,Miracle snack shop 기적의 분식집,29,0.0037809647979139506,0.00029727734404540597,0.007104314595642982,0
666570,Infectonator 3: Apocalypse,29,0.0037809647979139506,0.00013573226407497853,0.007013811421844137,0
591630,Candleman: The Complete Journey,29,0.0037809647979139506,8.559177910376437e-05,0.006983642044593337,0
327090,Out of Reach,29,0.0037809647979139506,0.00017382729514296542,0.007031137933951924,1
484900,Aven Colony,29,0.0037809647979139506,0.00025875742127036167,0.007084214851091372,0
701930,Short Stories Collection of Class Tangerine,29,0.0037809647979139506,0.00020893956868187386,0.007058659021504974,0
251890,World of Diving,29,0.0037809647979139506,0.000277359401237202,0.0070921507015325345,1
518580,Accounting (Legacy),29,0.0037809647979139506,0.00014936925029320413,0.0070189282581552695,0
603100,ATOMINE,29,0.0037809647979139506,0.00017056105298645104,0.007032651990910198,0
9310,"Warhammer® 40,000: Dawn of War® – Winter Assault",29,0.0037809647979139506,0.00015294507159065943,0.007031058670415987,2
612390,Dandara,29,0.0037809647979139506,0.00011085337832757186,0.0069974201584188335,0
298030,Total Annihilation,29,0.0037809647979139506,0.000312939109108933,0.007116887400160766,0
347600,Total Miner,29,0.0037809647979139506,0.00033070425308110617,0.007121148571862501,1
236150,Starpoint Gemini 2,29,0.0037809647979139506,9.651196466076132e-05,0.006988636250069339,2
519140,Minds Eyes,29,0.0037809647979139506,0.00022507541337598897,0.007062989674372508,1
375900,Trackmania® Turbo,29,0.0037809647979139506,0.0002480055827777874,0.007073300834245133,1
1036950,Super Jigsaw Puzzle: Generations,29,0.0037809647979139506,0.00021161497008190963,0.007054952884347949,0
288120,Dungeonmans,29,0.0037809647979139506,0.00019894920948250965,0.007058162379167819,0
438430,Valentino Rossi The Game,29,0.0037809647979139506,0.00010370656374011207,0.006993940649168368,1
505730,Holy Potatoes! We’re in Space?!,29,0.0037809647979139506,0.00010499403257786204,0.00699442657520372,0
1037560,Fat Prisoner Simulator,29,0.0037809647979139506,0.00031794704177106947,0.007113175894645945,1
512460,Drunk On Nectar - The Nature Simulator,29,0.0037809647979139506,0.0001520511856908592,0.00702283760212181,1
673800,Zup! XS,29,0.0037809647979139506,0.0002296530213938754,0.0070681785079693745,1
344910,Sun Blast: Star Fighter,29,0.0037809647979139506,0.00010677171286760009,0.006992988575416132,2
324170,Pyrite Heart,29,0.0037809647979139506,0.00024057048081581913,0.00707085357387372,2
240600,MotoGP™13,29,0.0037809647979139506,0.00019616944461449187,0.007046958371834197,1
541670,Disney Infinity 3.0: Gold Edition,29,0.0037809647979139506,0.00024393330944565546,0.00707265999986071,1
253880,Earth 2150 Trilogy,29,0.0037809647979139506,0.0003659946823083618,0.007141295558986709,1
564530,Pharaoh + Cleopatra,29,0.0037809647979139506,0.00016186361909918331,0.007025495071856762,39
244430,realMyst: Masterpiece Edition,29,0.0037809647979139506,0.00012020367831417568,0.007002512613607622,0
225300,Tomb Raider II,29,0.0037809647979139506,0.00031988656853536394,0.007129829693529202,2
344850,Big Pharma,29,0.0037809647979139506,0.0001145337647735859,0.006998435863421619,0
415590,Earthfall,29,0.0037809647979139506,0.0001284985836853059,0.007008826447957771,0
846800,Diner Bros,29,0.0037809647979139506,0.00022425273725968912,0.0070594163659865065,2
11140,Sherlock Holmes: The Awakened - Remastered Edition,29,0.0037809647979139506,3.5676346720961385e-05,0.006955080900142382,2
384630,Aviary Attorney,29,0.0037809647979139506,0.00022485528812788406,0.007065681246363031,0
289200,Ascension to the Throne,28,0.003650586701434159,0.00017277753111000874,0.0070308683047279885,1
384980,Battle for Blood - Epic battles within 30 seconds!,28,0.003650586701434159,3.257858975491498e-05,0.006948143240530347,2
48800,Ship Simulator Extremes,28,0.003650586701434159,0.00024401117006331012,0.007072752973030355,1
284390,The Last Door - Collector's Edition,28,0.003650586701434159,0.0001245068762033129,0.0070026907567693674,2
804700,The House in Fata Morgana: A Requiem for Innocence,28,0.003650586701434159,0.0001358080497112957,0.007024569131493844,0
463930,The Dweller,28,0.003650586701434159,8.658261284294094e-05,0.006980695263144374,2
19830,Tom Clancy's Rainbow Six® 3 Gold,28,0.003650586701434159,0.00030679186956945317,0.007109963017811123,1
373390,Contradiction - Spot The Liar!,28,0.003650586701434159,0.00015354175492641398,0.007026914048488859,2
411970,TY the Tasmanian Tiger 2,28,0.003650586701434159,0.00018814415710062608,0.007039107143968211,2
378360,Ymir,28,0.003650586701434159,0.00024575429833512564,0.007079714347907435,0
513560,Hunger Dungeon,28,0.003650586701434159,0.0002443490946134566,0.007074929288661465,0
250580,Paranautical Activity: Deluxe Atonement Edition,28,0.003650586701434159,0.00030655162968289606,0.0071116008162509774,2
922320,Sniper 3D Assassin: Free to Play,28,0.003650586701434159,0.0003949954570823375,0.0071561745410577745,1
590690,Sprint Vector,28,0.003650586701434159,0.00022158956651496177,0.007057892616996793,1
348200,Nimble Writer,28,0.003650586701434159,9.26300518581964e-05,0.006984880474772295,0
370020,Templar Battleforce,28,0.003650586701434159,0.00021190626552610182,0.007056769743924661,0
862570,Ding Dong XL,28,0.003650586701434159,0.00014525932936464145,0.007014167675674144,0
734910,Eternal Hour: Golden Hour,28,0.003650586701434159,0.00020065708844448646,0.007046359913585296,1
318970,StarCrawlers,28,0.003650586701434159,0.0001523786021915022,0.007021991250832871,0
936720,Wrench,28,0.003650586701434159,0.0003104712664632027,0.007113998872448821,1
360380,Tiny Bridge: Ratventure,28,0.003650586701434159,0.00019317994758421395,0.007042292302607538,1
574090,MOTHERGUNSHIP,28,0.003650586701434159,0.0001423722565648164,0.007016099181746575,1
285740,Kitty Powers' Matchmaker,28,0.003650586701434159,0.00013669780793194834,0.0070069806582215705,1
509580,The Lord of the Rings: Living Card Game,28,0.003650586701434159,5.8744556964897954e-05,0.006964825813974646,0
244030,Take On Mars,28,0.003650586701434159,0.000202517412296495,0.007049030665194014,2
490840,Gnomes & Goblins (preview),28,0.003650586701434159,0.00012999281937399636,0.007007279579009961,2
620210,Fatal Twelve,28,0.003650586701434159,0.0001817468022231048,0.007037637913013349,0
269270,LOVE,28,0.003650586701434159,7.822143499590098e-05,0.00697571525715923,2
225160,Shadow Warrior Classic Redux,28,0.003650586701434159,0.00022493419825378067,0.007062756813394886,2
755800,Hades' Star,28,0.003650586701434159,0.00028071808501300483,0.007094797387763532,1
393980,Pretty Girls Mahjong Solitaire,28,0.003650586701434159,0.00012983432626364675,0.0070051930561063494,2
428900,"Linea, the Game",28,0.003650586701434159,0.00024438111008197257,0.007071758756611623,1
319270,Great Permutator,28,0.003650586701434159,6.495431387736209e-05,0.006968934336769253,0
651500,My Memory of Us,28,0.003650586701434159,0.00014027514299810303,0.007017846995212647,0
9940,Blade Kitten,28,0.003650586701434159,0.00015024157487557774,0.007016715461618185,2
389220,Maximum Override,28,0.003650586701434159,0.00028217413030999825,0.00709020560373213,1
661790,Witch Hunt,28,0.003650586701434159,0.00018014307520797517,0.007035055764206134,0
295610,Inescapable,28,0.003650586701434159,0.00012393779484952283,0.007001354816152276,0
905450,NASCAR Heat 3,28,0.003650586701434159,0.0003310404993498009,0.007122090978691627,1
304730,Train Fever,28,0.003650586701434159,0.00025596688574663077,0.0070814961456138435,1
798290,MXGP PRO,28,0.003650586701434159,0.00023264422293862687,0.007067411373424405,1
57640,Broken Sword: Director's Cut,28,0.003650586701434159,2.450598471878606e-05,0.006944100077920992,2
202310,Ridge Racer™ Unbounded,28,0.003650586701434159,0.0003588049856089795,0.00713630851839893,1
317510,Beyond Gravity,28,0.003650586701434159,0.00020877226553935063,0.0070503112805115386,2
475240,ORCS,28,0.003650586701434159,0.00017282749185913566,0.0070296752158613505,1
334690,Squirreltopia,27,0.0035202086049543673,0.00018371830383435918,0.007032863030369492,1
477870,Yomawari: Night Alone / 夜廻,27,0.0035202086049543673,0.0002315018668017651,0.0070663766872234475,0
483770,Autobahn Police Simulator 2,27,0.0035202086049543673,0.0002233373779576863,0.007067434920083911,1
367570,oO,27,0.0035202086049543673,0.00023686334707805146,0.0070666361035381,0
987020,D.R.O.N.E. The Game,27,0.0035202086049543673,0.00030449135564363357,0.007105344673648627,1
390710,Acceleration of SUGURI 2,27,0.0035202086049543673,0.0001243604409512144,0.007006564254939508,0
587420,Cart Racer,27,0.0035202086049543673,0.0003111512109530761,0.007110300849447873,2
359900,The Incredible Adventures of Van Helsing III,27,0.0035202086049543673,0.00021642562408874142,0.0070599628605776356,0
315660,Trainz: A New Era,27,0.0035202086049543673,0.0005764647616370944,0.007265468375266535,1
922460,Cheeky Chooks,27,0.0035202086049543673,0.00014853388456333706,0.007014640556337738,2
2390,Heretic: Shadow of the Serpent Riders,27,0.0035202086049543673,0.00017005497462865065,0.007024736271616245,2
947300,Grim Nights,27,0.0035202086049543673,0.0002072859134700004,0.007050370628907589,2
619500,cyubeVR,27,0.0035202086049543673,0.00034373402587016896,0.007128471103380808,1
724300,Roof Rage,27,0.0035202086049543673,0.0002599198564923714,0.007076891410519545,1
453890,Black Rose,27,0.0035202086049543673,0.00011372807096317124,0.006994145605209775,1
223330,Sea Dogs: To Each His Own - Pirate Open World RPG,27,0.0035202086049543673,0.0003334090553065122,0.007121884640898816,1
25980,Majesty 2,27,0.0035202086049543673,0.0001843092298292438,0.0070383419487781065,0
681390,ZomDay,27,0.0035202086049543673,1.9959110256350477e-05,0.006942260441073832,2
345660,RIDE,27,0.0035202086049543673,0.00018623778500260224,0.007035798867951094,1
226740,Monster Loves You!,27,0.0035202086049543673,0.00015785569467312137,0.007019589992355856,2
349220,The Black Watchmen,27,0.0035202086049543673,0.00014960604570298986,0.007016571689701713,0
203510,Fortune Summoners,27,0.0035202086049543673,0.00012719227476483693,0.007006075131467748,0
866540,VR Flush,27,0.0035202086049543673,0.0001406788946899454,0.007010955810461938,2
277590,Assassin's Creed Freedom Cry,27,0.0035202086049543673,0.00034959977816846036,0.007131069908212233,1
208670,Blades of Time,27,0.0035202086049543673,0.00021815533219988234,0.007056189772487958,2
407310,NEKO-NIN exHeart,27,0.0035202086049543673,0.0001725643196509264,0.007035679593793634,0
33110,Alien Shooter: Revisited,27,0.0035202086049543673,0.00026453843788010444,0.007088061535067877,1
886900,Chef: A Restaurant Tycoon Game,27,0.0035202086049543673,0.000328396094371076,0.0071188285290346535,1
461040,PICO PARK,27,0.0035202086049543673,0.00037452732218351043,0.007141548151005921,1
550310,Root Of Evil: The Tailor,27,0.0035202086049543673,0.00014329880950783648,0.00701336442448643,1
214700,Thirty Flights of Loving,27,0.0035202086049543673,6.106243405568948e-05,0.00696378684803515,2
959080,Unsung Warriors - Prologue,27,0.0035202086049543673,0.0003673559918373445,0.007143052606712406,1
21680,Bionic Commando: Rearmed,27,0.0035202086049543673,0.0001478818977345675,0.007013560854557367,2
365020,Gynophobia,27,0.0035202086049543673,0.0002612708584094222,0.0070789239754515095,0
244050,Rise of Flight United,27,0.0035202086049543673,0.00020801121283187568,0.007048461158963951,1
862480,The Spiral Scouts,27,0.0035202086049543673,4.062986323158611e-05,0.006951581056241169,0
858590,Last Tide,27,0.0035202086049543673,0.0002949756968088832,0.007101881993242827,1
766280,A Light in the Dark,27,0.0035202086049543673,0.00019883639497595345,0.0070467162923778205,0
871930,Gladiabots,27,0.0035202086049543673,0.00029297740790568854,0.007098930833682465,0
438680,One Troll Army,27,0.0035202086049543673,0.00016433648692759068,0.007023845638309388,1
821890,Steven Universe: Save the Light,27,0.0035202086049543673,0.00038810795445773236,0.00715094573828225,1
346850,Chip's Challenge 1,27,0.0035202086049543673,0.0001704356139093877,0.0070262774442426445,1
402620,Kindred Spirits on the Roof,27,0.0035202086049543673,0.0001300820836304947,0.007007662387725856,0
9880,Champions Online,27,0.0035202086049543673,0.0003007310121582356,0.0071060134923497465,1
640120,Youropa,27,0.0035202086049543673,0.00019008733291259154,0.007038205211160017,0
551860,Abandon Ship,27,0.0035202086049543673,0.00012561100547348188,0.00700423889460342,0
3130,Men of War: Red Tide,27,0.0035202086049543673,0.0002721590741093979,0.007087712713115941,1
554600,Learn Japanese To Survive! Katakana War,27,0.0035202086049543673,0.0001783961423500505,0.007034776292724661,0
307290,Velvet Sundown,27,0.0035202086049543673,0.0001527572653585873,0.007019093165676901,1
327510,WASTED,27,0.0035202086049543673,0.0003623790175859557,0.007136915105860455,1
440630,The Brookhaven Experiment,27,0.0035202086049543673,4.357127715512776e-05,0.0069529341140136215,6
336420,Bloodsports.TV,27,0.0035202086049543673,8.760239318932294e-05,0.006979003164981607,2
22310,Rogue Warrior,27,0.0035202086049543673,0.0002936654082926435,0.007098575292114018,1
34410,Death to Spies: Moment of Truth,27,0.0035202086049543673,0.0002523568676053828,0.0070746183468052845,1
291710,The Lost Crown,27,0.0035202086049543673,0.00010476685775071309,0.00699098045895655,0
339230,ZOMBI,27,0.0035202086049543673,0.00024729911171169727,0.007069883146400763,0
878320,SIMULACRA: Pipe Dreams,27,0.0035202086049543673,0.0003433944789726268,0.0071279907866031115,1
213030,Penny Arcade's On the Rain-Slick Precipice of Darkness 3,26,0.003389830508474576,9.17245522320206e-05,0.006980817838886335,2
206370,Tales From Space: Mutant Blobs Attack,26,0.003389830508474576,0.0001523962170857283,0.007017545674005547,2
378100,Nyctophobia,26,0.003389830508474576,0.0001345683774320418,0.007005758154262733,2
321400,Supraball,26,0.003389830508474576,0.00036865598677866276,0.00713962194780468,1
392470,NOBUNAGA'S AMBITION: Sphere of Influence,26,0.003389830508474576,0.00013380829754701954,0.0070085930065266495,2
691690,Ash of Gods: Redemption,26,0.003389830508474576,0.00016114191874690365,0.007026264292936555,0
356500,STAR WARS™ Galactic Battlegrounds Saga,26,0.003389830508474576,0.000198406646466485,0.007049797648862197,2
628730,Adolescent Santa Claus,26,0.003389830508474576,0.00011239500726820792,0.006991774018219845,0
654900,qop,26,0.003389830508474576,0.000280162940526557,0.007090580963951052,1
32460,Monkey Island™ 2 Special Edition: LeChuck’s Revenge™,26,0.003389830508474576,0.0002065875572177189,0.007057909500382526,0
287100,Chaos Domain,26,0.003389830508474576,0.0003132668429401176,0.007109483510295001,1
613880,Zoo Tycoon: Ultimate Animal Collection,26,0.003389830508474576,0.00023673791309737505,0.007064051462862565,1
495990,True Love ～Confide to the Maple～,26,0.003389830508474576,0.00012138147006395297,0.0070024057124069335,0
754530,IL-2 Sturmovik: Cliffs of Dover Blitz Edition,26,0.003389830508474576,0.00019681136733042394,0.007048252710014113,1
885640,Lynne,26,0.003389830508474576,0.00028103781391205764,0.0070874633627139,2
330820,2064: Read Only Memories,26,0.003389830508474576,6.644471066687922e-05,0.0069651267634787085,0
676760,Noise,26,0.003389830508474576,7.506034035237813e-05,0.006968860566170233,1
502550,Strike.is: The Game,26,0.003389830508474576,0.00012108581040313775,0.00699863823527329,0
851930,Battle Royale Tycoon,26,0.003389830508474576,0.00021028333776562332,0.007049575215536314,1
603030,Lamp Head,26,0.003389830508474576,0.000381658428751653,0.007146808944915565,1
858940,Flowers -Le volume sur ete-,26,0.003389830508474576,0.0001883758358228462,0.007047880054371034,0
334420,Out There: Ω Edition,26,0.003389830508474576,8.730995358379853e-05,0.006978444394247691,0
565120,The Station,26,0.003389830508474576,0.00014739497348519582,0.007011148255441053,0
629910,Clicker Heroes 2,26,0.003389830508474576,0.00012183144430693856,0.007000868812743436,0
40980,Stronghold Legends: Steam Edition,26,0.003389830508474576,0.0002380116622846406,0.007066734506496101,1
314240,RPG Tycoon,26,0.003389830508474576,0.0001888197342645114,0.00703821558892283,2
350070,Environmental Station Alpha,26,0.003389830508474576,0.00015897008154019886,0.007019860621128824,0
695630,新仙剑奇侠传 单机版(Chinese Paladin：Sword and Fairy),26,0.003389830508474576,0.00026097443504829245,0.007080452688444275,0
336080,Vietnam ‘65,26,0.003389830508474576,4.010430655003957e-05,0.006950118601672325,0
946010,Tasty Planet Forever,26,0.003389830508474576,0.00042034383071178316,0.007170044218640962,1
515040,Make America Great Again: The Trump Presidency,26,0.003389830508474576,0.00028112237939934736,0.007090870868939184,1
39690,ArcaniA,26,0.003389830508474576,0.00021246100327104413,0.007052056306818194,1
508390,Scrap Garden - The Day Before,26,0.003389830508474576,0.00016688442211215316,0.007021194347736226,1
335320,Bet On Soldier,26,0.003389830508474576,0.00034486552052421474,0.007127736639955968,1
828050,The Mirror Lied,26,0.003389830508474576,9.536078052994582e-05,0.006984142611593794,0
214550,Eets Munchies,26,0.003389830508474576,0.00027831960507256417,0.0070882472512099086,1
650760,侠客风云传前传(Tale of Wuxia:The Pre-Sequel),26,0.003389830508474576,0.00020296738832391347,0.007067069901849286,0
223510,Miasmata,26,0.003389830508474576,0.00017193928406763142,0.007026337380283368,1
264120,Victory: The Age of Racing,26,0.003389830508474576,0.00018833497790261966,0.007037979488738016,2
214790,The Basement Collection,26,0.003389830508474576,0.0005087877475478721,0.007225294714832273,1
686680,Computer Tycoon,26,0.003389830508474576,0.00039117720990085753,0.007156546221726418,1
559620,Outlaws + A Handful of Missions,26,0.003389830508474576,0.00010564229080325276,0.006988089723893341,2
42120,Lead and Gold: Gangs of the Wild West,26,0.003389830508474576,0.00032853560106855243,0.007120001876828548,1
528550,Drunkn Bar Fight,26,0.003389830508474576,0.0005634269512108413,0.007249260505096577,1
281750,Munin,26,0.003389830508474576,0.00016711537233458237,0.007025011729768221,2
319170,Disney G-Force,26,0.003389830508474576,0.00035818816225915577,0.007133086498799974,1
459010,Ghost Town Mine Ride & Shootin' Gallery,26,0.003389830508474576,9.546126720770084e-05,0.006981668254754176,6
600430,Ticket to Ride: First Journey,26,0.003389830508474576,6.619347985388258e-05,0.00696476394657143,0
324710,To Be or Not To Be,26,0.003389830508474576,6.979233941526384e-05,0.006969307170533893,0
297210,Famaze,26,0.003389830508474576,5.587598776412971e-05,0.006958905564569198,2
524580,Fairy Fencer F Advent Dark Force | フェアリーフェンサー エフ ADVENT DARK FORCE | 妖精劍士 F ADVENT DARK FORCE,26,0.003389830508474576,0.00010137711755626155,0.006987191857503361,0
243780,PixelJunk™ Monsters Ultimate,26,0.003389830508474576,6.800918692698689e-05,0.006965933209836362,0
546430,Pathway,26,0.003389830508474576,7.990387103728457e-05,0.006974063726061057,0
340150,Basement,26,0.003389830508474576,0.0001426879611786133,0.0070113170191669315,0
976390,9-nine-:Episode 1,26,0.003389830508474576,0.00019654110201006386,0.007045922850335567,0
251630,The Impossible Game,26,0.003389830508474576,0.00048364257272270477,0.00720584274794401,1
580170,My Lovely Daughter,26,0.003389830508474576,0.00013230851203256273,0.007005184423570777,0
248530,Depth Hunter 2: Deep Dive,26,0.003389830508474576,0.00019647958130563742,0.007041672851619043,2
368990,Despair,26,0.003389830508474576,0.0002988545940626194,0.007100306121646538,2
266170,Windforge,26,0.003389830508474576,0.00016617948048115006,0.00702366802810293,2
252630,Eldritch Reanimated,26,0.003389830508474576,0.00013386251229387982,0.0070075537079478745,0
307640,Stick RPG 2: Director's Cut,26,0.003389830508474576,0.00015180830999751973,0.007014999610570323,1
594040,SERIES MAKERS TYCOON,26,0.003389830508474576,0.00046419023030876193,0.007200295635188877,1
455910,STAR WARS™: Rogue Squadron 3D,26,0.003389830508474576,0.0002680598826684557,0.007081298070086126,1
420970,RoBoRumble,26,0.003389830508474576,0.00025337699881396956,0.007073268460396143,1
274480,Drox Operative,26,0.003389830508474576,4.889010961350289e-05,0.006956096218616584,0
564050,Bud Spencer & Terence Hill - Slaps And Beans,26,0.003389830508474576,0.00012205764357173399,0.006998756869281054,1
394600,Mighty Gunvolt,26,0.003389830508474576,0.00016014199421196719,0.007021154834699842,2
936780,Warplanes: WW2 Dogfight,26,0.003389830508474576,0.00030079876994600654,0.007102528767224892,1
327560,Near Death,25,0.003259452411994785,0.00017435626164362316,0.0070273751489353595,0
234330,MARVEL Puzzle Quest,25,0.003259452411994785,0.00011227031123476509,0.006990091603501963,2
916930,Red Crucible 2: Reborn,25,0.003259452411994785,0.0004174701720006554,0.007166323130776323,1
46480,Still Life,25,0.003259452411994785,9.606312217124594e-05,0.006983905337111946,0
21660,Street Fighter® IV,25,0.003259452411994785,0.0002913298170921753,0.007094565852607806,2
656600,Slash It Ultimate,25,0.003259452411994785,2.445981681671485e-05,0.00693882317612643,0
334540,Vox Machinae,25,0.003259452411994785,0.00011312010753122426,0.006992233783373221,1
676820,Subsurface Circular,25,0.003259452411994785,0.00012070053323044939,0.006994628007019044,2
336940,Basingstoke,25,0.003259452411994785,0.0001881684276520528,0.00703318030247432,0
259060,Dominions 4: Thrones of Ascension,25,0.003259452411994785,0.00015973648794631872,0.0070203471612575565,0
791470,DYO,25,0.003259452411994785,0.00027509971012044395,0.007085645601318523,0
302610,Boson X,25,0.003259452411994785,0.00034926062963170094,0.007128974614853551,0
689090,Microtransaction Simulator,25,0.003259452411994785,0.00018906720904922036,0.007034229290843949,1
342940,Project: Gorgon,25,0.003259452411994785,9.394699718508618e-05,0.006980320682735945,2
774541,"Species: Artificial Life, Real Evolution",25,0.003259452411994785,0.0002566032404863935,0.007074564854564216,1
240970,Half Minute Hero: The Second Coming,25,0.003259452411994785,0.000284991581735434,0.007091189675297474,2
345610,The Fruit of Grisaia,25,0.003259452411994785,0.00011937693094285423,0.006994081951301898,0
1028570,Lofi Ping Pong,25,0.003259452411994785,0.00015242841410603698,0.0070134263792429345,0
283230,Spoiler Alert,25,0.003259452411994785,0.0001791911328381529,0.0070302559550489,1
289180,A.I.M.2 Clan Wars,25,0.003259452411994785,0.00013511078965531214,0.007005047182071116,1
327740,TRON 2.0,25,0.003259452411994785,4.3813473483876315e-05,0.006951032120986307,2
284770,Enigmatis 2: The Mists of Ravenwood,25,0.003259452411994785,0.00015305765467584363,0.007013980776780684,2
973090,Toilet Simulator,25,0.003259452411994785,0.0004572203857722318,0.007187003180454081,1
987230,Shadow Legend VR,25,0.003259452411994785,0.00019834887883246068,0.007040745013946022,0
949290,Winkeltje: The Little Shop,25,0.003259452411994785,6.240732368473264e-05,0.006963778382338532,0
758480,Ukrainian ball in search of gas,25,0.003259452411994785,0.0006582082096778926,0.007305357742247913,1
301300,Chicken Invaders 4,25,0.003259452411994785,0.00020590420085700456,0.00704755713425123,1
535520,Nidhogg 2,25,0.003259452411994785,0.0003218393736345967,0.007107728230523891,1
895600,Mojo,25,0.003259452411994785,0.0003447912391100912,0.007124261449913954,2
339000,Ukrainian Ninja,25,0.003259452411994785,0.00035991631371143617,0.00713059684459871,1
328940,The Deer God,25,0.003259452411994785,0.00020692045789308912,0.007045331294298784,1
383840,Nimbatus - The Space Drone Constructor,25,0.003259452411994785,0.00026841239039829983,0.007079070329353589,0
966680,Red Matter,25,0.003259452411994785,7.142963701606511e-05,0.006969458764983002,2
335620,Star Traders: Frontiers,25,0.003259452411994785,7.445009986813531e-05,0.006971363800498962,0
400450,NeuroVoider,25,0.003259452411994785,0.0001837469727800174,0.007031018030046437,0
318020,Act of Aggression - Reboot Edition,25,0.003259452411994785,8.793325082973205e-05,0.00697751932597619,2
372540,The Lost Mythologies,25,0.003259452411994785,9.740224907547793e-05,0.0069803211537773895,2
802870,The Ditzy Demons Are in Love With Me,25,0.003259452411994785,0.000287062411549774,0.0071003809712540476,0
655770,Crimson Gray,25,0.003259452411994785,0.00016087657412889588,0.007019759641522434,1
340520,Tallowmere,25,0.003259452411994785,9.73886948946289e-05,0.006981715275193933,2
731770,Flightless,25,0.003259452411994785,8.61715988395591e-05,0.006974606448905807,1
685240,Paradiddle,25,0.003259452411994785,0.00026979520285411065,0.007083449926454555,1
492290,Has-Been Heroes,25,0.003259452411994785,0.00010704361572277361,0.006988043700379847,0
414870,Super Mega Baseball 2,25,0.003259452411994785,0.00018445653510274122,0.007034437535089449,0
3170,King's Bounty: Armored Princess,25,0.003259452411994785,0.0001068591347706829,0.00699081566712551,0
855010,270 | Two Seventy US Election,25,0.003259452411994785,0.0003263991892974966,0.007112464644903361,1
946610,Pocket Rogues,25,0.003259452411994785,0.00012103110992288321,0.006994313851257979,2
656200,电竞俱乐部/ESports Club,25,0.003259452411994785,0.0003064731805681964,0.007102938164121144,1
427880,P.A.M.E.L.A.®,25,0.003259452411994785,0.000229701034724372,0.007062379210143266,0
569530,Sky Noon,25,0.003259452411994785,0.00032709350578474724,0.007113816526963772,1
415480,Hyperdevotion Noire: Goddess Black Heart (Neptunia),25,0.003259452411994785,9.781144355707089e-05,0.006982493494264349,0
431590,Earn to Die 2,25,0.003259452411994785,0.0002442984530681918,0.007069698461561106,0
251830,Stick it to The Man!,25,0.003259452411994785,0.00010200718137550086,0.006985104965116722,0
346830,FINAL FANTASY IV: THE AFTER YEARS,25,0.003259452411994785,0.00014730186118533107,0.007014848348077043,0
503620,Fictorum,25,0.003259452411994785,0.00024920951726550806,0.007073737366062612,0
553520,Trainz Railroad Simulator 2019,25,0.003259452411994785,0.0005648825348257783,0.0072602927696558805,1
834150,Glare1more,25,0.003259452411994785,0.0001396010888257126,0.007005417220322388,0
702320,March of Empires,25,0.003259452411994785,0.0002789530790662003,0.007090502566982959,1
701870,Swarm Queen,25,0.003259452411994785,0.00022196706449234636,0.007051066630569235,2
234940,The 39 Steps,25,0.003259452411994785,0.00011422962341115136,0.006991211645135863,2
466740,ARAYA,24,0.0031290743155149934,0.0001484981047020645,0.007010599133063178,0
414740,RAID: World War II,24,0.0031290743155149934,0.0002607770014691855,0.0070799015829607174,8
322680,BLACKHOLE,24,0.0031290743155149934,0.00023590099553512402,0.007062056592688486,1
301750,RADical ROACH Remastered,24,0.0031290743155149934,0.00011793938729908458,0.006991988026353308,1
71240,SEGA Bass Fishing,24,0.0031290743155149934,0.00024362150953322805,0.0070649835360471975,2
298520,Orbital Gear,24,0.0031290743155149934,0.00034380991506534065,0.007124285352449491,1
95700,The Cat and the Coup,24,0.0031290743155149934,0.00018223224496124036,0.007030137492354452,2
406350,KartKraft™,24,0.0031290743155149934,0.0003459887880469352,0.007133397088205094,1
436180,Spacelords,24,0.0031290743155149934,0.00015978622179264982,0.007019121759999469,0
361380,World War I,24,0.0031290743155149934,0.00018166664131847647,0.007028418080636521,1
451960,The Secret of Pineview Forest,24,0.0031290743155149934,0.00016719661254336693,0.007020415884354113,1
914430,Pro Office Calculator,24,0.0031290743155149934,0.00033388797271363327,0.007113747237041729,1
48110,Silent Hunter 5®: Battle of the Atlantic,24,0.0031290743155149934,0.00023525037129509826,0.007063780617256445,1
250460,Bridge Constructor,24,0.0031290743155149934,7.839821034822258e-05,0.006969510404560613,0
359400,Why Am I Dead At Sea,24,0.0031290743155149934,0.0001366398707045463,0.007003597028053267,0
360640,12 Labours of Hercules II: The Cretan Bull,24,0.0031290743155149934,0.00024827778249621326,0.007066344614104149,2
705220,Tactical Monsters Rumble Arena,24,0.0031290743155149934,0.00017376696103621627,0.007025164194494904,1
9760,Act of War: High Treason,24,0.0031290743155149934,0.00016508992815758195,0.007020886697864678,1
385250,Paint it Back,24,0.0031290743155149934,9.283974236389946e-05,0.006979034838580569,2
560430,Indiana Jones® and the Emperor's Tomb™,24,0.0031290743155149934,0.00045848244527694224,0.00718663876782254,1
6300,Dreamfall: The Longest Journey,24,0.0031290743155149934,0.00010959236701982377,0.006986958725884047,0
605450,In Death,24,0.0031290743155149934,4.688289271913893e-05,0.006950075680666254,2
250500,Super Amazing Wagon Adventure,24,0.0031290743155149934,0.0003487662172459911,0.007126710651226995,1
575650,Lily's Day Off,24,0.0031290743155149934,0.00015669778409779244,0.007014648029016378,2
215630,Demonicon,24,0.0031290743155149934,9.105811274563895e-05,0.006979214112399549,2
658560,Zup! 7,24,0.0031290743155149934,0.00019713738388607902,0.007040567936984362,1
281450,Disciples Sacred Lands Gold,24,0.0031290743155149934,8.853830963822248e-05,0.006975720449216302,2
3410,Heavy Weapon Deluxe,24,0.0031290743155149934,0.000589548425680147,0.007263018217489046,1
301190,Frederic: Resurrection of Music,24,0.0031290743155149934,5.604156758581189e-05,0.006956606704023046,1
209830,Lone Survivor: The Director's Cut,24,0.0031290743155149934,6.666429891751505e-05,0.006962782250601322,0
278890,Angvik,24,0.0031290743155149934,0.000159041327062449,0.007017390240551179,0
326190,Alchemy Mysteries: Prague Legends,24,0.0031290743155149934,0.0002205182340230566,0.007056469788528094,2
518720,Overkill VR: Action Shooter FPS,24,0.0031290743155149934,0.00010311008234212258,0.0069818482144167445,2
517910,Sisyphus Reborn,24,0.0031290743155149934,0.000112921738360997,0.006989156803249184,2
320340,Cosmonautica,24,0.0031290743155149934,8.973989900226497e-05,0.006978301287707023,0
407900,Princess Remedy in a World of Hurt,24,0.0031290743155149934,0.0003367635513828367,0.0071152024796751695,1
758500,Loot Box Quest,24,0.0031290743155149934,0.00016047714188069774,0.0070182126523055536,0
215670,Home,24,0.0031290743155149934,7.696669481154789e-05,0.006970928982678215,2
225320,Tomb Raider III,24,0.0031290743155149934,0.00017274415363035525,0.007032017434642054,2
1029630,Power & Revolution 2019 Edition,24,0.0031290743155149934,0.00018348721644300818,0.0070351252082781115,1
342300,Zombie Kill of the Week - Reborn,24,0.0031290743155149934,0.0003025837082525651,0.007096368846334415,1
285820,Action Henk,24,0.0031290743155149934,0.00023059417944457943,0.007060250967973493,2
704030,Cattle and Crops,24,0.0031290743155149934,0.00010283353744256884,0.00698906708394836,1
397350,Lords of the Realm II,24,0.0031290743155149934,5.4609867230929306e-05,0.006956054576394335,0
302710,BlazeRush,24,0.0031290743155149934,0.00016292055605101032,0.007017850137764672,0
453750,Tyto Ecology,24,0.0031290743155149934,0.0003880210319967441,0.0071443495826109165,1
289760,ROCKETSROCKETSROCKETS,24,0.0031290743155149934,0.0001992403948778149,0.007038376193695761,1
680340,Omega Strike,24,0.0031290743155149934,0.000291759994829607,0.007091537672560004,1
466170,Idling to Rule the Gods,24,0.0031290743155149934,0.000584031525895039,0.007267495543167442,1
654050,JYDGE,24,0.0031290743155149934,0.00013057190427962263,0.006998206630098447,2
278100,"RIVE: Wreck, Hack, Die, Retry!",24,0.0031290743155149934,6.205692089400368e-05,0.006960734374384549,0
852340,King Rabbit,24,0.0031290743155149934,0.00011271627258592368,0.006987591950365352,0
648580,428: Shibuya Scramble,24,0.0031290743155149934,0.00021644125593420674,0.007049644866473777,0
591420,Zup! 4,24,0.0031290743155149934,0.00041288495196421067,0.007162101240512369,1
201230,EverQuest II,24,0.0031290743155149934,0.00020797957438657504,0.007045147073623502,1
65560,Painkiller Redemption,24,0.0031290743155149934,0.0001962861247435619,0.007037230395532195,1
285800,Braveland,24,0.0031290743155149934,0.00017670740994817506,0.007027644169272079,2
298480,Victory At Sea,24,0.0031290743155149934,0.0001210574283072934,0.006994140208121685,1
765870,Leisure Suit Larry - Wet Dreams Don't Dry,24,0.0031290743155149934,0.00019280230407263922,0.0070356091393868675,0
527100,Star Trek™: Bridge Crew,24,0.0031290743155149934,0.00012348488976048674,0.006995721807520134,1
463210,State of Anarchy,24,0.0031290743155149934,0.0001929195380863799,0.007034688348916694,1
364050,Face It - A game to fight inner demons,24,0.0031290743155149934,0.00018507054289953554,0.00703854419398374,2
253860,Earth 2140,24,0.0031290743155149934,0.00026002453980862204,0.007077173206991633,2
880850,War Rock,24,0.0031290743155149934,0.00014508991646970638,0.007008508115101135,1
751440,VR Kanojo / VRカノジョ,24,0.0031290743155149934,0.0001481481082949388,0.0070126375447502436,0
816490,Hidden Paws,23,0.0029986962190352018,0.00023104268784963425,0.007054251675116617,1
345240,SHOGUN: Total War™ - Collection,23,0.0029986962190352018,0.00020037441395163107,0.007039039150030212,1
325180,AppGameKit: Easy Game Development,23,0.0029986962190352018,0.00017330118064722296,0.007025654433872327,0
327670,Ironcast,23,0.0029986962190352018,8.120703132802585e-05,0.006969523049872108,0
1020340,Audica,23,0.0029986962190352018,9.177876035121893e-05,0.006975064450977595,2
840010,Garden Paws,23,0.0029986962190352018,6.545989635913141e-05,0.006960036433960104,0
303790,Faery - Legends of Avalon,23,0.0029986962190352018,0.00010985200726965969,0.006985920593046985,2
664180,Draw Puzzle 画之谜,23,0.0029986962190352018,8.944588044368425e-05,0.006975774407798248,0
407300,The Last NightMary - A Lenda do Cabeça de Cuia,23,0.0029986962190352018,0.00022805352956189792,0.0070540057023337115,1
357290,Red Lake,23,0.0029986962190352018,0.00024241236427870918,0.007060950660048258,1
614950,Shootout on Cash Island,23,0.0029986962190352018,9.565896428849718e-05,0.006976643838720081,1
980850,Pixel Battle Royale,23,0.0029986962190352018,0.0004264079198914544,0.007168189379518301,1
441550,STAR WARS™ Rebellion,23,0.0029986962190352018,0.00013343692874194645,0.007001340850054855,2
306660,Ultimate General: Gettysburg,23,0.0029986962190352018,0.00014913525135686317,0.0070119517777369285,0
294040,Loot Hero DX,23,0.0029986962190352018,0.0001299846402400247,0.00699696914555015,1
216910,Of Orcs And Men,23,0.0029986962190352018,8.114790954843005e-05,0.006970262066615933,0
365210,Hollywood Visionary,23,0.0029986962190352018,4.71324573559646e-05,0.006949431873454353,2
444930,Zaccaria Pinball,23,0.0029986962190352018,0.00017893480053527734,0.00702705906139829,1
568770,Cinderella Phenomenon - Otome/Visual Novel,23,0.0029986962190352018,0.00011633404495645264,0.0069922511799468245,0
418070,Turbo Pug,23,0.0029986962190352018,0.00015789637408686303,0.0070116638578643,2
567290,Slash It,23,0.0029986962190352018,2.498626057677452e-05,0.006935966918747259,0
546700,The Butterfly Sign,23,0.0029986962190352018,0.00013204028281225966,0.007000306872654973,0
348240,Gun Wings,23,0.0029986962190352018,0.00015499447918239836,0.007012412184623555,2
297450,Zombies on a Plane,23,0.0029986962190352018,1.6104269405061966e-05,0.00693107834486215,2
897030,Paratopic,23,0.0029986962190352018,0.00012008186439802374,0.006992040781721306,1
333300,ADOM (Ancient Domains Of Mystery),23,0.0029986962190352018,0.00015925987889939857,0.007015872455676044,0
248330,Dino Run DX,23,0.0029986962190352018,0.00032912821205166094,0.007110992227113608,2
359220,MX vs. ATV Unleashed,23,0.0029986962190352018,0.00026529017281643375,0.007076309732835076,1
11240,Space Trader: Merchant Marine,23,0.0029986962190352018,0.00017249666426213055,0.007020714687873519,1
885150,Capcom Beat 'Em Up Bundle / カプコン ベルトアクション コレクション,23,0.0029986962190352018,6.238184541880317e-05,0.0069588302977077205,0
3730,Aliens versus Predator Classic 2000,23,0.0029986962190352018,0.0004088684412942748,0.007157576876944867,1
698640,Deep Sky Derelicts,23,0.0029986962190352018,0.00013655159121644475,0.007001598542829371,0
641080,Trials® Rising,23,0.0029986962190352018,0.0002893417445895044,0.007093507852481274,0
539640,Racecar.io,23,0.0029986962190352018,5.642780336589901e-05,0.0069536642269274005,1
413710,Blood and Gold: Caribbean!,23,0.0029986962190352018,0.00022932364221532245,0.007056961992627031,2
556050,Hyper Jam,23,0.0029986962190352018,0.0002560788877221137,0.007074292953391007,1
390730,Sora,23,0.0029986962190352018,0.0002577233251739654,0.007075462008427962,0
629220,Rise of Insanity,23,0.0029986962190352018,8.132223611884505e-05,0.006969330314603182,2
657630,Fidget Spinner,23,0.0029986962190352018,0.00031232687322951564,0.007100362669234849,1
433350,BlackShot: Mercenary Warfare FPS,23,0.0029986962190352018,0.00040937310971232786,0.007155842408519997,1
970510,蓝宝石般的被害妄想少女/Damsel with persecutory delusion,23,0.0029986962190352018,0.00020834144782325815,0.0070511989529327464,0
464360,3030 Deathwar Redux - A Space Odyssey,23,0.0029986962190352018,0.00014170595763306055,0.007003440540921104,0
403970,The Dwarves,23,0.0029986962190352018,0.00020717114179393364,0.007046450278538221,0
312540,Ys VI: The Ark of Napishtim,23,0.0029986962190352018,0.00011591478625545538,0.0069891774036047105,0
280520,Crea,23,0.0029986962190352018,0.00023914968247781176,0.007067605813154564,0
428750,Neon Chrome,23,0.0029986962190352018,6.341115534778282e-05,0.006959408873954265,0
270310,Dominique Pamplemousse,23,0.0029986962190352018,0.00015944919253840697,0.0070150047083322896,1
218410,Defender's Quest: Valley of the Forgotten (DX edition),23,0.0029986962190352018,6.185835327953927e-05,0.006958585563374502,2
38720,RUSH,23,0.0029986962190352018,0.0004099422005867057,0.007156991134447769,1
33620,Crash Time 3,23,0.0029986962190352018,0.00022988689203415032,0.007053236842070343,1
208400,Avernum: Escape From the Pit,23,0.0029986962190352018,0.00019091313431925382,0.007034147712845033,0
302690,Metal Dead,23,0.0029986962190352018,0.00011696018635512201,0.006989903793492014,0
1057430,Geometry May. I swear it's a nice free game,23,0.0029986962190352018,7.783695700607621e-05,0.006967971488453565,2
895220,Leaflet Love Story,23,0.0029986962190352018,0.00013730729386124903,0.007003156829024479,0
65730,Take On Helicopters,23,0.0029986962190352018,0.0001295306169786535,0.006998481526215404,1
663390,Rento Fortune - Online Dice Board Game,23,0.0029986962190352018,0.0002945069247731107,0.007092969413313821,3
583090,SeaBed,23,0.0029986962190352018,5.45230697815624e-05,0.00696037951687775,0
356310,METAL SLUG DEFENSE,23,0.0029986962190352018,0.0001218616816722125,0.006990918428801254,1
233550,Another World – 20th Anniversary Edition,23,0.0029986962190352018,0.0003367403245144702,0.007116875296329347,2
389430,Knight Online,23,0.0029986962190352018,0.0003859345886091125,0.007148560571020545,1
375600,Air Brawl,23,0.0029986962190352018,0.00021000153531134703,0.007043345145093636,8
587860,Tales of Escape,23,0.0029986962190352018,0.00024153731922633954,0.0070625035097043555,1
282590,Star Ruler 2,23,0.0029986962190352018,4.082906053800964e-05,0.00694751061750692,2
1031140,The Horus Heresy: Legions,23,0.0029986962190352018,0.0003354070943706428,0.007114848514486365,1
298280,XenoRaptor,23,0.0029986962190352018,0.00018370137339130524,0.007028820186217676,2
735280,EMERGENCY 20,23,0.0029986962190352018,0.0004230039096610411,0.007181337030521939,1
1009990,SCP022,23,0.0029986962190352018,0.0003975737323956689,0.00715192547318807,1
258590,Adventure Time: Finn and Jake's Epic Quest,23,0.0029986962190352018,0.00018123333579233517,0.007026995034857529,1
577230,Three Kingdoms: The Last Warlord | 三国志:汉末霸业,23,0.0029986962190352018,0.00016496131754481115,0.007021766151808033,0
409660,Angry Video Game Nerd II: ASSimilation,23,0.0029986962190352018,0.00032953517589271445,0.007115459880799176,1
234900,Anodyne,23,0.0029986962190352018,9.222380266604866e-05,0.006976318262967699,0
715310,Urban Rivals,23,0.0029986962190352018,8.202161227842308e-05,0.00697025084134757,2
277680,"About Love, Hate and the other ones",23,0.0029986962190352018,0.00021635417212318166,0.007048962038054205,2
207320,Ys: The Oath in Felghana,23,0.0029986962190352018,3.0841555697445855e-05,0.0069418569326873125,0
419460,"That Dragon, Cancer",23,0.0029986962190352018,0.00026458729280668037,0.00707680303569143,2
349720,Audition Online,23,0.0029986962190352018,0.0002494751040629549,0.007068244442989878,1
411560,Reveal The Deep,23,0.0029986962190352018,9.844488312132522e-05,0.006980487052163818,0
330180,Pix the Cat,23,0.0029986962190352018,3.984809018373865e-05,0.006945301476328718,0
205020,Lumino City,22,0.0028683181225554106,0.0001275479157256857,0.006995153305377491,1
805820,Putin VS ISIS,22,0.0028683181225554106,0.00026902832856897556,0.007078831549612402,1
29900,Dark Sector,22,0.0028683181225554106,0.0001826049899243011,0.007029653613579381,1
411310,"Codename: Panzers, Phase One",22,0.0028683181225554106,8.170766508928152e-05,0.0069683537140545005,2
201510,Flatout 3: Chaos & Destruction,22,0.0028683181225554106,0.0003169550968647498,0.007103927798756964,1
610380,Ratty Catty,22,0.0028683181225554106,0.0003912094479707406,0.007149129028035112,1
460060,Varenje,22,0.0028683181225554106,0.0001390446870781909,0.007002826975670054,2
411080,SHOWTIME 2073,22,0.0028683181225554106,3.823352234637002e-05,0.006942471368793362,2
583010,VoiceAttack,22,0.0028683181225554106,0.00010641598323752092,0.006986365151819892,1
318100,AXYOS,22,0.0028683181225554106,0.00019961135483130034,0.00703697508939264,1
716640,Sigma Theory: Global Cold War,22,0.0028683181225554106,0.00015437897889982984,0.007012619199520553,0
691830,Avernum 3: Ruined World,22,0.0028683181225554106,0.0002037003187665562,0.0070419788841149245,0
289420,Planet Alcatraz,22,0.0028683181225554106,0.00012975543401503524,0.006997034353702118,1
329860,Catlateral Damage,22,0.0028683181225554106,0.00011932979730740555,0.006989728792027727,25
209120,Street Fighter X Tekken,22,0.0028683181225554106,9.043216483918157e-05,0.006974673477626063,2
968700,The Kite,22,0.0028683181225554106,0.00012455105429169677,0.006993565352992307,2
527700,Containment Initiative,22,0.0028683181225554106,7.44258747083018e-05,0.006962107458116206,6
604500,Tank Force,22,0.0028683181225554106,0.0002516718804711886,0.0070664948563009195,1
783120,淑女同萌！/ HELLO LADY!,22,0.0028683181225554106,9.394193066590612e-05,0.006979513254192827,0
594680,Shuyan Saga™,22,0.0028683181225554106,7.864521483416465e-05,0.006967256868462872,0
496640,Strange Night,22,0.0028683181225554106,0.00019333601901982777,0.007032615757494426,1
342980,Destination Sol,22,0.0028683181225554106,0.0002216107050536123,0.00705005102698431,1
487350,Pirate Pop Plus,22,0.0028683181225554106,0.00015103776294142287,0.007007051733292372,32
339040,Disney's Chicken Little,22,0.0028683181225554106,9.053498547807571e-05,0.0069714325920208434,1
486650,Potato Thriller,22,0.0028683181225554106,0.0004576919122620921,0.007183925200351169,1
666020,Shark Dating Simulator XL,22,0.0028683181225554106,0.0002921177016605254,0.007089541732038048,1
927270,Accounting+,22,0.0028683181225554106,0.00012575059229898787,0.006992328707021495,2
324680,Impossible Creatures Steam Edition,22,0.0028683181225554106,0.00021731751669297038,0.007047587299780731,0
429940,The Sad Story of Emmeline Burns,22,0.0028683181225554106,4.078089540893758e-05,0.006942971016413205,2
370510,Marble Mayhem: Fragile Ball,22,0.0028683181225554106,7.855496646755054e-05,0.006965880172881516,2
259390,Ballpoint Universe - Infinite,22,0.0028683181225554106,6.59871088886231e-05,0.006960861072569527,2
630060,Consummate:Missing World,22,0.0028683181225554106,0.00010858446504841181,0.006982065970810849,0
600750,Star Trek Timelines,22,0.0028683181225554106,0.00012505677747412053,0.006993098132425878,1
717640,Reigns: Her Majesty,22,0.0028683181225554106,0.00034799055406073133,0.00711942889636226,1
262260,Jets'n'Guns Gold,22,0.0028683181225554106,0.00016940470198318334,0.007018865621265231,0
115220,American Conquest: Fight Back,22,0.0028683181225554106,0.00011144671169574447,0.006987085035981394,1
523000,Princess Maker 2 Refine,22,0.0028683181225554106,0.0002046981525982444,0.007044297318675646,0
751640,Dead Dungeon,22,0.0028683181225554106,0.0003637873638202756,0.007129245599554336,1
647570,Transference™,22,0.0028683181225554106,5.258004511644965e-05,0.006953535006378774,0
495050,Mega Man Legacy Collection 2 / ロックマン クラシックス コレクション 2,22,0.0028683181225554106,8.55174448234973e-05,0.006971803851582666,1
11340,Larva Mortus,22,0.0028683181225554106,0.00024283584806636445,0.007060781064123559,0
774091,Ostalgie: The Berlin Wall,22,0.0028683181225554106,0.00018658377570801238,0.007035021918625832,1
490860,DashBored,22,0.0028683181225554106,0.0002909145074034558,0.007089592488256543,1
812550,The King's Bird,22,0.0028683181225554106,9.070101270214948e-05,0.006976246144790281,0
400740,VERGE:Lost chapter,22,0.0028683181225554106,3.445074237853379e-05,0.006940585955401066,2
430070,Never Again,22,0.0028683181225554106,9.767657369038241e-05,0.006980062097570218,0
709920,Tametsi,22,0.0028683181225554106,0.0001705643462125529,0.007019471866462869,0
670260,Solace Crafting,22,0.0028683181225554106,6.108250143104279e-05,0.006956564033437496,0
761910,Worbital,22,0.0028683181225554106,0.00020257033850541443,0.0070409603677589845,1
45000,Sol Survivor,22,0.0028683181225554106,0.00011133789346519276,0.006985480152064404,1
677340,The Colonists,22,0.0028683181225554106,6.406197314034341e-05,0.0069582279013488055,0
321290,Dandelion - Wishes brought to you -,22,0.0028683181225554106,0.00020979224035144254,0.007044700211170221,0
416210,Block'hood,22,0.0028683181225554106,0.00010948389142738659,0.006983905896425111,1
607880,Accel World VS. Sword Art Online Deluxe Edition,22,0.0028683181225554106,0.0002388695473786865,0.007061584225894564,0
839450,7'scarlet,22,0.0028683181225554106,3.986918435160987e-05,0.006943784519227892,0
851890,Gal*Gun 2,22,0.0028683181225554106,0.00016084060652323936,0.0070143508402603135,0
598490,Healer's Quest,22,0.0028683181225554106,7.367417894157685e-05,0.006964124519638626,0
1049660,stein.world,22,0.0028683181225554106,0.00034420343059148137,0.00711849302797514,1
322520,DYNASTY WARRIORS® 8 Empires,22,0.0028683181225554106,0.00016065094245008434,0.007013880663032281,0
787070,Super Ledgehop: Double Laser,22,0.0028683181225554106,0.00040628879563597397,0.007152287135840749,1
241720,Guncraft,22,0.0028683181225554106,0.00014022913532983684,0.00700284720498673,1
212390,Continent of the Ninth Seal,22,0.0028683181225554106,0.00010300043128861436,0.006979516505338924,2
673450,TimeLock VR,22,0.0028683181225554106,0.0001643832083260645,0.00701716765061909,3
714370,LEFT ALIVE™,22,0.0028683181225554106,6.977592168081753e-05,0.006962647795795785,1
352220,King of Dragon Pass,21,0.0027379400260756194,0.00014363857098949063,0.0070040288264363055,0
938380,Townsmen - A Kingdom Rebuilt,21,0.0027379400260756194,9.6648020093088e-05,0.006981091271306933,0
320540,Coffin Dodgers,21,0.0027379400260756194,0.00010832031290363256,0.006981326668133254,2
405010,Bitardia,21,0.0027379400260756194,0.00027261949147031983,0.007075919270838611,1
518920,Surgeon Simulator: Experience Reality,21,0.0027379400260756194,0.00027746604152762756,0.00707905613033919,1
776340,Gay World,21,0.0027379400260756194,0.0004862831106339017,0.007200476246985005,1
235360,Prime World: Defenders,21,0.0027379400260756194,0.0001339833403448374,0.006996579574267955,1
699670,Feudal Alloy,21,0.0027379400260756194,0.00018898804628751016,0.007027936777224504,1
33610,Broken Sword 3 - the Sleeping Dragon,21,0.0027379400260756194,1.2399033614582466e-05,0.006927083029210767,2
810660,The Office Quest,21,0.0027379400260756194,0.0001983578054026039,0.00703555166281161,0
265950,Ether One,21,0.0027379400260756194,6.218315193953362e-05,0.006955493794755205,0
661000,Flow:The Sliding,21,0.0027379400260756194,0.00018270900056022304,0.0070244053599723445,1
1630,Disciples II: Rise of the Elves ,21,0.0027379400260756194,8.221643639887334e-05,0.006968951917553126,2
351700,UnReal World,21,0.0027379400260756194,7.156938240698633e-05,0.006960452543932801,0
325730,The Hive,21,0.0027379400260756194,0.00010649744298695179,0.0069806107028991815,1
578210,A-Tech Cybernetic VR,21,0.0027379400260756194,0.00011252563740303855,0.006987797597108212,2
514310,SENRAN KAGURA Bon Appétit! - Full Course,21,0.0027379400260756194,0.000247504677795164,0.00706277436943733,0
3260,Safecracker: The Ultimate Puzzle Adventure,21,0.0027379400260756194,2.756644795699672e-05,0.006934901621651797,0
502240,You Deserve,21,0.0027379400260756194,5.845423397508429e-05,0.006952309113179407,2
504050,Planet Nomads,21,0.0027379400260756194,0.00013273637041725923,0.006998274395216491,2
491040,Bot Vice,21,0.0027379400260756194,7.305098637959855e-05,0.006961509136895177,0
25990,Majesty Gold HD,21,0.0027379400260756194,7.75422560441257e-05,0.0069637496558748275,0
341710,Crest - an indirect god sim,21,0.0027379400260756194,7.20004289700552e-05,0.006961780992705474,2
529440,Behold the Kickmen,21,0.0027379400260756194,0.00011949132047588383,0.006989230270406983,0
314980,Supreme Ruler Ultimate,21,0.0027379400260756194,8.917687660119939e-05,0.006972127299659395,0
264160,WazHack,21,0.0027379400260756194,0.00010302979809951479,0.006979425000787579,0
340450,Crashed Lander,21,0.0027379400260756194,6.794703588272562e-05,0.006957984716284747,2
490920,Wolfpack,21,0.0027379400260756194,0.0002603451028989853,0.007073475284556538,1
235720,Cubetractor,21,0.0027379400260756194,4.382808015972331e-05,0.0069440963696530906,2
282560,RollerCoaster Tycoon World™,21,0.0027379400260756194,0.00022050368023992392,0.007050898620005418,1
887400,The Great Geometric Multiverse Tour,21,0.0027379400260756194,0.00031060024970244596,0.007096501145793454,1
579840,Bloody Trapland 2: Curiosity,21,0.0027379400260756194,0.00016956125295942328,0.007018095269176408,1
785890,Hexologic,21,0.0027379400260756194,3.851369479178685e-05,0.006944793880255964,0
579720,Neverout,21,0.0027379400260756194,0.00012066932909180743,0.006990370978367375,4
382050,Eon Altar,21,0.0027379400260756194,5.6671414036779816e-05,0.006952524671725842,0
679750,Catch & Release,21,0.0027379400260756194,7.986502599518869e-05,0.006965096381803995,2
260160,The Last Tinker™: City of Colors,21,0.0027379400260756194,4.2509289376205875e-05,0.006943202410486022,2
420790,StarBreak,21,0.0027379400260756194,0.00015546025171705592,0.007011840260150843,2
633060,Orwell: Ignorance is Strength,21,0.0027379400260756194,8.177332609584425e-05,0.006968503889655749,0
70620,Worms Crazy Golf,21,0.0027379400260756194,0.00018709542312751596,0.007028040778134071,1
15300,Tom Clancy's Ghost Recon®,21,0.0027379400260756194,0.00017375521970641131,0.007022403933544,1
611180,Super Street: The Game,21,0.0027379400260756194,0.00014939327937083308,0.007006402447049433,1
584370,The Trail: Frontier Challenge,21,0.0027379400260756194,0.0003826715398773913,0.0071406312586306,1
658550,Zup! Zero 2,21,0.0027379400260756194,0.00012017601184004204,0.006991965277224183,1
12770,Rise of the Argonauts,21,0.0027379400260756194,2.8586301862259226e-05,0.006935489158800504,0
329460,JumpJet Rex,21,0.0027379400260756194,0.00019417999269012086,0.007030202828763695,1
225420,Cities in Motion 2,21,0.0027379400260756194,0.00015957378211159916,0.007016360674208008,0
757300,Truberbrook / Trüberbrook,21,0.0027379400260756194,8.769617233572724e-05,0.006971020830122543,0
3270,Painkiller Overdose,21,0.0027379400260756194,0.00019129594013866038,0.007029204925538337,1
485650,Campaign Clicker,21,0.0027379400260756194,0.00019020731377453526,0.0070283791892126295,2
603530,A Robot Named Fight!,21,0.0027379400260756194,8.013258823864735e-05,0.00696567072374043,0
333250,Forward to the Sky,21,0.0027379400260756194,0.00015935274450063833,0.007011105720598914,0
403180,Draw a Stickman: EPIC 2,21,0.0027379400260756194,0.00023438974381787735,0.007054449711091534,1
319470,Ninja Pizza Girl,21,0.0027379400260756194,8.336895413175668e-05,0.0069678535961501115,2
7010,Project: Snowblind,21,0.0027379400260756194,0.00022614423776157105,0.007047879165826871,1
271820,Card City Nights,21,0.0027379400260756194,9.397617529669553e-05,0.006972688033379819,1
843890,WIN THE GAME: DO IT!,21,0.0027379400260756194,0.0003846276099427846,0.0071413902485724075,1
730920,Super Skelemania,21,0.0027379400260756194,7.72521749559103e-05,0.006964451392957743,2
381780,80 Days,21,0.0027379400260756194,0.0001044419720720656,0.006981200260024204,2
20570,"Warhammer® 40,000: Dawn of War® II Chaos Rising",21,0.0027379400260756194,0.00013610916106565485,0.007000437235733331,2
983150,樱之杜†净梦者2 / Sakura no Mori † Dreamers 2,21,0.0027379400260756194,0.00011304204126995454,0.006991790030078954,0
317710,Velocibox,21,0.0027379400260756194,0.00017338795745288106,0.0070193193129916625,2
350970,Planet of the Eyes,21,0.0027379400260756194,0.00020950317066647758,0.007038231903298598,1
205730,Insanely Twisted Shadow Planet,21,0.0027379400260756194,3.3800827590462084e-05,0.006938723527043006,2
203210,Titan Attacks!,21,0.0027379400260756194,3.874461518406347e-05,0.006941115469698009,2
809900,Calvin Tucker's Farm Animal Racing,21,0.0027379400260756194,0.0001380240620568598,0.006999757646903459,1
758870,Kynseed,21,0.0027379400260756194,0.0001265083591311868,0.0069928838785471795,0
610660,Russian Roads,21,0.0027379400260756194,0.00018664720657412753,0.0070258440837107465,1
449550,Chicken Invaders 2,21,0.0027379400260756194,0.00013219210834190058,0.00699376574068445,1
641780,The Drone Racing League Simulator,21,0.0027379400260756194,0.0001866374030948213,0.007027755873351683,1
745850,KARAKARA2,21,0.0027379400260756194,3.562936840145756e-05,0.006942020866147213,0
292500,Kero Blaster,21,0.0027379400260756194,0.00015474214380613373,0.007008040491483256,0
239090,Samurai Gunn,21,0.0027379400260756194,0.00017087200693801085,0.007017238933430061,0
33600,Broken Sword 2 - the Smoking Mirror: Remastered,21,0.0027379400260756194,1.2399033614582466e-05,0.006927083029210795,2
814200,Simple Story - Alex,21,0.0027379400260756194,0.0003917054177326538,0.007146139584809459,1
474210,BUTCHER,21,0.0027379400260756194,5.844730081222419e-05,0.006955133474035791,0
748370,STAND OUT : VR Battle Royale,21,0.0027379400260756194,0.00011754532440336829,0.006987333537742792,1
45400,Fortix,21,0.0027379400260756194,0.00015058812128175528,0.007004518746392818,1
261470,Distant Worlds: Universe,21,0.0027379400260756194,0.0002501962794439899,0.007070508116471042,0
73210,Sengoku,20,0.002607561929595828,0.00011956892662209282,0.00698904393248174,1
769950,Panzer Strategy,20,0.002607561929595828,4.0719318090770427e-05,0.0069404798821865775,2
313080,The Masterplan,20,0.002607561929595828,0.000127739602149457,0.0069908701959645525,2
395270,A Wolf in Autumn,20,0.002607561929595828,4.235897885040372e-05,0.006941818433694164,2
854570,Pamali: Indonesian Folklore Horror,20,0.002607561929595828,0.0001996093296772029,0.007033910048647835,1
441010,Mount Your Friends 3D: A Hard Man is Good to Climb,20,0.002607561929595828,0.00017779233957506565,0.007021138696247025,2
633110,FAST BEAT LOOP RACER GT | 環狀賽車GT,20,0.002607561929595828,0.0001614791388552476,0.0070101011879147345,1
327310,The Marvellous Miss Take,20,0.002607561929595828,2.6581739535869607e-05,0.006932379859516455,2
566190,The Search,20,0.002607561929595828,0.00014242194877299381,0.006999730999165732,0
446100,Mantis Burn Racing®,20,0.002607561929595828,4.9793000629901414e-05,0.006945572768726922,2
542770,Castle Must Be Mine,20,0.002607561929595828,0.00010089614828332994,0.006979369672181178,1
942930,枕边少女 MOE Hypnotist - share dreams with you,20,0.002607561929595828,8.473153013196026e-05,0.0069677250163390995,0
33520,Tropico Reloaded,20,0.002607561929595828,0.00015542524482209497,0.007005550856605493,1
1005930,Timeflow – Time and Money Simulator,20,0.002607561929595828,0.00022147109481944518,0.007047261550127439,0
808290,Runes of Magic,20,0.002607561929595828,0.00018129099645328126,0.0070233044387730086,1
6920,Deus Ex: Invisible War,20,0.002607561929595828,7.052280705292206e-05,0.006960533857657888,2
655100,Oik 3,20,0.002607561929595828,0.00027451873329796376,0.007075825814344313,1
357900,Make it indie!,20,0.002607561929595828,0.00018564970582003406,0.007023372369994684,1
576650,Fovos VR,20,0.002607561929595828,2.100584592988587e-05,0.006928388799411852,2
834280,Fishing Sim World,20,0.002607561929595828,0.0002595748419051546,0.007071395564156122,1
242130,Vector Thrust,20,0.002607561929595828,6.803794280118212e-05,0.006958887127735753,1
112100,Avadon: The Black Fortress,20,0.002607561929595828,3.889292712033336e-05,0.006939842663468884,2
405290,Charlie Murder,20,0.002607561929595828,0.0002070787484086299,0.007038255007366975,1
885570,Nova-Life,20,0.002607561929595828,0.00018682456962879784,0.007026456401346874,1
858040,Sudoku Jigsaw / 拼图数独,20,0.002607561929595828,6.800408012115763e-05,0.006957703509769731,0
702110,THE LAST BLADE 2,20,0.002607561929595828,9.516363248653173e-05,0.006972122937601363,0
280560,Danmaku Unlimited 2,20,0.002607561929595828,3.3200252380248726e-05,0.0069371330517651415,0
32390,STAR WARS™ Jedi Knight - Mysteries of the Sith™,20,0.002607561929595828,0.00023459070612497337,0.007051139753774201,1
449710,REDCON,20,0.002607561929595828,0.0001655612743427899,0.007013034457752395,1
600480,Megaquarium,20,0.002607561929595828,0.00013062398003701951,0.006995364319558766,0
673260,Starblast,20,0.002607561929595828,0.0002113580758014491,0.007039907865640435,1
367000,Fine Sweeper,20,0.002607561929595828,0.0001584414360394401,0.007009620271473643,2
437570,GoNNER,20,0.002607561929595828,0.00015434951668673677,0.007008573038402872,0
253290,FOTONICA,20,0.002607561929595828,0.0001280929376275281,0.0069903465820678025,2
808080,Ultimate Racing 2D,20,0.002607561929595828,0.00012596318478624003,0.006988924506582761,105
351090,Regency Solitaire,20,0.002607561929595828,2.512562945728937e-05,0.006931351241454918,2
860910,Hentai 3018,20,0.002607561929595828,0.0002620032940978013,0.007068614926784103,1
515260,Virtual Rides 3 - Funfair Simulator,20,0.002607561929595828,0.0001979608475815226,0.0070362395316906304,1
340810,Deepworld,20,0.002607561929595828,0.0003105591830504847,0.007095326615779739,1
371570,Tap Heroes,20,0.002607561929595828,6.249065301314645e-05,0.00695330645567579,2
46490,Still Life 2,20,0.002607561929595828,6.436385360471383e-05,0.006956187743945808,0
321260,Wickland,20,0.002607561929595828,0.00012112846987771291,0.006987582420788972,2
598330,SimAirport,20,0.002607561929595828,0.00024066998282692393,0.007060832388143184,1
895060,My House,20,0.002607561929595828,0.00018227597908023933,0.007022287170406406,1
431180,WolfQuest,20,0.002607561929595828,0.00024600275760181266,0.007060293059874548,1
297120,Heavy Bullets,20,0.002607561929595828,0.0001727478476876059,0.007015130421027423,1
761600,Onimusha: Warlords / 鬼武者,20,0.002607561929595828,0.0001246580921280793,0.006990668389791749,0
626610,TT Isle of Man,20,0.002607561929595828,0.00014560672377974344,0.0070031393162208,2
546080,Coffin of Ashes,20,0.002607561929595828,0.00014983408881181318,0.0070059868447559116,0
290510,GNOG,20,0.002607561929595828,5.5602953135064846e-05,0.006952158286303175,0
636100,Tesla vs Lovecraft,20,0.002607561929595828,0.00012975620071653253,0.006993561601088802,0
259170,Alone in the Dark,20,0.002607561929595828,0.00020417753969042765,0.007037786035544843,0
326840,Heart&Slash,20,0.002607561929595828,0.00022751680592309327,0.00704972077694463,0
21780,Driver® Parallel Lines,20,0.002607561929595828,0.00018141661945116343,0.007024712216756121,1
860620,KURSK,20,0.002607561929595828,0.00013715446212568275,0.006998789608291341,1
235320,Original War,20,0.002607561929595828,3.145241244742235e-05,0.006935895650333645,2
332790,Darkness Assault,20,0.002607561929595828,0.00024946126450598876,0.007059731004382021,1
760800,Cube Life: Island Survival,20,0.002607561929595828,9.012567824758801e-05,0.00696794068519901,1
571720,One Piece: Unlimited World Red - Deluxe Edition,20,0.002607561929595828,0.0001786400534005503,0.00702354159474597,0
251430,The Inner World,20,0.002607561929595828,0.0001148413222655378,0.006985794292315585,2
321150,Melissa K. and the Heart of Gold Collector's Edition,20,0.002607561929595828,8.346382684055e-05,0.00696568049386396,2
253840,Shantae: Half-Genie Hero,20,0.002607561929595828,0.00017137862733261717,0.0070152633909112815,0
967130,XWidget,20,0.002607561929595828,0.000306401757098067,0.007092284982142851,1
757130,Paintball War,20,0.002607561929595828,0.0001798442357562328,0.007020366955900797,1
293540,Guns and Robots,20,0.002607561929595828,0.00010707476108923552,0.006978878629790022,1
488550,Dream Car Builder,20,0.002607561929595828,0.0002965184848644854,0.007092654054342536,1
576810,2 Ninjas 1 Cup,20,0.002607561929595828,1.4558287102371435e-05,0.006925313191939054,2
586030,Shardbound,20,0.002607561929595828,0.00017280012480811257,0.007023186092420715,0
874240,MU Legend,20,0.002607561929595828,0.00019544769279676778,0.007031112758210142,1
501840,Don't Disturb,20,0.002607561929595828,0.00014982973277934616,0.007005290839717744,0
418300,Wick,20,0.002607561929595828,0.00025845063329553154,0.00706562675051377,1
401710,Flinthook,20,0.002607561929595828,0.0002128268124949678,0.007039532640285697,2
445130,The Average Everyday Adventures of Samantha Browne,20,0.002607561929595828,4.1811811636367554e-05,0.006940497600205129,2
877360,18+,20,0.002607561929595828,0.00014701631396021688,0.007002857216238954,1
369030,Vinyl,20,0.002607561929595828,3.585185507872037e-05,0.006937267224995983,2
687540,Tasty Planet,20,0.002607561929595828,0.00031304007888846406,0.007097286616320638,1
385710,INK,20,0.002607561929595828,0.00014047575058420946,0.00699788901515121,1
321800,Icewind Dale: Enhanced Edition,19,0.0024771838331160362,2.8705558128928003e-05,0.006933701370766095,0
10130,TimeShift™,19,0.0024771838331160362,0.0001293639230933875,0.006990019220943969,1
439910,Risky Rescue,19,0.0024771838331160362,8.127422434918441e-05,0.006962669923423853,0
290040,Retro Game Crunch,19,0.0024771838331160362,0.0002270745910813582,0.00704919016534513,0
238630,Fist Puncher,19,0.0024771838331160362,0.00017421808130054192,0.007016157077577024,2
312980,Graviteam Tactics: Mius-Front,19,0.0024771838331160362,0.00015896423055874713,0.0070096929567921755,2
396360,LocoSoccer,19,0.0024771838331160362,0.00012932510027218204,0.006989575654462796,1
771810,The spy who shot me™,19,0.0024771838331160362,0.00023781473396068407,0.007053148722942604,2
428220,TurnOn,19,0.0024771838331160362,2.4614433607209358e-05,0.006929664773333711,2
747340,Unforgiving - A Northern Hymn,19,0.0024771838331160362,3.4801945530371766e-05,0.006935758512882107,2
236930,Blackwell Epiphany,19,0.0024771838331160362,4.387772987929913e-05,0.006941460182601536,0
651380,BANG! BANG! Totally Accurate Redneck Simulator,19,0.0024771838331160362,0.0004118665786109889,0.0071549112205294444,1
461620,Predynastic Egypt,19,0.0024771838331160362,4.375610111182356e-05,0.006941893357583653,0
844660,Heart of the Woods,19,0.0024771838331160362,0.00020519633062705828,0.007038561008077041,0
312640,Power-Up,19,0.0024771838331160362,6.846328572329242e-05,0.006955174397233424,1
200390,Oil Rush,19,0.0024771838331160362,8.053157225320946e-05,0.006962728009911583,1
275200,Westerado: Double Barreled,19,0.0024771838331160362,0.00010782530539956183,0.006979324517641365,2
917290,Duck Souls,19,0.0024771838331160362,0.00018146534429259133,0.007020746314476494,0
255370,KickBeat Steam Edition,19,0.0024771838331160362,9.998550809931474e-05,0.006973540542358218,0
275670,Space Run,19,0.0024771838331160362,3.6399724129648905e-05,0.006937561850271634,0
211440,Adventures of Shuggy,19,0.0024771838331160362,3.746733340690958e-05,0.006937211011155182,2
283370,Marine Sharpshooter II: Jungle Warfare,19,0.0024771838331160362,0.0002930168676395679,0.007084584929385857,1
377670,G-senjou no Maou - The Devil on G-String,19,0.0024771838331160362,0.00014976917621987258,0.007007321377772249,0
599750,Crisis in the Kremlin,19,0.0024771838331160362,0.00016443070874368678,0.007013413430557367,0
823840,Macrotis: A Mother's Journey,19,0.0024771838331160362,0.0001005357207567996,0.006974663806137729,0
420520,Lost Technology,19,0.0024771838331160362,6.726993138889028e-05,0.0069575601773954965,0
538810,Train Mechanic Simulator 2017,19,0.0024771838331160362,0.00023856580650489042,0.00705671575282573,1
252450,StarDrive 2,19,0.0024771838331160362,8.863231600236554e-05,0.006968666138140884,0
485900,Hardware Engineers,19,0.0024771838331160362,0.00012722118151581256,0.006992333987455525,1
377460,Chicken Invaders 3,19,0.0024771838331160362,7.368283147220127e-05,0.006957711262305481,1
242840,In Verbis Virtus,19,0.0024771838331160362,0.000231024933148308,0.00705158097007097,3
703840,Animal Super Squad,19,0.0024771838331160362,0.00019070509179003746,0.007025295707773317,1
559330,A Fisherman's Tale,19,0.0024771838331160362,7.717224129316881e-05,0.006963069876750298,0
995050,Havocado,19,0.0024771838331160362,0.0003141716155475093,0.007098680781107667,1
214910,Air Conflicts: Pacific Carriers,19,0.0024771838331160362,0.00019636620099371813,0.007030230715912367,1
606330,Shadows 2: Perfidia,19,0.0024771838331160362,5.994890090982219e-05,0.006951427041663233,2
722730,Cogmind,19,0.0024771838331160362,9.773259431779007e-05,0.006974816516840295,0
738550,Spike Volleyball,19,0.0024771838331160362,9.410731215651238e-05,0.006969358732795895,1
400360,Adam's Venture: Origins,19,0.0024771838331160362,0.00021189954132059315,0.007034990601682892,1
360620,Spellsworn,19,0.0024771838331160362,0.00015362911781720149,0.007002776245674591,1
385270,Jet Racing Extreme: The First Encounter,19,0.0024771838331160362,5.430290121479966e-05,0.006949469199574447,2
319140,Xeodrifter™,19,0.0024771838331160362,0.00015188586678067907,0.007003139881420149,0
448440,Bizarre Earthquake,19,0.0024771838331160362,0.0003026937700340335,0.007089290421117995,1
365070,One Manga Day,19,0.0024771838331160362,3.1621085731189496e-05,0.006932975250952413,2
7530,Two Worlds II Castle Defense,19,0.0024771838331160362,0.00029558894786381197,0.007085067819464629,1
70640,Worms,19,0.0024771838331160362,0.0001956859533664771,0.007028130311273328,1
690930,Evening Surprise,19,0.0024771838331160362,0.00010875021074090731,0.006978224366248747,14
691020,Fog Of War - Free Edition,19,0.0024771838331160362,0.000454089368177126,0.0071821671417849385,1
447570,Regeria Hope Episode 1,19,0.0024771838331160362,3.1621085731189496e-05,0.006932975250952405,2
395900,Backgammon Blitz,19,0.0024771838331160362,6.731637758487755e-05,0.006955149366996138,2
610350,Poker Show VR,19,0.0024771838331160362,0.00011698355717619586,0.006984849464346454,0
243000,Omikron: The Nomad Soul,19,0.0024771838331160362,0.00013808751888294934,0.006994508130429065,1
450860,Andarilho,19,0.0024771838331160362,0.00012954447485197175,0.006989765777163602,1
320430,Ascension: Deckbuilding Game,19,0.0024771838331160362,0.00014221364965593086,0.007001121666810652,0
531270,The Art of Fight | 4vs4 Fast-Paced FPS,19,0.0024771838331160362,0.00026854956360017253,0.007069565312314808,1
397570,Shmadow,19,0.0024771838331160362,0.00015948851844005844,0.007006209465109911,2
673070,The Ranger: Lost Tribe,19,0.0024771838331160362,0.0001871855479962345,0.007025057097340507,1
341310,Greyfox RPG,19,0.0024771838331160362,4.266810760828866e-05,0.006939609519331425,2
600370,Paradigm,19,0.0024771838331160362,0.00011766816913861553,0.006984690586290403,0
1007350,Mirror Maker,19,0.0024771838331160362,0.0001821106243778581,0.007024122017302,0
404050,Black & White Bushido,19,0.0024771838331160362,0.00012168087429554885,0.00698818087420375,0
417910,Street Warriors Online,19,0.0024771838331160362,0.00013044290360530008,0.006989065728770279,1
423590,The Little Acre,19,0.0024771838331160362,7.866276245440616e-05,0.006961820883545513,0
501320,The Shrouded Isle,19,0.0024771838331160362,0.0001982795845026061,0.00703260044775659,4
452440,Flowers -Le volume sur printemps-,19,0.0024771838331160362,0.00013007389281646334,0.007004295566244544,0
357330,Space Beast Terror Fright,19,0.0024771838331160362,0.0002122038242678385,0.007040230982788919,0
864060,Marble It Up!,19,0.0024771838331160362,4.019063663207994e-05,0.006938509682488029,1
1051890,BLOCKADE War Stories,19,0.0024771838331160362,0.00016331347908649349,0.007009065128910608,1
492150,RPG World - Action RPG Maker,19,0.0024771838331160362,0.0001324440018249885,0.006991672948898805,2
268320,Grapple,19,0.0024771838331160362,0.0002339490011493849,0.007054032727280674,21
263820,EvilQuest,19,0.0024771838331160362,0.00019782488442241297,0.007029720100231775,21
266390,Farm for your Life,19,0.0024771838331160362,0.00012787063861015337,0.006990180741770899,22
442210,Switchcars,19,0.0024771838331160362,0.0001870200430673139,0.00702588684492386,1
506900,Downward,19,0.0024771838331160362,5.7587590058972185e-05,0.006950562841152895,0
9460,Frontlines™: Fuel of War™,19,0.0024771838331160362,9.111020534557914e-05,0.0069684490252564625,1
436390,Prison Run and Gun,19,0.0024771838331160362,0.00016263399659923345,0.007008640277856014,1
665090,The Initial,19,0.0024771838331160362,0.00015926461199472798,0.007009725026514905,0
253370,Axis Game Factory's AGFPRO v3,19,0.0024771838331160362,0.00017196751407202665,0.007017196604235073,1
251730,Legend of Grimrock 2,19,0.0024771838331160362,0.00011557108018302608,0.006984936811201901,0
267980,Hostile Waters: Antaeus Rising,19,0.0024771838331160362,0.00010672285016349445,0.006976885243611951,1
435100,2Dark,19,0.0024771838331160362,0.00013901801296854153,0.006996395805613015,2
258220,Blood Knights,19,0.0024771838331160362,4.87919083976943e-05,0.0069433100461665865,2
793690,Final Assault,19,0.0024771838331160362,0.00020347619066927197,0.007034822632767987,1
628800,Super Hydorah,19,0.0024771838331160362,4.6458340861704843e-05,0.006943308789689013,0
809850,Sudoku Zenkai,19,0.0024771838331160362,2.5680804927324814e-05,0.006930265185959642,0
277870,Diehard Dungeon,19,0.0024771838331160362,0.00016744482765261665,0.007013041496564126,2
465780,New Retro Arcade: Neon,19,0.0024771838331160362,2.483174319683576e-05,0.006929241462649221,2
345330,Eden Rising: Supremacy,19,0.0024771838331160362,0.0002087654039299597,0.00703710002125705,0
611160,Karnage Chronicles,19,0.0024771838331160362,0.00022987920762537688,0.007047723734650034,1
11040,Sherlock Holmes - Nemesis,19,0.0024771838331160362,1.0750444993705682e-05,0.006924387267866941,2
771310,Welcome to Light Fields,19,0.0024771838331160362,8.417905358771143e-05,0.006964400578017591,2
257690,J.U.L.I.A.: Among the Stars,19,0.0024771838331160362,7.817426213879793e-05,0.00696292418440774,4
12180,Grand Theft Auto 2,19,0.0024771838331160362,0.00017410045551931048,0.00701805189287984,0
918820,Headliner: NoviNews,19,0.0024771838331160362,6.0359743226437835e-05,0.00695116826690702,2
246090,Spacebase DF-9,19,0.0024771838331160362,0.0001425124008775158,0.006999983972891121,1
873200,Teleportals. I swear it's a nice game,19,0.0024771838331160362,6.599591190423665e-05,0.0069533068415931105,0
61600,Zen Bound 2,18,0.002346805736636245,0.00022068659960120795,0.007041514509773028,1
302060,Trucks & Trailers,18,0.002346805736636245,0.000215274622120424,0.007038841009097018,1
366100,Champions Of Chaos 2,18,0.002346805736636245,0.00012232188342646457,0.006983376327319276,2
405950,Lowglow,18,0.002346805736636245,7.805185423022342e-05,0.006960095384204782,1
217140,Rise of the Triad,18,0.002346805736636245,9.2895652986496e-05,0.006966971060764356,1
391580,Egyptian Senet,18,0.002346805736636245,9.259518912209646e-05,0.006967177579568017,2
789730,Not Without My Poop,18,0.002346805736636245,0.00017243235168532754,0.007012807924603036,5
845880,Touhou: Scarlet Curiosity | 東方紅輝心,18,0.002346805736636245,3.8550690161080204e-05,0.006938154329295739,0
55040,Atom Zombie Smasher,18,0.002346805736636245,0.00013878488966024598,0.006997455662882434,1
740470,Echoed World,18,0.002346805736636245,7.513874125028889e-05,0.006957445934328742,1
823830,Frightened Beetles,18,0.002346805736636245,7.513874125028889e-05,0.0069574459343287615,1
522490,Carrie's Order Up!,18,0.002346805736636245,0.00012112189772702155,0.006983606237604513,0
429780,Bunny Hop League,18,0.002346805736636245,0.0002992646434843533,0.0070868956708352165,1
1016110,Self-Reliance 自我性赖,18,0.002346805736636245,0.00015828424570745624,0.007010813063705895,0
24420,Aquaria,18,0.002346805736636245,3.7197579111637825e-05,0.00693618201589234,2
439920,Royal Heroes,18,0.002346805736636245,8.07358084804392e-05,0.006961617541796694,40
305490,Heileen 3: New Horizons,18,0.002346805736636245,0.0001720704935919869,0.007014662215007031,2
35460,The Ball,18,0.002346805736636245,0.00017981504060881885,0.00701866636251776,2
13530,Prince of Persia: The Two Thrones™,18,0.002346805736636245,0.00011358137667417782,0.0069796287300868485,1
540610,Delicious! Pretty Girls Mahjong Solitaire,18,0.002346805736636245,0.00016168422420234497,0.00700668509084307,2
299400,XING: The Land Beyond,18,0.002346805736636245,1.4600688265911331e-05,0.006921934501784163,2
464150,Regalia: Of Men and Monarchs,18,0.002346805736636245,0.0001396394720696394,0.006995460703197776,0
876650,Aground,18,0.002346805736636245,0.0002871890160945144,0.007081701546038853,0
316260,Disney Universe,18,0.002346805736636245,0.0003400318809490097,0.007108816802260576,1
591740,Sniper Fury,18,0.002346805736636245,0.000427636169954101,0.007160839694883315,1
457960,Holopoint,18,0.002346805736636245,3.717081632792211e-05,0.00693620208310763,0
492180,Haimrik,18,0.002346805736636245,2.752918591370444e-05,0.006930324479327244,2
321270,UNLOVED,18,0.002346805736636245,0.0001441958575923513,0.006998253050134692,0
319480,Odallus: The Dark Call,18,0.002346805736636245,1.8446496229038626e-05,0.00692509199364538,0
746710,Cypher,18,0.002346805736636245,0.00013971311632712997,0.006993991765126976,0
583270,Cosmic Express,18,0.002346805736636245,9.970382731199874e-05,0.006972501352851739,5
1037190,Shipped,18,0.002346805736636245,7.78060624069892e-05,0.0069607480658687776,1
46250,NecroVisioN: Lost Company,18,0.002346805736636245,5.360916612805453e-05,0.0069455628113557835,1
349500,Cubicle Quest,18,0.002346805736636245,0.00012298253412126512,0.006985086740451622,0
622670,Huusuienbu - Chapter Spring and Summer,18,0.002346805736636245,0.00015598116272361995,0.007006193116907635,2
903830,Cash Rush,18,0.002346805736636245,2.2427002632576998e-05,0.006926717705530496,2
465020,Sector Six,18,0.002346805736636245,1.65817512970175e-05,0.006923556994176585,0
806510,Her Lie I Tried To Believe,18,0.002346805736636245,0.00010329152675250182,0.0069751317352748764,1
464650,Runbow,18,0.002346805736636245,0.00017970203316479877,0.0070163464011746895,1
699700,DYING: Reborn,18,0.002346805736636245,0.00010454240662223918,0.006976710935113072,0
761030,EARTHLOCK,18,0.002346805736636245,6.171952621428586e-05,0.006951992684013296,0
211340,Magical Diary: Horse Hall,18,0.002346805736636245,2.504595543559337e-05,0.006928352660921378,2
866510,!AnyWay!,18,0.002346805736636245,0.0003924932497202356,0.007138289924427632,1
464880,Stars in Shadow,18,0.002346805736636245,4.5277038024700644e-05,0.006941136488354284,0
703940,Ball 2D: Soccer Online,18,0.002346805736636245,0.00029331214799319295,0.007084062973067771,1
390030,DESYNC,18,0.002346805736636245,0.00017661966186511267,0.007017593416323326,1
297110,Cosmic DJ,18,0.002346805736636245,9.086417094671069e-05,0.006969199455094534,2
950530,Mojo 2: Mia,18,0.002346805736636245,0.0001441948587764579,0.006998202899047515,2
292240,"Spy Fox 2 ""Some Assembly Required""",18,0.002346805736636245,5.053298981925064e-05,0.006944140130698457,2
577480,Higurashi When They Cry Hou - Ch. 5 Meakashi,18,0.002346805736636245,6.312644585823676e-05,0.006950919695746629,14
818210,Indie Pogo,18,0.002346805736636245,0.0003175333277198005,0.007095750223464812,1
764500,Deep Dark Fight,18,0.002346805736636245,0.00019828991873560895,0.007027884588179522,1
286460,Black Mirror II,18,0.002346805736636245,6.931985156324847e-05,0.006957513944153068,0
802810,KNACK!,18,0.002346805736636245,0.00013705243722733377,0.006991795631933063,1
585840,Leaving Lyndow,18,0.002346805736636245,9.584999194547668e-05,0.0069703053340122965,0
366870,Narcosis,18,0.002346805736636245,5.43580624572937e-05,0.006946367217349423,0
1001860,Casual Desktop Game,18,0.002346805736636245,0.0004566892438530613,0.007174727785742943,1
470740,Demolish & Build 2017,18,0.002346805736636245,0.00015602281641499777,0.007005339923790392,1
680980,HEADLINER,18,0.002346805736636245,7.640079955925752e-05,0.006958904806897416,2
698540,Dungeon Warfare 2,18,0.002346805736636245,0.00016822127214986973,0.007011781218395397,0
549100,GravNewton,18,0.002346805736636245,0.00037018189312946565,0.0071276073045832096,1
594130,Winds of Change,18,0.002346805736636245,5.734137124867794e-05,0.006947593403001393,5
575830,rooMaze,18,0.002346805736636245,2.2427002632576998e-05,0.00692671770553051,2
423770,Our Love Will Grow,18,0.002346805736636245,8.503052166094121e-05,0.006963209208690652,22
289520,King's Bounty: Dark Side,18,0.002346805736636245,0.00017925106189888997,0.007017310328537293,0
226100,PixelJunk™ Nom Nom Galaxy,18,0.002346805736636245,0.0001671149400334918,0.007009678033125325,0
291170,Royal Defense,18,0.002346805736636245,0.00012944252814665774,0.0069873841941011,1
562230,Space Tyrant,18,0.002346805736636245,5.599922336831002e-05,0.00694690796531942,0
588040,WILL: A Wonderful World / WILL：美好世界,18,0.002346805736636245,0.0001762958213325634,0.007018406753404864,0
420550,Super Arcade Football,18,0.002346805736636245,7.9172376354185e-06,0.00691834074711925,0
7770,X-COM: Enforcer,18,0.002346805736636245,4.3257936839888776e-05,0.006940096859205963,2
542260,The Herbalist,18,0.002346805736636245,0.00018004288307079446,0.007017069530055714,1
226960,Ironclad Tactics,18,0.002346805736636245,7.187210767506992e-05,0.006957683433332629,0
735580,11-11 Memories Retold,18,0.002346805736636245,7.333823209417368e-05,0.006959237725193289,0
743900,Mega Man X Legacy Collection 2 / ロックマンX アニバーサリー コレクション 2,18,0.002346805736636245,0.00016449594580697486,0.007008972805450791,1
968790,DYNASTY WARRIORS 7: Xtreme Legends Definitive Edition / 真・三國無双６ with 猛将伝 DX,18,0.002346805736636245,6.221874548583189e-05,0.006949731554503852,0
304670,Aeon Command,18,0.002346805736636245,0.0001058368470448051,0.0069743644065772435,1
586960,Upside Down,18,0.002346805736636245,5.570794254671213e-05,0.00694546338041131,1
351910,Valhalla Hills,18,0.002346805736636245,8.991378957450641e-05,0.006966374286921503,1
791180,1 Screen Platformer,18,0.002346805736636245,6.438882634477407e-05,0.006952569077217544,0
313010,Cities XXL,18,0.002346805736636245,0.0001817917263226761,0.007023525184805443,1
381940,Trials on Tatooine,18,0.002346805736636245,2.037742998711079e-05,0.006925409515723191,6
673000,High Hell,18,0.002346805736636245,0.0001744435156155201,0.007017077207790995,0
286040,Dead Effect,18,0.002346805736636245,0.0003489213336039497,0.007116363815187291,1
1031110,Unroaded,18,0.002346805736636245,8.284356153971824e-05,0.006961384620360396,2
6510,Lost Planet™: Extreme Condition,18,0.002346805736636245,9.18064209417104e-05,0.006969035732138573,1
237570,Penny Arcade's On the Rain-Slick Precipice of Darkness 4,18,0.002346805736636245,2.4819479992990122e-05,0.006928124506283082,2
687850,Head Goal: Soccer Online,18,0.002346805736636245,0.00022639685674482278,0.007045098070213482,1
639270,Operation Warcade VR,18,0.002346805736636245,2.7147211549946868e-05,0.006928973491789213,2
530120,VR The Diner Duo,18,0.002346805736636245,2.153717350123746e-05,0.006925683269007843,2
283980,"Spy Fox in ""Dry Cereal""",18,0.002346805736636245,0.00021928088925046013,0.007040578609994291,1
17710,Nuclear Dawn,18,0.002346805736636245,5.0014246319311044e-05,0.0069423467846903555,1
414120,Modbox,18,0.002346805736636245,8.726559068684651e-05,0.006964458619974762,2
325930,Viking Squad,18,0.002346805736636245,0.00010780956071740925,0.006977761656974533,1
618970,Outcast - Second Contact,18,0.002346805736636245,3.547732734873835e-05,0.00693469270268302,2
828030,One Ping Only,18,0.002346805736636245,7.897039867998144e-05,0.006960795295898747,1
398810,openCanvas 7,18,0.002346805736636245,0.00022414436465444104,0.007042807081789976,0
370060,Coffee Shop Tycoon,18,0.002346805736636245,0.00013122161933167112,0.0069927392496859,0
399780,Expand,18,0.002346805736636245,2.4819479992990122e-05,0.006928124506283073,2
331190,Master Spy,18,0.002346805736636245,5.645207175122986e-05,0.006947689043459456,1
445230,Lost girl`s [diary],18,0.002346805736636245,0.0001891485129300353,0.007024324327077906,1
885140,七人杀阵 - Seven Sacrifices,18,0.002346805736636245,0.00015698396617118562,0.007009838359883717,0
256390,MotoGP™14,18,0.002346805736636245,0.00013321948687525375,0.006992238755901265,1
233190,Final Exam,18,0.002346805736636245,9.259518912209646e-05,0.006967177579568024,2
296910,8BitBoy™,18,0.002346805736636245,9.094526649701695e-05,0.006966100173923101,2
482300,Investigator,17,0.002216427640156454,8.494093071829228e-05,0.006962606810358211,0
32310,Indiana Jones® and the Last Crusade™,17,0.002216427640156454,0.00011048018347157643,0.006975967403383745,1
661430,LineWay,17,0.002216427640156454,1.9524596676539474e-05,0.0069239962911014094,0
628750,aMAZE 2,17,0.002216427640156454,7.570222621832984e-05,0.006955773600122797,0
569610,Distant Space,17,0.002216427640156454,0.00013728774938274424,0.006990675201712344,1
358190,Blake Stone: Aliens of Gold,17,0.002216427640156454,6.658176616804163e-05,0.006951610935098435,2
310890,Breach & Clear: Deadline Rebirth (2016),17,0.002216427640156454,0.0001160624012373948,0.006983353474735379,0
461730,Blaite,17,0.002216427640156454,0.00024095984095290658,0.007050532615663575,1
353540,Stephen's Sausage Roll,17,0.002216427640156454,0.00024497295985074645,0.007055991133340714,0
730830,Escape from Monkey Island™,17,0.002216427640156454,0.00010622870253912651,0.0069751088890278035,1
311010,The Way,17,0.002216427640156454,2.4777582472086656e-05,0.006926904191173056,0
781480,Tech Support: Error Unknown,17,0.002216427640156454,9.961221262328978e-05,0.0069709524525492905,0
32420,STAR WARS™: The Clone Wars - Republic Heroes™,17,0.002216427640156454,5.64552355825286e-05,0.006945415912486302,1
886960,Dragon Spear,17,0.002216427640156454,5.6828554947127496e-05,0.006946583214828411,0
658690,Rage in Peace,17,0.002216427640156454,0.00010886106337943867,0.0069773570536331595,0
2840,X: Beyond the Frontier,17,0.002216427640156454,0.00012686935909226183,0.006988040845729734,1
946040,Supply Chain Idle,17,0.002216427640156454,0.00034132533646971213,0.00710872159290082,1
314180,Deathsmiles,17,0.002216427640156454,9.532276442275046e-05,0.0069700569999310204,0
339290,Castle,17,0.002216427640156454,0.0001243976518274531,0.006985897292074935,0
358380,Wacky Wheels,17,0.002216427640156454,6.658176616804163e-05,0.006951610935098439,2
323490,Oblivious Garden ~Carmina Burana,17,0.002216427640156454,8.491592981960278e-05,0.006961963206668869,0
570580,Zork Anthology,17,0.002216427640156454,0.0003598765454091508,0.007119112973629201,1
510620,THOTH,17,0.002216427640156454,6.582239604836226e-05,0.0069506249317609695,2
574590,Koloro,17,0.002216427640156454,0.00011996670111163351,0.006981015740025513,2
227580,"10,000,000",17,0.002216427640156454,0.00013098511601039353,0.006988264536988136,2
62100,Chime,17,0.002216427640156454,6.677802995909471e-05,0.006952312673647002,2
573080,Peregrin,17,0.002216427640156454,0.0001380907257520308,0.006992746723219503,2
304460,Qora,17,0.002216427640156454,5.14779637358305e-05,0.006943078058767478,0
906390,Return.,17,0.002216427640156454,8.449721217221563e-05,0.006960928256762254,0
390340,Umbrella Corps™/Biohazard Umbrella Corps™,17,0.002216427640156454,0.00010583055819249431,0.006974627676955977,2
242110,Joe Danger 2: The Movie,17,0.002216427640156454,5.5173956973261934e-05,0.006944602877757917,2
223490,Blockscape,17,0.002216427640156454,0.00010636467346377102,0.006977410997281192,1
396060,The Rose and I,17,0.002216427640156454,4.531304121507356e-06,0.006914594856277415,6
463110,Farnham Fables,17,0.002216427640156454,6.517765388059091e-05,0.0069507387040236585,2
553260,Realpolitiks,17,0.002216427640156454,8.787145130949248e-05,0.0069660238361748915,1
790600,Stormbound,17,0.002216427640156454,0.0001322847932090754,0.006988818443654261,1
873220,SurvivalZ Battlegrounds,17,0.002216427640156454,9.713726030310381e-05,0.006968190848905917,1
332380,Asguaard,17,0.002216427640156454,3.5077427755616535e-05,0.006933025090471665,2
591380,Bomb Squad Academy,17,0.002216427640156454,4.630394012186183e-05,0.006939817115743028,0
632000,CrossCells,17,0.002216427640156454,5.198360756638825e-05,0.0069429721661916875,0
369110,The Swindle,17,0.002216427640156454,7.499829051399063e-05,0.006956910907906955,2
80310,Gemini Rue,17,0.002216427640156454,6.730331261227693e-05,0.006952517650700228,2
105800,PixelJunk™ Eden,17,0.002216427640156454,0.0001610548737529218,0.007008109304996074,0
780750,Snake Classic,17,0.002216427640156454,0.0003217525252253761,0.007095307182015244,1
411120,Galaxy Admirals,17,0.002216427640156454,0.0002665564135476284,0.007067198983323653,1
301760,Disney•Pixar Cars 2: The Video Game,17,0.002216427640156454,0.0003318566816062769,0.007102923454635581,1
239840,Dead State: Reanimated,17,0.002216427640156454,0.00024171808671832589,0.007056482691721021,0
311800,Black Ice,17,0.002216427640156454,0.00011545719718786619,0.006983419017267626,0
689900,Darkestville Castle,17,0.002216427640156454,0.00015011727831555272,0.006998863958256426,0
428080,Racket: Nx,17,0.002216427640156454,2.5181143036031273e-05,0.006926417635570034,2
757330,qop 2,17,0.002216427640156454,0.00022359607776538282,0.007044612791366276,1
806140,Achievements printer part 1,17,0.002216427640156454,0.00017132319235888693,0.007012207410245761,1
574740,Fausts Alptraum,17,0.002216427640156454,6.535901572686735e-05,0.006949929380953368,0
224000,Project Eagle: A 3D Interactive Mars Base,17,0.002216427640156454,7.362252782936277e-05,0.006957311511540677,4
231140,Cities XL Platinum,17,0.002216427640156454,0.00011799600208252643,0.006983681281013991,1
573130,Aporia: Beyond The Valley,17,0.002216427640156454,4.587276921367668e-05,0.006939533942875662,0
23530,Earth Defense Force: Insect Armageddon,17,0.002216427640156454,0.00017464026516751029,0.007014343194943992,2
401810,Poi,17,0.002216427640156454,2.4106710365703498e-05,0.006926640178042713,13
307070,Memories of a Vagabond,17,0.002216427640156454,0.00017662609231907568,0.007013585925449436,1
824720,Pure Rock Crawling,17,0.002216427640156454,0.00012292931436338214,0.0069869309619180805,87
420180,Chronicle of Innsmouth,17,0.002216427640156454,4.1070959339985664e-05,0.006936840391916238,0
422860,Holodance,17,0.002216427640156454,6.0129617485987946e-05,0.006947938482186896,0
11480,Soldiers: Heroes of World War II,17,0.002216427640156454,0.0001269984067700147,0.006987346686746599,1
984560,HEARTBEAT,17,0.002216427640156454,9.531915742104205e-05,0.006968519970492159,0
397720,Romance of the Three Kingdoms Maker / 三国志ツクール,17,0.002216427640156454,5.095057645934063e-05,0.006947996459482251,2
1043180,Lovers of Aether,17,0.002216427640156454,0.00018287076459109298,0.0070182739461509755,4
225360,DARK,17,0.002216427640156454,3.922808617287281e-05,0.006935748483847946,2
384740,CAT Interstellar,17,0.002216427640156454,7.79458839411443e-05,0.006959434523515464,2
377900,Empire TV Tycoon,17,0.002216427640156454,0.00012136678697595308,0.006989139939285282,2
434030,Aerofly FS 2 Flight Simulator,17,0.002216427640156454,0.00017271349805560694,0.0070140691506296845,1
574050,DRAGON QUEST HEROES™ II,17,0.002216427640156454,9.33141986903908e-05,0.006968744836279536,0
352010,Beach Bounce,17,0.002216427640156454,0.0001679742340477412,0.0070084380624738495,4
262240,SUGURI,17,0.002216427640156454,0.0001573881999562388,0.0070066029075600686,0
357600,Unium,17,0.002216427640156454,1.9881697782632326e-05,0.006923678211427295,2
502650,Autumn Park Mini Golf,17,0.002216427640156454,6.280145189584946e-05,0.006949525401563488,1
366690,Cue Club 2: Pool & Snooker,17,0.002216427640156454,8.314225854828364e-05,0.006960943250111275,1
245370,Etherium,17,0.002216427640156454,5.166717104922739e-05,0.006943037558386762,2
551170,Onmyoji,17,0.002216427640156454,0.0001378114817401703,0.006993041883417988,2
33950,Fish Fillets 2,17,0.002216427640156454,0.00016134435095758198,0.007006496807639716,0
744420,Adventures Of Pipi,17,0.002216427640156454,0.000429589521857051,0.007159438011903845,1
247240,Volgarr the Viking,17,0.002216427640156454,0.00021679764484623586,0.007037845325125391,2
466800,The Dope Game,17,0.002216427640156454,0.00013063469047368774,0.0069887093916804095,1
812040,Shortest Trip to Earth,17,0.002216427640156454,0.00016975205620515507,0.007016461446804829,0
583760,Slash It 2,17,0.002216427640156454,0.00014329974947371152,0.006995493289210894,1
212050,Resonance,17,0.002216427640156454,7.720057770123919e-05,0.0069570906740604975,1
393200,Bad Rats Show,17,0.002216427640156454,0.00015551918953854107,0.007003964831081474,1
339600,VEGA Conflict,17,0.002216427640156454,0.00022960883367297328,0.0070458292628175975,1
345200,Tasty Blue,17,0.002216427640156454,0.0003037205420466077,0.007087934110822629,1
306670,Overlord: Fellowship of Evil,17,0.002216427640156454,8.76832611159766e-05,0.0069650692742032,0
277110,Return to Mysterious Island,17,0.002216427640156454,0.00021040619855847219,0.0070383734016180475,1
38210,Roogoo,17,0.002216427640156454,0.00020678019824304616,0.0070319168442315606,1
524850,Alicemare,17,0.002216427640156454,8.703579297697263e-05,0.00696453218951913,0
208730,Game of Thrones,17,0.002216427640156454,8.688883825591115e-05,0.0069639983630299905,2
568930,The Land of Pain,17,0.002216427640156454,4.1070959339985664e-05,0.006936840391916241,0
359040,The Music Machine,17,0.002216427640156454,1.1337660504799646e-05,0.006918986643028418,0
390610,Circa Infinity,17,0.002216427640156454,6.0967782103514365e-05,0.006948536837804041,0
290470,Onigiri,17,0.002216427640156454,0.00019618744863493344,0.0070257029856633894,1
736850,We. The Revolution,17,0.002216427640156454,0.00013533744164492562,0.006992289062963284,1
340360,Tomb of Tyrants,17,0.002216427640156454,3.182855846064364e-05,0.006933178180072692,0
1600,Dangerous Waters,17,0.002216427640156454,0.00017420756689472998,0.007016720112523735,1
232950,Bridge Project,17,0.002216427640156454,0.0001109144684728354,0.0069770615729717895,1
436530,Bullshot,17,0.002216427640156454,0.00019751997466288824,0.007026475736568224,21
786450,Don't Bite Me Bro! +,17,0.002216427640156454,0.0003438668846175972,0.007108497791199884,1
439930,Control Craft 2,17,0.002216427640156454,4.718328504627524e-05,0.006938927632820909,10
248550,Megabyte Punch,17,0.002216427640156454,0.00017216529849081348,0.007011508783486647,1
617700,Weed Shop 2,17,0.002216427640156454,0.00023448966818182595,0.007047876111423784,1
885470,Wired,17,0.002216427640156454,0.00014158615300559961,0.006996702139128171,1
561600,MXGP3 - The Official Motocross Videogame,17,0.002216427640156454,0.00023359042700053225,0.007047565281863085,1
345540,Inbetween Land,16,0.0020860495436766623,7.790995897048901e-05,0.006956507751272074,2
348340,Siege Wars,16,0.0020860495436766623,7.790995897048901e-05,0.006956507751272077,2
448560,Mind Games,16,0.0020860495436766623,7.790995897048901e-05,0.006956507751272082,2
582620,Copoka,16,0.0020860495436766623,7.790995897048901e-05,0.006956507751272079,2
430020,Dance of Death,16,0.0020860495436766623,7.790995897048901e-05,0.006956507751272076,2
887820,Double,16,0.0020860495436766623,0.00017378955492518077,0.0070122932768671,0
418270,Draw Slasher,16,0.0020860495436766623,0.00011468519256887685,0.0069798397839314335,0
613730,Need For Drink,16,0.0020860495436766623,0.00016564209809541932,0.007004532339364524,1
895670,Armajet,16,0.0020860495436766623,0.00022995389874226168,0.007043257707276773,1
346180,David.,16,0.0020860495436766623,0.0002617175162072449,0.007060818060463057,1
476460,Picross Touch,16,0.0020860495436766623,9.030271465258233e-05,0.00696193593036219,1
384030,Florensia,16,0.0020860495436766623,0.00015943950001925922,0.007003349558516871,1
237430,Expeditions: Conquistador,16,0.0020860495436766623,6.0451063862159424e-05,0.006946384578944944,0
536890,Glittermitten Grove,16,0.0020860495436766623,0.00012444117771554495,0.006985654704211518,0
250680,BELOW,16,0.0020860495436766623,6.230421640257763e-05,0.006947803307417684,2
325420,Homebrew - Patent Unknown,16,0.0020860495436766623,0.0001353014696578579,0.006988257887823217,1
837610,Mary Skelter: Nightmares,16,0.0020860495436766623,8.117599887277993e-05,0.006960181837738865,0
429540,Prime World: Defenders 2,16,0.0020860495436766623,0.0001041934356856305,0.0069735047140909775,0
652190,Emily Wants to Play Too,16,0.0020860495436766623,0.00028808702449112773,0.007080319821033088,1
889480,Virtual Virtual Reality,16,0.0020860495436766623,0.0001905329173901143,0.00701930816850435,1
529520,Mutant Football League,16,0.0020860495436766623,7.190631853935142e-05,0.006952680195298871,0
874370,Repentant,16,0.0020860495436766623,5.91310525123208e-05,0.00694559418331977,0
443880,Loot Rascals,16,0.0020860495436766623,0.0001557974113655675,0.0070023020323667015,0
457420,Surgeon Simulator VR: Meet The Medic,16,0.0020860495436766623,0.00022292721342694337,0.0070386652978604355,1
361930,Farm Frenzy: Hurricane Season,16,0.0020860495436766623,4.370499834188363e-05,0.006935917837466403,0
781130,Creatura,16,0.0020860495436766623,8.952862891369747e-05,0.00696394744976665,1
920680,Fate Hunters,16,0.0020860495436766623,1.4750805375228821e-05,0.006919680008491172,0
324740,The Warlock of Firetop Mountain,16,0.0020860495436766623,4.345669644629668e-05,0.006936129816911069,2
741820,Prey: Typhon Hunter,16,0.0020860495436766623,8.952862891369747e-05,0.006963947449766664,1
271860,Super Killer Hornet: Resurrection,16,0.0020860495436766623,3.935123172469939e-05,0.006933559541898982,2
387930,The Tape,16,0.0020860495436766623,8.603857148541832e-05,0.006960921517724418,1
372820,Shot In The Dark,16,0.0020860495436766623,5.919022623756749e-05,0.006945188114007237,0
236730,Anomaly 2,16,0.0020860495436766623,0.00015102918395366185,0.0069984055278695615,2
257990,Oozi: Earth Adventure,16,0.0020860495436766623,0.00020699952278533095,0.007028691514703572,1
691160,Electronauts - VR Music,16,0.0020860495436766623,8.627673457561549e-05,0.006960151677870808,1
292780,Pajama Sam 2: Thunder And Lightning Aren't So Frightening,16,0.0020860495436766623,0.00026146194922675226,0.007060832588110759,1
363520,Goliath,16,0.0020860495436766623,2.8638531976575576e-05,0.006928294578665381,0
254060,KnightShift,16,0.0020860495436766623,0.00015347218565338135,0.006999857644252108,1
13580,Tom Clancy's Splinter Cell Double Agent®,16,0.0020860495436766623,0.00016767189031751702,0.0070069309529027755,1
363130,Toukiden: Kiwami,16,0.0020860495436766623,0.00010659637872392667,0.0069766005493374856,0
645790,Home Wars,16,0.0020860495436766623,0.000123417183176628,0.0069843741351248686,0
617590,Affliction,16,0.0020860495436766623,0.00010594191045341108,0.006971905593462844,1
312450,Order of Battle: World War II,16,0.0020860495436766623,0.00020692077165379512,0.007031144888423322,1
336240,Typoman,16,0.0020860495436766623,8.843081187206807e-05,0.0069625590150881565,2
504980,Elves Adventure,16,0.0020860495436766623,6.570622488930256e-05,0.00694900368428766,2
308580,Orborun,16,0.0020860495436766623,8.944909090702299e-05,0.00696410381189394,2
427470,Democracy 3 Africa,16,0.0020860495436766623,7.227802749580922e-05,0.006953779400083272,1
630310,The Mummy Demastered,16,0.0020860495436766623,1.0757053245581791e-05,0.006917207334016037,0
579940,Race for the Galaxy,16,0.0020860495436766623,0.00015854264509233156,0.007002558251831142,0
536210,Please State Your Name : A VR Animated Film,16,0.0020860495436766623,3.254134389873895e-07,0.006910465592325106,6
458370,VR Baseball,16,0.0020860495436766623,3.254134389873895e-07,0.006910465592325103,6
446560,Just Dance 2017,16,0.0020860495436766623,6.332611906008214e-05,0.006948255208765349,38
420020,Eye of the Owl - Bosch VR,16,0.0020860495436766623,3.254134389873895e-07,0.006910465592325117,6
535460,"A Fear Of Heights, And Other Things",16,0.0020860495436766623,3.254134389873895e-07,0.006910465592325114,6
452710,Realities,16,0.0020860495436766623,3.254134389873895e-07,0.006910465592325117,6
400790,The Juicer,16,0.0020860495436766623,0.0002843724205510928,0.0070732549934840105,1
450220,Overload Playable Teaser 3.0,16,0.0020860495436766623,0.00011906709625865628,0.0069800777874934,2
47400,Stronghold 3 Gold,16,0.0020860495436766623,0.00019765171124484172,0.007026112642168429,1
509220,Save Jesus,16,0.0020860495436766623,3.8073499849596426e-05,0.006933224686256995,1
611980,Oik 2,16,0.0020860495436766623,0.0001402757016172175,0.006993363353316602,0
749270,Magic Siege - Defender,16,0.0020860495436766623,0.0001438465235553721,0.006993553519942994,1
597970,Age of Rivals,16,0.0020860495436766623,1.5059718575537614e-05,0.006921412028431901,0
638200,Capitalism 2,16,0.0020860495436766623,0.00014236515404893575,0.006995496710358128,61
493840,Marvel vs. Capcom: Infinite,16,0.0020860495436766623,0.00014101318104916757,0.00699830317912889,2
617480,Tower of Time,16,0.0020860495436766623,0.00013172394468766383,0.0069887716930711686,0
305840,Shallow Space,16,0.0020860495436766623,0.0001091317455154335,0.006976281539843267,2
3010,Xpand Rally,16,0.0020860495436766623,7.158432254697104e-05,0.006951810787750961,1
920190,Greetings,16,0.0020860495436766623,0.00030109404347021757,0.007084911089902507,1
217690,Anna - Extended Edition,16,0.0020860495436766623,0.00014524641517302936,0.00699534523957843,2
321840,Rising Angels: Reborn,16,0.0020860495436766623,7.286431524104453e-05,0.006952937052041934,2
289090,Ampu-Tea,16,0.0020860495436766623,7.790995897048901e-05,0.006956507751272085,2
702030,Starbear: Taxi,16,0.0020860495436766623,2.0975252353511306e-05,0.006922288371617771,2
733340,Hakuoki: Edo Blossoms / 薄桜鬼 真改　華ノ章 / 薄櫻鬼 真改　華之章,16,0.0020860495436766623,3.843875637477382e-05,0.006941077928019476,0
576960,Out of The Box,16,0.0020860495436766623,5.5471227005898994e-05,0.006943160770096476,0
310700,Super Win the Game,16,0.0020860495436766623,5.1197660521116004e-05,0.006940577320893147,1
544610,Battlestar Galactica Deadlock,16,0.0020860495436766623,8.964131952740779e-05,0.006964735047027915,0
696530,Lake Ridden,16,0.0020860495436766623,2.3151932985067898e-05,0.006923941564129712,2
921390,武林志（Wushu Chronicles）,16,0.0020860495436766623,0.00014618700000354834,0.006995993075685537,0
873930,ALIENS INVADED OUR PLANET,16,0.0020860495436766623,0.0002708841889464949,0.007069390193910943,0
509570,In Celebration of Violence,16,0.0020860495436766623,0.00014877968034118582,0.006999467298824233,0
516110,ToeJam & Earl: Back in the Groove!,16,0.0020860495436766623,0.00019341075311108533,0.007027357579434819,0
314830,Blackguards 2,16,0.0020860495436766623,6.630627858761322e-05,0.006951506559635857,2
319180,Platypus II,16,0.0020860495436766623,0.00018387437699434332,0.007016013710599568,1
289300,Faces of War,16,0.0020860495436766623,0.0001712880320441958,0.007011191463318732,1
591680,Taphouse VR,16,0.0020860495436766623,2.0975252353511306e-05,0.006922288371617807,2
9340,Company of Heroes: Opposing Fronts,16,0.0020860495436766623,6.525902233884463e-05,0.006949804615846091,1
290890,You Must Build A Boat,16,0.0020860495436766623,5.7648079584049145e-06,0.006914099347220528,0
874400,Dinosaur Hunt Puzzle,16,0.0020860495436766623,2.3276741581199306e-05,0.006923843052567354,2
42990,Sword of the Stars II: Enhanced Edition,16,0.0020860495436766623,0.00022150629196902966,0.007039218186275302,2
428880,The Quest,16,0.0020860495436766623,5.91137939793807e-05,0.00694663815942481,0
80350,Blackwell Convergence,16,0.0020860495436766623,1.5841988862650526e-05,0.006920081444753147,0
355520,The Albino Hunter,16,0.0020860495436766623,7.07051461452497e-05,0.006952071457724587,2
840140,武侠乂 The Swordsmen X,16,0.0020860495436766623,9.898019721543896e-05,0.006968672203216545,1
470210,Rocketbirds 2 Evolution,16,0.0020860495436766623,0.00013894689895828434,0.006992742686072763,0
815950,Chocolate makes you happy 4,16,0.0020860495436766623,0.00022903265624160812,0.007043058989294821,1
658260,BLUE REFLECTION / BLUE REFLECTION　幻に舞う少女の剣,16,0.0020860495436766623,6.821834199622491e-05,0.006955523857797971,0
328760,SanctuaryRPG: Black Edition,16,0.0020860495436766623,0.00015828244044972814,0.007004065688052854,0
611040,Tube Tycoon,16,0.0020860495436766623,0.00013369977046899392,0.006988868312100558,1
410430,Morphine,16,0.0020860495436766623,0.00011161721661569387,0.0069773646547187165,0
349250,Copy Kitty,16,0.0020860495436766623,9.773410794178189e-05,0.006966632862767513,0
241620,Inquisitor,16,0.0020860495436766623,9.571784342640218e-05,0.006968281715980887,2
348360,Doodle God,16,0.0020860495436766623,0.00021123665130438738,0.007032907804218726,1
319250,Magicmaker,16,0.0020860495436766623,6.328752594859297e-05,0.006948258168884975,0
211280,Primal Fears,16,0.0020860495436766623,1.3588100862678386e-05,0.006918577354227707,2
244590,Epigenesis,16,0.0020860495436766623,0.00020762988341634537,0.007033961268723982,2
437900,Party Jousting,16,0.0020860495436766623,0.00010590478100025741,0.006973347994736941,0
748300,Treasure Hunter Simulator,16,0.0020860495436766623,0.00012832754288027897,0.006984951467088427,1
511010,TAIKER,16,0.0020860495436766623,1.3588100862678386e-05,0.006918577354227718,2
773580,Game Dev Studio,16,0.0020860495436766623,3.914996098478088e-05,0.006933590540784984,2
677520,Guilt Battle Arena,16,0.0020860495436766623,0.0001234367012340895,0.006984252484223419,1
446380,Sophie's Curse,16,0.0020860495436766623,4.307507351325245e-05,0.00693683971556669,0
523160,Alice's Patchworks 2,16,0.0020860495436766623,8.653928731815324e-05,0.006962177840430133,0
550670,"What The Heck, Dude?",16,0.0020860495436766623,0.00027314761884235324,0.007068805548948324,1
292630,Uriel's Chasm,16,0.0020860495436766623,0.00018125752340554665,0.007014795709463833,2
649600,Swords and Sandals 2 Redux,16,0.0020860495436766623,0.00045588702394417085,0.007177112126943355,1
645290,Mechanism,16,0.0020860495436766623,7.486292146295287e-05,0.006955053332720353,0
467760,Trapper's Delight,16,0.0020860495436766623,0.0002577881133403902,0.007058012095569422,1
453340,Hustle Cat,16,0.0020860495436766623,0.00022374061935749337,0.007040089535643255,1
270050,Quest of Dungeons,16,0.0020860495436766623,3.1385163826196924e-05,0.006929365238784107,2
349300,Littlewitch Romanesque: Editio Regia,16,0.0020860495436766623,1.3588100862678386e-05,0.006918577354227692,2
537990,Heroine Anthem Zero -Sacrifice-,16,0.0020860495436766623,8.276925560927796e-05,0.006959097778428499,0
284460,DeadCore,16,0.0020860495436766623,0.00010011643592110983,0.006970197151346059,0
582560,The Invisible Hours,16,0.0020860495436766623,6.509552358199387e-05,0.006951677206284428,2
867180,Tilesweeper,16,0.0020860495436766623,0.0001120931468589544,0.006977757305166133,2
589670,Double Kick Heroes,16,0.0020860495436766623,0.00011857445216211554,0.006982499867993262,0
308173,Hegemony III: Clash of the Ancients,16,0.0020860495436766623,0.00011773417460901074,0.0069806379842455,1
544590,Death Dojo,16,0.0020860495436766623,3.254134389873895e-07,0.006910465592325094,6
443970,S2ENGINE HD,16,0.0020860495436766623,0.00010594191045341108,0.006971905593462856,1
489610,Chicken Assassin: Reloaded,16,0.0020860495436766623,0.00011141031213326455,0.006975589377713553,0
207930,Sacred Citadel,16,0.0020860495436766623,4.1306965745017993e-05,0.006935542716761536,2
805500,Dokkaebi Hentai Adventures,16,0.0020860495436766623,0.00020953786340037963,0.0070310960968260625,0
462960,Caveman World: Mountains of Unga Boonga,16,0.0020860495436766623,0.00014051403698366266,0.006991640354755867,2
259340,Chicken Shoot Gold,16,0.0020860495436766623,0.00011198708704971153,0.006974312154080173,1
386590,Novus Inceptio,16,0.0020860495436766623,6.201965141833317e-05,0.006946406002066251,1
681330,Helium Rain,16,0.0020860495436766623,0.00022079788698859654,0.007038641005594041,1
543600,Monster Maze VR,16,0.0020860495436766623,3.254134389873895e-07,0.00691046559232512,6
542820,DemonicGuestVR,16,0.0020860495436766623,3.254134389873895e-07,0.006910465592325112,6
487770,Hoops VR,16,0.0020860495436766623,3.254134389873895e-07,0.00691046559232512,6
465150,Mars Odyssey,16,0.0020860495436766623,3.254134389873895e-07,0.006910465592325106,6
286360,Shadows on the Vatican Act I: Greed,16,0.0020860495436766623,0.00012352693205588798,0.0069836412927471005,1
398100,Highschool Romance,15,0.0019556714471968707,0.00010112574213132223,0.006968331741753949,2
788050,Re;Lord 1 ~The witch of Herfort and stuffed animals~,15,0.0019556714471968707,0.00010112574213132223,0.006968331741753951,2
399420,The Prism,15,0.0019556714471968707,6.597238710425765e-05,0.0069469651410151104,2
703510,Wooden Battles,15,0.0019556714471968707,0.00022642027315448145,0.007039515152314076,1
469790,Linelight,15,0.0019556714471968707,0.0001818021228594463,0.007013268801863791,2
572040,Felis,15,0.0019556714471968707,6.503487160794546e-05,0.006948034032404016,2
449060,Cellar,15,0.0019556714471968707,0.00017560741875268264,0.007008792219014097,1
264280,99 Levels To Hell,15,0.0019556714471968707,0.00015975054736318227,0.007001467455169624,2
440540,Ara Fell,15,0.0019556714471968707,4.535839011635682e-05,0.006936639866665134,0
395500,Rot Gut,15,0.0019556714471968707,8.845713317674705e-05,0.006961116492157365,1
677450,Medieval Shopkeeper Simulator,15,0.0019556714471968707,6.974052485204052e-05,0.006950089568850288,1
985710,Wall Street Tycoon,15,0.0019556714471968707,9.029622655005543e-05,0.006960413695533173,1
340070,Battle Ranch: Pigs vs Plants,15,0.0019556714471968707,7.134713924212248e-05,0.0069519416386292915,2
306200,The Happy Hereafter,15,0.0019556714471968707,0.0001043067848168853,0.006969976003525103,0
585830,Ninja Stealth 2,15,0.0019556714471968707,0.0002458378892176015,0.007049604759182498,0
682140,Undead Development,15,0.0019556714471968707,8.23219900430065e-05,0.006958115001797629,1
862580,OK/NORMAL,15,0.0019556714471968707,0.00015072152194946573,0.006995333428489235,1
339160,Tales of the Orient: The Rising Sun,15,0.0019556714471968707,3.183924081072813e-05,0.006927726076572286,2
744810,A Raven Monologue,15,0.0019556714471968707,0.00011194442721958977,0.006978534371830657,0
670930,Escape Doodland,15,0.0019556714471968707,0.00015162767574924548,0.006998196947980538,1
770100,One Deck Dungeon,15,0.0019556714471968707,7.924975780879625e-05,0.006958705348138594,0
254960,Silent Storm Gold Edition,15,0.0019556714471968707,4.29709230133726e-05,0.006934851096339428,1
412790,Adventure Time: Magic Man's Head Games,15,0.0019556714471968707,8.7912846047868e-05,0.006960368053527806,78
579820,Robinson: The Journey,15,0.0019556714471968707,8.7912846047868e-05,0.006960368053527819,78
673210,Frontier Pilot Simulator,15,0.0019556714471968707,0.00011822577599042569,0.006977153582586332,1
6840,Commandos 3: Destination Berlin,15,0.0019556714471968707,0.00017684285773789858,0.007012194708869866,1
368570,Beat Da Beat,15,0.0019556714471968707,0.00020105674023962187,0.007023881997101024,0
269170,Sports Bar VR,15,0.0019556714471968707,0.00010540773607244234,0.006973444778030926,1
625980,Yomawari: Midnight Shadows / 深夜廻,15,0.0019556714471968707,0.00011715846826121464,0.00697743293838708,0
551450,Furious Angels,15,0.0019556714471968707,9.743470324093378e-06,0.006914656949941688,2
292380,Racer 8,15,0.0019556714471968707,9.149065050100906e-05,0.0069639257951348765,1
575720,Mighty Party,15,0.0019556714471968707,0.0001706337806068357,0.007008126691585198,1
718590,Dark Devotion,15,0.0019556714471968707,0.00014391243765510394,0.006997488890598646,0
740810,Pleasure Puzzle:Workshop,15,0.0019556714471968707,0.0001780484178971464,0.007012993448779634,1
1003360,ШХД: ЗИМА / IT'S WINTER,15,0.0019556714471968707,7.824702667346412e-05,0.0069555181015409084,9
314520,Euro Fishing,15,0.0019556714471968707,9.959664552485242e-05,0.0069676069085887,1
247950,Sacred 3,15,0.0019556714471968707,6.783623293303582e-05,0.0069500328496107005,0
769970,Bad Dream: Fever,15,0.0019556714471968707,0.0001848297711301853,0.007014946385379206,2
421660,Harmonia,15,0.0019556714471968707,7.187701182522544e-05,0.006951739216478708,0
29180,Osmos,15,0.0019556714471968707,0.00011560555480512186,0.006980366189170125,0
646310,ProjectM : Daydream,15,0.0019556714471968707,8.7912846047868e-05,0.0069603680535278,78
472680,Elisa: The Innkeeper - Prequel,15,0.0019556714471968707,5.621489366126524e-05,0.006942597394018854,1
557040,99Vidas,15,0.0019556714471968707,0.00023399456453944065,0.007046117829639566,2
536490,Perfect Fit - Totemland,15,0.0019556714471968707,2.3971437469294674e-05,0.006923163286984013,0
376680,Splendor,15,0.0019556714471968707,1.1847438497719223e-05,0.0069177441223157105,0
312420,Hell,15,0.0019556714471968707,3.507742301992973e-05,0.0069299877636018305,2
259510,Shufflepuck Cantina Deluxe,15,0.0019556714471968707,2.5668166772101922e-05,0.006924123090509485,0
254480,Obscure II (Obscure: The Aftermath),15,0.0019556714471968707,0.0001840262849807026,0.007016861096639315,1
589320,Catch a Lover,15,0.0019556714471968707,0.00017826648309022516,0.007011981055915385,0
469920,hackmud,15,0.0019556714471968707,0.00013508080380893815,0.006993654482692542,0
260250,Blood of the Werewolf,15,0.0019556714471968707,0.00015061570043539392,0.006995681350266177,1
645730,RESONANCE OF FATE™/END OF ETERNITY™ 4K/HD EDITION,15,0.0019556714471968707,4.394059890635226e-05,0.00693513653327173,0
533850,EggK47,15,0.0019556714471968707,8.96988584982577e-05,0.006960188493176728,1
486480,Tales of Destruction,15,0.0019556714471968707,0.0002254584097477762,0.0070388661301837505,1
503390,Roomscale Tower,15,0.0019556714471968707,6.0974978489091384e-05,0.006944088105254067,2
341680,stratO,15,0.0019556714471968707,6.0974978489091384e-05,0.006944088105254099,2
499400,The Path of Greatest Resistance,15,0.0019556714471968707,6.0974978489091384e-05,0.006944088105254073,2
510410,Cogs and Cowboys,15,0.0019556714471968707,6.0974978489091384e-05,0.006944088105254069,2
612370,PAKO 2,15,0.0019556714471968707,0.00014482801444779924,0.006993378588178773,1
683900,RollerCoaster Tycoon® Classic,15,0.0019556714471968707,6.651710302632133e-05,0.006948616154984227,1
799500,SurvivalZ,15,0.0019556714471968707,0.00022575405770316337,0.007039132266475119,1
586110,Sansar,15,0.0019556714471968707,0.00017991617078247116,0.007013846317234763,1
430210,Megaton Rainfall,15,0.0019556714471968707,0.00016619516191769342,0.007004849444933499,1
414920,Corgi Warlock,15,0.0019556714471968707,8.753535379044433e-06,0.006914509980597265,0
569810,LEAVES - The Return,15,0.0019556714471968707,3.6030054872830295e-06,0.0069111460357426345,2
311190,Super Panda Adventures,15,0.0019556714471968707,6.083836167707733e-05,0.006944096615667317,2
640310,Drive-By Hero,15,0.0019556714471968707,0.0001260455128533363,0.006982686323220977,1
11230,Gumboy Tournament,15,0.0019556714471968707,0.000124131652176536,0.0069820947278985,1
445110,Tasty Planet: Back for Seconds,15,0.0019556714471968707,0.00014669140919889846,0.006993278218356993,1
408960,Zombasite,15,0.0019556714471968707,6.454116651690534e-05,0.006947439071420668,0
667760,Super Lumi Live,15,0.0019556714471968707,5.835669391822525e-05,0.006943878381976848,1
726910,Star Wars: Droid Repair Bay,15,0.0019556714471968707,6.33029019427424e-05,0.006946323125998746,2
565860,Tomato Way,15,0.0019556714471968707,0.00010697924351882597,0.006971242461852675,1
607400,Necrosphere,15,0.0019556714471968707,0.00012701911834111726,0.006982359372926953,0
394160,ARCADE GAME SERIES: PAC-MAN,15,0.0019556714471968707,0.00011951690547741135,0.006979183429339368,0
488770,Her Majesty's SPIFFING,15,0.0019556714471968707,4.2555966498295636e-05,0.006934456100294559,2
478010,ABC Coloring Town,15,0.0019556714471968707,5.687245916218652e-05,0.006943012024328907,2
326720,Instant Dungeon!,15,0.0019556714471968707,5.687245916218652e-05,0.006943012024328913,2
765710,Light Bearers,15,0.0019556714471968707,0.00014514441274876905,0.006994074625673782,1
1053960,Bot Battles,15,0.0019556714471968707,7.312093302499797e-05,0.006952004580498149,1
483950,SMILE GAME BUILDER,15,0.0019556714471968707,3.638860919264449e-05,0.006930432806645199,0
418190,Helen's Mysterious Castle,15,0.0019556714471968707,7.330065800822867e-06,0.006913270515881348,0
316160,Broken Sword 4 - the Angel of Death,15,0.0019556714471968707,3.6030054872830295e-06,0.0069111460357426345,2
551730,Toukiden 2,15,0.0019556714471968707,0.00011177372205643448,0.006977450619248335,0
727730,Shiver,15,0.0019556714471968707,0.00010098416449903903,0.006966314330343267,1
518730,Zombo Buster Rising,15,0.0019556714471968707,0.00015895041524771958,0.007001647287369894,1
303290,OZMAFIA!!,15,0.0019556714471968707,2.7459721662737434e-05,0.006925217981326113,0
49900,Plain Sight,15,0.0019556714471968707,3.818841307683974e-05,0.006932227036905437,0
265000,FORCED SHOWDOWN,15,0.0019556714471968707,3.884029206966797e-05,0.00693217555903613,0
472870,Higurashi When They Cry Hou - Ch.3 Tatarigoroshi,15,0.0019556714471968707,9.55599047242971e-05,0.006967107812738255,0
497860,Zezenia Online,15,0.0019556714471968707,0.0001449841094694976,0.006993860359144527,2
520860,Impulse of War,15,0.0019556714471968707,0.00011502380309570105,0.006975453671272308,1
726840,City Game Studio,15,0.0019556714471968707,0.00012865751593095872,0.0069839658901471365,0
920690,CardLife: Creative Survival,15,0.0019556714471968707,0.00028094641099836096,0.007071717033891905,1
352160,Curse of Mermos,15,0.0019556714471968707,0.00010152424779154022,0.006967622807566306,1
11590,Hospital Tycoon,15,0.0019556714471968707,0.00018966514435760665,0.007017410108431723,1
522240,Pool Panic,15,0.0019556714471968707,0.00017469546806274,0.007008318667711684,2
643900,Alvora Tactics,15,0.0019556714471968707,1.0007748480453417e-05,0.0069152655232582825,0
890880,FROSTBITE: Deadly Climate,15,0.0019556714471968707,0.0002006769621264294,0.007025029279032521,1
283660,Rabbit Hole 3D: Steam Edition,15,0.0019556714471968707,0.00014121004835968327,0.006989376026526891,1
652950,Maggie's Apartment,15,0.0019556714471968707,2.8061397284139496e-05,0.006925778246289948,0
1610,Space Empires IV Deluxe,15,0.0019556714471968707,2.817526089882899e-05,0.006926171162810222,2
233230,Kairo,15,0.0019556714471968707,4.407448403277948e-05,0.006934911097830091,0
393430,Ice Lakes,15,0.0019556714471968707,0.00013341328445393293,0.0069860139054264934,1
272600,Detective Grimoire,15,0.0019556714471968707,3.4079715125906995e-05,0.006929488724574014,0
263020,STARWHAL,15,0.0019556714471968707,7.842438915029324e-05,0.006955920168455108,2
316610,A Good Snowman Is Hard To Build,15,0.0019556714471968707,5.4961603659124164e-05,0.006941883989406616,0
377140,Hide & Hold Out - H2o,15,0.0019556714471968707,0.0001826337426604358,0.007017584044605694,1
656880,Cybercube,15,0.0019556714471968707,8.306113163071277e-05,0.006957867407672527,0
585890,Sweetest Monster,15,0.0019556714471968707,3.881539551026239e-05,0.006933923641167583,2
229870,ShootMania Storm,15,0.0019556714471968707,0.00013924842947289623,0.006988961499819742,1
740080,Deadly Days,15,0.0019556714471968707,0.00022998596240184443,0.00704584144015492,0
543240,√Letter - Root Letter -,15,0.0019556714471968707,2.793347821936923e-05,0.006926036876935394,0
959520,Fantasy Blacksmith,15,0.0019556714471968707,0.0001754797946986838,0.007010285712272571,3
294540,Freddi Fish 3: The Case of the Stolen Conch Shell,15,0.0019556714471968707,0.00020154348830413272,0.007024312752920177,2
317020,Pajama Sam: Games to Play on Any Day,15,0.0019556714471968707,0.00013298493770863852,0.006985222310667144,1
1034880,DoraKone,15,0.0019556714471968707,0.00011318975738704192,0.0069744190865209926,0
375510,New kind of adventure,15,0.0019556714471968707,0.00013996263854535089,0.006991640561887299,2
508990,Handsome Mr. Frog,15,0.0019556714471968707,9.719278734092874e-05,0.006965133683313838,0
851670,LUMINES REMASTERED,15,0.0019556714471968707,8.151685494405416e-05,0.006958419037390665,0
580720,Carrier Deck,15,0.0019556714471968707,7.88342032115653e-05,0.0069572543639004805,1
758530,Sprout,15,0.0019556714471968707,2.8758850560498957e-05,0.00692630829747543,2
593200,The Adventures of Fei Duanmu 端木斐异闻录,15,0.0019556714471968707,3.0957003154765886e-05,0.006927991167684268,0
392000,TRON RUN/r,15,0.0019556714471968707,0.00011627293378138373,0.006978501068982555,0
407420,Gabe Newell Simulator 2.0,15,0.0019556714471968707,0.0002285892567100801,0.007040419364608327,1
247870,Redshirt,15,0.0019556714471968707,1.2331137835961736e-05,0.006916473596408024,0
490170,Mind OVR Matter,15,0.0019556714471968707,6.0974978489091384e-05,0.006944088105254084,2
525040,The Disney Afternoon Collection,15,0.0019556714471968707,3.184140010874878e-05,0.006928032089587559,2
670100,Mint,15,0.0019556714471968707,0.00023496616009264655,0.007043745302860879,1
758980,Downtown Casino Poker Leagues : Texas Hold'em Poker Tournaments,15,0.0019556714471968707,0.00018233608591631512,0.007013840870476678,1
111600,Serious Sam Double D XXL,15,0.0019556714471968707,5.8496803172591495e-05,0.006943223254601805,1
412770,Boogeyman,15,0.0019556714471968707,0.00014472387655433208,0.006994060471393551,1
262690,Little Racers STREET,15,0.0019556714471968707,4.857804580401612e-05,0.00693834269031178,1
39200,Dungeon Siege II,15,0.0019556714471968707,0.00015972023569527772,0.007002768616633413,1
937570,弾幕アマノジャク 〜 Impossible Spell Card.,15,0.0019556714471968707,0.00011555804694802164,0.006976651324200802,0
291390,Three Dead Zed,15,0.0019556714471968707,0.00015454262276570128,0.0069995143955324446,1
317720,Tiestru,15,0.0019556714471968707,0.00016582086176946073,0.00700367132537637,1
502740,50 years,15,0.0019556714471968707,9.806703004448671e-05,0.006966151633879849,2
936160,Atelier Rorona ~The Alchemist of Arland~ DX - ロロナのアトリエ ～アーランドの錬金術士～ DX,15,0.0019556714471968707,0.00010856495712861657,0.00697198398102575,0
287580,Pandora: First Contact,15,0.0019556714471968707,6.261007894452836e-05,0.0069470182424992005,0
605920,VOLTED,15,0.0019556714471968707,0.00013770429337697513,0.006988785608095803,1
830590,Holy Potatoes! A Spy Story?!,14,0.0018252933507170795,4.1520748357673494e-05,0.006930977838519001,2
889260,Bonkies,14,0.0018252933507170795,5.0639566981335926e-05,0.006938838264286534,0
238890,Skyward Collapse,14,0.0018252933507170795,0.00016096605996085696,0.007004159582120849,1
480690,Inbound,14,0.0018252933507170795,1.3550415621045642e-05,0.0069151861833796095,2
6370,Bloodline Champions,14,0.0018252933507170795,0.00011516611823837614,0.006975424223857839,2
377080,Hatoful Boyfriend: Holiday Star,14,0.0018252933507170795,5.015057945904873e-05,0.006944695931302394,4
391070,Stellar 2D,14,0.0018252933507170795,7.500019297657373e-05,0.0069503864034772996,2
889600,The Caligula Effect: Overdose,14,0.0018252933507170795,3.960414897911157e-05,0.0069314843233925704,0
265990,Rogue's Tale,14,0.0018252933507170795,7.988606963211511e-05,0.006954712759601589,0
108500,Vessel,14,0.0018252933507170795,9.977329411669363e-05,0.0069657875153055935,2
388420,In Between,14,0.0018252933507170795,3.458996400923898e-05,0.006927840750502164,2
368590,Albert and Otto,14,0.0018252933507170795,3.458996400923898e-05,0.006927840750502166,2
435300,We Know the Devil,14,0.0018252933507170795,0.00012301535440806168,0.006979232844324209,0
524250,Dad Quest | Story Platformer Adventure,14,0.0018252933507170795,5.002367577085105e-05,0.006936799089874628,0
308060,Black The Fall,14,0.0018252933507170795,5.62475112360759e-05,0.006941910676007739,2
418950,DreadOut: Keepers of The Dark,14,0.0018252933507170795,8.040343474762085e-05,0.0069551984962454814,0
409670,Pink Hour,14,0.0018252933507170795,4.279714099020854e-05,0.006933295101678279,0
354430,STAR WARS™ - X-Wing Special Edition,14,0.0018252933507170795,9.027799625771377e-05,0.006960832855371806,1
381640,Allods Online RU,14,0.0018252933507170795,0.00012132829462121591,0.006980367606817351,1
302010,The Blue Flamingo,14,0.0018252933507170795,0.00017772581532726075,0.0070091361576108836,1
395620,Ittle Dew 2,14,0.0018252933507170795,6.845645386606757e-05,0.006947202190320964,2
750010,Combat Tested,14,0.0018252933507170795,1.9867160854289396e-05,0.006918732063512809,2
265870,Alpha Kimori™ 1,14,0.0018252933507170795,7.431468926008452e-05,0.006950521640080135,21
596810,Save Their Souls,14,0.0018252933507170795,7.099240732674182e-05,0.006947553863074578,1
266230,Last Dream,14,0.0018252933507170795,1.8539833169502533e-05,0.006918748006051491,0
754540,Gauntlet of IRE,14,0.0018252933507170795,0.00022907418192070423,0.007040026262706163,1
721090,SKYBOX VR Video Player,14,0.0018252933507170795,0.00011343073170198599,0.006975003048429918,1
499620,Ultimate Booster Experience,14,0.0018252933507170795,6.344406381822066e-05,0.006945087301175243,0
63660,Myst: Masterpiece Edition,14,0.0018252933507170795,0.0001977921556845846,0.007020353299211247,1
806950,Victory At Sea Pacific,14,0.0018252933507170795,7.528881059221863e-05,0.0069521539436024574,1
714020,Idle Adventure,14,0.0018252933507170795,2.844915086929011e-05,0.006924420625927234,0
288880,Pineview Drive,14,0.0018252933507170795,2.1401427486179228e-05,0.006919686356844384,1
596940,Hide and Seek,14,0.0018252933507170795,0.00017542922943444443,0.007008898021594865,1
490820,Fly O'Clock,14,0.0018252933507170795,0.00016775834393029036,0.007003964267554278,1
704230,Pro Cycling Manager 2018,14,0.0018252933507170795,0.00014630655966617296,0.006992559444525683,1
704190,Bitcoin Collector,14,0.0018252933507170795,0.00021641438023569453,0.007034269851951802,1
513230,The Underground Man,14,0.0018252933507170795,0.00014289720325459584,0.0069933909413220805,1
488440,Angeldust,14,0.0018252933507170795,0.0003024649305837736,0.007081339130716863,1
223430,Miner Wars 2081,14,0.0018252933507170795,6.057218840642749e-05,0.006942551328287381,2
476540,Google Spotlight Stories: Pearl,14,0.0018252933507170795,6.057218840642749e-05,0.006942551328287381,2
415420,Nyan Cat: Lost In Space,14,0.0018252933507170795,3.709083499001552e-05,0.006928920289523084,2
289930,TransOcean: The Shipping Company,14,0.0018252933507170795,8.706054029196164e-05,0.006958307764622044,2
312440,Legions of Steel,14,0.0018252933507170795,6.458830364628508e-05,0.00694504098410744,0
259660,Void Destroyer,14,0.0018252933507170795,0.00021763557320814473,0.0070335735203666235,2
557400,Midas Gold Plus,14,0.0018252933507170795,0.00013700364790839763,0.006992188488731507,1
459940,Deer Man,14,0.0018252933507170795,0.00012684514408083886,0.006981451708334449,0
578830,Cavern of Time,14,0.0018252933507170795,0.0002105355922705903,0.00702656365213663,1
536420,Shining Plume,14,0.0018252933507170795,0.0002105355922705903,0.007026563652136632,1
32400,STAR WARS™ - Dark Forces,14,0.0018252933507170795,7.970203841476169e-05,0.0069550759123188635,1
778610,Foto Flash,14,0.0018252933507170795,4.114885347486918e-05,0.006931032409916517,1
524010,Siege of Centauri,14,0.0018252933507170795,0.00010178261489503884,0.006966654285222278,1
644290,MEMORIES OF MARS,14,0.0018252933507170795,5.995720735197471e-05,0.0069426119650415575,1
402040,The Guest,14,0.0018252933507170795,1.6552485592546303e-05,0.00691772162771594,0
603940,Pixel Shopkeeper,14,0.0018252933507170795,5.3762871010269984e-05,0.006941226390726523,0
341120,Glorkian Warrior: The Trials Of Glork,14,0.0018252933507170795,2.2609152462038054e-05,0.006920771195770532,1
592730,Aerial Destruction,14,0.0018252933507170795,0.0002105355922705903,0.007026563652136626,1
508180,Fly and Destroy,14,0.0018252933507170795,0.0002105355922705903,0.007026563652136626,1
277700,On Rusty Trails,14,0.0018252933507170795,0.0002105355922705903,0.007026563652136622,1
754330,Nogibator: Way Of Legs,14,0.0018252933507170795,0.0002105355922705903,0.007026563652136642,1
220090,The Journey Down: Chapter One,14,0.0018252933507170795,3.548699035093013e-05,0.006929896159223647,0
299260,Commando Jack,14,0.0018252933507170795,9.567306739491173e-05,0.00696307801474515,0
568320,Pictopix,14,0.0018252933507170795,0.0001600221981019747,0.007002732414912623,0
655290,Escape The Pacific,14,0.0018252933507170795,3.749615395311473e-05,0.006929229363753798,1
553210,"Warhammer 40,000: Space Wolf",14,0.0018252933507170795,9.89563931168031e-06,0.006913600706884402,2
2800,X2: The Threat,14,0.0018252933507170795,4.473670271746841e-05,0.006934572055225787,2
339790,rFactor,14,0.0018252933507170795,0.00031067216653151347,0.007084153365552001,1
603060,Tarim: Guardians,14,0.0018252933507170795,0.00014375578907106453,0.006990018192620207,1
734330,Ultimate Coaster X,14,0.0018252933507170795,0.0002985281215804485,0.007080180427627123,1
280320,Adventurer Manager,14,0.0018252933507170795,6.773765538686204e-05,0.006947041874253015,1
262960,Castle In The Darkness,14,0.0018252933507170795,6.572761315425872e-05,0.00694558597212732,2
444480,Broken Dreams,14,0.0018252933507170795,0.0002429488450793226,0.007045449340789572,1
25010,Lugaru HD,14,0.0018252933507170795,5.608275235806999e-05,0.006940221235257529,1
658980,Valnir Rok Survival RPG,14,0.0018252933507170795,8.94258609438847e-05,0.006959328964872108,1
436000,Lovely Planet Arcade,14,0.0018252933507170795,5.572094228781757e-05,0.006939398238046193,1
223450,Dyad,14,0.0018252933507170795,0.00016321211950188152,0.007003105226847955,1
753930,God's Basement,14,0.0018252933507170795,3.9417585966548746e-05,0.006930845912031064,0
893050,Hasbro's BATTLESHIP,14,0.0018252933507170795,0.00016051068479959736,0.0070028231553171385,1
260130,Agarest: Generations of War Zero,14,0.0018252933507170795,0.0001046700887875233,0.006970752398326503,0
412520,Evil Defenders,14,0.0018252933507170795,6.819848824521448e-05,0.006946890222727111,2
547340,LoveKami -Divinity Stage-,14,0.0018252933507170795,0.00010230821962488059,0.006969182290779819,0
382380,The Amber Throne,14,0.0018252933507170795,8.75206184589378e-06,0.006912990589498788,0
526490,Higurashi When They Cry Hou - Ch.4 Himatsubushi,14,0.0018252933507170795,5.872689555509869e-05,0.006942021108588837,14
352890,Caravan,14,0.0018252933507170795,8.618741957808981e-05,0.006957628316854412,1
431500,Clash of the Monsters,14,0.0018252933507170795,0.00012926164786895933,0.006983382598864827,0
898080,everybody's sad,14,0.0018252933507170795,0.0001674836858807194,0.0070071183130954885,0
612930,Fight of Gods,14,0.0018252933507170795,5.287094726837463e-05,0.006939811072667354,0
711750,Monster Energy Supercross - The Official Videogame,14,0.0018252933507170795,0.0001791898600132615,0.00701168396842198,1
412730,Days Under Custody,14,0.0018252933507170795,0.00014375578907106453,0.006990018192620195,1
610190,WARRIORS ALL-STARS / 無双☆スターズ,14,0.0018252933507170795,9.879199444318804e-05,0.006970108386942051,0
427980,Aozora Meikyuu,14,0.0018252933507170795,0.0001226777633430126,0.006979368993533291,86
812560,CROSS†CHANNEL: Steam Edition,14,0.0018252933507170795,0.00010808243077023495,0.006972047126533436,0
205610,Port Royale 3,14,0.0018252933507170795,5.117863512879474e-05,0.006938044928561508,1
16130,Fish Tycoon,14,0.0018252933507170795,8.406978648535114e-05,0.006956522752995115,22
364940,Pony World 3,14,0.0018252933507170795,0.00018402064938474445,0.007014937495744724,1
458590,ABE VR,14,0.0018252933507170795,1.03623718753914e-05,0.006913770291416358,0
726250,Unknightly,14,0.0018252933507170795,1.03623718753914e-05,0.006913770291416357,0
523090,Bomb U!,14,0.0018252933507170795,1.03623718753914e-05,0.006913770291416353,0
329970,KeeperRL,14,0.0018252933507170795,8.858953591926428e-05,0.006959447341544848,4
508290,$1 Ride,14,0.0018252933507170795,5.090263352128277e-05,0.006936915382532322,1
488920,Knockout League - Arcade VR Boxing,14,0.0018252933507170795,1.3550415621045642e-05,0.006915186183379587,2
328070,Reflex Arena,14,0.0018252933507170795,8.12161981710841e-05,0.006957177456752353,1
883100,360 No Scope Arena,14,0.0018252933507170795,0.00013646940661052537,0.006985911428076157,1
255320,Edna & Harvey: The Breakout,14,0.0018252933507170795,8.296200363800206e-05,0.006955918575021921,2
611020,CityBattle | Virtual Earth,14,0.0018252933507170795,0.0001626133156526965,0.00700237297166692,1
353550,House of Caravan,14,0.0018252933507170795,0.0002624213897020684,0.007056985180422374,1
481190,Stable Orbit,14,0.0018252933507170795,0.00015509859971531183,0.006997798711145416,1
702120,THE KING OF FIGHTERS '97 GLOBAL MATCH,14,0.0018252933507170795,9.999676886429769e-05,0.006966168965599269,1
623090,BAJA: Edge of Control HD,14,0.0018252933507170795,0.00012002836546184602,0.00698021618938432,1
851180,Blood Harvest 3,14,0.0018252933507170795,0.00010683858212732674,0.006968077647137443,1
454060,Blueprint Tycoon,14,0.0018252933507170795,0.00010683858212732674,0.006968077647137442,1
243220,FRACT OSC,14,0.0018252933507170795,5.937721100376022e-05,0.006942771634195025,56
618360,Aesthetic Melody,14,0.0018252933507170795,0.00010210112084267861,0.00696784116873968,1
774351,Citystate,14,0.0018252933507170795,0.00019702259505912072,0.007021534127483277,2
876160,Occupy White Walls,14,0.0018252933507170795,0.00021521589386022885,0.007036411860613685,0
332490,Battle Fleet 2,14,0.0018252933507170795,3.8654140301623055e-05,0.006930897501186304,0
473460,Memory Oblivion Box,14,0.0018252933507170795,6.146162719579214e-05,0.006944448567544672,0
494050,Road to your City,14,0.0018252933507170795,7.1006342044902045e-06,0.006911701852102097,0
686900,Bronze Age - HD Edition,14,0.0018252933507170795,7.1006342044902045e-06,0.006911701852102087,0
722230,L.A. Noire: The VR Case Files,14,0.0018252933507170795,0.0002527470154904285,0.00705306665898008,1
494230,Heart's Medicine - Time to Heal,14,0.0018252933507170795,0.00010135310407774401,0.006966993417409384,2
476420,Heart of Crown PC,14,0.0018252933507170795,4.0195648783914197e-05,0.006930417838251397,1
458580,Windlands 2,14,0.0018252933507170795,0.00015460301991285854,0.007003958580867532,0
409000,Mystery Chronicle: One Way Heroics,14,0.0018252933507170795,6.719768529407449e-05,0.006947602951394243,0
406290,Twilight Struggle,14,0.0018252933507170795,7.109987738775783e-05,0.006950333316405713,0
256460,Cosmic Star Heroine,14,0.0018252933507170795,6.582834720541201e-05,0.006947019100409851,0
343270,Disillusions Manga Horror,14,0.0018252933507170795,0.00014592178438747378,0.006996018675029016,2
635940,Little Busters! English Edition,14,0.0018252933507170795,0.00019548401854997286,0.007019907863419712,0
520940,MX vs ATV All Out,14,0.0018252933507170795,0.0003203879655842529,0.007091474312434462,1
265330,Gomo,14,0.0018252933507170795,0.00014591671838235824,0.006992142880128625,1
374060,Stairs,14,0.0018252933507170795,0.00019767963545045338,0.007023123358688723,1
744800,Banyu Lintar Angin - Little Storm -,14,0.0018252933507170795,0.00018548730882805603,0.007016525789558382,2
310740,NEON STRUCT,14,0.0018252933507170795,3.225561461642612e-05,0.006927116148521277,0
904570,TOK,14,0.0018252933507170795,1.821708675541167e-05,0.0069186464158146116,0
365050,Escape,14,0.0018252933507170795,9.279268945187323e-05,0.006963220304220068,1
626510,LoveKami -Useless Goddess-,14,0.0018252933507170795,6.872379290554626e-05,0.006947905633612713,0
6040,The Dig®,14,0.0018252933507170795,0.00010366582065926334,0.00696846182848622,5
733050,Lines Infinite,14,0.0018252933507170795,1.6896295996246294e-05,0.006917624546307128,0
384590,Polychromatic,14,0.0018252933507170795,0.00010223233579438318,0.006967853010880548,1
448080,Fibbage XL,14,0.0018252933507170795,0.00010380034934815617,0.006968701818502183,2
275470,Chip,14,0.0018252933507170795,3.458996400923898e-05,0.00692784075050216,2
636230,Safe House,13,0.001694915254237288,3.089971073427942e-05,0.00692401088135635,2
446620,Zombie Training Simulator,13,0.001694915254237288,4.9113716142509317e-05,0.0069350495041505195,2
279260,Richard & Alice,13,0.001694915254237288,3.6927750107249894e-05,0.006928488536669161,0
23400,Imperium Romanum Gold Edition,13,0.001694915254237288,3.5567021598073116e-05,0.006927358477147819,0
772290,Rainswept,13,0.001694915254237288,8.560896284581878e-05,0.006956965929745445,2
650220,Interplanetary: Enhanced Edition,13,0.001694915254237288,0.0002426018754142564,0.007047241263011447,1
201480,Serious Sam: The Random Encounter,13,0.001694915254237288,5.6953557097388953e-05,0.006939225454243619,1
877080,Seeds of Resilience,13,0.001694915254237288,3.089971073427942e-05,0.006924010881356352,2
851790,AstronTycoon,13,0.001694915254237288,3.089971073427942e-05,0.006924010881356344,2
400350,Battle Fleet: Ground Assault,13,0.001694915254237288,3.089971073427942e-05,0.006924010881356347,2
716760,Dream Alone,13,0.001694915254237288,3.089971073427942e-05,0.00692401088135635,2
890570,Almost Alive,13,0.001694915254237288,3.089971073427942e-05,0.0069240108813563486,2
345090,Ancient Planet Tower Defense,13,0.001694915254237288,0.0001712672399808224,0.007004459933837303,1
656140,PLANETS OF WAR,13,0.001694915254237288,0.00010219881665504203,0.006963971273337117,1
268240,Mechanic Escape,13,0.001694915254237288,8.985806093631465e-05,0.006957835690429036,1
448830,ASMR Universe,13,0.001694915254237288,5.259279915765708e-06,0.006909106647794403,2
403940,Dungelot: Shattered Lands,13,0.001694915254237288,5.259279915765708e-06,0.006909106647794399,2
468490,Neon Space,13,0.001694915254237288,5.259279915765708e-06,0.0069091066477944,2
364880,Genesis of Drones,13,0.001694915254237288,5.259279915765708e-06,0.006909106647794403,2
467310,Rogue Port - Red Nightmare,13,0.001694915254237288,5.259279915765708e-06,0.006909106647794403,2
411600,The Sentient,13,0.001694915254237288,5.259279915765708e-06,0.006909106647794395,2
471810,Death Squared,13,0.001694915254237288,8.146872560554109e-05,0.006955156527162051,0
773540,Boss Crushers,13,0.001694915254237288,0.00020166898359170676,0.007022427362669442,2
436110,Medusa's Labyrinth,13,0.001694915254237288,0.0002259700316614141,0.007035105266363963,2
434020,Last Hope - Tower Defense,13,0.001694915254237288,5.513642388944069e-05,0.006937781606148617,0
777650,Yet Another Research Dog,13,0.001694915254237288,7.044705662923087e-05,0.0069474523515187505,0
525150,Space Fuss,13,0.001694915254237288,9.165828439582978e-05,0.006960155751838433,1
896590,MilMo,13,0.001694915254237288,6.0725062058977205e-05,0.00694114964624345,2
532170,WaveLand,13,0.001694915254237288,9.767549807967599e-05,0.006961365021475471,1
291960,Elminage Gothic,13,0.001694915254237288,3.3475874518868393e-05,0.006925558553282642,2
206040,Avernum 5,13,0.001694915254237288,3.3475874518868393e-05,0.0069255585532826385,2
218020,Nethergate: Resurrection,13,0.001694915254237288,3.3475874518868393e-05,0.006925558553282654,2
331970,Disney's Treasure Planet: Battle of Procyon,13,0.001694915254237288,7.031072034678696e-05,0.006947553056344883,1
8400,Geometry Wars: Retro Evolved,13,0.001694915254237288,0.00013916999130722413,0.006986840695317415,1
423620,HERO DEFENSE,13,0.001694915254237288,5.8596516326437036e-05,0.0069413376375490315,0
99700,NightSky,13,0.001694915254237288,0.00011014257040275391,0.0069692032882042,1
341020,Chronicles of Teddy,13,0.001694915254237288,4.2949017422159125e-05,0.006931468499379069,0
857690,Lagoon Lounge : The Poisonous Fountain,13,0.001694915254237288,0.000140958794774553,0.006990147910587359,0
612300,Sudden Strike Gold,13,0.001694915254237288,0.00012427238769396987,0.0069786547833264575,1
741260,Mobile Empire,13,0.001694915254237288,0.0001298808416096463,0.006984339658993451,0
342610,HyperRogue,13,0.001694915254237288,7.01973261990759e-05,0.006947459175998744,0
415740,OmniBus,13,0.001694915254237288,0.00017374474580594937,0.00700569299864845,1
882460,The Warrior War,13,0.001694915254237288,0.00019814204169632413,0.00701822591121474,1
898650,The Shapeshifting Detective,13,0.001694915254237288,4.875018051360369e-05,0.0069351310880937335,0
206060,Avernum 6,13,0.001694915254237288,3.3475874518868393e-05,0.00692555855328265,2
316140,Appointment With FEAR,13,0.001694915254237288,0.00013613191867562556,0.0069839840872590354,1
10270,Disciples III: Reincarnation,13,0.001694915254237288,3.803809478534595e-05,0.006928720881812186,2
203350,King's Bounty: Warriors of the North,13,0.001694915254237288,4.62242800624799e-05,0.006935520168189226,0
612720,SAELIG,13,0.001694915254237288,8.112096227690156e-05,0.006954749579263256,1
16600,Trials 2: Second Edition,13,0.001694915254237288,0.0001397412875630628,0.006985838767363514,1
416190,Vehicle Simulator,13,0.001694915254237288,8.768350211601614e-05,0.006956856544665046,1
340490,Subterrain,13,0.001694915254237288,9.384169199139889e-05,0.006961877907883428,1
476530,Children of a Dead Earth,13,0.001694915254237288,0.0001598677912932699,0.007004242398709258,0
527340,What The Box?,13,0.001694915254237288,7.810308776949226e-05,0.006953875673801534,0
22650,Alien Breed 2: Assault,13,0.001694915254237288,9.853784554945192e-06,0.006911639789418591,1
786680,Dungeons Forever,13,0.001694915254237288,5.963007843955754e-05,0.006940064531265046,1
719640,War Planet Online: Global Conquest,13,0.001694915254237288,0.00011827650754152311,0.006975003490445606,1
207570,English Country Tune,13,0.001694915254237288,1.535276082415515e-05,0.0069148456280321985,0
1004210,Pandamonia 潘德莫尼亚,13,0.001694915254237288,0.00012799441918292167,0.006979020896339661,0
358830,Good Robot,13,0.001694915254237288,2.271436521866483e-05,0.006919590658666269,2
594300,Chasing Styx,13,0.001694915254237288,9.853784554945192e-06,0.006911639789418583,1
409850,Criminal Girls: Invite Only / クリミナルガールズ INVITATION,13,0.001694915254237288,5.851676547792407e-05,0.006940959451807688,0
344130,Cataegis : The White Wind,13,0.001694915254237288,0.00011014257040275391,0.006969203288204175,1
326520,Chime Sharp,13,0.001694915254237288,3.7171005530739237e-06,0.006908092246944128,0
270130,The Gallery - Episode 1: Call of the Starseed,13,0.001694915254237288,3.7171005530739237e-06,0.006908092246944163,0
80200,Fate of the World,13,0.001694915254237288,3.7171005530739237e-06,0.006908092246944148,0
251530,Anomaly Korea,13,0.001694915254237288,0.00010752395232662231,0.006969107687283329,2
252170,Anomaly Warzone Earth Mobile Campaign,13,0.001694915254237288,0.00010752395232662231,0.006969107687283343,2
379530,Fate Tectonics,13,0.001694915254237288,3.7171005530739237e-06,0.006908092246944143,0
887970,Generation Streets,13,0.001694915254237288,0.00020596255323007532,0.007025198043146016,1
965300,The Settlers® : Heritage of Kings - History Edition,13,0.001694915254237288,0.00011241496142248328,0.00697244748248345,0
438820,Hyper Box,13,0.001694915254237288,0.00011764265673288755,0.006972335292142148,1
872240,Nick Beard: The Fedora of Destiny,13,0.001694915254237288,6.905967965581855e-05,0.00694635247125703,1
336440,Super Cane Magic ZERO,13,0.001694915254237288,0.00024136614953520807,0.007044024129114808,1
527470,Donuts'n'Justice,13,0.001694915254237288,3.406496974700047e-05,0.006925857949257026,1
585910,Wild Guns Reloaded,13,0.001694915254237288,9.446086996926503e-05,0.006960002352428363,0
842150,Wild West Saga: Idle Tycoon Clicker,13,0.001694915254237288,6.799795292032196e-05,0.006946607892030686,1
348470,SAMURAI WARRIORS 4-II,13,0.001694915254237288,0.00014333867580968647,0.006990357124069719,0
464340,Syberia 3,13,0.001694915254237288,0.00020108828069366282,0.007028673923688384,0
6250,Making History: The Calm & the Storm,13,0.001694915254237288,2.0820291213664884e-05,0.0069187408482535824,2
938220,TAPSONIC BOLD,13,0.001694915254237288,9.102006716374381e-05,0.00696022764737003,0
391140,Blast-off,13,0.001694915254237288,0.00018616132122124826,0.007012394624736717,1
526730,Life of Lon: Chapter 1,13,0.001694915254237288,1.7217654757260893e-05,0.006916453961468952,0
664450,Manifest 99,13,0.001694915254237288,1.7217654757260893e-05,0.006916453961468958,0
359190,Rituals,13,0.001694915254237288,2.6683147807268248e-05,0.006922005827915702,0
243360,TrackMania² Valley,13,0.001694915254237288,7.816483791981862e-05,0.006954151768202392,1
376130,Illuminascii,13,0.001694915254237288,6.321824278173961e-05,0.006942660336056167,2
1011740,DOZA 2: NOVOGODNIY PEREDOZ,13,0.001694915254237288,0.00017126706624667713,0.007006112705920528,1
595460,Flix and Chill,13,0.001694915254237288,6.261822274771895e-06,0.006909461703612294,2
509210,Clockwork,13,0.001694915254237288,6.261822274771895e-06,0.006909461703612298,2
420060,Candle,13,0.001694915254237288,3.0057349475466043e-05,0.00692341268773261,2
590720,Cobalt WASD,13,0.001694915254237288,9.58653544936708e-05,0.006960712481384064,0
201210,Pox Nora,13,0.001694915254237288,6.100043473610931e-05,0.00694391877799042,0
357780,Defend Your Life: TD,13,0.001694915254237288,0.00017770315866054572,0.007007597757092186,1
497700,Safety First!,13,0.001694915254237288,6.981104342695343e-05,0.006946473435286064,0
45300,Wings of Prey,13,0.001694915254237288,8.466380130974563e-05,0.006954818270918488,1
247140,Soundodger+,13,0.001694915254237288,0.00010830313281750535,0.006969975450538916,2
644200,Starlight of Aeons,13,0.001694915254237288,3.427986968917662e-05,0.006927450753741476,0
416250,Tales [PC],13,0.001694915254237288,0.00014645103981590982,0.006991545078313569,0
850330,best game eu,13,0.001694915254237288,0.0001227317576907316,0.006977418697426894,1
331750,Disney•Pixar WALL-E,13,0.001694915254237288,0.0002271759448904095,0.00703622032225485,1
704840,The Walking Vegetables,13,0.001694915254237288,0.00022831545491339492,0.007036976625295807,1
31910,Nancy Drew®: The Haunting of Castle Malloy,13,0.001694915254237288,0.00012307341658928433,0.006977402182950103,1
381890,Induction,13,0.001694915254237288,6.261822274771895e-06,0.006909461703612303,2
237550,Realms of Arkania: Blade of Destiny,13,0.001694915254237288,7.494571846952955e-05,0.006951580690424638,0
16810,Sid Meier's Civilization IV: Colonization,13,0.001694915254237288,7.934325067425745e-05,0.00695447170163107,0
555920,Dark Egypt,13,0.001694915254237288,7.66956738546022e-05,0.0069515662575485105,1
567060,Putrefaction 2: Void Walker,13,0.001694915254237288,4.575040563340917e-05,0.006932682305332091,0
262450,Dead Man's Draw,13,0.001694915254237288,2.854358487676888e-05,0.0069229922557010985,1
206610,3SwitcheD,13,0.001694915254237288,0.0001392055081483761,0.006987829155150104,1
301320,NoLimits 2 Roller Coaster Simulation,13,0.001694915254237288,0.0002784924501073176,0.007066201875121113,1
925440,神社的百合香 ~ Floral Aroma in the Shrine,13,0.001694915254237288,0.0001489235656913704,0.0069915810845866105,0
369000,Pongo,13,0.001694915254237288,0.00011202405154235377,0.006971113403826458,1
291430,Lost Marbles,13,0.001694915254237288,0.0002090393548842607,0.007025415221129168,1
535000,EXIT,13,0.001694915254237288,6.261822274771895e-06,0.006909461703612306,2
504620,"Grid Legion, Storm",13,0.001694915254237288,6.261822274771895e-06,0.00690946170361232,2
570420,X Rebirth VR Edition,13,0.001694915254237288,2.249927571358981e-05,0.006919581390919777,2
467820,Zero G Arena,13,0.001694915254237288,0.00012974811596204994,0.006982028402890494,1
360650,12 Labours of Hercules III: Girl Power,13,0.001694915254237288,3.835173094836903e-06,0.006908004615576844,1
207420,Wizorb,13,0.001694915254237288,4.545314542556109e-05,0.006932553034626032,2
369890,Riddled Corpses,13,0.001694915254237288,4.177720285653745e-06,0.006908326521831548,0
436260,Ultimate Arena,13,0.001694915254237288,9.124446315313207e-05,0.006960123734687638,1
514580,Cooking Witch,13,0.001694915254237288,9.124446315313207e-05,0.006960123734687658,1
365770,Volume,13,0.001694915254237288,4.775364284503971e-05,0.006934349978609055,0
209230,Sherlock Holmes and The Hound of The Baskervilles,13,0.001694915254237288,2.3599792285676602e-05,0.006920462805269942,0
322770,Vanishing Realms™,13,0.001694915254237288,6.39144855412929e-05,0.006944306036485065,0
708340,Shark Simulator,13,0.001694915254237288,0.0003162583886695667,0.0070860566246245165,1
205690,1000 Amps,13,0.001694915254237288,2.8508852388046555e-05,0.006922770578916142,0
495520,Ping Pong League,13,0.001694915254237288,8.258765924239097e-05,0.006953402899326336,1
1044340,The 7th Guest: 25th Anniversary Edition,13,0.001694915254237288,6.428333830367817e-05,0.006943881688428447,0
205840,Yesterday,13,0.001694915254237288,3.294897843934805e-05,0.006925752053840972,2
282780,Stick 'Em Up 2: Paper Adventures,13,0.001694915254237288,3.294897843934805e-05,0.0069257520538409814,2
394870,Office Battle,13,0.001694915254237288,6.248412939990532e-05,0.006943310204876438,11
578900,Demonheart,13,0.001694915254237288,0.00010808652484791747,0.006970206075047832,1
301540,Rhythm Destruction,13,0.001694915254237288,3.930397267459605e-05,0.00692985100499209,0
892760,Seed of Evil,13,0.001694915254237288,8.930020154845601e-05,0.006958800874517674,0
493720,Haven Moon,13,0.001694915254237288,3.0042658558744157e-05,0.006924307826902687,2
406080,Ant War: Domination,13,0.001694915254237288,0.00017341602910458958,0.00700694307347842,1
492220,Bohemian Killing,13,0.001694915254237288,0.00017341602910458958,0.007006943073478387,1
391780,Uebergame,13,0.001694915254237288,0.00022399741028759803,0.007034738053859184,1
438180,Super Mustache,13,0.001694915254237288,0.00016395350416236783,0.007000050848976052,1
646200,Dead Effect 2 VR,13,0.001694915254237288,3.711215254373809e-05,0.006927490751835689,0
269010,Science Girls,13,0.001694915254237288,0.00017540329859721103,0.0070091331622419775,2
222140,Puddle,13,0.001694915254237288,0.00015265295083746408,0.006994597729126171,1
687750,Yandere School,13,0.001694915254237288,0.00015394086812798763,0.006993633952781513,1
783330,Super Robolom,13,0.001694915254237288,0.0001879490217527205,0.0070141132113478695,1
593620,The Last Conflict,13,0.001694915254237288,6.219574670311783e-05,0.00694256980784378,0
963290,Heroes of Fortunia,13,0.001694915254237288,6.402898648379778e-05,0.006943034319253457,1
574120,Sausage Sports Club,13,0.001694915254237288,7.607494880917194e-05,0.006951127602032345,1
235660,Eador: Genesis,13,0.001694915254237288,6.7322947168959e-05,0.006945292519179822,1
355170,Sam & Max Hit the Road,13,0.001694915254237288,0.00013977603742935493,0.006986390897807556,1
315840,Catacomb Kids,13,0.001694915254237288,3.3392964012345334e-05,0.006926317733813017,0
408740,Pro Gamer Manager,13,0.001694915254237288,6.0202846001989326e-05,0.006943721718621782,0
236130,Horizon,13,0.001694915254237288,1.6943930134420474e-05,0.006916303562448068,0
569630,Out of Ammo: Death Drive,13,0.001694915254237288,4.3011469772834686e-05,0.006931571983548659,1
526130,Sky Sanctuary,13,0.001694915254237288,4.3011469772834686e-05,0.006931571983548676,1
796940,Red Embrace,13,0.001694915254237288,3.4895176512670925e-05,0.006926770166909005,0
505060,Warcube,13,0.001694915254237288,2.3225420062231698e-05,0.006919510253197587,0
263200,Signs of Life,13,0.001694915254237288,0.00010672286590301711,0.006970387232621656,1
491260,Take Thy Throne,13,0.001694915254237288,9.95003878302791e-05,0.006964061595577806,1
427760,A Chair in a Room : Greenwater,13,0.001694915254237288,3.9774316658742185e-05,0.006930173143249818,0
496350,Supipara - Chapter 1 Spring Has Come!,13,0.001694915254237288,2.2187689737267836e-05,0.006919410404608977,0
39520,The Guild Gold Edition,13,0.001694915254237288,6.7322947168959e-05,0.006945292519179838,1
319450,Chariot,13,0.001694915254237288,6.32898896332454e-05,0.00694305405075925,32
273790,Agricultural Simulator 2012: Deluxe Edition,13,0.001694915254237288,5.725889333076208e-05,0.006939751646523896,1
116100,Super Toy Cars,13,0.001694915254237288,5.725889333076208e-05,0.0069397516465239135,1
331690,Crossing Souls,13,0.001694915254237288,9.19935691190226e-05,0.0069600329825827865,0
18040,DeathSpank,12,0.0015645371577574967,9.096062781621075e-06,0.006910036548202682,2
415850,BAD END,12,0.0015645371577574967,6.103721490418499e-05,0.006940150037999117,2
311100,Echelon: Wind Warriors,12,0.0015645371577574967,2.173611148599465e-05,0.006917077948991839,1
704040,Castle Clicker : Building Tycoon,12,0.0015645371577574967,0.00013261676286482153,0.00697982069066565,1
762650,Depraved,12,0.0015645371577574967,0.00011054440380653566,0.006968961425955333,71
736570,The Crooked Man,12,0.0015645371577574967,9.675363317181766e-05,0.006962662773132725,0
631830,Sarcophag,12,0.0015645371577574967,0.00014058621073408147,0.006985241074568964,1
312970,My Ex-Boyfriend the Space Tyrant,12,0.0015645371577574967,4.503044077394194e-05,0.006929942705195575,2
227160,Kinetic Void,12,0.0015645371577574967,7.832323922786862e-05,0.006951030513778636,2
361630,404Sight,12,0.0015645371577574967,0.000210443219583234,0.0070266182522588615,0
313650,Time Mysteries 2: The Ancient Spectres,12,0.0015645371577574967,8.358565409093926e-05,0.006954629630883935,0
389270,Through Abandoned: The Underground City,12,0.0015645371577574967,7.144950571914848e-05,0.00694624277329122,0
529770,Ley Lines,12,0.0015645371577574967,7.634016349692896e-05,0.006948852150151355,1
600630,Spaceship Looter,12,0.0015645371577574967,9.59604898843686e-05,0.006959276669641637,1
431770,Rivalry,12,0.0015645371577574967,0.00011062602383750008,0.006967678094082637,1
334560,Square Heroes,12,0.0015645371577574967,0.00012141207611788676,0.006975419097426472,1
277510,Shiny The Firefly,12,0.0015645371577574967,9.280037946205498e-05,0.006957517047223136,2
672640,War Robots VR: The Skirmish,12,0.0015645371577574967,0.00019226327796856182,0.007013541770021846,1
699180,Human-powered spacecraft,12,0.0015645371577574967,0.00011196790647000616,0.006970780828316158,0
975270,Legion War,12,0.0015645371577574967,9.945128474917864e-05,0.006963490608441694,0
574760,Starship Theory,12,0.0015645371577574967,1.574268062548346e-05,0.0069139880303773354,2
526140,The Gallery - Episode 2: Heart of the Emberstone,12,0.0015645371577574967,1.253921477781728e-05,0.006912011920862742,2
314150,Double Dragon Trilogy,12,0.0015645371577574967,8.191535744377582e-05,0.006953387803231822,2
497800,Golden Krone Hotel,12,0.0015645371577574967,0.00016413697232823532,0.006998214132284763,1
373650,The Assembly,12,0.0015645371577574967,1.1441164458769361e-05,0.00691122926060321,0
843360,Rift Keeper,12,0.0015645371577574967,8.707339940905185e-05,0.006957409176299667,2
694720,notmycar,12,0.0015645371577574967,6.488114762248077e-05,0.006941627099004208,1
340860,RaidersSphere4th,12,0.0015645371577574967,3.797759298752472e-05,0.006927143685136292,0
574200,EARTH DEFENSE FORCE 4.1 WINGDIVER THE SHOOTER,12,0.0015645371577574967,3.797759298752472e-05,0.006927143685136295,0
355270,199X,12,0.0015645371577574967,2.224217699678642e-05,0.006918142108523815,0
618950,Agatha Knife,12,0.0015645371577574967,0.00019374388671180166,0.007016714043640043,1
476650,The Silver Case,12,0.0015645371577574967,8.354502054836386e-05,0.006952451690052836,1
860790,Adventures Of Pipi 2 Save Hype,12,0.0015645371577574967,0.0003412079987309874,0.0070996194709941115,1
697650,The 25th Ward: The Silver Case / シルバー事件２５区,12,0.0015645371577574967,8.388610487344983e-05,0.006954189256820384,1
379640,Bloo Kid 2,12,0.0015645371577574967,0.00015838973232221718,0.006996151024679125,1
286880,Disney Planes,12,0.0015645371577574967,5.0304084439781825e-05,0.006933879736381854,1
366240,GAROU: MARK OF THE WOLVES,12,0.0015645371577574967,6.978491707445106e-05,0.006946626977328372,0
593670,Sponchies,12,0.0015645371577574967,2.0680571664278325e-06,0.006905481004407446,2
643830,Botlike - a robot's rampage,12,0.0015645371577574967,2.0680571664278325e-06,0.006905481004407447,2
525240,LOST SPHEAR,12,0.0015645371577574967,2.0680571664278325e-06,0.006905481004407434,2
609410,Iron Tides,12,0.0015645371577574967,2.0680571664278325e-06,0.006905481004407447,2
462940,Making History: The Second World War,12,0.0015645371577574967,8.470461359400444e-05,0.006953352068484574,1
827860,Destined,12,0.0015645371577574967,0.0002242203016371702,0.007034843932249351,1
243160,Mushroom 11,12,0.0015645371577574967,3.8207829856251223e-05,0.0069270909095894995,2
715010,Diamo XL,12,0.0015645371577574967,0.00014261754089166446,0.006986301283616187,1
259130,Wasteland 1 - The Original Classic,12,0.0015645371577574967,4.762839862925577e-05,0.006932393475286707,0
843260,The Bard's Tale Trilogy,12,0.0015645371577574967,2.198361228186045e-05,0.00691750478052347,0
787040,Perfect Heist,12,0.0015645371577574967,0.00019899844095188499,0.007018788117955289,1
555510,MachiaVillain,12,0.0015645371577574967,5.869718692285657e-05,0.0069389283005151054,2
571020,Santa's Big Adventures,12,0.0015645371577574967,0.00014830756052881542,0.006992974068527524,2
426190,Miner Meltdown,12,0.0015645371577574967,2.9116651059209986e-05,0.0069216235017005604,0
377870,DARIUSBURST Chronicle Saviours,12,0.0015645371577574967,9.993882501079818e-05,0.006964338218489244,0
550360,One Of The Last,12,0.0015645371577574967,1.8998940741213102e-05,0.006915445543143203,2
654850,Masked Forces: Zombie Survival,12,0.0015645371577574967,0.00019065251424643832,0.007015550304181356,1
786910,Deluded Mind,12,0.0015645371577574967,1.1441164458769361e-05,0.006911229260603227,0
419990,Ganbare! Super Strikers,12,0.0015645371577574967,7.990082944744369e-05,0.0069508314746406785,0
398680,Ace Of Words,12,0.0015645371577574967,3.5572046563589242e-06,0.006906289636205183,1
379290,Sumo Revise,12,0.0015645371577574967,3.5572046563589242e-06,0.0069062896362051705,1
490280,Realms of Magic,12,0.0015645371577574967,0.00014122396126016348,0.006986194049815486,0
486780,Fruit Ninja VR,12,0.0015645371577574967,5.9859604978420296e-05,0.0069408726119656915,0
341720,Among Ripples,12,0.0015645371577574967,1.993445501725506e-05,0.0069164506129886175,2
347430,Frankenstein: Master of Death,12,0.0015645371577574967,4.6412574918856976e-05,0.006931733821260951,2
572760,Holiday Bonus GOLD,12,0.0015645371577574967,7.799931902969972e-05,0.006950128283327338,1
674310,THE 2048,12,0.0015645371577574967,7.799931902969972e-05,0.006950128283327331,1
433490,Super Flippin' Phones,12,0.0015645371577574967,0.00010342457378721543,0.00696348737929472,1
654260,旧手表 - Old Watch,12,0.0015645371577574967,8.196724253363465e-05,0.006954711925567027,0
871200,FIGHTING EX LAYER,12,0.0015645371577574967,3.013176291398665e-05,0.0069221776648666095,2
809890,Shining Resonance Refrain,12,0.0015645371577574967,9.404328451186403e-05,0.006960772166298988,0
39560,Painkiller: Resurrection,12,0.0015645371577574967,8.38769521032315e-05,0.006953370493151418,1
844850,Tower Hunter: Erza's Trial,12,0.0015645371577574967,8.873398573974981e-05,0.006958441826295122,0
289840,Dracula 3: The Path of the Dragon,12,0.0015645371577574967,7.977665940361394e-05,0.006952268998407552,2
804870,Armed to the Gears,12,0.0015645371577574967,6.092954330423065e-05,0.0069411025405272855,0
8880,Freedom Force,12,0.0015645371577574967,1.689007468679733e-05,0.00691473956041079,0
623920,Chicago 1930 : The Prohibition,12,0.0015645371577574967,8.098646133871864e-05,0.006952252943409047,2
404820,Ragdoll Runners,12,0.0015645371577574967,1.6445068691138544e-05,0.006914391461070313,0
2500,Shadowgrounds,12,0.0015645371577574967,5.1636879293480615e-05,0.00693522509638794,2
305980,Heavy Fire: Afghanistan,12,0.0015645371577574967,5.717614256421181e-05,0.006938015145191358,0
63940,Men of War: Vietnam,12,0.0015645371577574967,1.3222169768077185e-05,0.0069121886719586195,1
531680,8-Bit Invaders!,12,0.0015645371577574967,7.277695760812909e-05,0.006947003579235778,1
742500,Nonogram - Master's Legacy,12,0.0015645371577574967,6.743089535750913e-05,0.0069445116647195455,0
836490,月夜下的紅茶杯 ~ Blacktea With Moon,12,0.0015645371577574967,9.761657200954827e-06,0.006910461518935316,0
347290,Rise & Shine,12,0.0015645371577574967,8.28497435924108e-05,0.0069529327005185704,2
803830,The Snowboard Game,12,0.0015645371577574967,0.00010675601567897727,0.006967523410549129,1
830820,Jets'n'Guns 2,12,0.0015645371577574967,3.256175152684074e-05,0.006924598137271289,0
485890,Summer Sale,12,0.0015645371577574967,0.00012751252427650088,0.006979932409333599,0
314280,The Forgotten Ones,12,0.0015645371577574967,5.855118222937256e-05,0.006938073016341324,1
336150,Virtual Pool 4,12,0.0015645371577574967,5.675764127539142e-05,0.006938628480200179,2
657240,Tracks - The Toy Train Set Game,12,0.0015645371577574967,7.855215308401887e-05,0.006949374558360159,1
809500,Brazilian Root®,12,0.0015645371577574967,0.00018812122415108192,0.007012568109082958,2
502370,"Warhammer 40,000: Sanctus Reach",12,0.0015645371577574967,0.00010922866764458025,0.006968835355755182,0
867380,Up Left Out,12,0.0015645371577574967,5.598528540218811e-05,0.006941499092029439,0
477200,Descent: Road to Legend,12,0.0015645371577574967,6.622419840678519e-05,0.0069437004273862485,2
476410,One Small Fire At A Time,12,0.0015645371577574967,1.917758898308313e-05,0.0069156608049510855,1
540060,Fabulous - Angela's Fashion Fever,12,0.0015645371577574967,6.365845154979027e-05,0.006941060669234945,2
415270,Star Crusade CCG,12,0.0015645371577574967,6.365845154979027e-05,0.006941060669234939,2
363330,Mind Snares: Alice's Journey,12,0.0015645371577574967,6.365845154979027e-05,0.006941060669234934,2
403950,Conquest of Elysium 4,12,0.0015645371577574967,8.333896522777602e-05,0.0069549812091006386,0
347720,Soda Drinker Pro,12,0.0015645371577574967,0.0001339300271998644,0.006981310806309796,2
485030,PLANET ALPHA,12,0.0015645371577574967,6.310864315081239e-05,0.006941550913609276,0
292390,Realms of the Haunting,12,0.0015645371577574967,3.7735167737039465e-05,0.0069260073985177115,1
369440,Immortal: Unchained,12,0.0015645371577574967,4.505287850753148e-05,0.00693153714282011,2
284750,Enigmatis: The Ghosts of Maple Creek,12,0.0015645371577574967,9.698822847963029e-05,0.006960322384383379,2
767390,Dakar 18,12,0.0015645371577574967,0.00022276785263047175,0.007032997672931601,1
209060,Drunken Robot Pornography,12,0.0015645371577574967,6.377252451950517e-05,0.0069423787039774466,0
592030,Just In Time Incorporated,12,0.0015645371577574967,7.597522774722467e-05,0.00694819876550065,1
744060,Groove Coaster,12,0.0015645371577574967,0.0001714448526832631,0.007002661913282464,0
371670,Rolling Sun,12,0.0015645371577574967,8.175146879886177e-05,0.006951948066859238,1
658570,FURIDASHI: Drift Cyber Sport,12,0.0015645371577574967,0.00014605853341364603,0.006988733530829421,3
521800,Command Ops 2,12,0.0015645371577574967,6.280129066849882e-05,0.006941888169801802,1
316930,Kings of Kung Fu,12,0.0015645371577574967,7.742702779844204e-05,0.006950643690062135,0
447890,Cat on a Diet,12,0.0015645371577574967,1.0880494317396178e-05,0.0069108493432800755,2
524640,Asura: Vengeance Expansion,12,0.0015645371577574967,4.6452319223243456e-05,0.006931903254218226,0
460750,Blade Ballet,12,0.0015645371577574967,7.209901347371177e-05,0.006949028056289819,0
386280,Vendetta - Curse of Raven's Cry,12,0.0015645371577574967,3.120980066573422e-05,0.00692366654259417,0
822540,Escape From Tethys,12,0.0015645371577574967,2.5153435323776136e-05,0.006919001337580371,43
666730,This Merchant Life,12,0.0015645371577574967,1.4015679453789444e-05,0.006913282666956228,2
473670,The Dolls: Reborn,12,0.0015645371577574967,1.5197561010191958e-05,0.00691331755675973,0
18420,Crazy Machines,12,0.0015645371577574967,0.00010342457378721543,0.006963487379294713,1
273940,Warehouse and Logistics Simulator,12,0.0015645371577574967,0.00011257372277008088,0.006969875428878364,2
622920,P-Walker's Simulation,12,0.0015645371577574967,0.00011257372277008088,0.006969875428878374,2
262790,Our Darker Purpose,12,0.0015645371577574967,4.253421889287268e-05,0.006930326060385045,0
241240,Contraption Maker,12,0.0015645371577574967,6.272967329617247e-05,0.00694114176519033,32
800670,NetStars - VR Goalie Trainer,12,0.0015645371577574967,9.09337412290327e-05,0.006957000167032494,1
428370,Windlands,12,0.0015645371577574967,7.308121387840784e-05,0.006946876719519839,1
933940,假如我是人工智能 Big Brother Is Shaping You,12,0.0015645371577574967,0.00011107651609761468,0.006971350399587115,0
318130,Doom & Destiny,12,0.0015645371577574967,6.71294339260385e-05,0.0069433143012174086,0
1029500,中华三国志 the Three Kingdoms of China,12,0.0015645371577574967,0.00010848839423715793,0.0069696992288035,0
718200,Forever Home,12,0.0015645371577574967,3.436027083459012e-05,0.0069248245345870174,0
287600,Sunset,12,0.0015645371577574967,2.776111677792243e-05,0.006922044527764056,0
402160,Star Command Galaxies,12,0.0015645371577574967,5.591417974171881e-05,0.006938419573684403,0
518620,Ballistick,12,0.0015645371577574967,2.987072516687573e-05,0.006922437579006865,2
363950,Windscape,12,0.0015645371577574967,4.340039136808544e-05,0.006929915475820355,1
833360,Star Valor,12,0.0015645371577574967,4.569881936285928e-05,0.0069324060814256955,0
822760,Fureraba ~Friend to Lover~,12,0.0015645371577574967,7.265646995739207e-05,0.006947788385177273,0
556820,Warbands: Bushido,12,0.0015645371577574967,7.808626750136256e-05,0.0069503318707718935,0
684720,Battlegun,12,0.0015645371577574967,5.7448345800478966e-05,0.006937186177826122,1
626660,Flipping Death,12,0.0015645371577574967,6.272967329617247e-05,0.006941141765190354,32
18700,And Yet It Moves,12,0.0015645371577574967,5.761962240331249e-05,0.006938765541206698,1
572220,MageQuit,12,0.0015645371577574967,9.611132126086569e-05,0.006961369578145069,0
516510,Orake 2D MMORPG,12,0.0015645371577574967,6.389278024526185e-05,0.006942532766729636,58
493700,Monster Puzzle,12,0.0015645371577574967,0.00012232582211135738,0.006977021567413576,1
728730,Holyday City: Reloaded,12,0.0015645371577574967,0.00015432644262498553,0.006992678402898183,2
921710,Galaxy Squad,12,0.0015645371577574967,2.4677278481380172e-05,0.006919354472716253,2
344810,Total Extreme Wrestling 2010,12,0.0015645371577574967,2.4677278481380172e-05,0.006919354472716243,2
341040,Wars Across The World,12,0.0015645371577574967,2.4677278481380172e-05,0.006919354472716249,2
499890,Aaero,12,0.0015645371577574967,8.83775348218726e-05,0.006955690886568439,1
560250,Galaxy Girls,12,0.0015645371577574967,0.00010494923381797937,0.006966454422895462,1
63700,BIT.TRIP BEAT,12,0.0015645371577574967,3.889093618463313e-05,0.006927217829811701,1
427810,CALENDULA,12,0.0015645371577574967,2.6621782778010466e-05,0.006919949865492149,1
977390,Tokyo Warfare Turbo,12,0.0015645371577574967,7.077358007647264e-05,0.006945997234876941,0
828900,The Stillness of the Wind,12,0.0015645371577574967,7.976365601057487e-05,0.006951782931181345,0
813300,CODE CRACKER 代码破译者,12,0.0015645371577574967,4.0511930085295604e-05,0.006928611483760128,0
57740,Jagged Alliance - Back in Action,12,0.0015645371577574967,6.162593768448192e-05,0.006942499158081623,0
741670,Easy Red,12,0.0015645371577574967,3.05533876159351e-05,0.006922264022463052,12
449220,A grande bagunça espacial - The big space mess,12,0.0015645371577574967,0.00017158215853452173,0.007002663858610957,1
467210,Evo Explores,12,0.0015645371577574967,2.0069111269679286e-05,0.006916749722966664,2
601920,Adjacency,12,0.0015645371577574967,2.0069111269679286e-05,0.006916749722966674,2
905090,Pineview Drive - Homeless,12,0.0015645371577574967,2.127698589175854e-05,0.006916565684339215,1
441680,Obscuritas,12,0.0015645371577574967,2.127698589175854e-05,0.006916565684339201,1
628070,Romance of the Three Kingdoms 11 with Power Up Kit / 三國志11 with パワーアップキット,12,0.0015645371577574967,0.00013071378194222348,0.006985740978211117,0
286770,Shadow Ops: Red Mercury,12,0.0015645371577574967,8.606230763999097e-05,0.006954619296241668,1
307590,Penarium,12,0.0015645371577574967,6.478107669274275e-05,0.006941698482444901,1
449530,Grand Pigeon's Duty,12,0.0015645371577574967,6.478107669274275e-05,0.006941698482444899,1
315540,The Joylancer: Legendary Motor Knight,12,0.0015645371577574967,0.00013883447761179626,0.006983976169762049,1
930640,Code Brown,12,0.0015645371577574967,0.00011967942919430446,0.006975348568980868,1
617610,Japanese Women - Animated Jigsaws,12,0.0015645371577574967,0.00011257372277008088,0.006969875428878358,2
522880,PSYCHO-PASS: Mandatory Happiness,12,0.0015645371577574967,4.767714998585059e-06,0.006907209753850543,0
611620,TheNightfall,12,0.0015645371577574967,2.127698589175854e-05,0.006916565684339198,1
787110,Usotsuki Game / 谎言游戏,12,0.0015645371577574967,7.333110505686396e-05,0.006947557193314785,0
454610,Demon's Crystals,12,0.0015645371577574967,6.761658113194263e-05,0.006944522066239381,2
299480,Rogue Stormers,12,0.0015645371577574967,6.761658113194263e-05,0.006944522066239371,2
460640,Breached,12,0.0015645371577574967,6.761658113194263e-05,0.0069445220662393645,2
357030,Excubitor,12,0.0015645371577574967,6.761658113194263e-05,0.00694452206623938,2
247370,Mutant Mudds Deluxe,12,0.0015645371577574967,3.11905248835046e-05,0.006923307941740194,2
417110,Mayjasmine Episode01 - What is God?,12,0.0015645371577574967,3.9901695261757105e-05,0.006928127811788907,0
964040,Snood,12,0.0015645371577574967,0.0001317948240241004,0.006980715308599708,1
809870,Ninjin: Clash of Carrots,12,0.0015645371577574967,0.00011999827461693261,0.006973663783455298,0
283430,Litil Divil,12,0.0015645371577574967,0.00015534640924433072,0.006993692510751906,1
63000,HOARD,12,0.0015645371577574967,4.380110502553194e-05,0.006930370838573455,0
671620,Beast Battle Simulator,12,0.0015645371577574967,0.0001749692820437123,0.007007235107849694,2
259190,Alone in the Dark: The New Nightmare,12,0.0015645371577574967,3.475345432722398e-05,0.006925807295864989,0
994190,Sound Slide,12,0.0015645371577574967,0.00012333280065415244,0.006975643912983094,0
913260,Victoria,12,0.0015645371577574967,2.127698589175854e-05,0.006916565684339192,1
506670,ORBITAL,12,0.0015645371577574967,9.055287982243505e-05,0.006956025969301352,2
252010,Oniken: Unstoppable Edition,12,0.0015645371577574967,6.879842412097853e-05,0.006944666303221175,1
653930,Tiny Town VR,12,0.0015645371577574967,0.0002273774745423463,0.007035110194485145,1
405970,Flat Kingdom Paper's Cut Edition,12,0.0015645371577574967,1.8998940741213102e-05,0.006915445543143205,2
448610,Draw Rider,12,0.0015645371577574967,1.8998940741213102e-05,0.006915445543143212,2
497460,Mervils: A VR Adventure,12,0.0015645371577574967,1.8998940741213102e-05,0.006915445543143173,2
409280,Blue Sheep,12,0.0015645371577574967,1.8998940741213102e-05,0.006915445543143187,2
468560,Blind Trust,12,0.0015645371577574967,0.00010411370722955827,0.006965629606357123,13
952920,Hoyeonjigi,12,0.0015645371577574967,4.5288232862707426e-05,0.006931493176366298,0
573410,AI War 2,11,0.0014341590612777053,5.960402205651074e-05,0.006938787896890508,0
625910,Time Recoil,11,0.0014341590612777053,2.498072752483354e-06,0.006904188473780335,2
517720,Epic Tavern,11,0.0014341590612777053,2.839056044174882e-06,0.006904542009990617,0
926520,Love Letter,11,0.0014341590612777053,9.052006277303736e-06,0.006908352820858049,0
1025250,Shadow Corridor,11,0.0014341590612777053,6.448258165270306e-05,0.006940816466943816,0
513290,Lucius III,11,0.0014341590612777053,7.21205195141066e-05,0.006944323406246718,2
787790,Epic Roller Coasters,11,0.0014341590612777053,1.6801881978597548e-05,0.006912497394590895,5
307340,Platypus,11,0.0014341590612777053,7.927606659850993e-05,0.006949720251155999,2
319830,AX:EL - Air XenoDawn,11,0.0014341590612777053,0.00019595505727934,0.007015608273105784,1
504920,39 Days to Mars,11,0.0014341590612777053,1.4140463765491703e-05,0.006911512133142135,2
1690,Space Empires V,11,0.0014341590612777053,1.286798063562191e-05,0.0069107628952844126,2
824460,HELLFRONT: HONEYMOON,11,0.0014341590612777053,1.4140463765491703e-05,0.0069115121331421265,2
819020,Zanki Zero: Last Beginning,11,0.0014341590612777053,1.4947514117937746e-05,0.006911882798255592,0
780350,Unruly Heroes,11,0.0014341590612777053,4.133330736830099e-05,0.0069284539899759755,0
851110,Idle Racing GO: Clicker Tycoon,11,0.0014341590612777053,3.754874804870829e-05,0.006925025625759058,1
632070,The Fidelio Incident,11,0.0014341590612777053,0.0001198391515396414,0.006972372931940201,2
519980,Trains VR,11,0.0014341590612777053,1.6801881978597548e-05,0.00691249739459089,5
616660,VR Coaster Extreme,11,0.0014341590612777053,1.6801881978597548e-05,0.006912497394590895,5
551440,Chiaro and the Elixir of Life,11,0.0014341590612777053,1.6801881978597548e-05,0.006912497394590899,5
337040,Deadnaut,11,0.0014341590612777053,1.7448912288733153e-05,0.006913466939748415,2
279480,Abalone,11,0.0014341590612777053,9.052006277303736e-06,0.006908352820858032,0
289480,The Tomorrow War,11,0.0014341590612777053,1.689674244440449e-05,0.006913060429027301,12
1016730,Deck of Ashes,11,0.0014341590612777053,4.1054293214574125e-05,0.006927721054947167,0
301200,Frederic: Evil Strikes Back,11,0.0014341590612777053,7.105396051030694e-05,0.006944707893466362,2
853200,Shred! 2 - Freeride Mountainbiking,11,0.0014341590612777053,2.56429126673272e-05,0.006917885604875867,1
227760,March of the Eagles,11,0.0014341590612777053,1.487550378697001e-05,0.006911851825847794,1
730620,Hammer 2,11,0.0014341590612777053,0.0002393608340848636,0.007040246086157758,1
427510,Way of the Samurai 3,11,0.0014341590612777053,4.209312068188327e-05,0.006928389248951578,0
596620,Gas Guzzlers: Combat Carnage,11,0.0014341590612777053,2.839511957525581e-05,0.006920271944574361,0
261510,Tesla Effect: A Tex Murphy Adventure,11,0.0014341590612777053,0.00010548825450826967,0.006964034968671637,1
550390,Kingdom of Aurelia: Mystery of the Poisoned Dagger,11,0.0014341590612777053,6.0294567425099666e-05,0.006937795766354018,0
406870,Eventide: Slavic Fable,11,0.0014341590612777053,6.0294567425099666e-05,0.0069377957663540315,0
37600,Windosill,11,0.0014341590612777053,5.830496881960045e-05,0.006937291502125228,2
756500,Noir Chronicles: City of Crime,11,0.0014341590612777053,6.0294567425099666e-05,0.006937795766354014,0
531960,Bloody Walls,11,0.0014341590612777053,0.000105215852081504,0.006963432934876078,1
803260,Survive in Angaria,11,0.0014341590612777053,7.792440432891264e-05,0.0069490240413852275,1
350310,BLADESTORM: Nightmare,11,0.0014341590612777053,4.643228273813395e-05,0.006931392153775941,0
978470,Clicker: Glad Valakas,11,0.0014341590612777053,9.9541860755032e-05,0.006960126524264823,1
290060,Glitchspace,11,0.0014341590612777053,4.7183870196488244e-05,0.006931544762202678,2
1027990,Antenna Dilemma,11,0.0014341590612777053,5.4216069139940176e-05,0.006934034716200102,1
457730,Mushroom Wars 2,11,0.0014341590612777053,0.00011135576351131853,0.00696864490017523,1
354290,LoveBeat,11,0.0014341590612777053,8.201117096515467e-05,0.006950487250553184,2
365900,Pixel Dungeon,11,0.0014341590612777053,0.00013888419979376693,0.0069829416386848215,1
746400,Speed Dating for Ghosts,11,0.0014341590612777053,8.433725221500739e-05,0.006951233010631696,0
268540,The Whispered World Special Edition,11,0.0014341590612777053,9.20092147010898e-06,0.006908526410688522,0
339910,Uncraft World,11,0.0014341590612777053,7.218751498266418e-05,0.006945527923121683,1
209330,A Valley Without Wind,11,0.0014341590612777053,8.739378846834303e-05,0.00695399856196843,2
415170,Engare,11,0.0014341590612777053,7.018801662590569e-07,0.006903085965533855,2
906110,Minotaur Arcade Volume 1,11,0.0014341590612777053,7.018801662590569e-07,0.006903085965533867,2
455120,Stay Close,11,0.0014341590612777053,5.274176978367604e-05,0.006933873885335074,0
713460,Train Frontier Classic,11,0.0014341590612777053,0.00016260861985654512,0.006996375748491104,1
894270,Beware of Trains,11,0.0014341590612777053,0.00016260861985654512,0.006996375748491124,1
820030,Picross Fairytale - nonogram: Red Riding Hood secret,11,0.0014341590612777053,1.4669394599031096e-05,0.006911898335987426,0
461640,Sins Of The Demon RPG,11,0.0014341590612777053,0.00012183060477891316,0.00697384571640338,1
355100,Dungeon Crawlers HD,11,0.0014341590612777053,1.689674244440449e-05,0.0069130604290273436,12
564950,Starfighter Origins,11,0.0014341590612777053,1.689674244440449e-05,0.0069130604290273175,12
384570,Zanzarah: The Hidden Portal,11,0.0014341590612777053,0.00014170244978413082,0.006983920181586247,1
15270,Cold Fear™,11,0.0014341590612777053,4.389224703428048e-05,0.00692957412693271,0
682480,恒水中学连环虐杀 / The untold story of hengshui school,11,0.0014341590612777053,9.854523693554729e-05,0.006961719700230205,0
90200,Farming Simulator 2011,11,0.0014341590612777053,9.271044294027761e-05,0.006958026730057683,1
955060,The Watson-Scott Test,11,0.0014341590612777053,0.0002635068665071446,0.007051307239237088,1
332260,Disney•Pixar Cars Mater-National Championship,11,0.0014341590612777053,8.88933704392986e-05,0.006955331920785879,1
852910,sweet pool,11,0.0014341590612777053,2.2136495646082082e-05,0.006916118418824244,0
263720,Brawlout,11,0.0014341590612777053,5.1946070170851375e-05,0.006932479896348813,1
427490,Shadowhand: RPG Card Game,11,0.0014341590612777053,7.018801662590569e-07,0.0069030859655338575,2
26900,Crayon Physics Deluxe,11,0.0014341590612777053,3.141697758228027e-05,0.006921844655365768,1
70100,Hacker Evolution,11,0.0014341590612777053,0.00024208715269010878,0.007041375362205183,1
496620,Monster Slayers,11,0.0014341590612777053,3.168867436866356e-05,0.006921908468937013,0
207430,"Hack, Slash, Loot",11,0.0014341590612777053,6.85311638956128e-05,0.006943940882504571,0
1022180,And I Must Scream,11,0.0014341590612777053,0.00018338420733554465,0.007007276677247514,1
379210,Wayward,11,0.0014341590612777053,1.8300210998664087e-06,0.006903833634604481,2
289400,Parkan 2,11,0.0014341590612777053,1.1512963752947945e-05,0.0069099697397630114,2
707300,Hatsune Miku VR / 初音ミク VR,11,0.0014341590612777053,0.00020037668892744316,0.007017327844811176,1
935930,Reignfall,11,0.0014341590612777053,3.470745351683573e-05,0.006922676226744031,2
318860,Malebolgia,11,0.0014341590612777053,2.401742731165443e-05,0.0069174944638865365,0
467360,Off-Peak,11,0.0014341590612777053,2.2894266075758334e-05,0.006916723887624256,0
1300,SiN Episodes: Emergence,11,0.0014341590612777053,0.00011105405613691704,0.006966892086436705,1
614910,#monstercakes,11,0.0014341590612777053,0.00020737431532894345,0.007021867017896035,1
528660,Spin Rush,11,0.0014341590612777053,3.0122612089133675e-05,0.0069201170092280054,2
441050,Polandball: Can into Space!,11,0.0014341590612777053,0.00018230993962656066,0.007008630650167702,1
494720,Morphblade,11,0.0014341590612777053,0.00010758378985049598,0.006965157449866007,1
532770,Time Leap Paradise SUPER LIVE!,11,0.0014341590612777053,2.144303187039253e-05,0.006915608140950401,2
587110,Ys: Memories of Celceta,11,0.0014341590612777053,5.25662866880061e-05,0.006934566708632723,0
345630,The Eden of Grisaia,11,0.0014341590612777053,2.144303187039253e-05,0.006915608140950393,2
205710,EverQuest,11,0.0014341590612777053,2.8743516577805907e-05,0.00692057985177236,0
805320,Conjuror's Eye,11,0.0014341590612777053,7.361266626325494e-07,0.006903124914651515,2
892560,PaulPaul - Act 1,11,0.0014341590612777053,7.361266626325494e-07,0.006903124914651525,2
882110,Google Spotlight Stories: Age of Sail,11,0.0014341590612777053,7.361266626325494e-07,0.006903124914651511,2
465450,iOMoon,11,0.0014341590612777053,7.361266626325494e-07,0.006903124914651535,2
979100,Experience: Colorblindness,11,0.0014341590612777053,7.361266626325494e-07,0.006903124914651519,2
589760,Revhead,11,0.0014341590612777053,0.0003073915629157521,0.0070809481785401055,1
202410,Scoregasm,11,0.0014341590612777053,7.018801662590569e-07,0.006903085965533864,2
620080,A Clockwork Ley-Line: The Borderline of Dusk,11,0.0014341590612777053,9.30185415107235e-05,0.006957427971970991,0
862770,KO Mech,11,0.0014341590612777053,5.460182439088966e-05,0.006933975639950837,1
365810,Flying Tigers: Shadows Over China,11,0.0014341590612777053,5.119174128544262e-05,0.006933616800113734,87
212030,Kung Fu Strike - The Warrior's Rise,11,0.0014341590612777053,5.736280221032168e-05,0.00693770028210616,0
674400,Einar,11,0.0014341590612777053,6.341674012056687e-06,0.006906613629454583,1
368080,Aurion: Legacy of the Kori-Odan,11,0.0014341590612777053,9.297500500729975e-05,0.006957291857686564,1
288040,Actual Sunlight,11,0.0014341590612777053,4.8147504937195746e-05,0.006930532147039701,0
6830,Commandos 2: Men of Courage,11,0.0014341590612777053,0.0001380321224713107,0.00698282215641801,0
493650,Deep Space Dash,11,0.0014341590612777053,5.0520257294781046e-05,0.006932079556590526,1
716770,Exorder,11,0.0014341590612777053,1.0467118006789932e-05,0.006909221232108455,2
466110,Shaolin vs Wutang,11,0.0014341590612777053,4.148634814427154e-05,0.006927545988856944,0
674850,2MD VR Football,11,0.0014341590612777053,1.8921224375535998e-05,0.006914952797416501,2
262550,Gunman Clive,11,0.0014341590612777053,1.8921224375535998e-05,0.00691495279741651,2
314360,Aritana and the Harpy's Feather,11,0.0014341590612777053,5.1946070170851375e-05,0.006932479896348841,1
658780,Bomb Chicken,11,0.0014341590612777053,7.332567520716086e-05,0.006946447512716187,0
732730,Red Crucible®: Reloaded,11,0.0014341590612777053,0.0001163468874049379,0.006969318446999203,1
370800,Fields of Battle,11,0.0014341590612777053,0.00020928450234805832,0.007023483665831634,1
919200,Special Warfare,11,0.0014341590612777053,2.8936324744488362e-05,0.006919766478507834,2
716260,Guns'n'Stories: Preface VR,11,0.0014341590612777053,4.730081548674621e-05,0.006930336476660981,1
246110,MASSIVE CHALICE,11,0.0014341590612777053,0.00011477484502794203,0.006971292604069261,0
301150,The Treasures of Montezuma 4,11,0.0014341590612777053,5.6934196169783875e-05,0.006935667219884938,2
655080,Crazy Ball Adventures,11,0.0014341590612777053,5.089846091801925e-05,0.006932659644624451,68
586310,Gunman Taco Truck,11,0.0014341590612777053,0.0001767870722619493,0.007006022355721939,1
331390,Winged Sakura: Mindy's Arc,11,0.0014341590612777053,5.902504931091529e-05,0.006936849664770967,2
773440,Primal Pursuit,11,0.0014341590612777053,5.380807954846301e-05,0.0069340586976453815,1
603000,Hillbilly Apocalypse,11,0.0014341590612777053,5.380807954846301e-05,0.006934058697645386,1
360840,Lumini,11,0.0014341590612777053,3.2611170545399116e-05,0.006922416412066711,2
215160,The Book of Unwritten Tales,11,0.0014341590612777053,6.50183912815671e-05,0.006940668798869591,0
284710,Abyss: The Wraiths of Eden,11,0.0014341590612777053,4.730081548674621e-05,0.006930336476660981,1
844380,Cave Digger,11,0.0014341590612777053,0.00010584666575093508,0.006964866106385557,1
394680,Mountain Crime: Requital,11,0.0014341590612777053,6.889706620461638e-05,0.006942646828043677,2
688140,Tempest 4000,11,0.0014341590612777053,7.018801662590569e-07,0.006903085965533853,2
246980,InFlux,11,0.0014341590612777053,4.77615294908404e-05,0.006933173485322687,2
668680,鬼畜大冒险 Gui Chu Da Mao Xian,11,0.0014341590612777053,8.57446157724065e-05,0.006953465356367454,0
611770,Void Source,11,0.0014341590612777053,0.00011708678058777179,0.006970358753736326,1
850450,Escape First,11,0.0014341590612777053,0.00018427773325191632,0.007007885931541737,1
252270,Zombie Tycoon 2: Brainhov's Revenge,11,0.0014341590612777053,0.00013336367487342367,0.00697985478200127,2
548090,Alone in the Dark 1,11,0.0014341590612777053,6.472248404516079e-05,0.006939999159975612,24
745890,This Is Not A Jumping Game,11,0.0014341590612777053,7.087369681830985e-05,0.006943521994121313,0
448240,Hybrid Animals,11,0.0014341590612777053,0.00017569084860105707,0.007004371326504077,1
389700,My Bones,11,0.0014341590612777053,0.0001426237894417766,0.006984859373535664,1
467370,Escape This,11,0.0014341590612777053,6.889706620461638e-05,0.006942646828043677,2
489220,Unforgiving Trials: The Darkest Crusade,11,0.0014341590612777053,6.889706620461638e-05,0.0069426468280436755,2
306350,Slipstream 5000,11,0.0014341590612777053,6.889706620461638e-05,0.006942646828043677,2
262940,Broken Sword 5 - the Serpent's Curse,11,0.0014341590612777053,8.660414736936632e-05,0.006958656128602417,0
224820,Super House of Dead Ninjas,11,0.0014341590612777053,0.00013890496753027413,0.0069839541205717745,1
661990,Arcana Heart 3 LOVEMAX SIXSTARS!!!!!!,11,0.0014341590612777053,1.4515391950844147e-05,0.00691315644231172,0
260730,Desperados: Wanted Dead or Alive,11,0.0014341590612777053,0.00013116156914590228,0.006981271618610077,0
748480,Wild Romance: Mofu Mofu Edition,11,0.0014341590612777053,0.00010026755292492975,0.006960669141603172,0
306680,Lexica,11,0.0014341590612777053,5.678861991605664e-05,0.006936379021033101,1
575950,Blood Feed,11,0.0014341590612777053,0.00010220565332332025,0.0069634185973093034,1
705670,Ballz: Farm,11,0.0014341590612777053,1.0025958082010877e-05,0.0069089552706014835,0
319850,Bridge Constructor Medieval,11,0.0014341590612777053,1.0025958082010877e-05,0.0069089552706015096,0
835430,La-Mulana 2,11,0.0014341590612777053,0.00024881548557012214,0.007048900254590901,0
340830,Razenroth,11,0.0014341590612777053,7.169657620251074e-05,0.00694473619199727,0
592660,Zen Garden,11,0.0014341590612777053,0.00011682936508803663,0.006970745151488992,1
457320,HoloBall,11,0.0014341590612777053,1.818991069317831e-05,0.0069131563702736105,2
404040,Lords of Magic: Special Edition,11,0.0014341590612777053,8.77912770967357e-05,0.006955118442904343,0
460850,Allumette,11,0.0014341590612777053,3.886425985178923e-05,0.006925855468448659,0
530020,World to the West,11,0.0014341590612777053,3.48873275811363e-05,0.006924871405028575,2
285380,On The Road,11,0.0014341590612777053,0.00011575870388061188,0.006972867669775144,1
506870,Unexplored,11,0.0014341590612777053,4.2585321488242785e-05,0.006927696699678034,0
621810,Strain Tactics,11,0.0014341590612777053,0.00010461608886500774,0.006964045697988828,0
294570,Freddi Fish 5: The Case of the Creature of Coral Cove,11,0.0014341590612777053,1.7176084406485866e-05,0.006913204509697118,0
265470,Even the Ocean,11,0.0014341590612777053,1.7176084406485866e-05,0.006913204509697118,0
320820,Toren,11,0.0014341590612777053,6.284264390810792e-05,0.006941139324350225,0
92100,DETOUR,11,0.0014341590612777053,1.138414554408015e-05,0.00690983258619227,2
626600,Lost Dimension,11,0.0014341590612777053,2.7720587918100754e-06,0.006904383321223207,0
12790,Damnation,11,0.0014341590612777053,4.8409065997413965e-05,0.006931816208913271,1
560370,SWAT 3: Tactical Game of the Year Edition,11,0.0014341590612777053,7.792444137891665e-05,0.0069476397416549564,1
748040,State of War : Warmonger / 蓝色警戒 (Classic 2000),11,0.0014341590612777053,0.0001202501455673493,0.006971919097764289,1
640050,Soldiers of the Universe,11,0.0014341590612777053,0.00013780273784373538,0.006982577188712902,1
765160,Weable 2,11,0.0014341590612777053,0.00013780273784373538,0.00698257718871291,1
974950,DAMNOSAUR,11,0.0014341590612777053,0.0002294877399892353,0.007039634059662571,1
115210,American Conquest,11,0.0014341590612777053,5.317522337400508e-05,0.006933905385561525,1
46290,Theatre of War,11,0.0014341590612777053,5.317522337400508e-05,0.006933905385561525,1
271920,Worlds Adrift Island Creator,11,0.0014341590612777053,0.0002252083256717585,0.00703266590087629,1
390720,Anarcute,11,0.0014341590612777053,0.0001538445884661637,0.00699017554726548,1
319050,Chaos Reborn,11,0.0014341590612777053,6.767907745135945e-05,0.006943846378106072,0
260330,Flockers™,11,0.0014341590612777053,4.0530020511464583e-05,0.006927971566866509,2
292990,NOBUNAGA'S AMBITION: Souzou (Traditional Chinese version),11,0.0014341590612777053,8.243174081938436e-05,0.006951726918348301,0
326950,Sword of Asumi,11,0.0014341590612777053,2.1107073722359377e-05,0.006915600743528058,0
105000,A New Beginning - Final Cut,11,0.0014341590612777053,3.266686550385364e-05,0.006922825995204729,0
613190,Unworthy,11,0.0014341590612777053,2.401742731165443e-05,0.006917494463886532,0
458000,March of the Living,11,0.0014341590612777053,1.982097795940892e-05,0.0069149811025032695,0
438000,PIXELMAN,11,0.0014341590612777053,0.00011125165019352479,0.006967597179015237,1
861350,Gym Simulator,11,0.0014341590612777053,0.00037081523869228787,0.007119821309691993,0
393930,RoShamBo,11,0.0014341590612777053,8.806764275936561e-05,0.006953022577818132,1
434210,It's Spring Again,11,0.0014341590612777053,7.138511907247614e-05,0.0069439428522883265,5
375440,Hero-U: Rogue to Redemption,11,0.0014341590612777053,4.05988511039652e-06,0.006905194358274464,2
587180,Wulverblade,11,0.0014341590612777053,4.05988511039652e-06,0.006905194358274469,2
749250,7th Sector,11,0.0014341590612777053,4.4349496241455485e-05,0.00692886851166582,1
714250,Eternity: The Last Unicorn,11,0.0014341590612777053,4.4349496241455485e-05,0.006928868511665784,1
457670,Vrideo,11,0.0014341590612777053,7.053004735898712e-05,0.006944641888817308,2
906120,POLYBIUS,11,0.0014341590612777053,7.018801662590569e-07,0.006903085965533853,2
6080,Thrillville®: Off the Rails™,11,0.0014341590612777053,9.802364883305619e-05,0.006961696807668186,2
212780,New Star Soccer 5,11,0.0014341590612777053,3.0600311865801546e-05,0.006920448661961275,1
92300,A.R.E.S.: Extinction Agenda,11,0.0014341590612777053,3.7031300185940035e-05,0.00692507307460079,2
275490,Canyon Capers,11,0.0014341590612777053,0.00016813363890698908,0.006999218472611501,1
931090,Slither Link,11,0.0014341590612777053,7.018801662590569e-07,0.006903085965533853,2
573490,Interstellar Transport Company,11,0.0014341590612777053,7.098747120211521e-05,0.00694499918447281,40
790850,Undead Horde,11,0.0014341590612777053,3.466837386411413e-05,0.006923857664733295,0
429470,Space Pilgrim Episode I: Alpha Centauri,11,0.0014341590612777053,2.3533614383408026e-05,0.006917160007493745,0
939990,Boxing School,11,0.0014341590612777053,8.819135447525698e-05,0.0069535986696203,1
914320,Swarm Simulator: Evolution,11,0.0014341590612777053,0.000145086802673606,0.0069851684598538945,1
521950,Bullet Sorrow VR,11,0.0014341590612777053,1.818991069317831e-05,0.006913156370273603,2
299070,Warrior Kings: Battles,11,0.0014341590612777053,3.186932416134887e-05,0.00692163008136236,1
7660,X-COM: Apocalypse,11,0.0014341590612777053,2.9664646064235855e-05,0.00692214291032606,2
610730,The Chosen Warriors,11,0.0014341590612777053,9.233778848596481e-05,0.006957116695015747,2
444530,Light Repair Team #4,11,0.0014341590612777053,4.4095186714326675e-05,0.0069289923297264295,2
546230,Xenus 2. White gold.,11,0.0014341590612777053,9.347689824175163e-05,0.006957709170875468,1
446000,Stellar Monarch,11,0.0014341590612777053,6.349218416061306e-05,0.006940839982952368,1
368650,Dark Echo,11,0.0014341590612777053,0.0001462831664313031,0.0069861941851281605,1
209690,Fieldrunners,11,0.0014341590612777053,0.00023824251447142559,0.007040075777712833,1
371320,Samsa and the Knights of Light,11,0.0014341590612777053,0.00011461929077258023,0.006971306025579764,0
611350,Evil Tag,11,0.0014341590612777053,0.00020291759126462805,0.007019475850127003,1
579980,Lost Eden,11,0.0014341590612777053,6.215870632978807e-05,0.00694011813533038,1
280930,Battlepillars Gold Edition,11,0.0014341590612777053,6.472248404516079e-05,0.006939999159975591,24
608990,The Archotek Project,11,0.0014341590612777053,6.930027227569008e-05,0.006945981856802357,1
337680,Star Hammer: The Vanguard Prophecy,11,0.0014341590612777053,2.839056044174882e-06,0.006904542009990616,0
528250,Patchwork,11,0.0014341590612777053,9.052006277303736e-06,0.0069083528208580625,0
320690,The Treasures of Montezuma 3,11,0.0014341590612777053,0.0001348330234655002,0.006979785894187646,1
323670,Super Indie Karts,11,0.0014341590612777053,3.760214186075755e-05,0.006924964270890275,1
528060,東周列萌志 Philosophic Love,11,0.0014341590612777053,1.545577387289709e-05,0.006912452932103805,0
553660,PWND,11,0.0014341590612777053,0.00015541193303034265,0.006992203066013856,0
590590,Remnants of Naezith,11,0.0014341590612777053,0.00018852251459801342,0.007013517193450342,0
10110,Space Quest™ Collection,11,0.0014341590612777053,0.00011209985985510714,0.006967382470150797,2
545670,Parallyzed,11,0.0014341590612777053,2.342089501378504e-05,0.006917460629701566,0
966530,You have a drunk friend,11,0.0014341590612777053,0.00016321477157254857,0.006999073272337685,2
576860,Summer Nightmare,11,0.0014341590612777053,0.0001422577208690985,0.006985010376239512,1
770440,Hangover,11,0.0014341590612777053,0.00014232771458179538,0.006984931906154074,1
629000,Lydia,11,0.0014341590612777053,6.046345470276447e-05,0.006938531691301865,2
463760,The Beggar's Ride,11,0.0014341590612777053,2.8590384230234386e-05,0.006920112994266694,0
372740,Second Warfare,11,0.0014341590612777053,0.00016649845357549008,0.006998884535513882,1
342570,HIS (Heroes In the Sky),11,0.0014341590612777053,0.0001850625967443895,0.007008578977968953,1
553480,The Pirate's Fate,11,0.0014341590612777053,1.6801881978597548e-05,0.0069124973945908965,5
497190,Pichon,11,0.0014341590612777053,0.00011125165019352479,0.006967597179015215,1
934060,Wish Giver 偿愿人,11,0.0014341590612777053,6.271395089871603e-05,0.006940665186957481,0
494580,STANDBY,11,0.0014341590612777053,0.00016649845357549008,0.006998884535513882,1
500870,Riddles Of The Past,11,0.0014341590612777053,0.00016649845357549008,0.006998884535513888,1
334120,Armikrog,11,0.0014341590612777053,6.341665768420499e-05,0.006942516833451801,2
703180,Ben 10,11,0.0014341590612777053,6.472248404516079e-05,0.006939999159975597,24
335210,Rift's Cave,11,0.0014341590612777053,0.00018246289695994413,0.007007835477080179,1
533950,Don't open the doors!,11,0.0014341590612777053,5.029052378986799e-06,0.0069056080610106685,2
402120,Deathstate: Abyssal Edition,11,0.0014341590612777053,0.00010920951727008816,0.006966829319162104,1
823040,Griefer,11,0.0014341590612777053,0.0001533780169907195,0.006990565027622159,1
716100,Bohnanza The Duel,11,0.0014341590612777053,9.052006277303736e-06,0.006908352820858066,0
299680,Tengami,10,0.001303780964797914,2.2943263800784592e-05,0.006915488849057605,0
256030,Shadows: Heretic Kingdoms,10,0.001303780964797914,1.8163116066367437e-06,0.006902257778351758,2
885000,Synth Riders,10,0.001303780964797914,0.000145369603241993,0.0069876613654798565,1
633950,Fall of Light: Darkest Edition,10,0.001303780964797914,1.8163116066367437e-06,0.006902257778351752,2
392280,The Franz Kafka Videogame,10,0.001303780964797914,4.8476960165648996e-05,0.006929484889310279,1
292930,Black Mirror I,10,0.001303780964797914,7.269705022327168e-05,0.0069443297431458755,1
355250,STAR WARS™: TIE Fighter Special Edition,10,0.001303780964797914,0.00010211079518608633,0.0069599102085267485,1
222640,Aarklash: Legacy,10,0.001303780964797914,0.00010484250117300079,0.006962948522601274,0
46280,Star Wolves 2,10,0.001303780964797914,4.4202899181936836e-05,0.006928167323831736,0
414950,Star Nomad 2,10,0.001303780964797914,4.4202899181936836e-05,0.006928167323831755,0
208600,Lunar Flight,10,0.001303780964797914,6.551768961286875e-05,0.006939586333768616,0
817230,Acid Spy,10,0.001303780964797914,3.366129787519988e-05,0.006920936917357896,1
325090,Deep Dungeons of Doom,10,0.001303780964797914,4.760381638637666e-05,0.006929812994991909,2
827100,Aladin & the Enchanted Lamp,10,0.001303780964797914,6.138521465852316e-06,0.0069048620897975655,0
450650,Polyology,10,0.001303780964797914,6.138521465852316e-06,0.006904862089797581,0
887060,Asterix & Obelix XXL 2,10,0.001303780964797914,6.138521465852316e-06,0.006904862089797595,0
546170,Gem Forge,10,0.001303780964797914,6.138521465852316e-06,0.006904862089797572,0
788210,The Bonfire: Forsaken Lands,10,0.001303780964797914,0.00019077776539489803,0.007011603107150472,1
225000,Tomb Raider V: Chronicles,10,0.001303780964797914,4.0222722557746006e-05,0.00692523767631883,2
685400,Skelly Selest,10,0.001303780964797914,5.474945484493781e-05,0.006932436762563975,2
620170,Icarus Starship Command Simulator,10,0.001303780964797914,5.454616290713404e-06,0.006904648556167543,2
262770,Freedom Fall,10,0.001303780964797914,5.095662601449393e-05,0.006930676717883189,0
260570,Gray Matter,10,0.001303780964797914,2.5503826445881893e-05,0.0069164724297835324,2
1010850,東方翠神廻廊 〜 Faith in the Goddess of Suwa.,10,0.001303780964797914,0.00010284912022180635,0.0069606752804378105,1
736860,Hidden Object Adventure: Around the World in 80 Days. 隐藏物品,10,0.001303780964797914,6.138521465852316e-06,0.006904862089797585,0
498580,ASRECorp,10,0.001303780964797914,1.226735360107619e-08,0.006901091104845785,10
470060,1917 - The Alien Invasion DX,10,0.001303780964797914,1.226735360107619e-08,0.006901091104845811,10
70900,Star Ruler,10,0.001303780964797914,2.9635145442684792e-05,0.00691912106163723,2
280540,GhostControl Inc.,10,0.001303780964797914,2.9635145442684792e-05,0.0069191210616372425,2
731180,Coffee Run,10,0.001303780964797914,0.00017232480065940814,0.006999545524308026,1
837190,TANGLEWOOD®,10,0.001303780964797914,4.1482689621636015e-05,0.006925636797214181,0
485660,Karma Miwa,10,0.001303780964797914,1.226735360107619e-08,0.006901091104845785,10
485640,Genius Greedy Mouse,10,0.001303780964797914,1.226735360107619e-08,0.006901091104845802,10
741510,The Hong Kong Massacre,10,0.001303780964797914,4.630901396503828e-05,0.00692890980503254,0
484350,VRZ: Torment,10,0.001303780964797914,2.1664506859574695e-05,0.006914133330026322,2
257220,Secret Files: Sam Peters,10,0.001303780964797914,2.0059516796792164e-05,0.006913229264535305,2
454950,Mainlining,10,0.001303780964797914,0.00010717778121727221,0.006962554735198909,2
239700,Hate Plus,10,0.001303780964797914,0.00012097162692060873,0.006973423679480083,15
263420,Probably Archery,10,0.001303780964797914,4.034653990454374e-05,0.006925198182187075,1
33570,Patrician III,10,0.001303780964797914,0.00016025596805566364,0.006993268068471021,1
892420,懒人修仙传,10,0.001303780964797914,1.937983135345696e-05,0.006912973310570847,0
397390,Space Food Truck,10,0.001303780964797914,1.727718580345882e-05,0.006911633787422168,1
12640,Drakensang,10,0.001303780964797914,4.174275434569982e-05,0.006926227025771898,2
744050,Space Invaders Extreme,10,0.001303780964797914,0.00017892235953936462,0.007003629087995381,49
244830,Wing IDE 5,10,0.001303780964797914,8.931140769577554e-05,0.006954732952287672,1
227380,Dragon's Lair,10,0.001303780964797914,8.629483494005069e-05,0.006951532193209159,0
922150,Ink Plane,10,0.001303780964797914,0.00012072798186828722,0.006971222917050338,1
831230,Doors Quest Demo,10,0.001303780964797914,0.00026742417609204453,0.007052811784869856,1
297290,Detective Case and Clown Bot in: Murder in the Hotel Lisbon,10,0.001303780964797914,9.354021630071829e-06,0.0069071924743355035,0
377860,Mushihimesama,10,0.001303780964797914,3.5629746962048876e-05,0.006922197006948656,0
252230,YAIBA: NINJA GAIDEN Z,10,0.001303780964797914,0.00012956393955357897,0.0069760052319349855,1
423760,Hit Tank PRO,10,0.001303780964797914,1.226735360107619e-08,0.00690109110484578,10
1006270,oldbI tyt ?,10,0.001303780964797914,5.231080009555955e-05,0.006932741106859792,0
787740,Construction Simulator 2 US - Pocket Edition,10,0.001303780964797914,0.0001252183139440405,0.00697546309749119,1
541660,Disney Infinity 2.0: Gold Edition,10,0.001303780964797914,4.8436144503569756e-05,0.006928807503845605,1
402260,Dead Secret,10,0.001303780964797914,6.865499435408174e-05,0.006941180452610937,0
540510,ISLANDS: Non-Places,10,0.001303780964797914,2.5763545428150125e-05,0.006916743536007899,0
555060,Final Soccer VR,10,0.001303780964797914,5.347355801884739e-05,0.006932324711985657,1
412670,Bullet Heaven 2,10,0.001303780964797914,6.125974782350377e-05,0.006937355871385665,0
534780,XGun-Weapon Evolution,10,0.001303780964797914,6.116105234869854e-05,0.006937437577559105,1
382350,Devil's Bluff,10,0.001303780964797914,4.034653990454374e-05,0.0069251981821870645,1
324120,Verde Station,10,0.001303780964797914,2.196048895916674e-05,0.006914738621148236,2
581910,Iron Armada,10,0.001303780964797914,0.00020007354111616034,0.007017056382053276,1
890820,Valor Time,10,0.001303780964797914,0.00013883079454308865,0.006981752246922596,1
609150,STAR OCEAN™ - THE LAST HOPE -™ 4K & Full HD Remaster,10,0.001303780964797914,1.8905100545126745e-05,0.006912803435264334,0
576050,Other Worlds India,10,0.001303780964797914,6.781736477517028e-05,0.006941377000089614,0
932980,Axis Football 2018,10,0.001303780964797914,2.3658463865289586e-05,0.00691553515052685,0
451670,War Birds: WW2 Air strike 1942,10,0.001303780964797914,1.226735360107619e-08,0.006901091104845796,10
496990,Ghost Sweeper,10,0.001303780964797914,1.226735360107619e-08,0.006901091104845778,10
434500,BATTLE PIXELS,10,0.001303780964797914,1.226735360107619e-08,0.006901091104845796,10
496590,Crystal Cosmos,10,0.001303780964797914,1.226735360107619e-08,0.00690109110484579,10
485860,Impossible Quest,10,0.001303780964797914,1.226735360107619e-08,0.006901091104845779,10
334040,Down To One,10,0.001303780964797914,8.485700463395403e-05,0.0069503872832804466,1
629720,Fuzecat,10,0.001303780964797914,4.709698994590505e-05,0.006928933124771344,1
38170,Cradle of Rome,10,0.001303780964797914,6.13359517348696e-05,0.006938343481882366,0
767930,Assault Spy / アサルトスパイ,10,0.001303780964797914,1.7746576644631428e-05,0.006911500393914753,0
548340,Abode,10,0.001303780964797914,3.8145573999589994e-05,0.006924167037514424,0
796860,Police Enforcement VR : 1-King-27,10,0.001303780964797914,9.671564353278282e-05,0.00695729261958382,1
460700,Song of the Deep,10,0.001303780964797914,9.15894516229214e-06,0.006906952158651331,0
364630,AirMech Command,10,0.001303780964797914,1.2706175758232319e-05,0.006908695300979877,2
450170,BOOR,10,0.001303780964797914,6.781736477517028e-05,0.0069413770000896265,0
976850,Trafic Road Rush,10,0.001303780964797914,0.00013209453325929084,0.006976856405423394,1
375460,16bit Trader,10,0.001303780964797914,2.397836438577853e-06,0.006902586646353233,1
561080,The Price of Freedom,10,0.001303780964797914,5.271043129389844e-05,0.006933402526054119,0
513780,Turbo Pug DX,10,0.001303780964797914,4.855468610610674e-05,0.006930241114094394,2
308360,LogiGun,10,0.001303780964797914,6.395523460895467e-05,0.0069382275471838,0
401360,The Aquatic Adventure of the Last Human,10,0.001303780964797914,5.245311635569214e-05,0.006933031133330507,0
771240,YumeCore,10,0.001303780964797914,7.764989272423498e-05,0.006947811931485821,0
366910,The Long Journey Home,10,0.001303780964797914,9.799210803619674e-05,0.006960191512611474,0
336060,Raptor: Call of The Shadows - 2015 Edition,10,0.001303780964797914,6.291675232011093e-05,0.006938771506413939,0
345060,Stay Alight,10,0.001303780964797914,1.3506000408737122e-05,0.006909597362961164,50
467520,Power & Revolution,10,0.001303780964797914,0.00013223644665614259,0.006978328282755294,1
402030,Zenohell,10,0.001303780964797914,6.60065965888311e-06,0.006905402741864029,2
281580,Wings Over Europe,10,0.001303780964797914,2.3786685985150908e-05,0.006915548542665706,1
343560,Bob Was Hungry,10,0.001303780964797914,6.09774718162669e-05,0.006937668878042204,2
276240,My Vet Practice - In the Country,10,0.001303780964797914,5.173525850733727e-05,0.006931007334940472,5
851730,Sandmade,10,0.001303780964797914,5.173525850733727e-05,0.006931007334940471,5
860440,Goat Life,10,0.001303780964797914,5.173525850733727e-05,0.006931007334940481,5
276220,My Best Friends - Cats & Dogs,10,0.001303780964797914,5.173525850733727e-05,0.006931007334940471,5
549000,Munch VR,10,0.001303780964797914,4.464766145467682e-05,0.006928040503471702,2
262470,Rollers of the Realm,10,0.001303780964797914,7.177033799718218e-05,0.0069432325271824875,0
586750,Sonny,10,0.001303780964797914,3.128722085271653e-05,0.006919750424927245,2
933300,御俠客 Wuxia Master,10,0.001303780964797914,1.937983135345696e-05,0.006912973310570819,0
818320,LEGO® The Incredibles,10,0.001303780964797914,3.588309226949373e-05,0.006922500426296807,1
368860,Garbage Day,10,0.001303780964797914,0.00027315629219054074,0.007056761580180678,1
317410,Color Symphony,10,0.001303780964797914,4.3314135570644214e-05,0.006926535168648342,1
354200,Aberoth,10,0.001303780964797914,9.765387867654177e-05,0.006957381542569554,1
226720,LOST PLANET® 3,10,0.001303780964797914,6.336373383027485e-05,0.006939182602883759,0
351790,Invisible Apartment,10,0.001303780964797914,3.782470854429748e-05,0.006924071622954804,2
483850,Guns N' Boxes,10,0.001303780964797914,4.2696780532102106e-05,0.006927065242192591,0
890750,Lily's Night Off,10,0.001303780964797914,8.93501585334246e-06,0.006906525897966233,0
534290,Cursed Castilla (Maldita Castilla EX),10,0.001303780964797914,3.095033531008349e-05,0.006919380197548069,2
408930,ePic Character Generator,10,0.001303780964797914,0.00025095370807715566,0.0070450824316676455,1
330420,The Interactive Adventures of Dog Mendonça & Pizzaboy®,10,0.001303780964797914,4.464766145467682e-05,0.006928040503471706,2
364390,Downfall,10,0.001303780964797914,5.3732899574829707e-05,0.006932380051683606,0
339130,Morningstar: Descent to Deadrock,10,0.001303780964797914,8.463536744357419e-05,0.006951339597973233,2
235620,Small World 2,10,0.001303780964797914,5.990358746585405e-05,0.00693736246933902,0
263400,War of the Human Tanks,10,0.001303780964797914,9.71820767784142e-05,0.0069574253019663935,1
301920,War of the Human Tanks - ALTeR,10,0.001303780964797914,9.71820767784142e-05,0.0069574253019663935,1
40500,Sacraboar,10,0.001303780964797914,3.3340872882110494e-05,0.00692079200205225,1
822040,Super Volley Blast,10,0.001303780964797914,0.0001884442615207953,0.007010395958997294,1
269350,Montas,10,0.001303780964797914,3.3340872882110494e-05,0.006920792002052262,1
659860,作业本战记（exercise book epic）,10,0.001303780964797914,1.937983135345696e-05,0.006912973310570816,0
259890,Agricultural Simulator: Historical Farming,10,0.001303780964797914,4.568595408917851e-05,0.006928874483079355,1
80340,Blackwell Unbound,10,0.001303780964797914,1.0428248531358326e-05,0.006907642413096626,0
80360,Blackwell Deception,10,0.001303780964797914,1.0428248531358326e-05,0.0069076424130966275,0
354860,The Adventures of Tree,10,0.001303780964797914,9.909704204698764e-05,0.006957583277921386,1
363620,Tea Party Simulator 2015™,10,0.001303780964797914,0.00010979324057887642,0.006965530719084103,1
620900,Witchinour,10,0.001303780964797914,0.00011121825846889808,0.006964782827967923,1
2810,X3: Reunion,10,0.001303780964797914,0.00011115808612850287,0.006966975645078332,1
539660,ChronoClock,10,0.001303780964797914,4.1810961053145324e-05,0.0069249311329029626,0
778400,Corpse Party: Sweet Sachiko's Hysteric Birthday Bash,10,0.001303780964797914,4.1810961053145324e-05,0.0069249311329029764,0
373990,Metrico+,10,0.001303780964797914,2.2527015798481236e-05,0.006914971812241287,0
549860,One Night Stand,10,0.001303780964797914,2.2527015798481236e-05,0.006914971812241289,0
645260,Trophy Fishing 2,10,0.001303780964797914,0.00010431162975955781,0.0069630566807312045,1
219700,Dogs of War Online,10,0.001303780964797914,2.252037524246436e-06,0.00690260244750872,2
697610,Idle Bouncer,10,0.001303780964797914,0.00010512489994049598,0.006961681955168543,1
465280,Yesterday Origins,10,0.001303780964797914,7.487550141828737e-06,0.006905666366323256,2
386260,Microcosmum: survival of cells,10,0.001303780964797914,0.0001343279669938392,0.006978844937684735,1
389900,Hogs of War,10,0.001303780964797914,0.00010795938947574589,0.006964248936943494,1
787450,KOEWOTAYORINI / 声之寄托,10,0.001303780964797914,2.5406052983300473e-05,0.0069165492118557935,0
809250,BEKKOUAME,10,0.001303780964797914,3.361527871637498e-05,0.006921216881591455,0
985260,The Morrigan,10,0.001303780964797914,3.797334513051777e-05,0.006923522222829261,2
441280,Pharaoh Rebirth+,10,0.001303780964797914,4.796276742682581e-05,0.006928885986596336,0
526980,Handball 17,10,0.001303780964797914,8.92203394804831e-05,0.00695346390081779,1
710030,Cinderella Escape 2 Revenge,10,0.001303780964797914,3.615094344141661e-05,0.006922125479803678,1
682570,SG/ZH: School Girl/Zombie Hunter,10,0.001303780964797914,3.615094344141661e-05,0.006922125479803644,1
107300,Breath of Death VII,10,0.001303780964797914,0.00010002028484011552,0.00696151734529611,0
826600,I am not a Monster,10,0.001303780964797914,3.615094344141661e-05,0.006922125479803696,1
723270,Rumu,10,0.001303780964797914,6.837276859320874e-06,0.006905161191420771,0
251690,Speedball 2 HD,10,0.001303780964797914,7.369984092132933e-05,0.0069443972457480015,1
488280,Gun Done,10,0.001303780964797914,0.00011749991193835572,0.00696890975426723,1
893390,Meridian 59,10,0.001303780964797914,4.3491026650208035e-05,0.006927333455058286,0
438080,Surfingers,10,0.001303780964797914,1.5165648917803315e-05,0.006910399445943832,2
922140,"Oh, you touch my balls ( ͡° ͜ʖ ͡°)",10,0.001303780964797914,8.02312323916672e-05,0.006946858851904571,2
394550,Gunman Clive 2,10,0.001303780964797914,0.00011749713907688666,0.006968675895120192,1
834180,#CuteSnake 2,10,0.001303780964797914,6.0956424034679355e-05,0.006937802769273556,11
607460,Epic Snails,10,0.001303780964797914,0.00028571583184699116,0.007066642684525539,2
283940,Freddi Fish and the Case of the Missing Kelp Seeds,10,0.001303780964797914,0.00017841042402437192,0.007004768698136781,1
904600,Small Sister,10,0.001303780964797914,0.0001708586668063129,0.006998747988800153,1
317300,Roommates,10,0.001303780964797914,3.9891103812438024e-05,0.00692461486020433,2
615010,Runic Rampage - Action RPG,10,0.001303780964797914,0.00013052588226647918,0.006976605176411451,1
769920,Odysseus Kosmos and his Robot Quest: Episode 1,10,0.001303780964797914,0.00010863143722465917,0.006963721591512717,1
327880,Sublevel Zero Redux,10,0.001303780964797914,9.285131839617978e-05,0.00695676631850777,1
968500,A Bewitching Revolution,10,0.001303780964797914,8.77995983518656e-05,0.006952079152724592,2
487720,Agony,10,0.001303780964797914,3.336326484654334e-05,0.006920779221020935,2
234290,Zack Zero,10,0.001303780964797914,4.804889234435205e-05,0.00693068251668526,0
663240,All You Can Eat,10,0.001303780964797914,9.163720138237467e-05,0.006956160616762586,0
977460,Steam Prison,10,0.001303780964797914,2.3473130896460748e-05,0.006915144484842449,2
850050,Achievement Idler: Red,10,0.001303780964797914,0.0001912606872259064,0.0070106247241375165,1
684050,Achievement Idler: Black,10,0.001303780964797914,0.0001912606872259064,0.007010624724137496,1
747360,Gray Dawn,10,0.001303780964797914,4.64655988323321e-05,0.006929232099241118,0
225020,Tomb Raider VI: The Angel of Darkness,10,0.001303780964797914,0.00010458983888236778,0.006961913323017763,1
395560,Lost Horizon 2,10,0.001303780964797914,1.243282114859031e-05,0.0069089824914044095,0
788270,Exiled Kingdoms,10,0.001303780964797914,4.907774501971707e-05,0.006930346901649399,5
240440,Quadrilateral Cowboy,10,0.001303780964797914,5.0431768200983517e-05,0.006931315333217603,2
795570,Odium to the Core,10,0.001303780964797914,0.00023464262717389422,0.0070346611302592125,1
954870,Astrox Imperium,10,0.001303780964797914,2.7997523340079134e-05,0.006917684440595091,42
962970,My 1/6 Lover,10,0.001303780964797914,5.852305558149715e-05,0.006936376788685391,0
658470,Mini Battlegrounds,10,0.001303780964797914,9.192852671356848e-05,0.00695474487765351,1
674150,Simon the Sorcerer: 25th Anniversary Edition,10,0.001303780964797914,9.052408051761604e-06,0.006906912987524833,0
620190,Gunsmith,10,0.001303780964797914,0.00010166484184545216,0.006962019361224912,0
953950,Kubble,10,0.001303780964797914,1.672008976815368e-05,0.006911088699130376,1
512160,Volleying,10,0.001303780964797914,1.672008976815368e-05,0.006911088699130377,1
289890,"7,62 High Calibre",10,0.001303780964797914,0.00011764668188218379,0.006969198315683585,2
552450,Serious Sam VR: The First Encounter,10,0.001303780964797914,5.982147538320418e-05,0.006936654060912539,0
365480,Ravenmark: Scourge of Estellion,10,0.001303780964797914,4.797344822418795e-05,0.006930241488234094,0
639470,Original Journey,10,0.001303780964797914,0.00014899267982907902,0.006988893666447528,0
437250,A House of Many Doors,10,0.001303780964797914,6.6707871529277295e-06,0.00690530959439611,0
447170,"Destiny's Princess: A War Story, A Love Story",10,0.001303780964797914,8.423539209219631e-05,0.006951228152604115,0
664320,Holy Potatoes! What the Hell?!,10,0.001303780964797914,1.8163116066367437e-06,0.006902257778351738,2
403830,The Consuming Shadow,10,0.001303780964797914,3.1131859833360874e-05,0.006919748302208032,2
649640,Ashes Cricket,10,0.001303780964797914,0.0002477460760323506,0.007045674158194753,1
1048920,The Jolly Gang's Misadventures in Africa / Масяня в полной Африке,10,0.001303780964797914,0.00023330855319196706,0.007034344248791208,1
802650,Russian AYE Race,10,0.001303780964797914,4.355518282990154e-05,0.0069261794735053376,1
937980,Jellyfish Season,10,0.001303780964797914,4.355518282990154e-05,0.006926179473505318,1
563750,World Boxing Manager,10,0.001303780964797914,4.855121529684859e-05,0.006930550617666166,1
33770,Drakensang: The River of Time,10,0.001303780964797914,3.172576399817545e-05,0.006919492554527264,2
493810,Jonah's Path,10,0.001303780964797914,0.00012005602252497141,0.006972701815506623,2
446990,The Huntsman: Winter's Curse,10,0.001303780964797914,0.00012005602252497141,0.006972701815506623,2
570050,Raiden V: Director's Cut | 雷電 V Director's Cut | 雷電V:導演剪輯版,10,0.001303780964797914,3.621237602921673e-05,0.006923498979748986,0
395850,Bear Simulator,10,0.001303780964797914,9.326249474576552e-05,0.006956364101251184,0
6810,Commandos: Beyond the Call of Duty,10,0.001303780964797914,5.672869772622536e-05,0.006936425534388897,2
283960,Pajama Sam: No Need to Hide When It's Dark Outside,10,0.001303780964797914,0.00016758215683577112,0.006998094708708021,1
950300,REDO!,10,0.001303780964797914,1.9140210727013384e-05,0.006912681391870791,0
722870,The Mind of Marlo,9,0.0011734028683181225,3.1079178554022376e-05,0.006917393360018791,2
797390,How To Cope With Boredom and Loneliness,9,0.0011734028683181225,3.1079178554022376e-05,0.006917393360018782,2
589770,Green Elephant 2D,9,0.0011734028683181225,1.666957882558965e-05,0.006909951921622494,0
459080,YIIK: A Postmodern RPG,9,0.0011734028683181225,0.00010761502020919848,0.006963416813049588,0
383790,The Ship: Remasted,9,0.0011734028683181225,0.00016745252263582737,0.006996289133841025,1
205990,Warlock 2: The Exiled,9,0.0011734028683181225,8.422675595308977e-06,0.006904838601101081,2
588110,One Dog Story,9,0.0011734028683181225,5.237901066903019e-05,0.006930303630722972,2
455700,Big Buck Hunter Arcade,9,0.0011734028683181225,0.00015619754157258293,0.006989763209678242,1
701420,Ne no Kami - The Two Princess Knights of Kyoto Part 2,9,0.0011734028683181225,1.5246517205453756e-05,0.006908982644854692,0
638070,Murderous Pursuits,9,0.0011734028683181225,2.0944496624318832e-05,0.00691257155191515,0
287120,Ionball 2: Ionstorm,9,0.0011734028683181225,3.257637351224539e-05,0.006918632491975879,1
335840,Goats on a Bridge,9,0.0011734028683181225,3.402334944139252e-05,0.0069199160039314245,0
600720,Trackmania² Lagoon,9,0.0011734028683181225,5.747845127676776e-05,0.006934469110897558,1
882140,Reentry - An Orbital Simulator,9,0.0011734028683181225,0.00012916736803967119,0.006974618396585472,1
606890,Masters of Anima,9,0.0011734028683181225,1.515640509866621e-05,0.006909367820893479,2
337350,Flywrench,9,0.0011734028683181225,1.460261516504632e-05,0.006908979539384177,0
491620,Beeftacular,9,0.0011734028683181225,0.00010773806764869104,0.006963551334107615,1
73010,Cities in Motion,9,0.0011734028683181225,5.9307493691313944e-05,0.0069348167749902975,1
728240,Adventure Time: Pirates of the Enchiridion,9,0.0011734028683181225,5.336130148666536e-05,0.006931312788304253,1
490890,Ne no Kami: The Two Princess Knights of Kyoto,9,0.0011734028683181225,1.5246517205453756e-05,0.006908982644854698,0
978270,Sam & Dan: Floaty Flatmates,9,0.0011734028683181225,0.00017979444826658257,0.007003016407277058,1
547680,Guild Quest,9,0.0011734028683181225,4.795694630455729e-05,0.0069271867398355705,1
349790,Galaxy of Pen & Paper +1,9,0.0011734028683181225,2.2690793277607873e-05,0.006912962148850684,0
41800,Gratuitous Space Battles,9,0.0011734028683181225,4.578322469938756e-05,0.0069275970941887095,2
227200,Waking Mars,9,0.0011734028683181225,4.7566976466937566e-05,0.006928785021944032,2
695970,Treadnauts,9,0.0011734028683181225,0.00012874617102137998,0.006975312430633283,2
355860,Albino Lullaby: Episode 1,9,0.0011734028683181225,5.864589087555684e-05,0.006934301011407784,1
215930,Jagged Alliance 2 - Wildfire,9,0.0011734028683181225,9.004012801614955e-05,0.006951754252981247,1
904990,21+,9,0.0011734028683181225,7.75995207472918e-05,0.0069444866073545145,2
842420,A Walk in the Woods,9,0.0011734028683181225,0.00013198040350774208,0.006975809090058359,1
414730,Epic Clicker Journey,9,0.0011734028683181225,1.793051301228895e-05,0.006910271001166242,2
115200,Cossacks II: Napoleonic Wars,9,0.0011734028683181225,4.2855764563776685e-05,0.006925518284150725,2
689350,Ruin City Gasolina,9,0.0011734028683181225,8.27671019607269e-05,0.006948616476246592,1
788480,Changeover: Decisions,9,0.0011734028683181225,7.802873175224309e-05,0.006944767764946366,0
887340,Owl Watch,9,0.0011734028683181225,2.2798952767004524e-05,0.006913855264212264,0
1002290,某1种青春,9,0.0011734028683181225,1.526851276623813e-05,0.006909215202670052,0
303690,FATE: The Cursed King,9,0.0011734028683181225,4.5029418783141125e-05,0.0069266493591288725,2
292620,Pressured,9,0.0011734028683181225,7.800229768237854e-06,0.006904588011028478,2
692030,Tennis World Tour,9,0.0011734028683181225,6.0669555179656375e-05,0.006935480765140347,104
466840,Super Space Pug,9,0.0011734028683181225,0.0001321229450125139,0.006976338906253333,1
231040,Beatbuddy: Tale of the Guardians,9,0.0011734028683181225,8.304699383265586e-05,0.006947807080776638,1
259720,Fading Hearts,9,0.0011734028683181225,3.611391648797373e-05,0.0069207037060799136,1
1002540,HA/CK,9,0.0011734028683181225,0.00012122717970354493,0.006968161653749931,1
1010670,Dungeon Dreams,9,0.0011734028683181225,7.302797178824244e-05,0.006943033622115645,0
299110,Theatre Of The Absurd,9,0.0011734028683181225,5.124990068182218e-05,0.006929624244822447,51
785480,Titanic: Adventure Out Of Time,9,0.0011734028683181225,9.740245416832681e-05,0.006955534443273144,2
820610,Ages of Mages: The last keeper,9,0.0011734028683181225,3.382315395760712e-05,0.006920411430161284,0
210170,Spirits,9,0.0011734028683181225,1.3650923161996137e-05,0.0069082740047318285,0
466860,上帝之城 I：监狱帝国 [City of God I - Prison Empire],9,0.0011734028683181225,5.5603317476267846e-05,0.0069326589127940656,0
928840,Cybarian: The Time Travelling Warrior,9,0.0011734028683181225,8.330545270381373e-06,0.0069047507288510475,1
310790,Geometry Wars™ 3: Dimensions Evolved,9,0.0011734028683181225,3.3205887044263256e-05,0.006920112854220037,0
330660,Luna's Wandering Stars,9,0.0011734028683181225,3.5808478824127165e-05,0.006921305058658171,1
719730,Uptasia,9,0.0011734028683181225,6.0485518703761524e-05,0.0069347833151792646,1
346970,OBEY,9,0.0011734028683181225,0.0001146228871929353,0.006965595446900862,2
273500,Over 9000 Zombies!,9,0.0011734028683181225,7.517185557672706e-05,0.006944409247338245,1
923260,Golf Peaks,9,0.0011734028683181225,4.196168228992597e-05,0.006925305274873334,0
571880,Angels with Scaly Wings,9,0.0011734028683181225,4.203790379601239e-05,0.006924415333569048,0
596650,Tap Adventure: Time Travel,9,0.0011734028683181225,3.415588586025543e-05,0.00692065322442089,0
466980,Can't Drive This,9,0.0011734028683181225,0.00011597611925940385,0.006967099355694791,1
857020,Putinoids VS Navalnyats - Путиноиды Против Навальнят,9,0.0011734028683181225,9.636964428867215e-05,0.006957023973102556,1
525920,Pro Cycling Manager 2017,9,0.0011734028683181225,5.643961968057065e-05,0.006933043840194248,1
662210,Metal as Phuk,9,0.0011734028683181225,1.466626823037508e-05,0.006908446119736411,0
752470,CINERIS SOMNIA,9,0.0011734028683181225,1.466626823037508e-05,0.006908446119736407,0
936190,Atelier Meruru ~The Apprentice of Arland~ DX - メルルのアトリエ ～アーランドの錬金術士３～ DX,9,0.0011734028683181225,8.648257278697394e-05,0.006950233569022036,0
938270,LoveKami -Healing Harem-,9,0.0011734028683181225,9.191956106694529e-05,0.006951964735184646,0
259470,Particulars,9,0.0011734028683181225,8.326705926040198e-06,0.006905013505252733,0
391390,Mayhem Triple,9,0.0011734028683181225,1.0077805005447663e-05,0.006905997194579767,2
829420,Fun Hospital,9,0.0011734028683181225,9.543839813448743e-05,0.0069557775057919715,0
484950,Evil Maze,9,0.0011734028683181225,1.793051301228895e-05,0.006910271001166242,2
350810,Pixel Puzzles 2: Anime,9,0.0011734028683181225,4.473232861437279e-05,0.006926638299741868,2
804830,Shards of Eradine,9,0.0011734028683181225,2.057789423843155e-06,0.0069009600895675585,0
1035750,文字獄,9,0.0011734028683181225,8.83764229028583e-06,0.006905043864564209,0
295770,Rogue Shooter: The FPS Roguelike,9,0.0011734028683181225,1.7775661905354682e-05,0.006910631071350384,0
352550,Urban Empire,9,0.0011734028683181225,7.478957636767062e-05,0.0069444956254794835,0
385400,Weapons Genius,9,0.0011734028683181225,6.247741421437414e-05,0.006936104931830503,1
619870,Omegaland,9,0.0011734028683181225,3.5090329171910146e-05,0.006920486399869419,0
865540,PLAYNE : The Meditation Game,9,0.0011734028683181225,5.366586142846255e-05,0.006932548882260832,2
307350,Nux,9,0.0011734028683181225,1.9125024706884905e-05,0.00691144203853349,2
486440,Mosh Pit Simulator,9,0.0011734028683181225,0.00012880972657301152,0.006973642077355113,1
359140,Kick Ass Commandos,9,0.0011734028683181225,5.481212990996459e-05,0.006931341119389231,57
33670,Disciples III - Renaissance Steam Special Edition,9,0.0011734028683181225,4.368188910893261e-05,0.006925391996853855,1
643200,Keep in Mind: Remastered,9,0.0011734028683181225,0.00018422978147749022,0.007005267358584375,1
824620,Jolly Battle,9,0.0011734028683181225,6.367483418172044e-05,0.006936471784629894,0
979560,RainWallpaper,9,0.0011734028683181225,0.0001442738924581151,0.006982389962375486,1
329830,The Moon Sliver,9,0.0011734028683181225,4.788154806079467e-05,0.006927800241323803,2
227060,Hegemony Rome: The Rise of Caesar,9,0.0011734028683181225,4.271954429400883e-05,0.006925416073343165,1
919220,Destiny or Fate,9,0.0011734028683181225,8.3594589632825e-05,0.006947543418681236,1
293480,FRONTIERS,9,0.0011734028683181225,5.438157236590016e-05,0.006931142116373388,1
344740,CRYPTARK,9,0.0011734028683181225,1.1008566741457235e-05,0.006906441160542841,0
608110,Null Vector,9,0.0011734028683181225,2.6796469193443435e-05,0.006916151720163924,0
545690,VOI,9,0.0011734028683181225,3.7283508637686876e-05,0.006922075613519249,0
315920,Stonerid,9,0.0011734028683181225,6.984096897429228e-05,0.006940180432515107,2
635310,Ski Sniper,9,0.0011734028683181225,4.095510193326996e-05,0.006924456549120902,1
440730,Survival Zombies The Inverted Evolution,9,0.0011734028683181225,8.419150294825013e-05,0.006948045358531072,1
61520,Age of Wonders Shadow Magic,9,0.0011734028683181225,2.5281309993830143e-05,0.006914649921736431,0
785850,Valthirian Arc: Hero School Story,9,0.0011734028683181225,6.283766500949453e-05,0.006937160832626615,0
1000080,神明在上(Zengeon),9,0.0011734028683181225,9.350362714173324e-05,0.006956041534620069,0
1001140,Angry Birds VR: Isle of Pigs,9,0.0011734028683181225,0.0001584223987467565,0.006990183396095087,1
790860,Chocolate makes you happy 3,9,0.0011734028683181225,8.330545270381373e-06,0.006904750728851054,1
273570,Descent,9,0.0011734028683181225,2.704817626777988e-05,0.006915605753184256,2
277470,The Book of Legends,9,0.0011734028683181225,9.440399589843639e-05,0.006955331833449462,0
246960,Giana Sisters: Twisted Dreams - Rise of the Owlverlord,9,0.0011734028683181225,3.448193579827114e-05,0.006920857509929293,2
115120,Iron Brigade,9,0.0011734028683181225,6.348369366944772e-05,0.00693702796837933,0
809210,LifeZ - Survival,9,0.0011734028683181225,1.0379704354647483e-05,0.006905716446655267,2
841770,Siralim 3,9,0.0011734028683181225,3.755713394562744e-05,0.00692233589802831,0
610610,PacaPlus,9,0.0011734028683181225,1.466626823037508e-05,0.006908446119736409,0
653950,Your Smile Beyond Twilight:黄昏下的月台上,9,0.0011734028683181225,2.4277345770966585e-05,0.00691406739429746,0
327400,Sid Meier's Colonization (Classic),9,0.0011734028683181225,8.266290468574365e-05,0.006950484478584271,15
326730,Whisper of a Rose,9,0.0011734028683181225,1.1087543418295046e-08,0.0068995668830719595,2
253610,Wrack,9,0.0011734028683181225,0.00010870217545376201,0.006961291360177686,1
200960,Geneforge 1,9,0.0011734028683181225,2.006083649643897e-05,0.006912136422119069,2
365110,After All,9,0.0011734028683181225,0.00016321799476949297,0.006994596151735233,1
229890,Joe Danger,9,0.0011734028683181225,0.00012946715640830625,0.0069732189503664095,1
708680,Octopus Bar,9,0.0011734028683181225,0.00013824746751395025,0.006980901165695809,0
577490,Minos Strategos,9,0.0011734028683181225,1.3650923161996137e-05,0.0069082740047318285,0
941480,Giraffe Town,9,0.0011734028683181225,0.00011045395928268224,0.006965046271162005,1
871990,BattleRush 2,9,0.0011734028683181225,9.090850704135379e-05,0.006952007318760408,1
610840,JASEM: Just Another Shooter with Electronic Music,9,0.0011734028683181225,5.099287730487749e-05,0.006929357016112247,0
298840,Millennium 4 - Beyond Sunset,9,0.0011734028683181225,1.1087543418295046e-08,0.006899566883071989,2
368250,Valiant: Resurrection,9,0.0011734028683181225,1.1087543418295046e-08,0.006899566883071971,2
298830,Millennium 3 - Cry Wolf,9,0.0011734028683181225,1.1087543418295046e-08,0.006899566883071999,2
405500,Dangerous Golf,9,0.0011734028683181225,2.7927557196427604e-05,0.00691696214911052,0
316030,Disney Alice in Wonderland,9,0.0011734028683181225,4.4210654381530535e-05,0.006925987657263762,0
324520,Defense Zone 3 Ultra HD,9,0.0011734028683181225,5.54513598070233e-05,0.006931897479858614,2
666610,Endless ATC,9,0.0011734028683181225,9.913280481800683e-05,0.006958198133486627,0
643820,ShadowSide,9,0.0011734028683181225,1.2432820307157825e-05,0.006907464164001881,0
396310,Masochisia,9,0.0011734028683181225,3.973165890776916e-05,0.006923890021455731,0
350700,Red Stone Online,9,0.0011734028683181225,4.9437933160250075e-05,0.00692860480034571,2
929200,吞食孔明传 Tunshi Kongming Legends,9,0.0011734028683181225,2.83082732939159e-05,0.006917087965469938,0
298820,Millennium 2 - Take Me Higher,9,0.0011734028683181225,1.1087543418295046e-08,0.006899566883071978,2
326380,Mystery of Neuschwanstein,9,0.0011734028683181225,1.1087543418295046e-08,0.006899566883071993,2
447780,LostWinds,9,0.0011734028683181225,1.5219790181465878e-05,0.006909209194825182,0
923810,If My Heart Had Wings -Flight Diary-,9,0.0011734028683181225,0.00010150974187880715,0.006959308088371301,0
839200,SpedV,9,0.0011734028683181225,0.0001366233661557466,0.00698590128564976,1
549670,Incursion The Thing,9,0.0011734028683181225,4.173530487181162e-05,0.006923908120551126,0
834760,Robot Wants It All,9,0.0011734028683181225,0.00011645457672388571,0.006966248545889187,1
267490,Batman™: Arkham Origins Blackgate - Deluxe Edition,9,0.0011734028683181225,2.0060085057427943e-05,0.006911923262332946,2
622040,Zooicide,9,0.0011734028683181225,9.302722119702192e-05,0.006952827453184637,1
299950,GET EVEN,9,0.0011734028683181225,6.601462252445082e-05,0.0069379666612345145,1
439370,Midair,9,0.0011734028683181225,0.00020272013159504013,0.007015498018958597,1
503680,The Seeker,9,0.0011734028683181225,9.772614918839446e-05,0.006956587246802203,1
870890,Museum of Symmetry,9,0.0011734028683181225,2.6796469193443435e-05,0.006916151720163922,0
649190,Blast Zone! Tournament,9,0.0011734028683181225,5.598254704047812e-05,0.006933288835814252,2
1009950,Once10,9,0.0011734028683181225,7.537950959912299e-05,0.006944858962090148,0
566540,Labyrinth of Refrain: Coven of Dusk / ルフランの地下迷宮と魔女ノ旅団,9,0.0011734028683181225,1.2704072512875362e-05,0.006907569454113782,2
559960,Power Hover,9,0.0011734028683181225,4.8208116588482734e-05,0.006927806137170844,1
599840,Planet RIX-13,9,0.0011734028683181225,2.5281309993830143e-05,0.006914649921736431,0
460160,The Leisure of Grisaia,9,0.0011734028683181225,0.00010404542256559865,0.006960247234818188,1
757420,Zombie Crisis: Last One Standing,9,0.0011734028683181225,3.823060711823539e-05,0.006921431310399619,1
12500,PuzzleQuest: Challenge of the Warlords,9,0.0011734028683181225,5.560445938806208e-05,0.006934491888098828,0
500580,Kitty Cat: Jigsaw Puzzles,9,0.0011734028683181225,0.00013009258884413112,0.006975098279524038,0
412470,Metal War Online: Retribution,9,0.0011734028683181225,5.8909278459622596e-05,0.00693359791893947,1
798650,Squeakers,9,0.0011734028683181225,0.00011086076423923779,0.00696369078252859,1
875760,Furious Seas,9,0.0011734028683181225,4.98996282476062e-07,0.006899897635910404,1
1028930,It Moves,9,0.0011734028683181225,9.687124814672049e-05,0.006956816877591192,1
1039200,Poggers,9,0.0011734028683181225,0.0001797732054615935,0.007003564668914077,1
337290,Still Not Dead,9,0.0011734028683181225,3.0085830001448716e-05,0.0069183991414611245,0
438790,Random Access Murder,9,0.0011734028683181225,3.7184381765933714e-05,0.006921052591539351,2
321920,Schein,9,0.0011734028683181225,6.851315136577317e-05,0.006939792983969401,1
251270,Corpse Party,9,0.0011734028683181225,4.673710793062551e-05,0.006927296405075663,2
267600,Airport Simulator 2014,9,0.0011734028683181225,0.00014337111216302861,0.006983905311922157,1
868080,Golf Galore,9,0.0011734028683181225,7.486162130829756e-05,0.006942330563969952,1
427910,Zavix Tower,9,0.0011734028683181225,4.356818683527025e-05,0.006925271304087375,2
465840,THE LAST BLADE,9,0.0011734028683181225,3.5781372875229073e-06,0.006901834623641956,0
301980,Disney Pirates of the Caribbean: At Worlds End,9,0.0011734028683181225,3.634224982786087e-05,0.00692195508038134,2
512220,Trickster VR: Co-op Dungeon Crawler,9,0.0011734028683181225,5.41799475990132e-05,0.006932282310677353,2
675170,303 Squadron: Battle of Britain,9,0.0011734028683181225,2.4402709016253665e-05,0.006914210910995851,1
298850,Millennium 5 - The Battle of the Millennium,9,0.0011734028683181225,1.1087543418295046e-08,0.006899566883071983,2
278530,3 Stars of Destiny,9,0.0011734028683181225,1.1087543418295046e-08,0.006899566883071973,2
280140,Millennium - A New Hope,9,0.0011734028683181225,1.1087543418295046e-08,0.006899566883071977,2
449730,Ahnayro: The Dream World,9,0.0011734028683181225,1.7867644208067235e-05,0.006910754865556082,2
705290,Strange Telephone,9,0.0011734028683181225,1.7949867583797817e-05,0.006910250721433943,0
486380,Shigatari,9,0.0011734028683181225,0.00010549618815529727,0.00696251487272065,0
282010,Carmageddon Max Pack,9,0.0011734028683181225,3.2865238248911185e-05,0.006919387643332997,0
799510,Squidlit,9,0.0011734028683181225,2.886257976015671e-05,0.0069170823532748536,2
450500,Ace of Seafood,9,0.0011734028683181225,7.0670044387861e-05,0.006941800132726452,0
586240,Soul Searching,9,0.0011734028683181225,2.6198928142362875e-05,0.006915491467760384,2
824760,Fighting Fantasy Legends Portal,9,0.0011734028683181225,4.356818683527025e-05,0.006925271304087387,2
378480,Badland Bandits,9,0.0011734028683181225,2.2105953989228196e-05,0.006913228960815154,0
286380,Strata,9,0.0011734028683181225,5.116025968699679e-05,0.006930442160725036,2
386080,Pharaonic,9,0.0011734028683181225,2.709115495296765e-05,0.0069168285390964306,2
294720,Putt-Putt® and Fatty Bear's Activity Pack,9,0.0011734028683181225,8.064663766418742e-05,0.006946305744735132,0
542780,Drift GEAR Racing Free,9,0.0011734028683181225,9.154792392242687e-05,0.006953279132486478,1
752800,Mysterious Realms RPG,9,0.0011734028683181225,7.324979128590126e-06,0.006904375340954988,0
512180,Nightshade／百花百狼,9,0.0011734028683181225,8.787565801136936e-06,0.006905188274594454,0
300820,Disney•Pixar Toy Story 3: The Video Game,9,0.0011734028683181225,7.210596119616033e-05,0.006942175270596364,1
931470,夏荷 | Summer Lotus,9,0.0011734028683181225,0.00010595020483915593,0.0069629088932769536,2
1009040,Last Days Motel,9,0.0011734028683181225,2.9947803274813453e-05,0.006917642639372084,0
365800,AdvertCity,9,0.0011734028683181225,0.00010128336375652891,0.006957862478161088,1
458770,WRC 6 FIA World Rally Championship,9,0.0011734028683181225,2.44041687813597e-05,0.006914321632862407,2
461170,Bucket Detective,9,0.0011734028683181225,0.0001768236798304441,0.007002090481424937,31
240620,Wanderlust Adventures,9,0.0011734028683181225,0.00011134550109991415,0.006963940546262887,1
390100,9Dragons,9,0.0011734028683181225,4.430363684384964e-05,0.0069253524500757025,1
1029070,Spark of Light,9,0.0011734028683181225,1.1704175462345428e-05,0.006906763071975318,0
828240,HOST,9,0.0011734028683181225,1.1704175462345428e-05,0.006906763071975325,0
263320,Saturday Morning RPG,9,0.0011734028683181225,1.8090246065925724e-05,0.006910592727797946,1
899940,校园恋物语|Love in School,9,0.0011734028683181225,0.00013027429111033752,0.006977439822550626,0
422910,Creeper World: Anniversary Edition,9,0.0011734028683181225,0.0001761807199194626,0.007004054513008905,1
941650,The Island: Into The Mist 그 섬,9,0.0011734028683181225,4.643277320400452e-05,0.006927491751182293,0
934860,La Rana,9,0.0011734028683181225,0.00011482232050264633,0.0069672329300868,2
670500,RC Plane 3,9,0.0011734028683181225,7.742328496500799e-05,0.006944290933665053,1
244950,Where is my Heart?,9,0.0011734028683181225,6.499986529397888e-06,0.0069037707978342995,0
668590,Omen Exitio: Plague,8,0.0010430247718383311,2.6731181691054876e-05,0.006914324040157741,0
340270,TIMEframe,8,0.0010430247718383311,5.941605659060561e-05,0.006933181625647139,1
377970,Void And Meddler,8,0.0010430247718383311,7.07189655063987e-05,0.006939539370920942,0
766600,Amazing Human Simulator,8,0.0010430247718383311,0.000108885646006653,0.006963101819284767,1
4900,Zen of Sudoku,8,0.0010430247718383311,8.390103543883651e-06,0.006903368638202938,0
439940,Lucid9: Inciting Incident,8,0.0010430247718383311,7.894262939494471e-05,0.0069447382184798885,1
2710,Act of War: Direct Action,8,0.0010430247718383311,8.614090731395361e-05,0.006949712877361242,1
492630,Bear With Me - Episode One,8,0.0010430247718383311,5.422224886093192e-06,0.006901304586737277,0
370350,LOTUS-Simulator,8,0.0010430247718383311,9.118346506845793e-05,0.006951047524228371,1
375180,Lunch Truck Tycoon,8,0.0010430247718383311,6.279656945074764e-05,0.006935887230172696,2
262000,Gabriel Knight: Sins of the Fathers 20th Anniversary Edition,8,0.0010430247718383311,6.751929996572559e-05,0.0069383990368804774,0
400280,Lizard,8,0.0010430247718383311,9.106739595927188e-05,0.006950307918401269,2
10460,The Club™,8,0.0010430247718383311,3.48524744365874e-05,0.006918887398595856,11
682530,MarZ: Tactical Base Defense,8,0.0010430247718383311,7.054666701796198e-05,0.006941251349068458,0
465720,Demon Hunter 2: New Chapter,8,0.0010430247718383311,5.596756986294046e-05,0.0069322385179914165,0
427240,Cosmic Trip,8,0.0010430247718383311,3.667016955428768e-05,0.006919822378261784,0
475090,Project Remedium,8,0.0010430247718383311,3.15206769263503e-05,0.006917029605946663,2
810230,Traum,8,0.0010430247718383311,3.3343388978005936e-05,0.006917121451075414,2
58200,Jolly Rover,8,0.0010430247718383311,8.390103543883651e-06,0.00690336863820294,0
777880,Fluffy Horde,8,0.0010430247718383311,4.459344853713684e-05,0.006923571318906434,2
6310,The Longest Journey,8,0.0010430247718383311,3.1067985767704436e-05,0.006916884012561648,0
358750,Sunrider: Liberation Day - Captain's Edition,8,0.0010430247718383311,4.298996324468256e-05,0.006924094784377825,2
527150,Dead,8,0.0010430247718383311,0.00013181894521005141,0.006973636925330223,0
414080,Life is Hard,8,0.0010430247718383311,1.7284345560835825e-05,0.006908843122704403,2
477900,Lord of Dwarves,8,0.0010430247718383311,1.7284345560835825e-05,0.006908843122704379,2
336300,Hearthlands,8,0.0010430247718383311,1.7284345560835825e-05,0.006908843122704387,2
234920,Dyscourse,8,0.0010430247718383311,4.6594615698956196e-05,0.0069264598842233545,0
596590,Linked,8,0.0010430247718383311,1.4739343007751828e-05,0.006906836514657472,0
416040,CLASH,8,0.0010430247718383311,8.677072271055969e-05,0.006950415623217819,0
496250,Paddle Up,8,0.0010430247718383311,3.317996119960783e-05,0.006918193730356622,2
294530,Freddi Fish 2: The Case of the Haunted Schoolhouse,8,0.0010430247718383311,5.6675755935915523e-05,0.006931290531962584,1
303800,The Witcher Adventure Game,8,0.0010430247718383311,5.753166895860902e-05,0.006932524765017873,0
293660,TRI: Of Friendship and Madness,8,0.0010430247718383311,3.573597075593407e-05,0.0069189677321385545,2
521570,You Have 10 Seconds 2,8,0.0010430247718383311,9.309603179473422e-05,0.006952455773660987,1
687260,Tokyo Dark,8,0.0010430247718383311,8.589327325474153e-06,0.006903473713494476,0
204860,Men of War: Condemned Heroes,8,0.0010430247718383311,8.54103066773818e-06,0.006903275020938959,1
708890,BEATris,8,0.0010430247718383311,3.977074456962536e-05,0.006922052888879949,2
345430,The Cursed Forest,8,0.0010430247718383311,6.584521687432066e-05,0.00693679926539938,0
528450,Hunt: The Unknown Quarry,8,0.0010430247718383311,3.556644807548145e-07,0.006898291951686166,8
446770,Skeet: VR Target Shooting,8,0.0010430247718383311,0.00010900381461137891,0.0069603922075510615,1
706280,Devil in the Pines,8,0.0010430247718383311,8.786438087306124e-06,0.006903470663711608,0
789950,INFERNIUM,8,0.0010430247718383311,1.3340632910883815e-05,0.006906035603899478,0
487370,Akin,8,0.0010430247718383311,6.480035193275144e-05,0.006936538670477569,2
32150,Everyday Genius: SquareLogic,8,0.0010430247718383311,4.723326556050992e-05,0.006926787402807652,2
265380,Grimind,8,0.0010430247718383311,2.9438501701709038e-05,0.006914805660947655,2
283080,Super Chibi Knight,8,0.0010430247718383311,6.836501133384542e-05,0.006937021257898667,1
305780,Echo of the Wilds,8,0.0010430247718383311,1.7053019967166024e-06,0.006899085186284898,2
457580,The Visitor,8,0.0010430247718383311,3.308267387183521e-05,0.006918143910504791,0
302180,Voyage: Journey to the Moon,8,0.0010430247718383311,3.318088988025758e-05,0.006918039241065581,2
856490,Falling words,8,0.0010430247718383311,3.318088988025758e-05,0.006918039241065532,2
704640,Evolution of Ages: Settlements,8,0.0010430247718383311,1.3768843507858707e-05,0.006906570320004931,2
391340,Ferrum's Secrets: Where Is Grandpa?,8,0.0010430247718383311,3.435517600471475e-05,0.006918164801987886,2
355420,FLAMBERGE,8,0.0010430247718383311,9.605537308183073e-05,0.006952913356376231,0
366000,Rogue System,8,0.0010430247718383311,3.6108221665575405e-07,0.006898285699115983,2
705150,Rhythm World - Master Project,8,0.0010430247718383311,3.6108221665575405e-07,0.006898285699115975,2
492090,A-Train PC Classic / みんなのA列車で行こうPC,8,0.0010430247718383311,3.6108221665575405e-07,0.0068982856991159905,2
781990,Wequer,8,0.0010430247718383311,0.0001250593461019614,0.00697041248279064,1
61730,Critter Crunch,8,0.0010430247718383311,3.8827329556456315e-05,0.006921879607990897,1
262750,GoD Factory: Wingmen,8,0.0010430247718383311,3.203606565846846e-05,0.006917181286984687,0
956450,Rogue Fable III,8,0.0010430247718383311,4.683688221776016e-05,0.006928026569773172,0
380020,Three Heroes,8,0.0010430247718383311,8.54103066773818e-06,0.006903275020938965,1
595770,AirMech Wastelands,8,0.0010430247718383311,0.00010020059513863776,0.006955331230469132,1
458380,Gahkthun of the Golden Lightning Steam Edition,8,0.0010430247718383311,6.897836330933841e-05,0.006938756000339863,0
907050,Deep Space,8,0.0010430247718383311,0.00016012779089437224,0.006990649866136541,1
589200,Dreadhalls,8,0.0010430247718383311,6.9793874640266586e-06,0.006902300860249609,2
644480,Outbreak: The New Nightmare,8,0.0010430247718383311,5.173449673013829e-05,0.006929030415624956,1
576540,Brother Wings,8,0.0010430247718383311,7.053326491210167e-05,0.006941299011313022,2
1001070,Koi,8,0.0010430247718383311,0.00012758854140543452,0.006971480896728815,0
400800,MXGP2 - The Official Motocross Videogame,8,0.0010430247718383311,0.00012226293089699124,0.006968084983029581,1
571340,Seeking Evil: The Wendigo,8,0.0010430247718383311,1.671072555809414e-05,0.006908170398857158,1
45720,Lost Planet: Extreme Condition Colonies Edition,8,0.0010430247718383311,5.187799252772068e-05,0.006929048662961554,1
328500,Potatoman Seeks the Troof,8,0.0010430247718383311,0.00010191811233079558,0.006956743740507715,2
547480,Carly and the Reaperman - Escape from the Underworld,8,0.0010430247718383311,5.5431333413049724e-05,0.006930162691742464,1
773520,Refight:Burning Engine,8,0.0010430247718383311,5.4907409949865214e-05,0.006929976874324576,1
294650,Putt-Putt® Goes to the Moon,8,0.0010430247718383311,6.695998315789931e-05,0.006938584167098307,0
640990,Fashioning Little Miss Lonesome,8,0.0010430247718383311,2.9339516477130224e-06,0.006899933361235442,0
496810,MegaTagmension Blanc + Neptune VS Zombies (Neptunia),8,0.0010430247718383311,5.159241256553407e-05,0.006928260266332102,0
336210,Just Death,8,0.0010430247718383311,4.298996324468256e-05,0.006924094784377825,2
629840,Caligo,8,0.0010430247718383311,1.2017624954108441e-05,0.0069052190764804615,2
910880,Mad Tower Tycoon,8,0.0010430247718383311,9.698404370171715e-05,0.006955909524135184,1
351490,Intergalactic Bubbles,8,0.0010430247718383311,0.00022383965214865407,0.007025788333345646,1
680860,Evil Labs,8,0.0010430247718383311,9.749032583612019e-05,0.006953822567947111,1
922400,DX-Ball 2: 20th Anniversary Edition,8,0.0010430247718383311,5.0055679018855514e-05,0.006927375430607751,2
949380,AV-17,8,0.0010430247718383311,3.15698913448075e-05,0.006916296081498132,2
498660,Mind Spheres,8,0.0010430247718383311,0.00013193046905681473,0.006975381256243387,1
496260,Corona Blossom Vol.1 Gift From the Galaxy,8,0.0010430247718383311,5.8525701830528e-06,0.006901999866836526,0
835520,Dodge Show,8,0.0010430247718383311,0.00010301485791315648,0.006960213759285518,0
773390,Aim Trainer Pro,8,0.0010430247718383311,7.902232350829484e-05,0.006943156524219992,1
294000,Knight Squad,8,0.0010430247718383311,3.303716538111872e-05,0.00691824105207318,2
765030,樱雪集～Yuyuko's Butterfly Dream,8,0.0010430247718383311,2.97914933865288e-05,0.006915947175094963,0
529240,"Creature Clicker - Capture, Train, Ascend!",8,0.0010430247718383311,1.1085138725633477e-05,0.0069046791239787434,2
818480,Eternal Man: Mountain,8,0.0010430247718383311,1.1085138725633477e-05,0.006904679123978742,2
292600,Duet,8,0.0010430247718383311,0.00018344546995775375,0.00700287579731996,1
418620,The TakeOver,8,0.0010430247718383311,2.7962650842473507e-05,0.006914990819224505,0
716250,Eight Dragons,8,0.0010430247718383311,2.7962650842473507e-05,0.006914990819224506,0
606960,CRIMSON METAL REDUX,8,0.0010430247718383311,0.00019178480126901231,0.007007940218706139,1
641860,Trenches of War,8,0.0010430247718383311,5.095062955531068e-05,0.006929440594153939,1
70120,Hacker Evolution Duality,8,0.0010430247718383311,2.9221274155788478e-05,0.0069159098940252,1
226120,Weird Worlds: Return to Infinite Space,8,0.0010430247718383311,9.813954182915505e-06,0.006904196153187979,0
514890,Super Jagua,8,0.0010430247718383311,2.1634874410162145e-06,0.006899424432952612,2
776670,Flying Bacon:Ukrainian Air Force,8,0.0010430247718383311,2.1634874410162145e-06,0.006899424432952612,2
554140,Desert Ride Coaster,8,0.0010430247718383311,3.672875873390121e-05,0.006920481245165356,2
803980,Plane Mechanic Simulator,8,0.0010430247718383311,3.0183204660008547e-05,0.006916014171123436,1
963280,Talk to Strangers,8,0.0010430247718383311,2.7840255963074315e-05,0.0069153463692856725,0
390040,Small Radios Big Televisions,8,0.0010430247718383311,0.00012691113435273605,0.006971766310220446,1
427930,Army of Tentacles: (Not) A Cthulhu Dating Sim,8,0.0010430247718383311,0.00019480950078239455,0.007010132058108792,1
232970,Thunder Wolves,8,0.0010430247718383311,4.0928675847800696e-05,0.006922052455707383,1
882560,Door,8,0.0010430247718383311,7.778155503642163e-05,0.00694380546969789,0
836080,BARRAGE / 铁幕,8,0.0010430247718383311,5.277038587794564e-05,0.006930116771036749,1
931220,Beat,8,0.0010430247718383311,3.15698913448075e-05,0.006916296081498118,2
775860,Midnightland,8,0.0010430247718383311,3.15698913448075e-05,0.006916296081498124,2
732360,Mercury Blue: Mini Episode,8,0.0010430247718383311,3.15698913448075e-05,0.006916296081498124,2
289260,Dreamscapes: The Sandman - Premium Edition,8,0.0010430247718383311,6.682814338646629e-05,0.006936809991317742,0
834450,Roarr! The Adventures of Rampage Rex,8,0.0010430247718383311,2.4708974955004568e-05,0.006912130710783665,2
957720,Strategic Command WWII: World at War,8,0.0010430247718383311,7.588301633371419e-05,0.006943664326258557,15
363410,Always The Same Blue Sky...,8,0.0010430247718383311,5.277626638119723e-06,0.0069014733518080315,0
821500,Ria's Hook,8,0.0010430247718383311,2.988190029294181e-05,0.006916015008179287,0
316890,Calvino Noir,8,0.0010430247718383311,5.7589409380153244e-05,0.006933443001708238,0
670750,0°N 0°W,8,0.0010430247718383311,1.5909325065929882e-05,0.006907931222397338,0
1028860,Star Chef: Cooking & Restaurant Game,8,0.0010430247718383311,6.158254398451058e-05,0.006934699736592245,0
557770,Pawn,8,0.0010430247718383311,0.00011033448457959314,0.006962433410904355,1
640150,Tale of Toast,8,0.0010430247718383311,7.61615681715929e-05,0.006941627715146829,1
520850,Lost in Secular Love,8,0.0010430247718383311,4.330961493875695e-05,0.0069240134809959225,0
245450,Wizardry 8,8,0.0010430247718383311,7.796209303714603e-05,0.006943384643315304,2
808090,"Bury Me, My Love",8,0.0010430247718383311,2.0517606027368435e-05,0.006910928138945774,0
486720,Bastard Bonds,8,0.0010430247718383311,6.063820022459272e-05,0.006934855519846429,2
792570,BattleCON: Online,8,0.0010430247718383311,2.144445053717234e-05,0.006911049982909069,0
262900,Smooth Operators,8,0.0010430247718383311,7.263160779509515e-06,0.0069026607241340745,2
525640,Bullets And More VR - BAM VR,8,0.0010430247718383311,3.672875873390121e-05,0.006920481245165334,2
608760,Doodle Devil,8,0.0010430247718383311,2.6317688970355966e-06,0.006899817635660168,0
400030,Cloney,8,0.0010430247718383311,2.6317688970355966e-06,0.006899817635660162,0
410980,Master of Orion 2,8,0.0010430247718383311,1.8068055323489215e-05,0.0069113452437258,0
369550,Blacksea Odyssey,8,0.0010430247718383311,1.5623233345088954e-05,0.006907672583106675,0
364300,Space Rogue,8,0.0010430247718383311,4.4850422247134e-05,0.006925282848217699,2
882020,Monster Energy Supercross - The Official Videogame 2,8,0.0010430247718383311,5.420768981844949e-05,0.006929370480651761,1
563360,Market Tycoon,8,0.0010430247718383311,5.485450963591256e-05,0.006929512167074352,1
513340,Through Abandoned: The Forest,8,0.0010430247718383311,6.484953114079648e-05,0.00693565777782181,0
661960,Dragon Lords: 3D Strategy,8,0.0010430247718383311,7.020661609985875e-05,0.006939236088496989,1
297060,Freaking Meatbags,8,0.0010430247718383311,9.336902258412757e-05,0.006953167706100774,0
343360,Particula,8,0.0010430247718383311,5.539090010767166e-05,0.006930422385362514,0
300220,Victim of Xen,8,0.0010430247718383311,2.9367315681104316e-05,0.006916129968891201,2
287070,Battle Academy,8,0.0010430247718383311,0.0001730457579151259,0.0069970353765485,1
288370,Strike Suit Zero: Director's Cut,8,0.0010430247718383311,1.0830330007377378e-05,0.0069048923881419415,2
426040,Goodnight Butcher,8,0.0010430247718383311,0.00012691113435273605,0.006971766310220438,1
552440,The Talos Principle VR,8,0.0010430247718383311,3.317996119960783e-05,0.00691819373035665,2
7650,X-COM: Terror From the Deep,8,0.0010430247718383311,7.476810097375728e-05,0.0069432080144451735,2
421670,CUPID - A free to play Visual Novel,8,0.0010430247718383311,3.0476662210290734e-05,0.006915921585795122,0
462990,Tomoyo After ~It's a Wonderful Life~ English Edition,8,0.0010430247718383311,3.357471425805274e-05,0.006918586505218327,0
259570,EDEN STAR,8,0.0010430247718383311,6.709082289265108e-05,0.006937839596979176,0
796790,GLAD VALAKAS SIMULATOR,8,0.0010430247718383311,1.7343148294808538e-05,0.006908583908267878,1
6420,Nexus - The Jupiter Incident,8,0.0010430247718383311,6.007484878401788e-05,0.006934165294019987,2
275080,Post Master,8,0.0010430247718383311,7.3091331731997e-05,0.006942008369236633,1
224940,Legacy of Kain: Soul Reaver 2,8,0.0010430247718383311,1.4029445336749781e-05,0.0069063808315143905,1
922550,keyg,8,0.0010430247718383311,6.022318309479167e-05,0.0069326363766451125,1
556230,Off-Road Paradise: Trial 4x4,8,0.0010430247718383311,1.3684715824368865e-05,0.006906435334983716,1
794830,"Abha ""Light on the Path""",8,0.0010430247718383311,1.8923338096979407e-05,0.006909611358539262,1
24480,King Arthur II: The Role-Playing Wargame,8,0.0010430247718383311,1.3459423104647444e-05,0.006906596330763405,2
599880,Tequila Zombies 3,8,0.0010430247718383311,8.012130382011414e-05,0.006944944440342144,1
595430,Sky Knights,8,0.0010430247718383311,6.826354542803701e-05,0.006939338243153798,0
425460,Tokyo Twilight Ghost Hunters Daybreak: Special Gigs,8,0.0010430247718383311,4.238695335921559e-05,0.006924198266451032,0
294730,Marine Park Empire,8,0.0010430247718383311,4.238695335921559e-05,0.006924198266450995,0
951700,Super Jigsaw Puzzle: Space,8,0.0010430247718383311,3.392936558152626e-05,0.006917495616585625,0
452510,UNDER NIGHT IN-BIRTH Exe:Late,8,0.0010430247718383311,1.7448230271988648e-05,0.006908727177996884,0
635250,Evil Genome 光明重影,8,0.0010430247718383311,1.3428872291213665e-06,0.006898908919932274,2
431640,Doodle Kingdom,8,0.0010430247718383311,2.6317688970355966e-06,0.006899817635660164,0
598940,Doodle Mafia,8,0.0010430247718383311,2.6317688970355966e-06,0.006899817635660162,0
274250,OlliOlli,8,0.0010430247718383311,2.9714733387405693e-05,0.006915286103276563,2
280040,A Wizard's Lizard,8,0.0010430247718383311,1.6670709049597005e-05,0.0069079675704463665,1
590950,Toaster Jam,8,0.0010430247718383311,1.6670709049597005e-05,0.006907967570446356,1
666050,Rescue Team 7,8,0.0010430247718383311,2.7762111434509467e-05,0.006914954856434175,2
751690,The Mammoth: A Cave Painting,8,0.0010430247718383311,5.386815715885394e-05,0.006928819975101137,2
792030,"Just, Bearly",8,0.0010430247718383311,0.00010187300284356733,0.006957949988247547,2
94000,Dinner Date,8,0.0010430247718383311,0.00010325269588649075,0.006958264591074066,1
294140,They Breathe,8,0.0010430247718383311,5.447893855682379e-05,0.006931381452160928,1
453670,The Lost Souls,8,0.0010430247718383311,3.683097519653091e-05,0.006919728937350614,1
746890,Skript,8,0.0010430247718383311,3.556644807548145e-07,0.006898291951686164,8
719180,Revulsion,8,0.0010430247718383311,8.653998192018671e-05,0.0069472603101617455,1
410890,Higurashi When They Cry Hou - Ch.2 Watanagashi,8,0.0010430247718383311,2.2289873917929067e-05,0.0069129565929323825,0
707870,Hoo-Boy,8,0.0010430247718383311,0.00019196967098692285,0.007009123914018854,0
400160,Concrete Jungle,8,0.0010430247718383311,4.105824353176474e-06,0.006900669133137594,0
274700,868-HACK,8,0.0010430247718383311,4.105824353176474e-06,0.006900669133137609,0
380220,Hover Junkers,8,0.0010430247718383311,4.5403365372173e-05,0.006925489040835647,0
764030,Realm Revolutions,8,0.0010430247718383311,0.00016479653910619473,0.006993530499147253,1
509290,One Night Two Crazies,8,0.0010430247718383311,0.00024088335339926689,0.007036119525730162,1
518650,illumine,8,0.0010430247718383311,2.5550288388814193e-05,0.00691382532893212,0
65270,Demolition Company Gold Edition,8,0.0010430247718383311,0.00010620749877069855,0.006959315713303356,1
364820,Star Trek: Starfleet Command Gold Edition,8,0.0010430247718383311,8.65322156652472e-05,0.006948683374788678,0
363980,Forget Me Not: My Organic Garden,8,0.0010430247718383311,2.9397250778817132e-05,0.006915711969524362,0
899190,A Piece of Wish upon the Stars,8,0.0010430247718383311,2.7609241050676815e-06,0.006899804214454873,0
356880,Eron,8,0.0010430247718383311,2.9681113819136674e-05,0.006915839585694617,20
643810,Fugl,8,0.0010430247718383311,1.9937716173561582e-05,0.0069101875488952755,0
770410,Path to Mnemosyne,8,0.0010430247718383311,1.1085138725633477e-05,0.0069046791239787434,2
612620,Detective Butler: Maiden Voyage Murder,8,0.0010430247718383311,1.1085138725633477e-05,0.006904679123978763,2
294670,Putt-Putt® Travels Through Time,8,0.0010430247718383311,0.00010216736634569255,0.00695806671731812,2
346500,Road Scars: Origins,8,0.0010430247718383311,0.0001487004219317729,0.006985271674358252,1
813540,Scheming Through The Zombie Apocalypse: The Beginning,8,0.0010430247718383311,0.00016576820436231456,0.006992956933483391,1
294230,Millie,8,0.0010430247718383311,5.125462408105271e-05,0.006927356758975164,1
619280,Gloom,8,0.0010430247718383311,3.5743146144359946e-05,0.006919245910125495,2
657120,Flix and Chill 2: Millennials,8,0.0010430247718383311,8.40428518123872e-05,0.0069479345431559415,1
300580,GALAK-Z,8,0.0010430247718383311,6.1040871126583085e-06,0.006901924301327762,2
279640,The Troma Project,8,0.0010430247718383311,0.00011141200389610667,0.006962651691969918,1
337150,Sentinels of the Multiverse,8,0.0010430247718383311,4.23908426666009e-05,0.006923532257948763,2
3050,Xpand Rally Xtreme,8,0.0010430247718383311,0.00013486144387830898,0.006976925244930166,1
792050,Beneath The Surface,8,0.0010430247718383311,0.00016679386544360026,0.0069951916019938614,2
784940,Countryballs: Over The World,8,0.0010430247718383311,0.00011282735313835724,0.006962717912287619,0
562270,Shot Shot Tactic,8,0.0010430247718383311,2.9681113819136674e-05,0.006915839585694622,20
619230,VEmpire - The Kings of Darkness,8,0.0010430247718383311,3.735136458576987e-05,0.006920075129572306,0
958740,Heretic Operative,8,0.0010430247718383311,1.4127088299869422e-06,0.006899011787635509,2
323260,Robin's Island Adventure,8,0.0010430247718383311,6.682814338646629e-05,0.006936809991317762,0
610810,Your Friend Hana,8,0.0010430247718383311,4.588985611013057e-05,0.00692455623995973,1
416360,Max's Big Bust - A Captain Nekorai Tale,8,0.0010430247718383311,1.2973763439469345e-05,0.006906175963334246,2
961660,Nowhere Patrol,8,0.0010430247718383311,1.080512085850287e-05,0.006904630688697039,2
671800,Run!ZombieFood!,8,0.0010430247718383311,2.374249460145351e-05,0.00691275572290064,1
528180,Agricola: All Creatures Big and Small,8,0.0010430247718383311,3.556644807548145e-07,0.006898291951686166,8
339850,Overclocked: A History of Violence,8,0.0010430247718383311,5.422224886093192e-06,0.006901304586737261,0
811870,Verlet Swing,8,0.0010430247718383311,8.041100625263293e-05,0.006943391374422596,1
202710,Demigod,8,0.0010430247718383311,0.00010029410625918659,0.006956511566530699,0
254820,Ground Control Anthology,8,0.0010430247718383311,8.903829301401012e-05,0.006951593121847935,0
338810,Demise of Nations,8,0.0010430247718383311,7.310657552045253e-05,0.006940392995500198,1
387280,Inferno 2,8,0.0010430247718383311,3.667016955428768e-05,0.006919822378261782,0
463800,FreeHolder,8,0.0010430247718383311,1.4127088299869422e-06,0.006899011787635535,2
280720,Imagine Earth,8,0.0010430247718383311,1.4127088299869422e-06,0.006899011787635531,2
597040,Dumbass Drivers!,8,0.0010430247718383311,2.9681113819136674e-05,0.006915839585694594,20
918990,Gladio,8,0.0010430247718383311,0.0001027248662650172,0.006958848669703401,1
508170,BlackSmith HIT,8,0.0010430247718383311,9.244501455729409e-05,0.006951195907831289,2
705020,Bottom of the 9th,8,0.0010430247718383311,3.556644807548145e-07,0.006898291951686158,8
710700,Paperback: The Game,8,0.0010430247718383311,3.556644807548145e-07,0.006898291951686137,8
873980,Isle of Skye,8,0.0010430247718383311,3.556644807548145e-07,0.006898291951686155,8
380140,The Secret of Tremendous Corporation,8,0.0010430247718383311,0.00011141200389610667,0.0069626516919699495,1
792650,Super Jigsaw Puzzle,7,0.0009126466753585397,1.7519537511933806e-05,0.006907296747888927,0
301840,City of Brass,7,0.0009126466753585397,1.7519537511933806e-05,0.006907296747888927,0
451990,Cranks and Goggles,7,0.0009126466753585397,5.798024642109671e-07,0.0068968818450664,2
303550,Adventures of Pip,7,0.0009126466753585397,7.970016020879085e-07,0.00689702621035943,2
647280,Pixel Shooter,7,0.0009126466753585397,5.696228607119805e-05,0.006929966793337949,1
802450,NAIRI: Tower of Shirin,7,0.0009126466753585397,8.28623152813047e-06,0.006901817123229262,0
431810,Rencounter,7,0.0009126466753585397,0.00012163967690448572,0.006966215381554597,1
361320,Casino Inc.,7,0.0009126466753585397,1.7146702609251593e-05,0.006907164538472214,1
46410,Avencast: Rise of the Mage,7,0.0009126466753585397,1.3152413017024622e-05,0.006904870494045237,2
936740,Orogenesis,7,0.0009126466753585397,1.5644881973541585e-06,0.006897477627197966,2
662830,Bombix,7,0.0009126466753585397,0.00010347136771053071,0.006956487714468284,1
881320,The LEGO Movie 2 Videogame,7,0.0009126466753585397,9.072759886251855e-05,0.006948534866751012,1
333330,Song of the Myrne: What Lies Beneath,7,0.0009126466753585397,0.00013496291084548294,0.006974508376556657,1
541640,Disney Infinity 1.0: Gold Edition,7,0.0009126466753585397,3.430991657841069e-05,0.006917541792829018,1
258050,Survivor Squad,7,0.0009126466753585397,3.2211680109341356e-05,0.0069157569725642526,2
856880,Fighting Fantasy Classics,7,0.0009126466753585397,1.2004928695234925e-05,0.006903710247383163,0
431390,Diorama No.1 : Blocked In,7,0.0009126466753585397,1.883471527322549e-05,0.006908075156473883,0
447690,Dimensional Intersection,7,0.0009126466753585397,1.883471527322549e-05,0.006908075156473882,0
833140,Supaplex,7,0.0009126466753585397,4.174208366524626e-05,0.0069224283045469055,0
257030,Project Nimbus,7,0.0009126466753585397,3.5259656305907064e-05,0.006917985390881949,0
21800,Tom Clancy's EndWar™,7,0.0009126466753585397,9.600761741957246e-06,0.006902485111559484,0
783200,Forbidden Clicker Party,7,0.0009126466753585397,5.3135857446789113e-05,0.0069274748207508756,2
355060,Sébastien Loeb Rally EVO,7,0.0009126466753585397,1.0251245707706769e-05,0.0069026793123812,1
777020,Mumps,7,0.0009126466753585397,0.00010167924113974313,0.00695593140592899,1
541190,Nodiatis,7,0.0009126466753585397,1.4313586550239799e-05,0.0069055480159223425,0
435250,Deadhunt,7,0.0009126466753585397,2.27047035091713e-05,0.0069101780079763985,1
410770,Roads of Rome,7,0.0009126466753585397,2.166249272959639e-05,0.00690988028661771,0
869840,Feather Of Praying 羽翼的祈愿,7,0.0009126466753585397,7.723941082072324e-06,0.006901613888586073,0
356450,Creature Romances: Kokonoe Kokoro,7,0.0009126466753585397,6.136125726196621e-06,0.0069002532218570296,1
529660,Mages of Mystralia,7,0.0009126466753585397,5.7727440600516166e-05,0.006929542641461268,0
448060,X-17,7,0.0009126466753585397,2.4520965516231826e-06,0.006897953095502432,2
339210,RESCUE 2: Everyday Heroes,7,0.0009126466753585397,3.735129644164635e-05,0.006918186368571879,1
284140,Majestic Nights,7,0.0009126466753585397,0.00019356217513427087,0.0070071885589367035,1
408990,Timber and Stone,7,0.0009126466753585397,7.141519240280433e-05,0.006939173387926672,0
542350,Castle of no Escape 2,7,0.0009126466753585397,5.386069348091853e-05,0.006927293068003259,2
588970,Oik,7,0.0009126466753585397,0.00012451031894267648,0.006967744641378606,1
281860,RefleX,7,0.0009126466753585397,1.66483562439199e-05,0.006906847453554617,2
277490,Battle Group 2,7,0.0009126466753585397,5.0100893042430334e-05,0.00692561047548225,29
639770,UNTITLED,7,0.0009126466753585397,2.052549365704489e-05,0.006908859253251517,0
348450,Lex Mortis,7,0.0009126466753585397,7.449682750435002e-05,0.006940297803985419,1
312630,OTTTD,7,0.0009126466753585397,5.751355805033787e-05,0.00692992156890658,0
654440,Isotiles - Isometric Puzzle Game,7,0.0009126466753585397,2.0847462789826628e-05,0.00690947433246286,0
322540,Galactic Inheritors,7,0.0009126466753585397,3.0682341346303594e-05,0.006915236051830288,2
268930,Malevolence: The Sword of Ahkranox,7,0.0009126466753585397,4.0106320408348506e-05,0.006920012589821732,2
237470,Battle Worlds: Kronos,7,0.0009126466753585397,2.798003887852384e-05,0.006913512464934408,0
749050,The 111th Soul,7,0.0009126466753585397,6.761737180687412e-05,0.0069347114706625,1
408000,Cinderella Escape! R12,7,0.0009126466753585397,6.4202496591867375e-06,0.006900494721176494,0
263480,Final Rush,7,0.0009126466753585397,4.8061334445225765e-05,0.006924765501594605,1
1020820,KumaKuma Manga Editor,7,0.0009126466753585397,1.5186058112232844e-06,0.006897526033239044,0
427700,Zwei: The Ilvard Insurrection,7,0.0009126466753585397,6.828085584761977e-05,0.006936344508746351,0
364910,Redemption: Saints And Sinners,7,0.0009126466753585397,2.4520965516231826e-06,0.006897953095502464,2
288220,Backstage Pass,7,0.0009126466753585397,8.310924919259387e-05,0.006944737734008232,2
794820,Knights of Pen and Paper 2: Free Edition,7,0.0009126466753585397,9.490478026882963e-05,0.006950914686916581,1
286140,Eidolon,7,0.0009126466753585397,7.003006193488145e-05,0.006937366116653339,2
334210,Fortified,7,0.0009126466753585397,5.153387415863408e-05,0.0069267458277748155,2
965310,The Settlers® : Rise of an Empire - History Edition,7,0.0009126466753585397,5.1496590208354584e-05,0.006927807722810216,0
959410,The Endless Empty,7,0.0009126466753585397,9.619263045635169e-05,0.006953257685204961,0
277450,Imperial Glory,7,0.0009126466753585397,6.452534544260511e-05,0.006934750109325067,5
666940,Welcome Back To 2007,7,0.0009126466753585397,4.7448591513272103e-05,0.006925585044085399,0
370070,Wyrmsun,7,0.0009126466753585397,6.587686180632321e-05,0.006935760079871234,2
512060,Stay! Stay! Democratic People's Republic of Korea!,7,0.0009126466753585397,9.475562708700706e-05,0.00695091554961313,2
58550,A Game of Thrones - Genesis,7,0.0009126466753585397,1.3673716439642109e-05,0.00690501657054671,2
663110,Sunrise: survival,7,0.0009126466753585397,0.00015883415049748435,0.006987626514501833,1
498190,Dragon Rage,7,0.0009126466753585397,2.9345053609191887e-06,0.006898394374454338,0
370660,Opaline,7,0.0009126466753585397,5.1901211740025256e-05,0.006927333152564803,0
715580,Hoshizora no Memoria -Wish upon a Shooting Star-,7,0.0009126466753585397,9.836031819182343e-06,0.006902711035833926,0
423800,Automata Empire,7,0.0009126466753585397,7.048718157053644e-05,0.006938591269892002,1
314320,GamersGoMakers,7,0.0009126466753585397,5.381921873320786e-05,0.006927540791407365,1
759940,前程似锦 Excellent Expectations,7,0.0009126466753585397,5.0168964337858954e-05,0.006926492128710468,0
481870,Mini Thief,7,0.0009126466753585397,4.369905298438842e-05,0.006922462628776859,2
299600,Dragon Fin Soup,7,0.0009126466753585397,2.06824327911723e-05,0.006909202367078722,0
334030,Epic Arena,7,0.0009126466753585397,7.31735580523863e-05,0.006938826272413314,1
383580,Flesh Eaters,7,0.0009126466753585397,5.4108509639790585e-05,0.0069281648481802054,1
860860,Suicide Guy: Sleepin' Deeply,7,0.0009126466753585397,0.00011666451425026766,0.006963686444428973,0
434250,Masked Shooters 2,7,0.0009126466753585397,3.6335829456423966e-05,0.0069185727839799465,0
453310,Blackwood Crossing,7,0.0009126466753585397,5.877814335583931e-05,0.0069300689789443485,0
805760,Desire,7,0.0009126466753585397,2.234284156212105e-06,0.006897911593190501,0
407980,Sakura Beach 2,7,0.0009126466753585397,5.3260808208278475e-05,0.006927670051892993,1
521500,Sakura Space,7,0.0009126466753585397,5.3260808208278475e-05,0.006927670051892985,1
758410,AO International Tennis,7,0.0009126466753585397,6.716777481477766e-05,0.0069369394339744705,0
416240,Space Impossible,7,0.0009126466753585397,6.714065215119517e-05,0.006936343076791198,1
676840,Contagion VR: Outbreak,7,0.0009126466753585397,7.392160260780198e-05,0.006940835347282043,2
799240,My Free Farm 2,7,0.0009126466753585397,5.039611051887675e-05,0.006925219052161557,1
503240,Hurricane,7,0.0009126466753585397,0.0001753284634717394,0.006997322108243983,1
1014550,One Synth,7,0.0009126466753585397,6.57007968893991e-05,0.006934764225916228,1
954010,Definitely Sneaky But Not Sneaky,7,0.0009126466753585397,6.249225272955814e-05,0.006933577416470693,0
770500,Goblin Gearshop,7,0.0009126466753585397,4.899337610204963e-05,0.006926242318448589,0
654550,Football Game,7,0.0009126466753585397,0.00011421092706170443,0.006964110511974817,0
946660,Loria,7,0.0009126466753585397,2.3457000139860795e-05,0.006910488933138261,2
727640,ШП - ShP,7,0.0009126466753585397,2.3457000139860795e-05,0.006910488933138267,2
447800,LostWinds 2: Winter of the Melodias,7,0.0009126466753585397,9.45687784940598e-06,0.006902584762989658,0
229520,Dungeon Hearts,7,0.0009126466753585397,2.763540891778547e-05,0.00691376129411041,0
429330,Stikbold! A Dodgeball Adventure,7,0.0009126466753585397,1.2472476930828911e-05,0.0069044331012171264,2
280830,Foosball - Street Edition,7,0.0009126466753585397,1.2472476930828911e-05,0.006904433101217112,2
554220,Oafmatch,7,0.0009126466753585397,3.8385868306354186e-05,0.006920166724221044,0
658790,Samurai Riot,7,0.0009126466753585397,3.798439834237206e-05,0.006919703979571501,1
384360,Fingered,7,0.0009126466753585397,0.00011758230463395309,0.006964628152417587,46
485670,Mini Golf Arena,7,0.0009126466753585397,3.625532395313849e-05,0.0069180848733733,1
541380,PhysDrive,7,0.0009126466753585397,0.00012587259953700358,0.0069683734212983755,1
253390,Hot Tin Roof: The Cat That Wore A Fedora,7,0.0009126466753585397,4.733255805604767e-05,0.006924543571455546,2
336130,Shardlight,7,0.0009126466753585397,3.4994916206671394e-05,0.006916445858506506,0
1032520,JermaSlots,7,0.0009126466753585397,0.00010645470029440777,0.006960761717560127,2
510240,forma.8,7,0.0009126466753585397,1.8649217405993335e-05,0.0069076840379866415,0
948770,魔塔2018,7,0.0009126466753585397,5.966746215556536e-05,0.006932747280316617,0
973060,Evil Maze 2 | 惡魔迷宮 2,7,0.0009126466753585397,4.399520374484402e-05,0.006923597898456065,0
955320,Dark Fantasy: Jigsaw Puzzle,7,0.0009126466753585397,2.153335434804316e-05,0.006909055136137171,0
392940,Epic Quest of the 4 Crystals,7,0.0009126466753585397,2.4152030764393733e-06,0.00689792762594547,25
694980,Fjong,7,0.0009126466753585397,2.4152030764393733e-06,0.0068979276259454715,25
421810,OH! RPG!,7,0.0009126466753585397,2.4152030764393733e-06,0.006897927625945481,25
305920,Another Perspective,7,0.0009126466753585397,3.056749299577125e-05,0.006914403604353239,2
402060,Californium,7,0.0009126466753585397,9.905247682886661e-06,0.006902635387228394,0
18820,Zero Gear,7,0.0009126466753585397,7.71697013639635e-06,0.006901174697722049,2
269470,MorphVOX Pro - Voice Changer,7,0.0009126466753585397,6.236655991146241e-05,0.006934266553682724,0
907270,eSports Legend / 电竞传奇,7,0.0009126466753585397,9.163041765427648e-05,0.006950315922506449,0
452420,Koihime Enbu 恋姫†演武,7,0.0009126466753585397,5.7602573867049646e-05,0.006931104968467362,2
760560,Happy New Year Clicker,7,0.0009126466753585397,3.0993683268695366e-05,0.006914600414019561,0
854860,Cows VS Vikings,7,0.0009126466753585397,9.830169609160398e-06,0.006902346968280742,2
286320,Oknytt,7,0.0009126466753585397,1.7645964135897273e-05,0.006907553517628181,0
533330,Shut Eye,7,0.0009126466753585397,8.984077671435071e-05,0.0069480885906504026,1
822930,Wolf Tails,7,0.0009126466753585397,8.244277963119346e-05,0.006944568494857232,1
851530,Mini-Dead,7,0.0009126466753585397,0.0001619205728545087,0.006990114785299735,1
841600,Aura of Worlds,7,0.0009126466753585397,0.00023821216136309055,0.007031958467435205,1
63960,Theatre of War 3: Korea,7,0.0009126466753585397,4.656531893062022e-06,0.0068993893368016835,1
365660,OlliOlli2: Welcome to Olliwood,7,0.0009126466753585397,0.00010124267815967854,0.006954868710257422,1
1018130,Castle Break,7,0.0009126466753585397,9.830169609160398e-06,0.006902346968280738,2
859340,Seeking Dawn,7,0.0009126466753585397,8.953010643296327e-06,0.006901962181825741,2
221180,Eufloria HD,7,0.0009126466753585397,4.426209824434188e-05,0.0069235247633935995,0
539270,Mahjong,7,0.0009126466753585397,0.00010860917547929622,0.006959059709088192,1
893010,Slave's Sword,7,0.0009126466753585397,7.294099764281108e-05,0.006941031937483696,0
921780,The Dark Occult,7,0.0009126466753585397,3.2529850902029567e-06,0.0068985514446183675,2
378800,Police Tactics: Imperio,7,0.0009126466753585397,9.285767406272942e-05,0.0069499382507106485,1
338760,Death Ray Manta SE,7,0.0009126466753585397,6.326097623812444e-05,0.006933815282023923,1
384690,Umihara Kawase,7,0.0009126466753585397,0.00010097125967529226,0.006954651501997908,2
267360,MURI,7,0.0009126466753585397,4.61982732850041e-06,0.006899520401715456,2
254080,World War III: Black Gold,7,0.0009126466753585397,5.018273764767384e-05,0.0069257993840936335,1
924670,Need for Spirit: Drink & Drive Simulator/醉驾模拟器,7,0.0009126466753585397,5.745878769261331e-05,0.006929853363753995,1
858060,Idle Heist,7,0.0009126466753585397,0.00013766825035308207,0.006975977232537279,1
773010,Hunahpu Quest. Mechanoid,7,0.0009126466753585397,9.961102692280919e-05,0.006953190377005623,1
675720,Direct,7,0.0009126466753585397,0.0001647636750740464,0.006991957513781384,1
302350,Tex Murphy: Under a Killing Moon,7,0.0009126466753585397,4.672772200915055e-05,0.006923371033682669,2
862130,Rainy Day Racer,7,0.0009126466753585397,3.274949992088895e-05,0.006916094950349794,0
581590,Retro Pinball,7,0.0009126466753585397,1.774250740797794e-05,0.0069067231929915455,0
253150,Halfway,7,0.0009126466753585397,3.80421815811251e-05,0.006919713139502238,0
333430,Sinking Island,7,0.0009126466753585397,9.870281026434079e-05,0.006953698878735662,17
782140,Re-Legion,7,0.0009126466753585397,2.9702683227726762e-05,0.006914303327161837,0
314010,Boid,7,0.0009126466753585397,9.334595650123238e-05,0.006950593947646163,2
356430,Chris Sawyer's Locomotion™,7,0.0009126466753585397,0.00012790559260280482,0.006970098832893119,1
306040,The Howler,7,0.0009126466753585397,2.4314172219282107e-05,0.006910863055041482,0
259320,Heli Heroes,7,0.0009126466753585397,0.00013158582042783473,0.006972787596562454,8
225280,Full Mojo Rampage,7,0.0009126466753585397,5.3065706155247064e-05,0.006927978475291074,2
315110,Woah Dave!,7,0.0009126466753585397,3.2625544132632324e-05,0.0069160579203830065,2
46000,Bob Came in Pieces,7,0.0009126466753585397,3.2625544132632324e-05,0.006916057920382989,2
46440,Future Wars,7,0.0009126466753585397,4.006363862037475e-05,0.006920167262804263,1
456780,DUCATI - 90th Anniversary,7,0.0009126466753585397,7.364765201386092e-05,0.006939607922233692,1
629860,Spelunker Party!,7,0.0009126466753585397,0.00010033113166685006,0.006953287737021719,1
878580,GARAGE: Bad Trip,7,0.0009126466753585397,2.400859259876828e-05,0.00691080094532516,0
1057180,Border Officer,7,0.0009126466753585397,7.402773936835079e-05,0.006940264413234164,1
552130,Whiplash - Crash Valley,7,0.0009126466753585397,6.55768617268966e-05,0.006934747235511559,1
464780,ChuSingura46+1 S,7,0.0009126466753585397,8.03068856035149e-05,0.006943291036958456,1
534370,Pure Farming 2018,7,0.0009126466753585397,2.3674816550525374e-05,0.006912408424375136,1
331450,Disney•Pixar Finding Nemo,7,0.0009126466753585397,5.9460913672696003e-05,0.006930030431081933,1
890310,Shadow Brawlers,7,0.0009126466753585397,1.9949963212858688e-05,0.0069091850271894364,2
418520,SculptrVR,7,0.0009126466753585397,6.448349369762748e-05,0.00693468099301098,1
308270,Buzz Aldrin's Space Program Manager,7,0.0009126466753585397,1.6090313673355797e-05,0.006906529497362507,1
725780,Play With Me,7,0.0009126466753585397,2.3282882078134884e-05,0.006910895486196661,1
22500,Spectromancer,7,0.0009126466753585397,5.895732310395591e-06,0.0069002230330638195,0
458510,Zombie Pinball,7,0.0009126466753585397,1.774250740797794e-05,0.006906723192991552,0
595960,Pinball Wicked,7,0.0009126466753585397,1.774250740797794e-05,0.006906723192991555,0
394540,Spaceport Hope,7,0.0009126466753585397,2.1016313322354403e-05,0.006908791184586813,2
682780,Breaking Good,7,0.0009126466753585397,0.00011463569349121873,0.006963688412050663,1
575570,ICED,7,0.0009126466753585397,6.5706557138556e-05,0.0069344622533580305,1
415300,Monster Monpiece,7,0.0009126466753585397,2.495984224973586e-06,0.006898118579190672,0
391440,XenoBloom,7,0.0009126466753585397,0.000138919672078893,0.006976379144881327,1
449120,Nanobots,7,0.0009126466753585397,0.000138919672078893,0.00697637914488133,1
403740,GabeN: The Final Decision,7,0.0009126466753585397,0.00012499521552141504,0.006968552493677855,1
740260,Crimson Imprint plus -Nonexistent Christmas-,7,0.0009126466753585397,6.971868090683474e-05,0.006937091929718967,0
712180,Mugsters,7,0.0009126466753585397,2.646335427751019e-05,0.006912181485512502,2
756590,Atelier Lydie & Suelle ~The Alchemists and the Mysterious Paintings~,7,0.0009126466753585397,4.408201281881858e-05,0.006921562765517195,0
462730,Townopolis,7,0.0009126466753585397,2.163617659177957e-05,0.00690902396291545,2
513480,Geo,7,0.0009126466753585397,2.163617659177957e-05,0.0069090239629154325,2
262280,Dungeons 2,7,0.0009126466753585397,4.955813553435486e-05,0.006927086060817344,2
749960,Townsmen VR,7,0.0009126466753585397,3.6820261966223585e-05,0.006919324460287261,0
799870,Neko Dungeon 喵酱迷城 喵醬迷城 ねこダンジョン,7,0.0009126466753585397,1.6307079510665916e-05,0.006906732889753497,0
883070,Viviette,7,0.0009126466753585397,2.786419365606046e-05,0.00691463132501919,0
824190,Achievement Clicker 2019,7,0.0009126466753585397,3.816085509424475e-05,0.006918687483886341,1
454410,GIGA WRECKER,7,0.0009126466753585397,2.4041352228793727e-06,0.006898094417121552,0
1013280,RagTag,7,0.0009126466753585397,2.163617659177957e-05,0.006909023962915434,2
864510,Scud Frenzy,7,0.0009126466753585397,2.163617659177957e-05,0.00690902396291545,2
930310,Puzzle Plunder,7,0.0009126466753585397,2.163617659177957e-05,0.00690902396291544,2
49800,Flight of the Icarus,7,0.0009126466753585397,4.78046106229648e-05,0.006925488080215522,8
344410,Magnetic: Cage Closed,7,0.0009126466753585397,2.646335427751019e-05,0.006912181485512494,2
698870,Metaverse Keeper / 元能失控,7,0.0009126466753585397,8.439628795465709e-05,0.006947029769690767,0
469890,Space Codex,7,0.0009126466753585397,7.45187490043772e-05,0.006938839286523372,1
7840,Death Track®: Resurrection,7,0.0009126466753585397,6.0456893109730396e-05,0.006930992161190229,2
444250,Crown and Council,7,0.0009126466753585397,0.00010560388319488318,0.006957438807026068,1
449250,A Little Lily Princess,7,0.0009126466753585397,7.889991695285107e-06,0.006901377193298758,0
978870,Lilycle Rainbow Stage!!!,7,0.0009126466753585397,4.046864921424095e-05,0.006920873462758564,0
512300,Unbox: Newbie's Adventure,7,0.0009126466753585397,5.6218804567855e-06,0.006900094813446521,2
444220,Asteroid Bounty Hunter,7,0.0009126466753585397,3.994768856751692e-05,0.006920208621268098,2
695100,Smoke and Sacrifice,7,0.0009126466753585397,6.322610064463485e-05,0.006933932827030234,2
752910,Cookies vs. Claus,7,0.0009126466753585397,0.00013126257526662445,0.0069717197697254105,1
364930,Koi-Koi Japan [Hanafuda playing cards],7,0.0009126466753585397,6.946141229749438e-05,0.006937305633655862,0
396480,Battlevoid: Harbinger,7,0.0009126466753585397,7.429971115941022e-05,0.006940543001621997,0
499460,Tomato Jones,7,0.0009126466753585397,8.144716331928406e-06,0.006901591384230325,0
381100,The Men of Yoshiwara: Kikuya,7,0.0009126466753585397,1.6601044717151578e-05,0.00690643225067161,0
443860,Riptide GP: Renegade,7,0.0009126466753585397,0.00011028702505209828,0.006960705803333445,1
628460,Lily of the Valley,7,0.0009126466753585397,2.2607380652383395e-05,0.006910281419443775,0
753220,Mhakna Gramura and Fairy Bell,7,0.0009126466753585397,2.2607380652383395e-05,0.006910281419443778,0
1013890,青蛙跳模拟器,7,0.0009126466753585397,2.7764788681153636e-05,0.006913522700196136,0
388320,1979 Revolution: Black Friday,7,0.0009126466753585397,7.646325612899729e-05,0.006942441232903009,1
696480,The Norwood Suite,7,0.0009126466753585397,4.5315510438363556e-05,0.0069235769728511285,0
351340,Belladonna,7,0.0009126466753585397,8.251301610044272e-05,0.00694510623290961,0
792990,Identity,7,0.0009126466753585397,3.8471457277425836e-05,0.00691881847667897,1
680750,Destination Primus Vita,7,0.0009126466753585397,1.675043666639307e-05,0.006907267472955483,0
965670,Niplheim's Hunter - Branded Azel,7,0.0009126466753585397,5.230561892737888e-05,0.006927888259650813,0
547820,Kitten Squad,7,0.0009126466753585397,2.2115138259878028e-05,0.006909505158625917,0
585080,Hunting Simulator,7,0.0009126466753585397,1.2370431115651277e-05,0.006904200720715028,2
328590,Don't Knock Twice,7,0.0009126466753585397,6.747908229621637e-05,0.006934951078817274,0
513620,SkyTime,7,0.0009126466753585397,0.00017393099447641247,0.006996309468896134,1
1019940,Race for Tuning,7,0.0009126466753585397,0.00020673405609171304,0.007018040752002086,1
717790,Hold Your Own,7,0.0009126466753585397,5.6364078649694184e-05,0.006930057374996098,1
536640,Grimm: Dark Legacy,7,0.0009126466753585397,2.806340317738832e-05,0.006913813416598576,0
936180,Atelier Totori ~The Adventurer of Arland~ DX - トトリのアトリエ ～アーランドの錬金術士２～ DX,7,0.0009126466753585397,4.408201281881858e-05,0.0069215627655171775,0
444880,Death Stair,7,0.0009126466753585397,9.592371186006927e-05,0.006952458437522652,2
631900,Airtone,7,0.0009126466753585397,4.18646747732245e-05,0.006921365446933121,2
255960,Bad Mojo Redux,7,0.0009126466753585397,1.6600723984124394e-05,0.006906586129624357,0
628170,Uncharted Waters II / 大航海時代 II,7,0.0009126466753585397,1.6600723984124394e-05,0.006906586129624362,0
485600,OESE,7,0.0009126466753585397,3.1972826976013606e-05,0.00691576906959813,1
733300,My Big Sister,7,0.0009126466753585397,3.2990668536496725e-05,0.006916413440126917,1
802730,Mother Simulator,7,0.0009126466753585397,0.00010742220710480968,0.006959045625863992,0
690740,BOOKS,7,0.0009126466753585397,0.00013270198961770415,0.006972546110970256,1
551110,Wayout,7,0.0009126466753585397,0.00014506401501101146,0.00697923320587449,1
782300,Unstoppable Hamster,7,0.0009126466753585397,0.00014506401501101146,0.006979233205874488,1
432290,Elemental Heroes,6,0.0007822685788787483,3.8428805293583186e-05,0.006916783521036459,1
658600,Lawnmower Game,6,0.0007822685788787483,6.0723450963652707e-05,0.006929910230064658,1
347440,Pneuma: Breath of Life,6,0.0007822685788787483,2.2641225294873546e-05,0.006908438432670231,0
771250,Doodle God: Mighty Trio,6,0.0007822685788787483,4.469934533805764e-06,0.006897722557179727,2
399120,Prospekt,6,0.0007822685788787483,5.24931549212926e-05,0.006925820994901477,1
739980,Let`s not stay friends,6,0.0007822685788787483,7.549625665876594e-06,0.006899578447028996,0
816270,Sounds of Verity,6,0.0007822685788787483,7.549625665876594e-06,0.006899578447028996,0
3600,Escape Rosecliff Island,6,0.0007822685788787483,2.502658179097749e-05,0.006910495643618306,2
697630,WARMA,6,0.0007822685788787483,7.828355945030467e-05,0.0069404469107019,1
27020,The Graveyard,6,0.0007822685788787483,2.9150671692811432e-05,0.006912770344124477,2
737710,Melody of Iris-虹色旋律-(Full Color ver.),6,0.0007822685788787483,5.269319795693426e-06,0.0068984206407571675,0
201070,Revelations 2012,6,0.0007822685788787483,2.7452790156197283e-06,0.006896630906669499,2
208640,Midnight Mysteries 4: Haunted Houdini,6,0.0007822685788787483,2.7452790156197283e-06,0.006896630906669496,2
387060,Earth Overclocked,6,0.0007822685788787483,7.378577324527738e-05,0.00693797487248535,1
284850,Grim Legends: The Forsaken Bride,6,0.0007822685788787483,7.99461876347598e-05,0.006940283099804979,1
500710,Wild Terra Online,6,0.0007822685788787483,3.90421188998953e-05,0.006918441085976772,1
593030,Strategic Command WWII: War in Europe,6,0.0007822685788787483,2.5621183297623852e-05,0.0069104368790445245,0
369070,Slain: Back from Hell,6,0.0007822685788787483,5.323877829063157e-05,0.0069264455481383965,1
373730,Way of Gold and Steel,6,0.0007822685788787483,2.071111700229863e-05,0.006907916577403002,0
705280,Hakoniwa Explorer Plus,6,0.0007822685788787483,3.332996850485085e-05,0.006914632380325523,0
246070,Hack 'n' Slash,6,0.0007822685788787483,2.8880356960596713e-05,0.0069119134974074065,2
312230,Spirits of Xanadu,6,0.0007822685788787483,9.505272169448479e-06,0.006900684336288679,2
337720,The Sea Will Claim Everything,6,0.0007822685788787483,4.7776992961581334e-06,0.006898138890186003,2
354680,Adventures of Bertram Fiddle: Episode 1: A Dreadly Business,6,0.0007822685788787483,4.7776992961581334e-06,0.006898138890186013,2
687980,Mothlight,6,0.0007822685788787483,0.00016760297869305584,0.0069911885234368145,2
464450,DoDonPachi Resurrection,6,0.0007822685788787483,8.56821029210353e-05,0.006944973040827688,1
369530,Void Destroyer 2,6,0.0007822685788787483,5.957556018250956e-05,0.006931000843563626,0
617660,Dong-Jin Rice-hime（東津萌米）,6,0.0007822685788787483,3.999196842338483e-05,0.00691896917416412,0
838110,HyperParasite,6,0.0007822685788787483,1.264126724636484e-05,0.006902996773728935,0
718120,Jack B. Nimble,6,0.0007822685788787483,1.2237351304390382e-05,0.006902300612532214,0
584930,Conductor,6,0.0007822685788787483,0.00010223734511659865,0.006953194379325281,1
915720,Session Seven,6,0.0007822685788787483,5.6871288334865815e-05,0.00692715050893703,2
443360,Red Comrades 2: For the Great Justice. Reloaded,6,0.0007822685788787483,2.3904302274151947e-05,0.00690915827459956,2
859700,USA 2020,6,0.0007822685788787483,1.2408895615651939e-05,0.006902294354275496,1
576500,Evergarden,6,0.0007822685788787483,7.449066830769918e-05,0.006938491335244772,0
992740,祈風 Inorikaze,6,0.0007822685788787483,2.9138742842110403e-05,0.006912869717943193,0
510740,Konrad's Kittens,6,0.0007822685788787483,2.733275363742006e-07,0.006895191194285244,2
540780,Delicious - Emily's Message in a Bottle,6,0.0007822685788787483,1.799964134187487e-05,0.0069061492971937925,0
567750,Gamer Career Tycoon,6,0.0007822685788787483,3.8975638016089524e-05,0.0069185947285774286,1
11150,Sherlock Holmes: The Silver Earring,6,0.0007822685788787483,3.210218170088967e-05,0.006913452600720052,0
334190,Insanity's Blade,6,0.0007822685788787483,6.360235193356439e-06,0.00689898469304521,0
384000,Cross of the Dutchman,6,0.0007822685788787483,6.360235193356439e-06,0.0068989846930452275,0
320400,Magnifico,6,0.0007822685788787483,2.637997159555055e-05,0.006911146655710918,0
408110,Planet R-12,6,0.0007822685788787483,5.45821697165785e-05,0.006927187499992421,1
615350,Scarlett Mysteries: Cursed Child,6,0.0007822685788787483,5.202273020098603e-05,0.006925695086242529,1
655440,Panzer Killer,6,0.0007822685788787483,4.451942742102782e-05,0.006921907413090067,2
642560,Art Of Gravity,6,0.0007822685788787483,1.8145594075753274e-06,0.006896193427140283,0
8100,Conflict: Denied Ops,6,0.0007822685788787483,4.0097218038360254e-05,0.006919461291942918,1
6090,Armed and Dangerous®,6,0.0007822685788787483,5.6789910989113865e-05,0.006927557154885523,2
1023550,Rogue Star Rescue,6,0.0007822685788787483,1.264126724636484e-05,0.0069029967737289375,0
771350,Achievement Clicker 2018,6,0.0007822685788787483,0.00011684922506595092,0.006961397006410727,1
434150,Dark Night,6,0.0007822685788787483,0.000144807408132577,0.006977865703033018,1
564210,Fishermurs,6,0.0007822685788787483,6.548665677024183e-05,0.0069334965114649675,1
343070,World of Subways 4 – New York Line 7,6,0.0007822685788787483,5.470371158146622e-05,0.006927436498207821,1
241300,Card City Nights 2,6,0.0007822685788787483,3.663606966134095e-05,0.006915931155185583,2
311850,Zombie Solitaire,6,0.0007822685788787483,2.0056654609144562e-05,0.006906969772147829,1
259870,OMG Zombies!,6,0.0007822685788787483,1.8387997897094173e-05,0.006906207423037759,2
695110,Twickles,6,0.0007822685788787483,0.00011581973643957828,0.006960825555682608,1
340580,Armed with Wings: Rearmed,6,0.0007822685788787483,7.618763381718197e-05,0.006938816593763543,0
312150,Wild Warfare,6,0.0007822685788787483,0.00011286653253695628,0.006959151625029237,1
500480,Fist of Physics,6,0.0007822685788787483,3.7433910056270915e-07,0.006895280933162061,2
597770,VINDICTA,6,0.0007822685788787483,3.7433910056270915e-07,0.006895280933162036,2
446810,Blossom Tales: The Sleeping King,6,0.0007822685788787483,5.958928307821202e-06,0.006899020379627733,0
542400,Pixel Gladiator,6,0.0007822685788787483,0.00010583236296361146,0.006955943077779352,0
22610,Alien Breed: Impact,6,0.0007822685788787483,3.12698444889645e-05,0.006913904376325043,0
469730,Super Mega Neo Pug,6,0.0007822685788787483,4.713909800266872e-05,0.00692215667306537,1
579110,Interkosmos,6,0.0007822685788787483,1.4425675251194249e-05,0.006903606820960257,0
747850,Warm Village 暖暖村物语,6,0.0007822685788787483,2.7841904422249752e-05,0.006912008672385362,0
2920,Sub Command,6,0.0007822685788787483,1.3093223827297647e-05,0.006902929681440437,1
618210,Lanternium,6,0.0007822685788787483,5.905229117032963e-05,0.006929498691162211,0
758660,NeverBound,6,0.0007822685788787483,5.2286953885202075e-05,0.006925347274949302,0
255940,The 11th Hour,6,0.0007822685788787483,5.2286953885202075e-05,0.006925347274949303,0
489720,Conga Master,6,0.0007822685788787483,3.343865115323186e-05,0.006914625924652495,1
444690,TRAPPED,6,0.0007822685788787483,5.657977355228174e-05,0.006927619616554828,86
221020,Towns,6,0.0007822685788787483,6.113791756726981e-05,0.0069298976847255635,1
900010,Meeple Station,6,0.0007822685788787483,3.175801484998613e-05,0.006914754348060005,0
12520,18 Wheels of Steel: American Long Haul,6,0.0007822685788787483,3.0685025340337456e-05,0.0069132920858360645,1
768990,X-Fire VR,6,0.0007822685788787483,5.193072072043415e-06,0.0068981922356215735,2
612520,Sudden Strike 2 Gold,6,0.0007822685788787483,8.189669708630134e-05,0.006943041453345387,1
374450,Cheats 4 Hire,6,0.0007822685788787483,2.1539357033043248e-05,0.006907867539733966,2
351400,The Defenders: The Second Wave,6,0.0007822685788787483,1.1247082613955735e-05,0.006901646435467532,0
565720,Pretty Girls Panic!,6,0.0007822685788787483,1.1247082613955735e-05,0.006901646435467546,0
31850,Nancy Drew®: Ghost Dogs of Moon Lake,6,0.0007822685788787483,5.417851209158032e-06,0.00689831250226434,38
685340,Delivery from the Pain,6,0.0007822685788787483,2.3359117632792858e-05,0.0069092653216586,0
347670,Karate Master 2 Knock Down Blow,6,0.0007822685788787483,1.2274695196750925e-05,0.006902835398570825,0
417750,Left Alone,6,0.0007822685788787483,5.181255343436712e-05,0.006925349541999755,1
812930,Strategic Command Classic: WWII,6,0.0007822685788787483,3.748088366013032e-05,0.006917394622700442,9
388140,Strategic Command Classic: WWI,6,0.0007822685788787483,3.748088366013032e-05,0.006917394622700443,9
598690,Dark Legion VR,6,0.0007822685788787483,5.193072072043415e-06,0.006898192235621572,2
851050,Paper Dolls VR,6,0.0007822685788787483,5.193072072043415e-06,0.00689819223562159,2
530350,Smashbox Arena,6,0.0007822685788787483,5.2850911489467505e-05,0.0069261647112834595,2
409320,Syndrome,6,0.0007822685788787483,1.4918775205022744e-05,0.006904051949383702,1
219190,Ultratron,6,0.0007822685788787483,5.074163857549442e-06,0.00689817813811527,0
438130,Root Double -Before Crime * After Days- Xtend Edition,6,0.0007822685788787483,1.8906540656091502e-06,0.0068962361938315585,75
646470,Alicia Quatermain: Secrets Of The Lost Treasures,6,0.0007822685788787483,1.8906540656091502e-06,0.006896236193831572,75
588190,Tower!3D Pro,6,0.0007822685788787483,6.532396584567996e-05,0.006933511900330531,1
269310,Infectonator: Survivors,6,0.0007822685788787483,6.397971342115693e-05,0.006932527422473243,0
437520,ZeGame,6,0.0007822685788787483,3.564334729684933e-05,0.0069161081668632374,1
543030,Slap The Fly,6,0.0007822685788787483,5.5126791577591256e-05,0.006927293408848598,1
556280,Neon Prism,6,0.0007822685788787483,4.01711499130696e-06,0.006897501529474164,0
417060,UnSummoning: the Spectral Horde,6,0.0007822685788787483,1.6487593053822288e-05,0.006905123851204564,2
449050,Rock Paper Scissors Champion,6,0.0007822685788787483,1.2436727470253334e-05,0.006902615729124189,1
414190,Junk Jack,6,0.0007822685788787483,5.477668844766752e-05,0.006925871700699613,2
404080,Murder,6,0.0007822685788787483,1.8609839377304863e-05,0.0069064884444191505,0
480640,Pathfinder Adventures,6,0.0007822685788787483,9.984390515588745e-06,0.006901185762867858,0
319400,Disney Winnie the Pooh,6,0.0007822685788787483,5.015434521171182e-05,0.006924204745550352,2
843510,Colony Prospector,6,0.0007822685788787483,1.2629360010636232e-06,0.006895749384998411,42
227800,Retrovirus,6,0.0007822685788787483,5.074163857549442e-06,0.00689817813811525,0
430080,Elysium: Blood Games,6,0.0007822685788787483,4.703002649362332e-05,0.006921992480317924,2
685310,Transport Defender,6,0.0007822685788787483,4.895637455100479e-05,0.006924312379662177,1
557520,Torn,6,0.0007822685788787483,4.425734834649068e-06,0.006897960302883834,0
829940,Russian World,6,0.0007822685788787483,0.00011598889357351615,0.006961300902387146,1
785880,OVERWHELM,6,0.0007822685788787483,3.315849044513053e-05,0.006914728599694303,0
728870,Viaerium,6,0.0007822685788787483,2.798346741164787e-05,0.006911881495276686,0
395350,Doors,6,0.0007822685788787483,0.00011529461779695102,0.006960413443735698,1
934540,Pleasure Puzzle:Sexy Girls,6,0.0007822685788787483,7.074941519782054e-05,0.006936636648519491,1
861710,Geometry Rush,6,0.0007822685788787483,2.42601184624354e-05,0.006909221562222018,1
720030,Indecision.,6,0.0007822685788787483,4.163051478872414e-05,0.0069204037861536885,0
1042330,Tricky Cat,6,0.0007822685788787483,5.890535821593817e-05,0.006929804421546651,1
345260,Medieval: Total War™ - Collection,6,0.0007822685788787483,1.4813274275640769e-05,0.0069043365973719155,2
292230,Game Character Hub,6,0.0007822685788787483,1.6028380026497328e-05,0.0069041844410923335,1
402750,Giant Machines 2017,6,0.0007822685788787483,4.47822582091794e-06,0.006897892369568841,2
649620,VR Battleship YAMATO,6,0.0007822685788787483,4.47822582091794e-06,0.006897892369568847,2
998470,Adult Math,6,0.0007822685788787483,2.2656481322512806e-05,0.0069092551429729135,2
492370,Affairs of the Court: Choice of Romance,6,0.0007822685788787483,4.1241102919889056e-05,0.006920044373325778,2
284730,Dark Arcana: The Carnival,6,0.0007822685788787483,0.00010682946680019706,0.006956367927083433,1
943170,Blast the Past,6,0.0007822685788787483,0.00013412290820820133,0.006972514665953009,1
887530,President Yukino,6,0.0007822685788787483,8.956042409780997e-07,0.006897073842059609,0
744430,Deep GachiGASM,6,0.0007822685788787483,8.36115264259866e-05,0.006943888917711936,2
375130,Tin Star,6,0.0007822685788787483,9.510262110242684e-05,0.0069512662563402635,0
449940,! That Bastard Is Trying To Steal Our Gold !,6,0.0007822685788787483,3.6785053007207735e-05,0.006916659068034826,1
655120,Space Hero Line,6,0.0007822685788787483,3.6393081136929595e-05,0.006915858018801544,1
344230,Pixel Puzzles 2: Birds,6,0.0007822685788787483,3.6385642472114224e-05,0.006917529602147032,2
779590,Scavenger SV-4,6,0.0007822685788787483,3.078903168702338e-05,0.006912840718559151,0
305640,Shattered Planet,6,0.0007822685788787483,1.3086828071735312e-05,0.006903108188056903,22
605190,Getaway Island,6,0.0007822685788787483,0.00010931438330051912,0.006957585471730127,1
438140,Star Realms,6,0.0007822685788787483,5.947445062489329e-05,0.006930344857970831,1
385950,Infection: Humanity's Last Gasp,6,0.0007822685788787483,6.228172240052419e-07,0.006895413806992668,0
992490,iVRy Driver for SteamVR,6,0.0007822685788787483,0.00015158470749779496,0.006980807565415395,1
4890,Cossacks II: Battle for Europe,6,0.0007822685788787483,4.3450038574055685e-05,0.0069204569016036105,1
705870,Echo Grotto,6,0.0007822685788787483,7.633953551092326e-05,0.006938575143931437,0
621220,Nantucket,6,0.0007822685788787483,1.050604096753239e-05,0.006901708557077059,0
417430,Moto Racer  4,6,0.0007822685788787483,1.712729717992473e-05,0.0069049183149095346,2
861050,DemonsAreCrazy,6,0.0007822685788787483,5.231646120700828e-05,0.006925946074808044,1
283600,World of Subways 2 – Berlin Line 7,6,0.0007822685788787483,2.672893282734464e-05,0.006910940170062636,1
745560,Overclocked,6,0.0007822685788787483,2.175851817368007e-05,0.006907778953663071,2
754350,忍者村大战2,6,0.0007822685788787483,7.090083414913348e-05,0.006935640036360177,1
678520,Gal*Gun VR,6,0.0007822685788787483,0.00011707713858547199,0.006963136116555648,0
594050,Red Alliance,6,0.0007822685788787483,2.0691291789823744e-05,0.006906969335583066,2
611750,Welcome to Hanwell,6,0.0007822685788787483,2.0691291789823744e-05,0.006906969335583041,2
311930,Tinertia,6,0.0007822685788787483,3.469715311112219e-05,0.006916044034734758,2
437000,GUILTY GEAR 2 -OVERTURE-,6,0.0007822685788787483,3.469715311112219e-05,0.006916044034734739,2
497780,Recursed,6,0.0007822685788787483,6.970098672940002e-06,0.006899717328697145,0
440760,Cube Destroyer,6,0.0007822685788787483,0.00015369224145109792,0.006984515732372116,1
713540,Neptunian Donut,6,0.0007822685788787483,0.0001412665820946496,0.0069763731304597005,1
864430,SilverFrame(纯白星原),6,0.0007822685788787483,4.789815119109996e-05,0.006923969021950532,0
1014280,The Devil's Calculator,6,0.0007822685788787483,8.856066722359132e-05,0.006946507595304096,2
629770,Tiny Echo,6,0.0007822685788787483,2.970710473678598e-05,0.006912394804242956,0
431450,Alchemist's Awakening,6,0.0007822685788787483,6.388040184958764e-06,0.006899042012130538,2
570000,Old Friend,6,0.0007822685788787483,3.4151645707107234e-05,0.0069154997441621905,2
488950,Werewolves Within™,6,0.0007822685788787483,3.4151645707107234e-05,0.006915499744162198,2
610960,红石遗迹 - Red Obsidian Remnant,6,0.0007822685788787483,6.224710159425973e-05,0.006931605556981503,1
359920,Highlands,6,0.0007822685788787483,3.805215336315027e-05,0.006918411618043328,0
15200,Silent Hunter®: Wolves of the Pacific,6,0.0007822685788787483,7.36790283163005e-06,0.006899571242143625,1
238910,Bionic Dues,6,0.0007822685788787483,6.894246059693721e-05,0.006935853636970041,2
695360,Veritex,6,0.0007822685788787483,2.1407818468159587e-05,0.0069080738870961585,1
331460,Rooms: The Unsolvable Puzzle,6,0.0007822685788787483,3.570092960257331e-05,0.006916924001270297,0
889770,UnHolY DisAsTeR,6,0.0007822685788787483,3.570092960257331e-05,0.006916924001270288,0
935580,True Fear: Forsaken Souls Part 2,6,0.0007822685788787483,3.570092960257331e-05,0.006916924001270299,0
310390,Advanced Tactics Gold,6,0.0007822685788787483,2.353596735153505e-05,0.006909841326767207,0
434000,Paws: A Shelter 2 Game,6,0.0007822685788787483,1.7816137204259313e-05,0.00690588282863237,0
285480,The Entente Gold,6,0.0007822685788787483,0.00016309843877617466,0.006989972252922557,0
867140,WIN THE GAME: WTF!,6,0.0007822685788787483,0.00011655125851518974,0.006961644494545696,1
464500,The Melody of Grisaia,6,0.0007822685788787483,3.48548357800964e-06,0.0068971861311129135,0
655270,EPONYMOUS,6,0.0007822685788787483,1.0389893137459772e-05,0.006901219342517334,0
228440,Cubemen 2,6,0.0007822685788787483,8.536560014121902e-06,0.006900336345765924,2
857850,Dwarf Defense,6,0.0007822685788787483,3.628058507280956e-05,0.006915998941181253,1
828170,Pivross,6,0.0007822685788787483,7.028458194922039e-06,0.006899237072941921,0
33180,Zombie Shooter 2,6,0.0007822685788787483,1.8576222955495087e-06,0.00689614115810497,1
716650,Yorkshire Gubbins,6,0.0007822685788787483,1.0389893137459772e-05,0.006901219342517382,0
872600,创史者Hist Maker,6,0.0007822685788787483,1.8558192663202975e-05,0.006905873217517466,0
38120,Farm Frenzy,6,0.0007822685788787483,5.7541465375946306e-05,0.0069293933481331185,1
431650,Phoning Home,6,0.0007822685788787483,4.1963612216138826e-05,0.006920482923084143,0
297350,The Old City: Leviathan,6,0.0007822685788787483,1.5709502671549494e-05,0.006904455447562577,2
897040,Nazi Bunker,6,0.0007822685788787483,4.037487608279049e-05,0.0069193575212236095,1
17740,Empires Mod,6,0.0007822685788787483,0.00011986229805887203,0.006964360223667107,1
296770,Real Boxing™,6,0.0007822685788787483,6.392555364262253e-05,0.006932161763955377,1
473510,Gal-X-E,6,0.0007822685788787483,5.262730575013508e-05,0.00692603948083596,2
333970,A Druid's Duel,6,0.0007822685788787483,8.587193210164303e-05,0.006944660433453406,2
529420,Crazy Sapper 3D,6,0.0007822685788787483,3.0620749439991526e-05,0.006912510166758268,1
248470,Doorways: Prelude,6,0.0007822685788787483,3.0150342319577935e-05,0.006913303347417511,2
41900,The Bard's Tale,6,0.0007822685788787483,6.55618885833781e-05,0.006933510002572102,0
306700,Iron Fisticle,6,0.0007822685788787483,0.00014296876336955262,0.0069778387431075435,2
857940,Nature Calls,6,0.0007822685788787483,7.932712758533643e-05,0.006940478781705359,0
630610,Disneyland Adventures,6,0.0007822685788787483,0.00010443378955357438,0.006957217252623627,1
773150,Subscribe & Punch!,6,0.0007822685788787483,1.478097120584072e-05,0.006904310056400442,0
21670,Bionic Commando,6,0.0007822685788787483,0.00017643530791213976,0.006995997284437182,1
691280,SINNER: Sacrifice for Redemption,6,0.0007822685788787483,8.518051317193288e-05,0.006945798150142542,0
341550,Super Cyborg,6,0.0007822685788787483,4.494028428213541e-06,0.006897837827652376,0
277460,Praetorians,6,0.0007822685788787483,7.8327307329058e-05,0.006940137224729768,2
322900,"War, the Game",6,0.0007822685788787483,8.518474309290533e-07,0.006895546746888213,2
263380,Driftmoon,6,0.0007822685788787483,1.7326055024984165e-05,0.006905894646302854,108
248370,Bridge It +,6,0.0007822685788787483,1.7326055024984165e-05,0.006905894646302882,108
324260,VoidExpanse,6,0.0007822685788787483,2.5028469650789553e-05,0.006910666044458154,0
502770,Voodoo Garden,6,0.0007822685788787483,1.4957075434306402e-05,0.006904080262911907,1
357650,Project Explore,6,0.0007822685788787483,1.2345620176853182e-05,0.00690229587660204,1
447120,Where the Water Tastes Like Wine,6,0.0007822685788787483,1.2388781703081862e-05,0.0069026106257541455,2
269230,Aces Wild: Manic Brawling Action!,6,0.0007822685788787483,6.773312189770659e-05,0.006934234005239038,0
521630,Toadled,6,0.0007822685788787483,0.000141400052883554,0.0069756752888085255,1
348300,Chip's Challenge 2,6,0.0007822685788787483,8.183863918018816e-06,0.006900146023683407,1
12470,Port Royale 2,6,0.0007822685788787483,5.381626896326743e-05,0.006927387478090822,0
839260,Russian AYE Horror,6,0.0007822685788787483,0.00010753986210663563,0.006957344607374595,1
303720,#KILLALLZOMBIES,6,0.0007822685788787483,4.4222729711768086e-05,0.006920124860869176,1
602770,Clatter,6,0.0007822685788787483,0.00017535304116405185,0.006995274100741573,1
762610,Russian Subway Dogs,6,0.0007822685788787483,6.113056743833711e-05,0.006930593504163061,1
605770,Luna,6,0.0007822685788787483,7.899748403545697e-05,0.006940297933549327,1
371880,Collider,6,0.0007822685788787483,3.427533900328588e-05,0.006914391068778388,3
646100,Woodlands,6,0.0007822685788787483,3.427533900328588e-05,0.00691439106877839,3
302260,Truffle Saga,6,0.0007822685788787483,3.427533900328588e-05,0.0069143910687783795,3
60800,Numen: Contest of Heroes,6,0.0007822685788787483,2.6429391271883095e-05,0.006910808534806407,2
440420,True Fear: Forsaken Souls,6,0.0007822685788787483,3.570092960257331e-05,0.006916924001270294,0
790750,oVRshot,6,0.0007822685788787483,5.307816618214662e-05,0.006927691367722175,1
778590,Mountain Troll,6,0.0007822685788787483,0.00013710368845560718,0.006973726673818924,1
485880,L U N E,6,0.0007822685788787483,9.012475100675064e-06,0.006900647056689235,2
724740,Lines X,6,0.0007822685788787483,4.081634408663257e-05,0.006919127107693368,0
896460,Lucah: Born of a Dream,6,0.0007822685788787483,7.75873229495752e-06,0.006899869121662288,0
888630,Another Sight,6,0.0007822685788787483,3.4742449309899535e-05,0.0069162764162975345,2
971500,Bubble Burst,6,0.0007822685788787483,3.2065983681962e-05,0.006914226088791013,2
992860,Intrepid,6,0.0007822685788787483,2.0475342479659696e-05,0.0069077545678933846,0
490930,Need to Know,6,0.0007822685788787483,2.860204679873777e-05,0.006912332373117993,0
411880,Once',6,0.0007822685788787483,2.1424979867114213e-05,0.006908094592280609,0
7260,Loki,6,0.0007822685788787483,4.905939616871776e-05,0.006924535445420913,1
880490,与雾雨魔理沙一起偷重要的东西 ~ Happy Stealing with Kirisame Marisa,6,0.0007822685788787483,0.00019756330430675955,0.007007845291773212,1
829080,Burst Into,6,0.0007822685788787483,0.0001311753603982849,0.006970179216930777,2
603140,Connected Hearts - Visual novel,6,0.0007822685788787483,6.579259144299924e-05,0.006932608625783634,1
215710, Fieldrunners 2,6,0.0007822685788787483,3.2841965583305472e-06,0.006897162756181561,2
581300,Black Mirror,6,0.0007822685788787483,2.308334305126125e-05,0.006908859784553229,2
913280,Pranky Cat,6,0.0007822685788787483,4.256193566273976e-06,0.006897657405907036,0
625730,Cefore,6,0.0007822685788787483,4.391668446621482e-05,0.006921589475581942,1
740240,Snake Eyes Dungeon,6,0.0007822685788787483,6.528006198783244e-05,0.006933462306947609,0
294160,Galcon 2: Galactic Conquest,6,0.0007822685788787483,5.293075720855288e-05,0.006926285055321897,1
904540,Indiana Jones® and the Infernal Machine™,6,0.0007822685788787483,2.5617627546775415e-05,0.006910653459862378,0
567040,AffordaGolf Online,6,0.0007822685788787483,5.572429653923319e-05,0.006927534012104154,0
385030,C. Kane,6,0.0007822685788787483,5.572429653923319e-05,0.0069275340121041605,0
450670,Table Top Racing: World Tour,6,0.0007822685788787483,0.00010227058230819389,0.006953825841123974,1
65070,Ride 'em Low,6,0.0007822685788787483,0.0002174174209919453,0.007020077743126171,1
21030,Watchmen: The End is Nigh Part 2,6,0.0007822685788787483,4.004106455917547e-05,0.006918349980282889,1
716340,Blackberry Honey,6,0.0007822685788787483,3.373286248806351e-05,0.006915376324228393,0
687510,WireNet,6,0.0007822685788787483,1.2541327810826218e-05,0.006902880021768365,2
450850,Cube Land Arena,6,0.0007822685788787483,1.0519930497124616e-06,0.006895640663233412,1
931650,Braveland Heroes,6,0.0007822685788787483,8.85550454151664e-05,0.0069456592300705345,1
330720,Flashpoint Campaigns: Red Storm Player's Edition,6,0.0007822685788787483,2.569059040985997e-05,0.006911380372091049,0
573120,Dead In Vinland,6,0.0007822685788787483,2.3546282860393204e-05,0.0069089050295425445,2
293240,Cosmochoria,6,0.0007822685788787483,5.6037192251385105e-05,0.006927620159467444,0
203990,SATAZIUS,6,0.0007822685788787483,0.00010335167179033437,0.006953912146343841,1
460510,One Dark Night,6,0.0007822685788787483,8.988449826452012e-05,0.006947966021559136,1
316970,The Waste Land,6,0.0007822685788787483,3.4742449309899535e-05,0.006916276416297547,2
349320,The Rainy Port Keelung 雨港基隆,6,0.0007822685788787483,7.600095082796635e-05,0.006939345771753464,0
358410,Rise of the Triad: Dark War,6,0.0007822685788787483,2.4156462187515284e-05,0.0069093103774368475,2
465000,Event Horizon,6,0.0007822685788787483,4.272911992263009e-05,0.006919683862664607,0
295910,Olympia Rising,6,0.0007822685788787483,6.6215515691105e-06,0.006898980005728176,1
218090,Unity of Command: Stalingrad Campaign,6,0.0007822685788787483,1.8240919355288768e-05,0.00690635149200655,1
735460,Highway Madness,6,0.0007822685788787483,4.371445234851654e-05,0.00692061958602431,1
787980,4D Minesweeper,6,0.0007822685788787483,8.523009159279014e-05,0.006943974691376447,2
541230,Alien Shooter TD,6,0.0007822685788787483,6.779539201865877e-05,0.00693399376553895,2
927990,A Game About,6,0.0007822685788787483,5.1999832578682695e-05,0.006924941862604431,1
770110,Twilight Path,6,0.0007822685788787483,1.226914562100574e-05,0.006902692418255943,2
758090,茂伸奇谈 / Monobeno,6,0.0007822685788787483,9.959762142901762e-05,0.006952715188226953,0
786140,Plat4mer,6,0.0007822685788787483,3.0696131275425827e-06,0.006896987416060709,0
474010,The NADI Project,6,0.0007822685788787483,3.0696131275425827e-06,0.006896987416060718,0
292820,Pajama Sam 4: Life Is Rough When You Lose Your Stuff!,6,0.0007822685788787483,5.0961728802460224e-05,0.006924731992291337,1
330350,Robotex,6,0.0007822685788787483,4.709263845904218e-05,0.006922110743904982,1
682080,Pato Box,6,0.0007822685788787483,6.763318557885576e-06,0.006899152073559963,1
215790,Dream Pinball 3D,6,0.0007822685788787483,5.4553668240858445e-06,0.006898519632593964,1
366260,METAL SLUG 2,6,0.0007822685788787483,1.39561677786298e-06,0.0068959731396827754,0
839670,Alice's Adventures - Hidden Object. Wimmelbild,6,0.0007822685788787483,4.469934533805764e-06,0.006897722557179756,2
257970,Loren The Amazon Princess,5,0.000651890482398957,5.212112202782906e-06,0.006896485322550909,2
568920,The Final Specimen: Arrival,5,0.000651890482398957,5.8905902671642815e-06,0.006896990258102631,2
388450,Spooky Bonus,5,0.000651890482398957,2.3125752965922044e-07,0.00689363629989022,2
665030,Zeran's Folly,5,0.000651890482398957,2.3125752965922044e-07,0.006893636299890222,2
736840,aMAZE Double,5,0.000651890482398957,0.00011799941575233556,0.006961281848833201,1
865180,Reformers Intl Ver(变革者国际版),5,0.000651890482398957,6.424561592422768e-06,0.006897453699317221,0
771680,Shield Impact,5,0.000651890482398957,2.34931583486161e-05,0.0069071255720777585,2
910460,Rocket of Whispers: Prologue,5,0.000651890482398957,2.9135284319595744e-06,0.006895225700296615,0
438560,Mystery Case Files®: Escape from Ravenhearst™,5,0.000651890482398957,5.4843099432781375e-05,0.006924390377527738,0
412400,GASP,5,0.000651890482398957,8.789214937974266e-06,0.006898967712630022,2
373610,Shoot 1UP,5,0.000651890482398957,8.789214937974266e-06,0.006898967712629988,2
960330,Dark Gnome,5,0.000651890482398957,8.122825431370898e-06,0.006898441262618669,2
516890,Alchemic Jousts,5,0.000651890482398957,3.638904510322372e-05,0.0069151721789182516,1
387010,FIVE: Guardians of David,5,0.000651890482398957,2.2733813435966753e-06,0.0068948431393093725,1
492870,FIVE: Champions of Canaan,5,0.000651890482398957,2.2733813435966753e-06,0.0068948431393093665,1
746920,Rapid Tap,5,0.000651890482398957,4.880424387731569e-05,0.006921280292270705,1
500170,Urlaubsflug Simulator – Holiday Flight Simulator,5,0.000651890482398957,3.936641909278753e-05,0.006917344225598758,13
751730,Tennis Arcade VR,5,0.000651890482398957,1.2449783565109857e-08,0.006893480598392357,2
571430,Drone Hero,5,0.000651890482398957,1.2449783565109857e-08,0.006893480598392357,2
897690,Ding Dong VR,5,0.000651890482398957,1.2449783565109857e-08,0.006893480598392361,2
207530,Noitu Love 2: Devolution,5,0.000651890482398957,1.4345475086159007e-06,0.006894384182899552,0
575780,Inner silence,5,0.000651890482398957,0.00011273132892988575,0.0069582967223323225,1
507520,Zzzz-Zzzz-Zzzz,5,0.000651890482398957,5.5514637381285207e-05,0.0069255359792427685,1
471700,Greedy Guns,5,0.000651890482398957,1.9867661625445817e-06,0.006894694631503106,43
386770,Caladrius Blaze,5,0.000651890482398957,1.9867661625445817e-06,0.006894694631503104,43
19800,Brothers in Arms: Earned in Blood™,5,0.000651890482398957,5.864207295521522e-05,0.006928931825073707,0
616750,1943 Deadly Desert,5,0.000651890482398957,1.742822080968882e-05,0.006904086818522713,1
335790,Words for Evil,5,0.000651890482398957,6.971878072876205e-06,0.006897849032135511,2
463850,Muddy Heights® 2,5,0.000651890482398957,0.00017386412513590896,0.006992673313030551,1
396680,Sol Trader,5,0.000651890482398957,1.7386551705697253e-05,0.006904060725471211,2
485820,e-River Cabin Journal,5,0.000651890482398957,1.7386551705697253e-05,0.0069040607254712005,2
480450,Floppy Heroes,5,0.000651890482398957,4.262630762869976e-05,0.006918564409738445,0
583930,Faerie Solitaire Remastered,5,0.000651890482398957,0.00010053094877743172,0.006951131648926726,1
352760,Kaiju Panic,5,0.000651890482398957,0.00010053094877743172,0.0069511316489267545,1
37960,Jewel Quest Pack,5,0.000651890482398957,0.00010053094877743172,0.006951131648926738,1
352130,Locoland,5,0.000651890482398957,2.4379905511330656e-08,0.006893489262586513,2
45410,Ignite,5,0.000651890482398957,2.4379905511330656e-08,0.006893489262586523,2
35320,Insane 2,5,0.000651890482398957,2.4379905511330656e-08,0.006893489262586523,2
526880,Chess Knight 2,5,0.000651890482398957,1.6172047033007729e-06,0.006894500540352811,1
258880,Professional Farmer 2014,5,0.000651890482398957,2.8936376120573436e-05,0.0069108254396272354,1
290280,Volt,5,0.000651890482398957,6.447935099482978e-05,0.006930590909160203,0
362780,18 Wheels of Steel: Extreme Trucker 2,5,0.000651890482398957,1.652112556707262e-05,0.006903351365267609,1
780800,Ball laB,5,0.000651890482398957,4.837417667410008e-05,0.0069225852218843306,0
441790,Fragmented,5,0.000651890482398957,8.278525305055283e-06,0.006898600754462539,53
949060,Love Thyself - A Horatio Story,5,0.000651890482398957,6.9853919308760026e-06,0.006897825651640498,0
442500,Age of Gladiators,5,0.000651890482398957,6.971878072876205e-06,0.006897849032135517,2
734920,MEANDERS,5,0.000651890482398957,8.534356621635714e-05,0.006941800606778391,1
848280,Viki Spotter: Space Mission,5,0.000651890482398957,0.0001818454845884162,0.006996598098487621,1
637860,斩毒：黑与白（Narcotics Police:Black and White）,5,0.000651890482398957,9.07617485795172e-05,0.006945062729464393,0
673600,Prison Boss VR,5,0.000651890482398957,3.7843185722068214e-05,0.006915765107975017,1
439490,BLUE REVOLVER,5,0.000651890482398957,1.489924733814358e-05,0.006902269482950155,2
560080,I was rebuilt,5,0.000651890482398957,7.633911624771853e-05,0.006937764049387747,1
843050,North Stars,5,0.000651890482398957,7.710026611429155e-05,0.006937764687976424,0
1018930,【SCP】器関ノ彷徨 -The will of a single Tale- 第１部,5,0.000651890482398957,1.844452757040984e-06,0.00689464648864731,0
615020,King of the World,5,0.000651890482398957,0.00010827896067997048,0.006956123277995721,84
504770,Slavistan,5,0.000651890482398957,9.153263468537171e-05,0.006947588360802915,0
312210,The Fifth Day,5,0.000651890482398957,2.8341419668660553e-05,0.006910610529710163,1
1013870,Leanna's Slice of Life,5,0.000651890482398957,6.453495899532011e-06,0.0068973430271256015,0
1028750,Ultimate Logic Puzzle Collection,5,0.000651890482398957,3.808489330771287e-05,0.006916500142560699,2
879250,Dot to Dot Puzzles,5,0.000651890482398957,0.00012900373595180136,0.006967166895431597,4
371200,Halcyon 6: Starbase Commander,5,0.000651890482398957,5.9265684954694596e-05,0.006928415721436412,0
289440,Perimeter,5,0.000651890482398957,1.0136775708893101e-05,0.00689944875713571,0
976030,Drafting Tales,5,0.000651890482398957,1.7386551705697253e-05,0.0069040607254712005,2
553960,Husk,5,0.000651890482398957,4.799968246668272e-05,0.006921320850782779,2
950990,Business Magnate,5,0.000651890482398957,1.7386551705697253e-05,0.006904060725471209,2
561610,MotoGP™17,5,0.000651890482398957,4.995408048889791e-05,0.00692269032008411,1
505210,Neon Space 2,5,0.000651890482398957,0.0001125163415277869,0.006958039020253826,1
998660,Sopwith VR,5,0.000651890482398957,4.3735046721530765e-05,0.006919434583224291,1
271670,10 Second Ninja,5,0.000651890482398957,5.017613019031812e-06,0.006896536870486489,0
946780,MOMO.EXE 2,5,0.000651890482398957,3.9557596625152455e-05,0.006917465280241774,1
414580,Uriel's Chasm 2: את,5,0.000651890482398957,9.297237846724357e-06,0.0068991617815704976,2
416380,The Hurricane of the Varstray -Collateral hazard-,5,0.000651890482398957,9.297237846724357e-06,0.006899161781570496,2
384990,Gon' E-Choo!,5,0.000651890482398957,9.297237846724357e-06,0.006899161781570501,2
294680,Putt-Putt® Enters the Race,5,0.000651890482398957,1.913294107635418e-06,0.006894614715085614,2
723070,Scrolls of the Lord,5,0.000651890482398957,2.663109905001202e-05,0.006909948295812289,0
898160,Hotel Remorse,5,0.000651890482398957,0.00010099746727528995,0.0069513063218371645,1
564150,Rosenkreuzstilette,5,0.000651890482398957,1.6636693900017854e-05,0.006903245544903545,0
354400,Tadpole Treble,5,0.000651890482398957,8.52553354421113e-06,0.0068985522022213626,2
821670,Horse Farm,5,0.000651890482398957,4.863480610650499e-05,0.0069213908869845495,0
258090,99 Spirits,5,0.000651890482398957,1.6535984820195913e-05,0.006903358801661776,0
251850,Master Reboot,5,0.000651890482398957,2.3636575700261035e-05,0.006908253239544421,128
761320,Black Jewel,5,0.000651890482398957,6.727934820646414e-07,0.00689390336404585,2
595550,Mastema: Out of Hell,5,0.000651890482398957,6.727934820646414e-07,0.006893903364045825,2
300540,Sweet Lily Dreams,5,0.000651890482398957,1.244059968430298e-05,0.00690087852021704,1
916900,Paperbark,5,0.000651890482398957,2.644681715444428e-05,0.006909054431692786,1
261680,Journal,5,0.000651890482398957,2.142921230833768e-05,0.006905962834439589,2
599460,Weapon Shop Fantasy,5,0.000651890482398957,2.3139731886876143e-05,0.0069074200130958404,0
545410,A Trip to Yugoslavia: Director's Cut,5,0.000651890482398957,9.875353345674428e-05,0.0069500485499914355,1
523940,ZombVR,5,0.000651890482398957,1.1424115691579475e-05,0.00690039805016643,2
982700,Space Battle VR,5,0.000651890482398957,1.3036050314094478e-05,0.006901376790521701,1
229810,A Fistful of Gun,5,0.000651890482398957,1.3058856098178402e-06,0.006894318248347765,2
903040,The Castles of Burgundy,5,0.000651890482398957,6.281526783834443e-06,0.006897474216774227,0
806860,They Are Hundreds,5,0.000651890482398957,0.00013959287916404984,0.006974113605173867,1
502910,The Return Home Remastered,5,0.000651890482398957,2.653559365960473e-06,0.006895057170415942,2
650680,Golem Creation Kit,5,0.000651890482398957,5.12683572761829e-06,0.006896555712687672,28
296890,Neon Shadow,5,0.000651890482398957,1.913294107635418e-06,0.0068946147150856065,2
340630,Ninja Guy,5,0.000651890482398957,1.7264061002318136e-05,0.006903632879508191,0
337630,Bermuda,5,0.000651890482398957,1.7264061002318136e-05,0.006903632879508175,0
998790,Piczle Lines DX+α,5,0.000651890482398957,6.871216591161362e-05,0.006935593701532687,0
205550,Foreign Legion: Multi Massacre,5,0.000651890482398957,4.352201961971824e-05,0.006920110098416695,2
640340,Serious Sam: Tormental,5,0.000651890482398957,0.00016724331668282775,0.0069893959355589,1
842810,Märchen Forest: Mylne and the Forest Gift,5,0.000651890482398957,4.37225984566214e-06,0.006896252740775544,0
444550,Void 21,5,0.000651890482398957,6.6824252992422e-06,0.006897906710759709,0
539400,Son of a Witch,5,0.000651890482398957,2.3486426957897404e-05,0.006907797337039804,0
573780,Xenon Valkyrie,5,0.000651890482398957,1.9556785552792886e-05,0.006904841462532366,0
1011510,Wizard And Minion Idle,5,0.000651890482398957,7.081336972973378e-05,0.006935791452685569,0
772180,Cricket Club,5,0.000651890482398957,3.4618457487385756e-05,0.0069142572495311016,1
881920,Depression The Game,5,0.000651890482398957,4.555923362039199e-05,0.006919885961537599,1
898580,Premium Bowling,5,0.000651890482398957,0.00011408932335042438,0.006958379205634968,1
881170,Bloody Sand,5,0.000651890482398957,8.834041148014337e-05,0.006944712546358527,1
726760,Boy Next Door,5,0.000651890482398957,5.363012375414601e-05,0.0069244333050363285,2
358960,Canabalt,5,0.000651890482398957,2.1815615024083355e-05,0.006906441296349918,1
416450,Emporea: Realms of War and Magic,5,0.000651890482398957,4.5378846299847447e-05,0.006920209815443712,0
15740,Oddworld: Munch's Oddysee,5,0.000651890482398957,6.451813056081492e-05,0.006931186801942501,1
546220,Red Comrades 3: Return of Alaska. Reloaded,5,0.000651890482398957,4.576560143176131e-05,0.006920249531909542,0
463400,Spellbound,5,0.000651890482398957,1.024601486185319e-05,0.006899607439203718,2
1005310,Snake vs Snake,5,0.000651890482398957,7.597282825811044e-05,0.006937319304592694,1
207790,Jane's Advanced Strike Fighters,5,0.000651890482398957,5.778273729090196e-05,0.006926613242156427,2
416870,Kitty Powers' Love Life,5,0.000651890482398957,5.1096658973673555e-05,0.006922945644762563,0
703880,Swords and Soldiers 2 Shawarmageddon,5,0.000651890482398957,0.00010284197941828131,0.006952940887697403,1
603880,Sounds of Her Love,5,0.000651890482398957,5.005151728823131e-05,0.006922089545895211,14
476240,KNIGHTS,5,0.000651890482398957,5.12683572761829e-06,0.00689655571268767,28
392020,RFLEX,5,0.000651890482398957,0.00019511889442787913,0.007004690532211865,1
438730,Poly Towns,5,0.000651890482398957,1.2575097381503713e-05,0.006901432919867391,0
1014370,Bouncing DVD : The Game,5,0.000651890482398957,9.794641318455696e-05,0.006949060890161216,1
359810,Hare In The Hat,5,0.000651890482398957,4.069089991856179e-05,0.006916579560606013,2
273820,Mining & Tunneling Simulator,5,0.000651890482398957,4.069089991856179e-05,0.006916579560605993,2
643960,Cursed Treasure 2,5,0.000651890482398957,2.171169249889399e-05,0.006906447750558828,2
664750,Wrongworld,5,0.000651890482398957,0.00012470349090853937,0.006963875654250789,1
281370,Real Horror Stories Ultimate Edition,5,0.000651890482398957,6.203330155068127e-05,0.006929287285970778,0
2450,Bloody Good Time,5,0.000651890482398957,6.3240193993782134e-06,0.006897395941833469,2
352700,Subspace Continuum,5,0.000651890482398957,6.0108399822744256e-05,0.006928325965861033,2
40340,Secret Files 2: Puritas Cordis,5,0.000651890482398957,3.1537655251322795e-07,0.006893731668404438,2
823580,Isoland 2 - Ashes of Time,5,0.000651890482398957,5.595344860385513e-05,0.006926434797499647,1
508790,Flat Heroes,5,0.000651890482398957,1.3710294365643732e-05,0.006901608077878724,56
1047680,ALILIA-亚利利亚的精灵们,5,0.000651890482398957,4.37225984566214e-06,0.0068962527407755375,0
581230,Soul Saber 2,5,0.000651890482398957,9.226372714770901e-06,0.006898923993294158,1
794550,Grapple Force Rena,5,0.000651890482398957,3.711834422081472e-05,0.006914704475148535,2
931930,The Haunted Graveyard,5,0.000651890482398957,1.8515138956158047e-05,0.00690502252624914,36
809410,The Take,5,0.000651890482398957,1.8515138956158047e-05,0.006905022526249152,36
284990,Solarix,5,0.000651890482398957,1.3058856098178402e-06,0.006894318248347751,2
328220,Wild Season,5,0.000651890482398957,1.3058856098178402e-06,0.00689431824834775,2
755980,Deployment,5,0.000651890482398957,7.775075043882648e-05,0.006939277213659936,1
426310,Perception,5,0.000651890482398957,1.1288044363841655e-05,0.006900590827982361,0
299250,European Ship Simulator,5,0.000651890482398957,2.2192899875470286e-05,0.006906724996624578,1
336110,Bloody Streets,5,0.000651890482398957,2.3193383844448437e-05,0.00690790672486848,0
861400,Nefertari: Journey to Eternity,5,0.000651890482398957,1.8515138956158047e-05,0.006905022526249128,36
893790,Newfound Courage,5,0.000651890482398957,6.04224026925677e-06,0.006897352801610415,0
581650,Once Upon an All Hallow's Eve,5,0.000651890482398957,2.150395277959911e-05,0.006906405245623511,0
358770,The Reject Demon: Toko Chapter 0 — Prelude,5,0.000651890482398957,1.2007218502237078e-05,0.0069008277220350776,0
94620,Hector: Badge of Carnage - Full Series,5,0.000651890482398957,5.568676857052695e-06,0.006896940090843095,2
855850,Space Elite Force,5,0.000651890482398957,2.6469687412961277e-05,0.006908751178304284,1
986020,Kunoichi Botan,5,0.000651890482398957,4.99580314309589e-05,0.006923432940901694,0
941850,Vanguard: Normandy 1944,5,0.000651890482398957,5.354093378564568e-05,0.006925788848120327,0
722590,Audio Factory,5,0.000651890482398957,2.1407660123467723e-05,0.006906689215672129,2
434430,Abbot's Book Demo,5,0.000651890482398957,2.1407660123467723e-05,0.0069066892156721335,2
312010,Bird Assassin,5,0.000651890482398957,1.9889748187869395e-05,0.006905039869743741,2
259600,Finding Teddy,5,0.000651890482398957,6.867156746731616e-05,0.006933265602099251,2
1500,Darwinia,5,0.000651890482398957,2.2483783373939977e-05,0.006907230204573371,1
655620,Krieg,5,0.000651890482398957,2.1407660123467723e-05,0.006906689215672129,2
414720,Astrox: Hostile Space Excavation,5,0.000651890482398957,1.8426058247321747e-05,0.006904624159000705,2
340460,Spartans Vs Zombies Defense,5,0.000651890482398957,5.2595433733801195e-05,0.0069242766146734224,2
422920,Creeper World 2: Anniversary Edition,5,0.000651890482398957,2.2460553646228362e-05,0.006906810043948358,1
865720,Torn Tales: Rebound Edition,5,0.000651890482398957,5.353283553816506e-05,0.006925249593338849,1
424250,Balrum,5,0.000651890482398957,9.916503741612e-06,0.006899298895885706,0
317030,Fatty Bear's Birthday Surprise,5,0.000651890482398957,6.743657223945823e-05,0.006934081823166594,0
498500,I Am The Hero,5,0.000651890482398957,2.9452067552062792e-05,0.0069111982554617354,0
402300,Dungeon Manager ZV,5,0.000651890482398957,9.632806172365503e-06,0.0068993879032769245,40
675240,Shining Song Starnova,5,0.000651890482398957,7.242205740800549e-05,0.006935802143705993,1
443830,The Daring Mermaid Expedition,5,0.000651890482398957,2.6221104767814202e-06,0.0068951194745811425,2
1031440,TOKYO CHRONOS,5,0.000651890482398957,2.0833435486573728e-05,0.006905738940103343,2
1023570,PUZZLE: ANIMALS,5,0.000651890482398957,0.00018065745419170316,0.006996012550367165,1
296240,The Promised Land,5,0.000651890482398957,6.053342051174117e-05,0.0069293198585593406,0
458630,Political Animals,5,0.000651890482398957,2.3582035545234537e-07,0.006893639933895268,0
906300,Under One Wing,5,0.000651890482398957,2.3582035545234537e-07,0.006893639933895276,0
787840,Blacksmith,5,0.000651890482398957,1.465052760008912e-05,0.006902224043759432,1
317380,War on Folvos,5,0.000651890482398957,8.102534242473439e-05,0.0069401724796982435,1
356260,Stalingrad,5,0.000651890482398957,1.6337775696197842e-06,0.0068945240135592735,5
885650,The Waters Above: Prelude,5,0.000651890482398957,1.7443225680687865e-05,0.006903629583267791,0
552160,Hade,5,0.000651890482398957,6.562949438915881e-05,0.006930983413923357,0
493060,Ballistic Tanks,5,0.000651890482398957,2.2584475938835257e-06,0.006894862858394507,2
777050,TOXIC PLUMBING,5,0.000651890482398957,0.00019115596362133185,0.007002175897297799,1
411330,Men of Valor,5,0.000651890482398957,0.00011454724243188167,0.006959583537136769,1
431120,Tethered,5,0.000651890482398957,1.633848760497322e-05,0.006903028923461634,1
575680,Square n Fair,5,0.000651890482398957,2.4485226320441128e-05,0.006908282962381898,0
99910,Puzzle Pirates,5,0.000651890482398957,6.853812299427297e-05,0.006932872171779994,1
965860,SnowNight,5,0.000651890482398957,6.289243663629319e-07,0.006893871207067685,0
665270,弹幕音乐绘 ～风雷幻奏曲～ / Barrage Musical  ~A Fantasy of Tempest~,5,0.000651890482398957,7.863223360941668e-05,0.006938987326844541,0
393390,Cat Simulator,5,0.000651890482398957,5.681531052123946e-05,0.006926471144268878,1
1012730,九劫曲:诅咒之地 NineTrials Test Server,5,0.000651890482398957,1.7652285924202046e-05,0.006904233597428759,1
655780,Project 5: Sightseer,5,0.000651890482398957,4.655592940523583e-05,0.006920170567967713,1
491060,League of Evil,5,0.000651890482398957,2.6003430508028872e-05,0.006908996989278191,0
766560,The Fruitless Flower 雾雨中的徒花,5,0.000651890482398957,6.546164192670391e-06,0.006897503133769845,0
340340,Domestic Dog,5,0.000651890482398957,1.0011555411506388e-05,0.006899777999183321,0
510840,Evolvation,5,0.000651890482398957,3.205349294593541e-05,0.0069118766504537195,1
368050,Almightree: The Last Dreamer,5,0.000651890482398957,9.448666333550462e-05,0.006947270244596757,1
887850,TAL: Arctic,5,0.000651890482398957,2.0209415470359325e-06,0.006894733846310271,0
774511,Megadimension Neptunia VIIR | 新次元ゲイム ネプテューヌＶⅡＲ | 新次元遊戲 戰機少女ＶⅡＲ,5,0.000651890482398957,2.3317895225982514e-05,0.006907545701627889,0
230650,Lords of Football,5,0.000651890482398957,1.7041281030603548e-05,0.006903518250520355,2
470780,She Remembered Caterpillars,5,0.000651890482398957,4.9980535507208936e-06,0.006896604920577241,1
303680,FATE: The Traitor Soul,5,0.000651890482398957,3.738683020609858e-05,0.00691481578898804,2
47110,Escape From Paradise ,5,0.000651890482398957,5.95998247680306e-05,0.006927172857691915,1
593490,Empire Architect,5,0.000651890482398957,7.829894056913475e-06,0.006898411447867762,1
545540,The Infectious Madness of Doctor Dekker,5,0.000651890482398957,2.848164416043111e-06,0.006895239929626041,2
399070,Dragon's Wake,5,0.000651890482398957,1.3343216576571927e-06,0.0068943240517004775,1
201490,Airline Tycoon 2,5,0.000651890482398957,1.7041281030603548e-05,0.006903518250520363,2
788930,Razerwire:Nanowars,5,0.000651890482398957,5.704573318827677e-05,0.006927396121552739,1
522010,Lost Crew,5,0.000651890482398957,5.12683572761829e-06,0.00689655571268767,28
413870,Sickness,5,0.000651890482398957,5.12683572761829e-06,0.006896555712687688,28
510060,Punch Bomb,5,0.000651890482398957,5.64274954144857e-06,0.006897082210922174,0
805660,Rad Rodgers - Radical Edition,5,0.000651890482398957,6.739845251861615e-05,0.006931874199536544,2
955400,Bonds,5,0.000651890482398957,5.8445412284180415e-05,0.006929057904368069,0
217790,Dogfight 1942,5,0.000651890482398957,2.832440282581593e-05,0.00691019430562977,1
302310,Dungeon of Elements,5,0.000651890482398957,7.649812945198033e-05,0.0069367860274243826,1
302210,Curse: The Eye of Isis,5,0.000651890482398957,1.1213282029730713e-05,0.006900440376043722,1
322850,Pro Cycling Manager 2015,5,0.000651890482398957,2.9403774954774705e-05,0.0069110888332018965,0
299340,Habitat,5,0.000651890482398957,7.689069662281598e-05,0.006939537648731782,2
777240,Tren0,5,0.000651890482398957,9.762378721419967e-05,0.006951303383518196,0
346730,GOCCO OF WAR,5,0.000651890482398957,1.4406922486355586e-05,0.006902575102148904,2
257260,Inherit the Earth: Quest for the Orb,5,0.000651890482398957,2.803050564512484e-06,0.006895107622181408,2
368430,Through the Woods,5,0.000651890482398957,1.5179933980436219e-05,0.006902898290170454,0
859280,拯救大魔王重生 Falsemen: Demon Rebirth,5,0.000651890482398957,2.324968669546399e-05,0.006907340655862021,0
356270,Cuban Missile Crisis,5,0.000651890482398957,4.896170733493524e-06,0.006896430388056694,5
683830,Weable,5,0.000651890482398957,4.330535032114203e-05,0.006918063668770787,1
494360,Barrow Hill: Curse of the Ancient Circle,5,0.000651890482398957,4.9429732414391225e-05,0.006922562457879339,0
253960,Jack Orlando: Director's Cut,5,0.000651890482398957,6.54746169381167e-05,0.0069315643730561835,2
375750,Invisigun Heroes,5,0.000651890482398957,3.15676956090008e-05,0.00691270568082247,0
416790,The Metronomicon: Slay The Dance Floor,5,0.000651890482398957,9.292293804595561e-06,0.006899150847312252,0
824070,Objects in Space,5,0.000651890482398957,3.322535677589002e-05,0.006912387235606569,1
409910,The Storm Guard: Darkness is Coming,5,0.000651890482398957,7.085222587024654e-05,0.006934177349874789,1
1002510,The Spell - A Kinetic Novel,5,0.000651890482398957,5.652720159686386e-06,0.006897123030199532,2
715670,DashPanel,5,0.000651890482398957,3.813425844676827e-05,0.006915690988598878,1
865880,天岚行 - Through the Mist and Sky,5,0.000651890482398957,8.765833769354199e-05,0.006944442228981807,0
348790,Wooden Floor,5,0.000651890482398957,5.4272241049489056e-05,0.006924354413957656,1
347560,Terra Incognita ~ Chapter One: The Descendant,5,0.000651890482398957,0.00013645352574028882,0.006971761968372359,1
293320,Coma: Mortuary,5,0.000651890482398957,4.2674049190311524e-05,0.006918949014767761,0
913890,Plastic soldiers,5,0.000651890482398957,2.0657092572823094e-05,0.00690557917751923,1
275570,Summoner,5,0.000651890482398957,6.354199346027533e-06,0.006897628381210909,2
345010,Ascent - The Space Game,5,0.000651890482398957,6.354199346027533e-06,0.006897628381210913,2
514650,Orbital X,5,0.000651890482398957,0.00010306754497901464,0.0069531275326592205,1
621070,Legends of Ellaria,5,0.000651890482398957,3.978165288128234e-05,0.006917079816516566,0
351470,Sometimes: Success Requires Sacrifice,5,0.000651890482398957,1.1932885702229532e-05,0.0069025595178608895,0
327450,Ballads of Reemus: When the Bed Bites,5,0.000651890482398957,1.322360450872148e-05,0.0069012097605978635,1
349140,Corrosion: Cold Winter Waiting [Enhanced Edition],5,0.000651890482398957,1.2347346777362995e-05,0.006901254292729421,0
708760,Social Club VR : Casino Nights,5,0.000651890482398957,4.343554355708731e-05,0.006918567158487406,1
320150,Deadlings: Rotten Edition,5,0.000651890482398957,5.313342101665842e-05,0.00692404230100244,1
27000,The Path,5,0.000651890482398957,5.082517778501646e-05,0.00692346892603386,0
658150,Skeleton Boomerang,5,0.000651890482398957,2.4271114465819424e-05,0.006907675163147963,1
774261,My Little Bomb,5,0.000651890482398957,0.00012074783942127442,0.006962353187917225,1
406130,DarkMaus,5,0.000651890482398957,6.341447558891101e-05,0.006931413567537557,0
249550,NEStalgia,5,0.000651890482398957,5.079194379122558e-06,0.006896539829294549,2
448070,Red Risk,5,0.000651890482398957,1.4188768328649688e-06,0.006894325751918179,1
451600,CounterAttack,5,0.000651890482398957,4.206418780117885e-05,0.006918019632431658,1
506730,Dinosaur Forest,5,0.000651890482398957,6.641591281802143e-05,0.006931515981717148,1
209950,Triple Town,5,0.000651890482398957,6.095860699916321e-05,0.006929240192746066,2
640380,UBERMOSH Vol.5,5,0.000651890482398957,9.113001062384873e-05,0.006947642943924615,0
933450,Wenjia,5,0.000651890482398957,1.3998486029618533e-05,0.006902161467022244,0
352070,Fort Meow,5,0.000651890482398957,2.3042867139924465e-05,0.006907535233864345,1
333260,Marvin's Mittens,5,0.000651890482398957,2.3042867139924465e-05,0.006907535233864339,1
620940,Invisibox,5,0.000651890482398957,1.9867661625445817e-06,0.0068946946315031135,43
433110,Zipple World,5,0.000651890482398957,6.854609667241415e-05,0.006932819874979574,1
953900,Pantsu Hunter: Back to the 90s,5,0.000651890482398957,9.98826182843515e-05,0.006950593691522849,46
314070,Super Mega Baseball: Extra Innings,5,0.000651890482398957,2.4285008818006823e-05,0.006908426477118396,0
483960,Purino Party,5,0.000651890482398957,8.361991325565383e-06,0.00689882122368481,0
18070,The Baconing,5,0.000651890482398957,1.9425047219456277e-06,0.00689477916954627,2
372350,Tumbleweed Express,5,0.000651890482398957,1.748615973091514e-05,0.006903653594869332,1
415610,Red Comrades Save the Galaxy: Reloaded,5,0.000651890482398957,2.3846864847534738e-05,0.006907604703314606,2
355010,Race Arcade,4,0.0005215123859191656,4.898635000568227e-07,0.006892267842516304,1
918530,The Dark Room,4,0.0005215123859191656,1.6968270104566152e-05,0.006901973700909243,2
928180,Shop Manager : Video Game Tycoon,4,0.0005215123859191656,5.594071510713493e-06,0.00689536411593989,1
286200,ReignMaker,4,0.0005215123859191656,5.1966545410869e-05,0.0069229700676921024,1
780500,Suzy Cube,4,0.0005215123859191656,1.6895395195587093e-06,0.006893009441867528,49
582330,Warriors: Rise to Glory!,4,0.0005215123859191656,9.159978140855162e-05,0.006944223774889172,1
1004270,My Island,4,0.0005215123859191656,5.076141487787587e-05,0.00692087287206701,0
665330,Wrestling Revolution 3D,4,0.0005215123859191656,5.650504083259958e-05,0.006924619351825223,1
423610,Where's My Mommy?,4,0.0005215123859191656,3.295581500717068e-05,0.006910995123325778,1
378530,Nature's Zombie Apocalypse,4,0.0005215123859191656,1.3314514041534748e-05,0.006900003993034256,1
294580,Freddi Fish and Luther's Water Worries,4,0.0005215123859191656,3.601505584549724e-05,0.006912576051840552,1
523210,A Normal Lost Phone,4,0.0005215123859191656,4.8310803292303826e-05,0.006920805046960918,0
547910,The Survey,4,0.0005215123859191656,2.0444326151386236e-05,0.006904249646524844,1
976120,WARPZONE DRIFTER,4,0.0005215123859191656,6.643775513878703e-05,0.006931657013060773,0
710780,Sky Jump,4,0.0005215123859191656,4.640588547416837e-05,0.006918911147952108,1
672290,Magic Forest,4,0.0005215123859191656,4.8067192512151835e-05,0.006920995216281567,2
786750,Squares,4,0.0005215123859191656,0.00012729386778118255,0.006964851797857662,1
408280,Message Quest,4,0.0005215123859191656,3.626173301551306e-05,0.006913607837511526,1
280640,Dark Shadows - Army of Evil,4,0.0005215123859191656,2.5507507362124286e-05,0.006907103013917046,2
774811,YUMENIKKI -DREAM DIARY-,4,0.0005215123859191656,3.2274693456115586e-05,0.0069109732718015794,0
388050,Snik,4,0.0005215123859191656,8.598778376278044e-05,0.006941144636969056,2
111100,Snuggle Truck,4,0.0005215123859191656,4.684570326918053e-06,0.0068947853816629595,1
311060,Battle Mages: Sign of Darkness,4,0.0005215123859191656,1.3969462791001083e-07,0.006892037564381752,39
294790,Haegemonia: The Solon Heritage,4,0.0005215123859191656,1.3969462791001083e-07,0.0068920375643817516,39
302470,Battle Mages,4,0.0005215123859191656,1.3969462791001083e-07,0.006892037564381744,39
908070,Mystic Vale,4,0.0005215123859191656,6.910631963647721e-07,0.006892393176046852,0
542930,Painted Memories,4,0.0005215123859191656,5.197121620270977e-06,0.0068950057678359945,2
760460,WEED,4,0.0005215123859191656,8.940401750861781e-06,0.006897091221619248,1
384550,Painters Guild,4,0.0005215123859191656,2.0362148934789156e-05,0.006904266104069401,1
38130,Farm Frenzy 2,4,0.0005215123859191656,3.509886729722041e-05,0.006912888446113877,0
345860,Super Galaxy Squadron EX Turbo,4,0.0005215123859191656,0.00014853805424439745,0.00697692872273323,2
262510,CRIMSON ROOM® DECADE,4,0.0005215123859191656,9.404649903170856e-06,0.006897554786635657,74
445720,Battle Islands: Commanders,4,0.0005215123859191656,4.248622558727776e-05,0.006916198228865697,2
488210,JDM Tuner Racing,4,0.0005215123859191656,3.285243066373474e-05,0.006910594371862758,8
270570,Reversion - The Escape (1st Chapter),4,0.0005215123859191656,6.32864008811954e-05,0.006928159121419093,1
1054930,Mine the Gold,4,0.0005215123859191656,1.054996034465093e-05,0.0068982741220711226,1
764570,Beavers Be Dammed,4,0.0005215123859191656,0.00011855645709748614,0.006960178072036767,1
492500,Heroes of the Monkey Tavern,4,0.0005215123859191656,1.961776494818195e-06,0.006893248182121744,29
949630,Russian roulette,4,0.0005215123859191656,5.1505270245227105e-05,0.006921751249696832,0
282210,Sid Meier's Starships,4,0.0005215123859191656,3.166520343379697e-05,0.006911476752976515,0
924650,秘封ナイトメアダイアリー ～ Violet Detector.,4,0.0005215123859191656,4.199402026297468e-07,0.006892224146062297,0
316600,QP Shooting - Dangerous!!,4,0.0005215123859191656,4.199402026297468e-07,0.006892224146062296,0
937530,Dungeon Crowley,4,0.0005215123859191656,6.472254541443205e-05,0.00693073873427243,0
567160,Katy and Bob: Safari Cafe,4,0.0005215123859191656,7.398055902726748e-05,0.006936378875840563,0
367240,Avenging Angel,4,0.0005215123859191656,9.404649903170856e-06,0.006897554786635653,74
372210,Spooky Cats,4,0.0005215123859191656,3.440489057464514e-05,0.0069118880229367356,2
366180,Disposable Heroes,4,0.0005215123859191656,5.964042712103437e-05,0.0069273078438781355,0
780280,Summer Funland,4,0.0005215123859191656,9.01039636140572e-06,0.006897474550825459,2
943390,Pan Panda,4,0.0005215123859191656,1.7930895848628714e-05,0.0069027121447196825,0
450440,Creepy Castle,4,0.0005215123859191656,5.50461208586442e-06,0.006895356925277563,2
317370,The Keep,4,0.0005215123859191656,1.961776494818195e-06,0.006893248182121735,29
629690,Vaporum,4,0.0005215123859191656,1.961776494818195e-06,0.00689324818212173,29
905060,Turret Tech,4,0.0005215123859191656,7.511389207314614e-05,0.006934394466659109,1
517130,Soundboxing,4,0.0005215123859191656,3.432094241870218e-05,0.0069128927910902666,2
988100,Super Phantom Cat,4,0.0005215123859191656,0.00012163532575965574,0.00696121542601763,0
810570,FACE,4,0.0005215123859191656,3.306217629681072e-05,0.006911766356620277,2
252430,Dusty Revenge:Co-Op Edition,4,0.0005215123859191656,7.925431120773073e-06,0.006896701995130719,1
404530,Voxel Turf,4,0.0005215123859191656,3.97661007667428e-05,0.0069145421474533795,1
676630,Attentat 1942,4,0.0005215123859191656,7.500022543034308e-06,0.006896725579339172,0
485730,Shift,4,0.0005215123859191656,1.054996034465093e-05,0.006898274122071127,1
523060,Planet Smasher,4,0.0005215123859191656,2.6825517783422242e-05,0.006908223484149981,0
754620,High School Simulator,4,0.0005215123859191656,4.390244117285909e-05,0.006917031825671461,4
827640,Trash Story,4,0.0005215123859191656,8.229296409323128e-05,0.006938724121995244,1
448400,Hidden Object 6-in-1 bundle,4,0.0005215123859191656,1.073486156033905e-06,0.0068925805734022915,51
276340,My Riding Stables: Life with Horses,4,0.0005215123859191656,3.906211912912064e-05,0.006914735789711527,1
35310,Clutch,4,0.0005215123859191656,4.8437437561518875e-05,0.006919645271058905,1
559870,PAKO - Car Chase Simulator,4,0.0005215123859191656,5.209500200858104e-05,0.006922528736695921,1
958320,A Front Too Far: Normandy,4,0.0005215123859191656,1.7976927426225274e-06,0.0068931525166376255,2
407110,Swarm Universe,4,0.0005215123859191656,6.375959100277324e-07,0.006892369444948536,0
746620,Bakery,4,0.0005215123859191656,2.0845565464306985e-05,0.006903949645211189,0
340000,Headlander,4,0.0005215123859191656,1.7841748613094865e-05,0.006902914458583136,0
671700,Dead Horizon,4,0.0005215123859191656,6.791653246075677e-05,0.0069325211790880765,0
296970,Renowned Explorers: International Society,4,0.0005215123859191656,1.3398803889851792e-05,0.006900319633011232,0
418610,Swiftly,4,0.0005215123859191656,8.598778376278044e-05,0.0069411446369690415,2
246740,Huntsman: The Orphanage (Halloween Edition),4,0.0005215123859191656,6.551115953881707e-05,0.006929784180573425,1
995450,Geeksos,4,0.0005215123859191656,1.053548724489349e-07,0.006892012471893015,3
449300,Planar Conquest,4,0.0005215123859191656,2.3692711409830167e-06,0.006893534369354933,0
776920,3DCoat Modding Tool,4,0.0005215123859191656,5.2617727344235765e-05,0.006923903792828618,0
980730,Underlight,4,0.0005215123859191656,3.085710395295431e-05,0.006910136651280476,1
314340,Chess 2: The Sequel,4,0.0005215123859191656,0.00015159841760461565,0.006978220259554813,1
510930,Thirst VR,4,0.0005215123859191656,7.097797027395272e-05,0.006932095456669606,1
689070,Asyula 方舟之链,4,0.0005215123859191656,3.406545432240443e-05,0.006912664141378768,0
267920,Gun Metal,4,0.0005215123859191656,7.908370217482634e-05,0.006937471337343852,1
752600,Dual Snake,4,0.0005215123859191656,4.864856561550174e-05,0.0069211366134762685,0
491000,Gravity Cat,4,0.0005215123859191656,1.928645993247759e-05,0.006903323729633134,0
984450,Super Crome: Bullet Purgatory,4,0.0005215123859191656,7.050842716921855e-05,0.006933011170516971,1
839630,Survisland / 实境求生,4,0.0005215123859191656,4.2103403168794695e-05,0.006916203780676049,0
420440,Atlantic Fleet,4,0.0005215123859191656,3.4496630888455975e-05,0.006912247494226421,1
251510,Constant C,4,0.0005215123859191656,2.7445447084451875e-06,0.00689375143311036,0
301610,openCanvas 6,4,0.0005215123859191656,5.262352366378623e-05,0.006923896690409002,0
485440,Call Of The Mighty Warriors,4,0.0005215123859191656,7.985034869931736e-05,0.006938220282564547,1
658970,CasinoRPG,4,0.0005215123859191656,2.5144982681553885e-05,0.006906477963316977,58
717850,Sable's Grimoire,4,0.0005215123859191656,1.5558775431486074e-05,0.006901229627742307,0
496550,Noob Squad,4,0.0005215123859191656,1.1919511502983651e-05,0.006899256735507958,0
544180,Orbox C,4,0.0005215123859191656,3.949716799178543e-06,0.006894411565266892,114
40400,AI War: Fleet Command,4,0.0005215123859191656,1.91622354086843e-05,0.00690374696382433,2
293900,Pivvot,4,0.0005215123859191656,5.5958641645683385e-05,0.006923690637583432,1
760930,Bitcoin Farm,4,0.0005215123859191656,0.00013271873686422883,0.00696868717371832,1
666820,Skirmish Line,4,0.0005215123859191656,5.01554913762358e-05,0.006920999585945937,0
823610,Dungeon Of Dragon Knight,4,0.0005215123859191656,6.060546950583087e-07,0.006892344754066229,26
611710,Kaiju Big Battel: Fighto Fantasy,4,0.0005215123859191656,6.060546950583087e-07,0.006892344754066238,26
454140,First Person Tennis - The Real Tennis Simulator,4,0.0005215123859191656,2.783293853686546e-05,0.006907814630944673,2
550340,Umineko: Golden Fantasia,4,0.0005215123859191656,4.002080905248366e-06,0.0068944041075699085,2
272040,KAMI,4,0.0005215123859191656,1.5267700413599628e-05,0.00690146471063127,2
304950,Castaway Paradise - Town Building Sim,4,0.0005215123859191656,2.5144982681553885e-05,0.00690647796331697,58
311250,Doorways: The Underworld,4,0.0005215123859191656,7.706603915726936e-05,0.006936421946701228,1
833010,Zombie Forest 2,4,0.0005215123859191656,8.709694792147396e-05,0.006942081186220126,1
668170,Incline,4,0.0005215123859191656,3.0017970199406007e-05,0.006909775929520104,1
3820,BloodRayne 2,4,0.0005215123859191656,2.9282700298665372e-05,0.006909749101934812,2
492270,The Cat! Porfirio's Adventure,4,0.0005215123859191656,2.9282700298665372e-05,0.006909749101934822,2
505640,Antihero,4,0.0005215123859191656,3.138609049614352e-05,0.006910864650843575,0
291910,Firefighters 2014,4,0.0005215123859191656,2.5199468394264974e-05,0.006906989538335684,1
607210,Possessed,4,0.0005215123859191656,5.197121620270977e-06,0.006895005767836005,2
866420,TANKS,4,0.0005215123859191656,5.492185586279672e-05,0.006924214424520061,1
63900,Fantasy Wars,4,0.0005215123859191656,7.403870865698353e-05,0.00693571523272483,1
650570,Code 7: A Story-Driven Hacking Adventure,4,0.0005215123859191656,1.659283422571215e-05,0.006901588799870934,0
671900,Devoid of Shadows,4,0.0005215123859191656,1.053548724489349e-07,0.006892012471893009,3
804460,LAST WAR 2044,4,0.0005215123859191656,1.053548724489349e-07,0.006892012471893006,3
262390,Cloudbuilt,4,0.0005215123859191656,1.5801669831142094e-05,0.006901549443242782,117
871420,Lovecraft's Untold Stories,4,0.0005215123859191656,1.1539892354465098e-05,0.006898941477863504,0
226560,Escape Dead Island,4,0.0005215123859191656,1.1758389485274724e-05,0.006899521058758064,0
346060,Disney High School Musical 3: Senior Year Dance,4,0.0005215123859191656,7.877552878599995e-05,0.006938955687430314,2
343370,SLAMMED!,4,0.0005215123859191656,1.2036276025812609e-06,0.006892731189227713,2
726230,The Superlatives: Aetherfall,4,0.0005215123859191656,1.2036276025812609e-06,0.006892731189227721,2
725120,ADIOS Amigos: A Space Physics Odyssey,4,0.0005215123859191656,5.993861420499603e-05,0.006927641496662039,0
972890,RideOp - VR Thrill Ride Experience,4,0.0005215123859191656,1.5354939313263045e-06,0.0068928957009822866,1
251370,Escape Goat,4,0.0005215123859191656,1.9174587726215067e-05,0.006903214149982437,2
450140,Seven Kingdoms: Ancient Adversaries,4,0.0005215123859191656,4.287970011245625e-05,0.006916385168558391,1
688260,Morph Girl,4,0.0005215123859191656,3.519669620410758e-05,0.00691291119197336,1
2780,ARMA: Combat Operations,4,0.0005215123859191656,1.0017523571840894e-06,0.006892582790269117,1
709410,AZURA,4,0.0005215123859191656,1.2916088078214309e-06,0.006892814219072855,1
348270,Social Justice Warriors,4,0.0005215123859191656,9.578958538400576e-05,0.006947004141717562,1
312920,Rugby League Live 3,4,0.0005215123859191656,0.0001550809726440639,0.0069798281570672156,1
826230,CONCLUSE,4,0.0005215123859191656,6.425601012336821e-07,0.006892344583465224,2
870080,Running Through Russia 2,4,0.0005215123859191656,9.756628402068302e-05,0.006947511676507033,1
211010,Alien Shooter 2 Conscription,4,0.0005215123859191656,9.791326777737666e-07,0.006892540951361846,1
748970,Zen Chess: Mate in One,4,0.0005215123859191656,4.66142113117188e-06,0.0068948306033819315,2
827290,Secret Little Haven,4,0.0005215123859191656,0.0001095960607107505,0.006955587015772218,2
279900,Soul Axiom,4,0.0005215123859191656,5.1783417889832536e-05,0.006921541411744183,3
224040,LocoCycle,4,0.0005215123859191656,2.8708110236152113e-05,0.006908986538529706,1
7210,"Runaway, A Road Adventure",4,0.0005215123859191656,5.6038013594341594e-06,0.006895486484350132,0
485160,Black Hole Hazard,4,0.0005215123859191656,5.210915002364317e-05,0.006921823172002718,1
514150,Line of Sight: Vietnam,4,0.0005215123859191656,6.57906161002869e-05,0.006930977770044812,1
713160,After Death,4,0.0005215123859191656,6.060546950583087e-07,0.0068923447540662364,26
892470,BVRGER VAN,4,0.0005215123859191656,0.00014179174131536968,0.006973153849767723,1
717610,A Case of Distrust,4,0.0005215123859191656,3.4785007931435775e-05,0.006911774979508519,0
955640,Go Outside Simulator,4,0.0005215123859191656,0.00010501586054864182,0.006951663134269329,1
581360,FoxTail,4,0.0005215123859191656,8.60042105780791e-06,0.006897472858766595,0
7730,X-COM: Interceptor,4,0.0005215123859191656,1.5541441267879735e-05,0.006901661434734081,2
490220,Prismata,4,0.0005215123859191656,1.5475948474843282e-05,0.006901253650220191,2
289460,RC Cars,4,0.0005215123859191656,5.566185568981241e-05,0.006923548072917708,1
263560,Paper Sorcerer,4,0.0005215123859191656,8.559296398272337e-06,0.006897062754338159,38
442220,Iron Madness,4,0.0005215123859191656,1.2338535949940858e-05,0.006899611672103446,0
711440,Mortars VR,4,0.0005215123859191656,6.258443097225521e-05,0.006928399977646984,1
290530,Clandestine,4,0.0005215123859191656,2.971832952146581e-06,0.0068938078087101146,0
982840,Bomber Barn,4,0.0005215123859191656,1.961364914510341e-05,0.0069035622187592766,2
375320,Colortone,4,0.0005215123859191656,5.832948934155787e-06,0.006895599999294576,0
448580,Dead End Road,4,0.0005215123859191656,4.740616659660356e-05,0.006919359336158652,1
933380,Tennis Story,4,0.0005215123859191656,2.8003489354896885e-05,0.006907876130938816,1
603700,The Low Road,4,0.0005215123859191656,4.5102518045682784e-05,0.006918591192474682,1
692690,Dance Collider,4,0.0005215123859191656,4.755407492033009e-05,0.006919457692224249,1
567320,VThree,4,0.0005215123859191656,5.309423281853462e-05,0.006924376784867078,0
674440,Skipper - Puzzle Across The Sea,4,0.0005215123859191656,5.309423281853462e-05,0.006924376784867087,0
301120,Eastside Hockey Manager,4,0.0005215123859191656,3.7009986508556286e-05,0.006914403891918803,1
284890,Left in the Dark: No One on Board,4,0.0005215123859191656,2.7882052725112986e-06,0.0068937293881958855,0
261700,Eryi's Action,4,0.0005215123859191656,1.7202330546750838e-05,0.006902588146373609,13
325120,Notch - The Innocent LunA: Eclipsed SinnerS,4,0.0005215123859191656,2.47193117864129e-06,0.006893546145718183,0
769840,Muddledash,4,0.0005215123859191656,5.8029019537191075e-05,0.006924795110537143,0
937850,Hidden Paws Mystery,4,0.0005215123859191656,7.424112865303637e-05,0.006934033887630681,2
253690,Tiny Brains,4,0.0005215123859191656,6.190463162266844e-05,0.006928099713581955,11
415920,Voidspire Tactics,4,0.0005215123859191656,8.439261640003625e-06,0.006897103257993983,0
550810,Abduction Bit,4,0.0005215123859191656,3.6178658023749114e-07,0.006892179935180557,1
7220,"Runaway, The Dream of The Turtle",4,0.0005215123859191656,5.6038013594341594e-06,0.006895486484350143,0
601530,Darkarta: A Broken Heart's Quest Collector's Edition,4,0.0005215123859191656,7.20236657841338e-05,0.006934906892409487,1
506510,Shadows of Adam,4,0.0005215123859191656,6.060546950583087e-07,0.006892344754066239,26
703600,ASTRAL,4,0.0005215123859191656,1.6990997789535516e-05,0.006901887976828895,2
625860,God Awe-full Clicker,4,0.0005215123859191656,4.801985948655742e-06,0.00689499376073394,2
921520,Puppy Chef Academy,4,0.0005215123859191656,3.061110456938501e-05,0.006910621777853574,2
510500,Executive Assault 2,4,0.0005215123859191656,1.6108221358146794e-05,0.006901621515140882,0
786280,Armored Squad,4,0.0005215123859191656,0.00013295736259073666,0.006968260800912102,1
65600,Gothic 3: Forsaken Gods Enhanced Edition,4,0.0005215123859191656,4.756979212107408e-05,0.006920797988988599,2
841660,The Treehouse Man,4,0.0005215123859191656,5.859375463807211e-05,0.006926536419629822,0
618720,1bitHeart,4,0.0005215123859191656,1.5696684021066693e-06,0.006892912957484407,0
736810,The Raven Remastered,4,0.0005215123859191656,1.4953263333786474e-05,0.006900910832481859,0
636070,Corridor Z,4,0.0005215123859191656,2.2257800729575047e-05,0.006905477154166551,0
935070,Sakura MMO,4,0.0005215123859191656,1.2844418401764425e-05,0.00690004459877088,0
968950,Sakura MMO 2,4,0.0005215123859191656,1.2844418401764425e-05,0.00690004459877086,0
539670,Sakura Nova,4,0.0005215123859191656,5.589063022523082e-05,0.006924249470583688,2
251490,Gravity Ghost,4,0.0005215123859191656,3.054315386876202e-05,0.006910619693837123,0
416000,Fantasy Farming: Orange Season,4,0.0005215123859191656,1.9892400249531162e-05,0.00690366872057023,2
342490,Shipwreck,4,0.0005215123859191656,5.50461208586442e-06,0.006895356925277595,2
1008510,Who Is This Man,4,0.0005215123859191656,4.3763985121446095e-05,0.0069171721507815176,1
1002270,PiiSim,4,0.0005215123859191656,6.519834560199125e-05,0.006930765470379079,0
758730,Paw Patrol: On A Roll!,4,0.0005215123859191656,1.7123529123595743e-05,0.0069022660549130695,0
744260,Legend of Homebody,4,0.0005215123859191656,3.297325126322823e-05,0.006911544729043866,0
478950,V ARRR,4,0.0005215123859191656,1.3790078663350434e-05,0.006900492852301924,0
278440,0RBITALIS,4,0.0005215123859191656,1.3043655424974758e-05,0.006900398648795697,0
15500,The Wonderful End of the World,4,0.0005215123859191656,2.952531253112298e-05,0.006909767819822514,2
307090,Fancy Skulls,4,0.0005215123859191656,6.564325021871107e-05,0.006930280931129172,0
1029110,Trash Time,4,0.0005215123859191656,3.6037691668655954e-08,0.006891975729761099,2
684620,JetX VR,4,0.0005215123859191656,3.6037691668655954e-08,0.0068919757297611,2
412360,SightLineVR,4,0.0005215123859191656,1.577110714492648e-05,0.00690128470862584,1
1025240,GLAD VALAKAS TOWER DEFENCE 2,4,0.0005215123859191656,2.914539470737188e-05,0.006908669396382232,1
265170,Acceleration of SUGURI X-Edition HD,4,0.0005215123859191656,1.8627589149540673e-05,0.006903063300221581,0
295670,Hive Jump,4,0.0005215123859191656,1.6735184325849026e-05,0.006902037313546495,0
402310,Overfall,4,0.0005215123859191656,6.488992328339376e-05,0.006928970648822982,1
394220,Last Horizon,4,0.0005215123859191656,6.648969674697077e-05,0.0069294373403527764,1
800550,DarkDIRE,4,0.0005215123859191656,2.3142892118863384e-05,0.006906320101883014,1
676430,PUSH,4,0.0005215123859191656,1.7614153236826956e-06,0.006896174272521621,0
509420,Riding Club Championships,4,0.0005215123859191656,8.417403847213684e-05,0.006940031228717036,1
787220,Annotation of Love,4,0.0005215123859191656,1.359772383937745e-05,0.006900059459629995,0
338190,Just Get Through,4,0.0005215123859191656,1.2738503077072897e-05,0.0068998400576128814,2
443380,Tokyo Babel,4,0.0005215123859191656,7.518131670183076e-05,0.006935557606534275,2
224860,Arma Tactics,4,0.0005215123859191656,1.267570509850649e-05,0.0068997401948507646,0
937940,Sea Dogs: City of Abandoned Ships,4,0.0005215123859191656,6.709390180749294e-05,0.006930558909192763,1
1045080,Curious Cases,4,0.0005215123859191656,3.358804467305884e-06,0.006894018681808783,0
836480,恋爱模拟器 Love Simulation,4,0.0005215123859191656,2.8966742397677778e-06,0.006893884880154946,0
15520,AaAaAA!!! - A Reckless Disregard for Gravity,4,0.0005215123859191656,1.2512548631388937e-05,0.006900050311164603,0
424060,The Glow,4,0.0005215123859191656,5.637060818982484e-07,0.0068923590754819426,0
511430,CrossWorlds: Escape,4,0.0005215123859191656,3.0190614126730644e-05,0.006909795316759785,1
828910,aMAZE Frozen,4,0.0005215123859191656,3.29240873853754e-05,0.006911387629172235,1
546070,Flower Design,4,0.0005215123859191656,3.882566724203824e-05,0.0069151195586679825,1
454250,The Eyes of Ara,4,0.0005215123859191656,1.0540578513711164e-06,0.006892622197519467,0
882410,Age of Fear: The Free World,4,0.0005215123859191656,1.1953936145510556e-05,0.006899637831359346,0
768300,Zhulik.exe,4,0.0005215123859191656,4.638107040118774e-05,0.006919974368220393,1
451880,Catch a Falling Star,4,0.0005215123859191656,1.813825493266961e-05,0.006902586696604646,0
1036960,阿津,4,0.0005215123859191656,0.00014721439215520848,0.006976124194465872,1
289620,Collapse,4,0.0005215123859191656,1.653445729683859e-05,0.006902026134278405,1
17140,Hinterland,4,0.0005215123859191656,1.171344839383206e-05,0.00689907751675295,1
844330,The Goatman,4,0.0005215123859191656,8.990390998030959e-05,0.006943768372087819,1
444130,Auralux: Constellations,4,0.0005215123859191656,3.27420198535014e-06,0.006894034268397326,2
357670,Home Improvisation: Furniture Sandbox,4,0.0005215123859191656,1.6330247055047133e-05,0.006902153718454164,1
872970,Azurael's Circle: Chapter 1,4,0.0005215123859191656,7.111269241916936e-05,0.006932794766622734,76
318950,Disney Tangled,4,0.0005215123859191656,8.491586600095653e-05,0.006940194973191024,1
375040,Death Tractor,4,0.0005215123859191656,6.397544004625988e-05,0.0069289802381648415,1
655550,NOKBAK,4,0.0005215123859191656,9.594875276025663e-05,0.006946824278812082,1
980520,Azurael's Circle: Chapter 3,4,0.0005215123859191656,7.111269241916936e-05,0.006932794766622746,76
893620,Azurael's Circle: Chapter 2,4,0.0005215123859191656,7.111269241916936e-05,0.006932794766622747,76
999830,Becalm,4,0.0005215123859191656,2.1274217631366274e-05,0.006904588118912844,1
552400,Sweep'n'Sweep,4,0.0005215123859191656,3.0874833106528645e-05,0.006910751514731684,0
342650,Fermi's Path,4,0.0005215123859191656,5.9537278597190764e-05,0.006925946169930776,1
321870,Silence of the Sleep,4,0.0005215123859191656,8.593513260914681e-07,0.006892484615528348,1
377710,Idol Magical Girl Chiru Chiru Michiru Part 1,4,0.0005215123859191656,6.502043236679753e-06,0.006896018862380647,0
837900,Bitcoin Trader,4,0.0005215123859191656,5.970174998921335e-07,0.006892299286706814,20
780580,Lost in the Dungeon,4,0.0005215123859191656,7.349261749424639e-05,0.006934183747764687,0
289280,El Matador,4,0.0005215123859191656,5.045914908518838e-05,0.0069211313841043365,2
628700,The Flaws of Gravity,4,0.0005215123859191656,9.909088022689127e-05,0.006949519091044174,0
618080,Martial Arts Brutality,4,0.0005215123859191656,4.043290615933362e-05,0.006915474510672498,1
423550,Day D: Tower Rush,4,0.0005215123859191656,5.878713763794702e-05,0.00692566448761823,1
510750,Driftwood The Visual Novel,4,0.0005215123859191656,5.633815869780322e-05,0.006924383047556527,1
418440,Tick Tock Isle,4,0.0005215123859191656,2.911963213020095e-05,0.006909131657404336,2
1530,Multiwinia,4,0.0005215123859191656,4.3572204540637664e-05,0.0069167329336266275,1
286120,QuestRun,4,0.0005215123859191656,2.110930036778129e-05,0.006905085734861849,2
843640,WEscape,4,0.0005215123859191656,1.1359682731936946e-05,0.006898593876751067,4
303590,Hidden in Plain Sight,4,0.0005215123859191656,5.566248178246928e-05,0.006924140171466536,1
794580,SNK HEROINES Tag Team Frenzy,4,0.0005215123859191656,2.8960709076249526e-05,0.006909939752184898,0
976780,NeonCode,4,0.0005215123859191656,4.898635000568227e-07,0.006892267842516308,1
490230,SWARMRIDERS,4,0.0005215123859191656,3.306217629681072e-05,0.006911766356620256,2
386090,Nandeyanen!? - The 1st Sûtra,4,0.0005215123859191656,5.038003009906507e-05,0.006920770064784138,2
676500,Time Warpers,4,0.0005215123859191656,3.071494721570913e-05,0.006910185696457208,0
584880,Pixel Sand,4,0.0005215123859191656,9.963801980857137e-06,0.006898092081007786,1
967440,Kick The Anime Simulator,4,0.0005215123859191656,5.8706141414088633e-05,0.006925878276775828,1
778330,Squirm,4,0.0005215123859191656,8.793397441082099e-05,0.006942270206984167,60
801880,Drift Tuner 2019,4,0.0005215123859191656,5.513420283055562e-05,0.006924600538386931,1
837790,Around the World in 80 Days,4,0.0005215123859191656,2.7476192449236718e-05,0.006908075609799592,96
617430,A Butterfly in the District of Dreams,4,0.0005215123859191656,3.582457940435948e-05,0.006913261288151643,1
270010,Time Rifters,4,0.0005215123859191656,6.669974370011692e-05,0.0069311118565309505,0
307770,Wildlife Park 2 - Horses,4,0.0005215123859191656,2.973970881463211e-07,0.006892157339767104,2
1003400,The Lord of the Rings: Journeys in Middle-earth,4,0.0005215123859191656,7.87917774816522e-06,0.006896724472179799,2
252910,Skyscraper Simulator,4,0.0005215123859191656,8.544565300842849e-06,0.006896937935462125,1
757200,EMERGENCY 3,4,0.0005215123859191656,3.4884645655511586e-05,0.006913651515579754,1
867490,Remyadry,4,0.0005215123859191656,1.1015143691240604e-06,0.006892686894434339,0
234820,Driver Fusion - The Best Driver & Device Solution,4,0.0005215123859191656,3.406545432240443e-05,0.006912664141378757,0
362860,Sylvio,4,0.0005215123859191656,0.00010328456568312814,0.006951197213120949,1
974200,异霊 皓月空华,4,0.0005215123859191656,7.908572625332385e-07,0.006892500234571811,0
762590,Zombie Derby 2,4,0.0005215123859191656,2.8268450700137067e-05,0.006907988770593933,1
831770,Zombie Derby,4,0.0005215123859191656,2.8268450700137067e-05,0.006907988770593932,1
699600,PEG,4,0.0005215123859191656,3.8246313704308914e-05,0.006913761145903104,2
58570,The Next BIG Thing,4,0.0005215123859191656,9.827902641926701e-07,0.006892569433834027,22
738840,わがままアリスと百日戦争 -Brutal Alice and the Hundred Day's War-,4,0.0005215123859191656,4.864856561550174e-05,0.006921136613476247,0
21640,Flock!,4,0.0005215123859191656,1.6301765582428302e-05,0.006901479957182131,1
898590,Margonem,4,0.0005215123859191656,2.1741679300711792e-05,0.006904901118731607,127
273860,Snowcat Simulator,4,0.0005215123859191656,2.1741679300711792e-05,0.0069049011187315885,127
230840,Daylight,4,0.0005215123859191656,7.177984859716395e-05,0.006934265168179842,0
1010870,最后的47小时 - The Last 47 Hours,4,0.0005215123859191656,6.218011353761497e-06,0.006895803359877708,0
235520,The White Laboratory,4,0.0005215123859191656,6.514579517211941e-05,0.006928869016100198,1
485260,Talent Not Included,4,0.0005215123859191656,2.992784366347801e-05,0.006909839757545518,0
616240,Premium Pool Arena,3,0.0003911342894393742,3.4851896099427697e-06,0.006892623208978301,1
350770,Giana Sisters 2D,3,0.0003911342894393742,3.031707981043631e-06,0.006892271291518899,1
399640,Flamebreak,3,0.0003911342894393742,1.2863412174993182e-05,0.006898517631048869,0
287200,Wildlife Park 3,3,0.0003911342894393742,1.3974705320631541e-05,0.0068990608990606135,0
32640,Delta Force Land Warrior,3,0.0003911342894393742,4.033386157269409e-05,0.006914347375700767,1
936700,Ms. Squeaker's Home for the Sick,3,0.0003911342894393742,8.78841014472949e-06,0.006895692955043912,0
359230,Lethis - Path of Progress,3,0.0003911342894393742,5.971288273627476e-07,0.006890833571326875,0
377260,Unearned Bounty,3,0.0003911342894393742,3.4867652557948734e-05,0.006910373378187048,1
478210,BUDDY,3,0.0003911342894393742,6.702679527131495e-07,0.006890860721674279,1
485120,Frog Climbers,3,0.0003911342894393742,2.025149188004084e-05,0.0069029253078904,2
32770,Joint Operations: Combined Arms Gold,3,0.0003911342894393742,2.8190398354908673e-05,0.0069071870267640775,0
318690,Cargo 3,3,0.0003911342894393742,6.022126168966191e-05,0.006925797518440147,1
252250,Maia,3,0.0003911342894393742,1.7247890572633843e-05,0.006901129887089688,0
321950,Yury,3,0.0003911342894393742,1.1035013420581778e-05,0.0068972041915364764,2
763970,Leisure Suit Larry 1 - In the Land of the Lounge Lizards,3,0.0003911342894393742,4.6662203662570854e-07,0.006890746646628304,2
40330,Secret Files: Tunguska,3,0.0003911342894393742,4.100881617606136e-06,0.006892996233170626,0
513880,Panzer Warfare,3,0.0003911342894393742,4.697990810445377e-05,0.006918021029298275,1
775910,Animals Memory: Birds,3,0.0003911342894393742,2.6558430830169767e-05,0.00690596575651824,1
372960,Robbery Bob: Man of Steal,3,0.0003911342894393742,2.0217883356135367e-05,0.006902413322691877,0
985430,Terrible Laboratory,3,0.0003911342894393742,6.404014301134139e-06,0.00689427501567183,0
270750,Realms of Arkania 2 - Star Trail Classic,3,0.0003911342894393742,7.69777502410104e-06,0.006895116502745256,0
371180,Super 3-D Noah's Ark,3,0.0003911342894393742,2.0093314610483677e-05,0.006902363272588384,2
70650,Worms Blast,3,0.0003911342894393742,7.391615470982379e-06,0.00689475897525823,1
978790,Frantic Dimension,3,0.0003911342894393742,3.829901110616764e-05,0.006912520454566721,1
747910,Disassembly 3D,3,0.0003911342894393742,3.471776780724617e-05,0.006910501428989414,1
241000,Jon Shafer's At the Gates,3,0.0003911342894393742,2.2796996617122335e-05,0.006904590232382893,0
217120,Waves 2,3,0.0003911342894393742,8.469254674840027e-06,0.00689579501582397,0
372930,New York Mysteries: Secrets of the Mafia,3,0.0003911342894393742,1.102013100981472e-05,0.006897331058605099,2
363110,NOBUNAGA'S AMBITION: Tendou with Power Up Kit / 信長の野望・天道 with パワーアップキット,3,0.0003911342894393742,1.0026172182508614e-06,0.006891034824047472,2
411320,"Codename: Panzers, Phase Two",3,0.0003911342894393742,1.0026172182508614e-06,0.00689103482404747,2
819790,Laplace：拉普拉斯的神子,3,0.0003911342894393742,1.229266627239787e-05,0.006898228348007047,0
745760,Perceptions of the Dead,3,0.0003911342894393742,1.7991794013630047e-05,0.0069010223318909025,0
45730,Dark Void™ Zero,3,0.0003911342894393742,6.180050283270817e-06,0.0068942454019056115,2
532030,Dream Dealer,3,0.0003911342894393742,5.28523469299777e-05,0.006920714506471818,0
11360,Chains,3,0.0003911342894393742,4.420166602731099e-05,0.00691553595350581,2
288930,The Charnel House Trilogy,3,0.0003911342894393742,8.24494834125425e-06,0.00689549419290654,1
356390,The Slaughter: Act One,3,0.0003911342894393742,6.949834871020617e-07,0.006890853029482906,2
311480,Vertical Drop Heroes HD,3,0.0003911342894393742,1.775168394179232e-07,0.0068905457171463775,0
738000,Achievement Lurker: Respectable Accomplishment,3,0.0003911342894393742,1.897975992557274e-05,0.006901964282739494,2
730050,Verdant Skies,3,0.0003911342894393742,4.2962199417420486e-07,0.006890722240832583,0
447270,IKEA VR Experience,3,0.0003911342894393742,1.768726620886259e-05,0.006901240981127125,2
374410,TransPlan,3,0.0003911342894393742,1.0355981972417439e-05,0.0068967694398453985,0
1008800,Shards of Infinity,3,0.0003911342894393742,2.716782624971673e-06,0.006892193362599212,2
322980,Gods vs Humans,3,0.0003911342894393742,7.522521353471948e-06,0.006894801306762406,1
555930,Madness,3,0.0003911342894393742,7.228056491536624e-05,0.006932194551972442,0
282100,Fearless Fantasy,3,0.0003911342894393742,2.2719689027059626e-06,0.0068918757714492565,2
527160,Cmoar VR Cinema,3,0.0003911342894393742,6.516045286796396e-05,0.006927064666606301,1
313830,See No Evil,3,0.0003911342894393742,8.046182963591371e-07,0.00689094929368421,2
746910,Chicken Farm 2K17,3,0.0003911342894393742,9.277378371691305e-05,0.006943327647194327,2
590280,Canvas The Gallery,3,0.0003911342894393742,2.1594271784843017e-05,0.006903166601658233,1
257670,Elder Sign: Omens,3,0.0003911342894393742,2.6305277307820656e-06,0.006892065776064004,0
642650,Pepper's Puzzles,3,0.0003911342894393742,5.5484424092396135e-05,0.00692173097256957,2
409510,Genesis Online,3,0.0003911342894393742,9.284004291752546e-05,0.006943727372319162,0
517000,Sakura Shrine Girls,3,0.0003911342894393742,1.904518786894899e-05,0.006901559773858219,0
729640,BOMBFEST,3,0.0003911342894393742,8.784696622836141e-08,0.006890486424466182,2
392330,Take Command - 2nd Manassas,3,0.0003911342894393742,3.187276549012081e-08,0.006890450333449391,15
306630,Civil War II,3,0.0003911342894393742,3.187276549012081e-08,0.0068904503334493925,15
385260,Lamia Must Die,3,0.0003911342894393742,1.3829296637658784e-05,0.006898865934151654,2
342620,"It came from space, and ate our brains",3,0.0003911342894393742,1.4040931443044765e-05,0.006898816220075053,0
576030,MHRD,3,0.0003911342894393742,8.113100068448946e-06,0.0068953780304130165,0
398710,Timberman,3,0.0003911342894393742,6.2582296125041e-05,0.006926371009756765,1
834140,Blacksmith: Dark Times,3,0.0003911342894393742,2.4320583057932916e-05,0.0069052656757504416,2
763250,The Spectrum Retreat,3,0.0003911342894393742,1.775168394179232e-07,0.006890545717146365,0
598530,Naev,3,0.0003911342894393742,4.2512689064717336e-05,0.006914325286947162,1
742480,The Big Journey,3,0.0003911342894393742,7.026641020377879e-07,0.006890901214307312,0
650860,Wrath of Loki VR Adventure,3,0.0003911342894393742,4.864726751579516e-05,0.00691859143356066,1
811620,Organosphere,3,0.0003911342894393742,1.3267160851814878e-05,0.00689860543582258,0
457590,Luna Online: Reborn,3,0.0003911342894393742,1.0574455675879229e-05,0.006896931793391147,0
478980,Mansions of Madness,3,0.0003911342894393742,2.509702492048079e-05,0.00690527055008988,1
346460,Vector 36,3,0.0003911342894393742,8.710770407005683e-07,0.006890968929538238,2
819630,Basketball Classics,3,0.0003911342894393742,5.320549472928461e-05,0.006920769139154752,1
413680,Statues,3,0.0003911342894393742,5.896666026807907e-07,0.006890793799112789,1
401090,MODO indie,3,0.0003911342894393742,3.40986932044605e-05,0.006911247053466536,0
894460,Crimson Gray: Dusk and Dawn,3,0.0003911342894393742,2.7418050118244585e-06,0.006892139359280845,0
715650,The Endless Journey,3,0.0003911342894393742,6.052044898430995e-06,0.0068943316955535705,0
767970,Inhumanus,3,0.0003911342894393742,1.6915461983796192e-05,0.006900146412398723,2
573170,Fidel Dungeon Rescue,3,0.0003911342894393742,5.185570592348195e-09,0.006890428060349781,2
207020,Bang Bang Racing,3,0.0003911342894393742,8.255763784958066e-05,0.006938120144426507,0
453100,Frederic: Resurrection of Music Director's Cut,3,0.0003911342894393742,4.1705079850972766e-05,0.0069144568240922305,2
491470,PRINCIPIA: Master of Science,3,0.0003911342894393742,5.465359069014772e-06,0.006894019613698866,0
796440,Spaceguy,3,0.0003911342894393742,8.362819659829059e-05,0.006938915560975922,0
355240,NEO AQUARIUM - The King of Crustaceans -,3,0.0003911342894393742,5.024796842627615e-06,0.006893439966808805,2
295730,Sweezy Gunner,3,0.0003911342894393742,5.297393056833285e-06,0.006893855298435006,0
282880,FaeVerse Alchemy,3,0.0003911342894393742,9.477406523564664e-06,0.00689792730254794,2
596710,Kith - Tales from the Fractured Plateaus,3,0.0003911342894393742,1.3835134931456982e-05,0.006898984325606642,0
758560,Versus World,3,0.0003911342894393742,3.617443845491959e-05,0.006911672161587102,1
433000,Lost Lands: The Golden Curse,3,0.0003911342894393742,2.7474052632431233e-06,0.006892196291841187,2
466660,Stash,3,0.0003911342894393742,2.0113973768619354e-05,0.006902723105329745,2
530130,Akuto: Showdown,3,0.0003911342894393742,3.7806373168963494e-05,0.006912783944928219,0
632170,Spartan Fist,3,0.0003911342894393742,8.784696622836141e-08,0.006890486424466187,2
751220,ETHEREAL,3,0.0003911342894393742,5.185570592348195e-09,0.006890428060349798,2
617440,Juanito Arcade Mayhem,3,0.0003911342894393742,5.185570592348195e-09,0.006890428060349789,2
676240,TAURONOS,3,0.0003911342894393742,4.367388894086701e-05,0.006916912816994761,0
899590,Heliophobia,3,0.0003911342894393742,3.956219549997803e-07,0.006890681929448247,0
759440,Learn Japanese To Survive! Kanji Combat,3,0.0003911342894393742,4.081520886543688e-06,0.006892973929577452,0
300610,Pure Pool,3,0.0003911342894393742,3.3787068205439477e-06,0.006892506740944532,0
791770,Try To Fall Asleep,3,0.0003911342894393742,3.286477570132969e-05,0.0069093855167661165,1
331920,Airline Tycoon Deluxe,3,0.0003911342894393742,1.595092717743159e-05,0.006900014637804171,1
408650,ChromaGun,3,0.0003911342894393742,3.947283136604092e-05,0.0069140782898096465,1
809880,Degrees of Separation,3,0.0003911342894393742,1.1040587162423369e-05,0.00689707035381489,0
750210,Last Anime boy: Saving loli,3,0.0003911342894393742,6.651092172648901e-05,0.006928580633437972,1
667820,Farmington Tales,3,0.0003911342894393742,1.6526337353340924e-06,0.006891564634455894,0
756880,NVL,3,0.0003911342894393742,7.407674988208244e-05,0.006933173518172229,1
557810,Clicker Guild,3,0.0003911342894393742,2.802063209242089e-05,0.006907387496782669,0
216260,Don Bradman Cricket 14,3,0.0003911342894393742,3.894241663456332e-05,0.006913937064544153,0
870290,The Miskatonic,3,0.0003911342894393742,3.829847238059869e-05,0.006913188009331965,0
528740,Operation: New Earth,3,0.0003911342894393742,2.0169004810754435e-05,0.006902866409640046,0
386490,Wanda - A Beautiful Apocalypse,3,0.0003911342894393742,9.439014018160819e-06,0.0068963607864142825,1
448290,Nefarious,3,0.0003911342894393742,6.158917870262199e-05,0.006925985706922038,1
690400,Rainbow Step,3,0.0003911342894393742,3.7582166069196596e-05,0.006913414729352779,0
234160,Strike Suit Infinity,3,0.0003911342894393742,8.548243865016895e-06,0.006895476301180419,0
973800,Dragon World,3,0.0003911342894393742,1.2364159556226386e-05,0.006898007356778149,9
398000,Little Big Adventure 2,3,0.0003911342894393742,5.2528962661822804e-05,0.006922706139158027,0
581600,The Albatross,3,0.0003911342894393742,2.536604395331996e-05,0.006905195670445759,1
865190,HotFloor,3,0.0003911342894393742,7.138728094502076e-06,0.006894562634952184,1
1040430,Adventure Climb VR,3,0.0003911342894393742,2.031053356052862e-06,0.006891644132507035,1
398030,Old School Musical,3,0.0003911342894393742,9.214951543569414e-05,0.006943461531803608,0
266090,Starlite: Astronaut Rescue - Developed in Collaboration with NASA,3,0.0003911342894393742,2.3929913419970874e-06,0.006891931177848966,2
412540,The Minotaur,3,0.0003911342894393742,1.546601143815718e-05,0.006900004865003919,0
934810,酒店,3,0.0003911342894393742,3.070359236902995e-05,0.00690853729267218,1
352620,Porcunipine,3,0.0003911342894393742,3.070359236902995e-05,0.006908537292672173,1
269570,GTGD S1: More Than a Gamer,3,0.0003911342894393742,8.557152538255565e-05,0.006938861137307488,1
662540,Haque,3,0.0003911342894393742,6.92133889059227e-06,0.006894833223569969,0
856430,Pinball 2018,3,0.0003911342894393742,6.765364830606781e-06,0.0068943874624380445,1
342190,Skyworld,3,0.0003911342894393742,5.0770982408132265e-05,0.006919649558702024,1
4520,Full Spectrum Warrior,3,0.0003911342894393742,1.5268171912008558e-06,0.006891375087010241,61
251810,Leadwerks Game Engine,3,0.0003911342894393742,3.15952660449138e-05,0.006908146669117971,1
740200,The Mercury Man,3,0.0003911342894393742,2.686331374146124e-05,0.006906522992401609,0
546600,Vanguards,3,0.0003911342894393742,1.769732574784697e-06,0.0068915421343543415,2
4880,Cossacks: European Wars,3,0.0003911342894393742,8.380082498906211e-05,0.0069380351630574395,1
632510,Blockle,3,0.0003911342894393742,5.708878173596514e-05,0.006922868228248843,0
598610,Avalon Legends Solitaire,3,0.0003911342894393742,5.6047122036186265e-06,0.006894188002787959,1
318350,Disney Fairies: Tinker Bell's Adventure,3,0.0003911342894393742,5.6047122036186265e-06,0.006894188002787973,1
353330,Love at First Sight,3,0.0003911342894393742,3.09282455678319e-06,0.006892426136962815,0
293600,Arson and Plunder: Unleashed,3,0.0003911342894393742,1.1631607538376503e-05,0.006897345718831762,0
789910,Planet of the Apes: Last Frontier,3,0.0003911342894393742,1.974656890836628e-05,0.006902068659712204,0
917920,The Other Half,3,0.0003911342894393742,5.210488846244391e-05,0.0069202982410938455,1
525370,Gobernators (Parodia política peruana),3,0.0003911342894393742,0.00016261225772433387,0.006983201412665019,1
855630,Zeliria Sanctuary,3,0.0003911342894393742,2.847508483085644e-05,0.006906992801519418,2
307940,Radiation Island,3,0.0003911342894393742,1.0011230162444855e-05,0.006896456211695785,1
289340,Freight Tycoon Inc.,3,0.0003911342894393742,3.0165602783406716e-05,0.006908557464827859,1
375200,Sakura Fantasy,3,0.0003911342894393742,6.0412825521172434e-05,0.006926965117126617,0
939000,Crisis VRigade,3,0.0003911342894393742,9.537678759472773e-06,0.006896091296806296,0
758930,Captain Forever Trilogy,3,0.0003911342894393742,3.625555129513784e-05,0.0069120785211977615,2
723420,创世-修真录,3,0.0003911342894393742,4.607065605022615e-05,0.006918441898587183,2
796380,Terra Feminarum,3,0.0003911342894393742,2.6019985182233577e-06,0.006892062433661204,0
536040,Cards of Cthulhu,3,0.0003911342894393742,0.00012978400337063567,0.0069645235787973905,1
226780,MUD Motocross World Championship,3,0.0003911342894393742,4.846392531163095e-06,0.006893380241157419,1
235820,Element4l,3,0.0003911342894393742,6.312248320464572e-06,0.006894347110261876,2
653940,Zafehouse Diaries 2,3,0.0003911342894393742,8.210968803347066e-06,0.006895437894255667,1
249360,Zafehouse: Diaries,3,0.0003911342894393742,8.210968803347066e-06,0.006895437894255665,1
673980,Spears 'n' Spades,3,0.0003911342894393742,2.8954666447000136e-05,0.00690742860921148,0
450120,Capitalism Plus,3,0.0003911342894393742,2.6742089620638878e-05,0.006905539624474839,2
731420,Roguebreaker,3,0.0003911342894393742,2.6652435322130243e-05,0.006906007836806744,1
630140,Sky Clash: Lords of Clans 3D,3,0.0003911342894393742,1.0964877788950349e-06,0.0068910993885928215,1
718180,Super Dungeon Boy,3,0.0003911342894393742,1.0964877788950349e-06,0.006891099388592814,1
562520,Attempt[42],3,0.0003911342894393742,9.021143738329349e-05,0.006941399097419266,1
870160,R.O.V.E.R.,3,0.0003911342894393742,2.4283957927650188e-05,0.006904953548990518,0
40930,The Misadventures of P.B. Winterbottom,3,0.0003911342894393742,8.830142613466824e-06,0.006895994155224068,0
566050,Zeus + Poseidon,3,0.0003911342894393742,2.9175957192016625e-06,0.006892334194118943,2
647740,Airmen,3,0.0003911342894393742,6.788868470497295e-06,0.006894549325957788,2
380920,Boss 101,3,0.0003911342894393742,6.788868470497295e-06,0.006894549325957779,2
858760,Scalak,3,0.0003911342894393742,5.21832348198284e-07,0.00689080242100275,0
444490,POLYWAR,3,0.0003911342894393742,2.8913461489794105e-05,0.006906699231651561,1
1020520,Hellink,3,0.0003911342894393742,1.8133788905518756e-06,0.006891663612453429,2
266290,Helicopter Simulator 2014: Search and Rescue,3,0.0003911342894393742,3.0357540917356243e-05,0.006908272823621536,2
493080,Card Quest,3,0.0003911342894393742,9.61546070216029e-06,0.00689650616469813,0
846670,Saint Slaughter X Days,3,0.0003911342894393742,3.911954062725303e-07,0.0068906752110475915,0
321030,One Day For Ched,3,0.0003911342894393742,2.934080961816164e-05,0.0069082484513302385,1
352430,Farlight Explorers,3,0.0003911342894393742,1.3272917480120854e-05,0.00689816534949094,1
248350,Omegalodon,3,0.0003911342894393742,3.2517687407690225e-06,0.006892445263965435,25
551770,ECHO,3,0.0003911342894393742,4.348100287769215e-06,0.0068932707280018055,0
335920,Ephemerid: A Musical Adventure,3,0.0003911342894393742,2.450656848808989e-05,0.006905106171744567,0
513330,Party Tycoon,3,0.0003911342894393742,3.7609626997661125e-06,0.006892688691927179,0
743830,SuperTrucks Offroad,3,0.0003911342894393742,2.5167922899532703e-05,0.006904999024252793,1
202200,Galactic Civilizations® II: Ultimate Edition,3,0.0003911342894393742,4.37213327253198e-07,0.006890707130799385,2
366760,Adorables,3,0.0003911342894393742,3.6953731412048654e-05,0.006912094553680637,0
259810,Home Sheep Home 2,3,0.0003911342894393742,3.278562468800887e-05,0.006909730021216927,0
619490,Fear of Clowns,3,0.0003911342894393742,5.17927170403975e-05,0.0069200331443978165,1
447200,The Men of Yoshiwara: Ohgiya,3,0.0003911342894393742,1.2086768690957825e-07,0.006890528457359807,0
809310,Sipho,3,0.0003911342894393742,4.789038402641087e-05,0.00691761659765904,1
281280,Mashed,3,0.0003911342894393742,6.815840554935139e-07,0.006890849522601925,9
382110,Virtual Desktop,3,0.0003911342894393742,1.8864486516096782e-05,0.006901835558530674,0
488760,Left-Hand Path,3,0.0003911342894393742,1.4611339569318696e-05,0.006898674279434735,0
691390,Alchemage,3,0.0003911342894393742,2.9977604675324383e-05,0.006908094013438367,0
722330,The Painter's Playground,3,0.0003911342894393742,1.431659318844479e-05,0.006898775331213338,132
878160,Granny's Grantastic Granventure,3,0.0003911342894393742,1.0895077125499031e-05,0.006896965089897689,2
389460,Robot vs Birds Zombies,3,0.0003911342894393742,1.0895077125499031e-05,0.006896965089897637,2
492230,Space Hulk: Tactics,3,0.0003911342894393742,7.019121072687058e-07,0.006890884545053801,5
46260,Star Wolves 3: Civil War,3,0.0003911342894393742,2.1798053872341962e-05,0.006903321488581007,2
896340,To Leave,3,0.0003911342894393742,1.1926960725477658e-05,0.0068981220408605775,0
504430,The Watchmaker,3,0.0003911342894393742,2.4438878560294372e-05,0.0069052669479040376,0
357340,Cobalt,3,0.0003911342894393742,2.1320917919464914e-05,0.006902888595984512,1
389260,Lucid Trips,3,0.0003911342894393742,1.1087118685746717e-05,0.006896994346233472,0
216090,Go Home Dinosaurs!,3,0.0003911342894393742,2.4993722284713457e-05,0.006905098939968259,0
853860,aMAZE Classic,3,0.0003911342894393742,3.1586673639871375e-05,0.006908984332115222,1
289600,Marauder,3,0.0003911342894393742,8.159817667315555e-06,0.006895488679784609,2
552920,Sailaway - The Sailing Simulator,3,0.0003911342894393742,1.1909289596472527e-07,0.006890507539479508,71
403560,Eaten Alive,3,0.0003911342894393742,6.496483506518882e-05,0.006928928560013079,2
70210,Governor of Poker 2 - Premium Edition,3,0.0003911342894393742,1.06813898744038e-05,0.00689700055044566,1
503860,Patterna,3,0.0003911342894393742,1.891619452536258e-07,0.00689054576902924,0
810500,PowerBeatsVR,3,0.0003911342894393742,9.553718151862964e-06,0.006895921238975321,1
314380,Lantern Forge,3,0.0003911342894393742,3.948144753813552e-06,0.00689284550882871,0
602510,Gettysburg: The Tide Turns,3,0.0003911342894393742,4.7480197717178814e-07,0.006890740237955668,0
831660,茂伸奇谈-HAPPY END- 合集版 / Monobeno-HAPPY END- Deluxe,3,0.0003911342894393742,4.373336057002207e-05,0.006916367732199719,0
700160,Semblance,3,0.0003911342894393742,1.1857941176628703e-05,0.00689754891252718,1
444720,Inexistence,3,0.0003911342894393742,1.8563425640615104e-06,0.006891606806613067,2
241410,CastleStorm,3,0.0003911342894393742,2.2848443587948473e-05,0.00690430687158468,2
96800,Nexuiz,3,0.0003911342894393742,4.305404183149596e-05,0.00691503546075435,2
840100,Magic Scroll Tactics / マジックスクロールタクティクス / 魔法卷轴 / 魔法捲軸,3,0.0003911342894393742,3.4665566795695936e-05,0.006911474311758923,0
258010,Ring Runner: Flight of the Sages,3,0.0003911342894393742,1.6882093993750424e-05,0.006900489673710999,0
781030,DK Online,3,0.0003911342894393742,4.0005589432851554e-05,0.006913172854880422,1
277270,Return to Mysterious Island 2,3,0.0003911342894393742,4.0902999469012e-05,0.006913674270827202,1
546980,Midnight Carnival,3,0.0003911342894393742,2.126233254582605e-05,0.006902975042281391,1
438320,Rush Rover,3,0.0003911342894393742,5.1642677302570865e-05,0.006921829095102292,0
606860,Nephise,3,0.0003911342894393742,2.3778182975469535e-05,0.006904869460513104,0
712810,Fallen Times,3,0.0003911342894393742,5.179207548899965e-05,0.0069206854405649675,2
549260,Alwa's Awakening,3,0.0003911342894393742,9.389661516267743e-06,0.006896550234778838,2
893020,Slave's Sword 2,3,0.0003911342894393742,3.693354723320777e-05,0.006912902228302666,2
934070,MochiMochi,3,0.0003911342894393742,7.045908194258e-06,0.006894618512803335,2
671390,Metropolis: Lux Obscura,3,0.0003911342894393742,3.2363055292154067e-06,0.0068926018785262855,0
260790,1001 Spikes,3,0.0003911342894393742,8.525532397293788e-06,0.00689551487870364,2
446460,Highland Warriors,3,0.0003911342894393742,4.023890732718063e-05,0.006914340336811248,1
15240,Silent Hunter®: Wolves of the Pacific U-Boat Missions,3,0.0003911342894393742,2.508419276521198e-05,0.006905112751679882,1
567280,Cube Runner,3,0.0003911342894393742,7.551299895844556e-05,0.006933787893131225,1
433280,Warlords Battlecry III,3,0.0003911342894393742,2.7223344931044844e-05,0.00690606425044254,1
109200,Legend of Fae,3,0.0003911342894393742,3.51513979891391e-06,0.006892582284393312,2
723890,Don't Make Love,3,0.0003911342894393742,3.390147165798149e-05,0.006909711469626803,0
273070,The Last Federation,3,0.0003911342894393742,8.147508348575242e-06,0.006895517029151418,2
905660,纸境英雄 Papercraft,3,0.0003911342894393742,3.873682228566672e-05,0.006913840895012222,0
628060,Romance of the Three Kingdoms X with Power Up Kit / 三國志X with パワーアップキット,3,0.0003911342894393742,6.972862775556328e-05,0.006931586934696954,0
427660,NightCry,3,0.0003911342894393742,1.5634986943539318e-05,0.006899870364421164,0
23300,Yosumin!™,3,0.0003911342894393742,5.107236104280636e-05,0.006920048174871156,1
21300,Gravitron 2,3,0.0003911342894393742,5.177565802033669e-07,0.006890792427220096,0
399790,Destiny Warriors RPG,3,0.0003911342894393742,3.455600865755722e-05,0.006910563771527531,1
724350,King of the Couch: Zoovival,3,0.0003911342894393742,7.0840856696224e-05,0.006930354269420612,1
723790,The Pirate: Plague of the Dead,3,0.0003911342894393742,1.1922993866716189e-05,0.006897471002589292,1
751250,Big Tower Tiny Square,3,0.0003911342894393742,1.677951275790615e-05,0.006900354054523356,1
904960,Cine Tracer,3,0.0003911342894393742,2.5324769147208475e-05,0.00690577052737364,0
492530,The Dark Legions,3,0.0003911342894393742,2.3581047150242996e-07,0.006890578625310261,56
521330,Tuebor: I Will Defend,3,0.0003911342894393742,3.3247130817169064e-05,0.00690953411248366,1
519030,Don't Let Go!,3,0.0003911342894393742,6.237906622049543e-05,0.006927033307707581,1
932160,Late at night,3,0.0003911342894393742,1.0519206042802945e-06,0.006891085675081705,0
2360,HeXen: Beyond Heretic,3,0.0003911342894393742,2.5009147510618145e-05,0.006905114097361908,4
746140,The Walking Zombie: Dead City,3,0.0003911342894393742,1.0828413570302916e-05,0.006897029948247108,2
543140,Legend of Merchant,3,0.0003911342894393742,4.739274132410299e-05,0.006918990247734316,0
971480,Kitten Love Emulator,3,0.0003911342894393742,4.125321246619461e-06,0.006892836859282531,4
655730,This Strange Realm Of Mine,3,0.0003911342894393742,1.5558736676017577e-05,0.006899270286051238,1
527750,Merger 3D,3,0.0003911342894393742,4.452262227181204e-07,0.00689072883217183,3
473610,Shock Tactics,3,0.0003911342894393742,2.544411308711402e-07,0.006890598399864582,0
659190,"Sorry, James",3,0.0003911342894393742,2.8598661702708136e-05,0.006907398411819725,0
863980,ORIX!,3,0.0003911342894393742,9.939866977619021e-05,0.006947332830829907,1
795040,E.Z,3,0.0003911342894393742,1.696830307423684e-05,0.0069006927956272715,1
779090,Umfend,3,0.0003911342894393742,7.209207175093445e-06,0.006894913793741292,0
757450,Samurai of Hyuga Book 3,3,0.0003911342894393742,2.9261775907365166e-05,0.006907617354328097,0
818500,Colorzzle,3,0.0003911342894393742,4.927934334584737e-05,0.006918427096793741,1
396640,TowerClimb,3,0.0003911342894393742,1.8118791634701195e-06,0.006891549303045985,2
882940,The Moment We Met,3,0.0003911342894393742,4.990135743832761e-07,0.006890748990059242,0
350910,Streets of Fury EX,3,0.0003911342894393742,5.6291646915316767e-05,0.006922653860111123,1
997730,Deez,3,0.0003911342894393742,6.301050521897661e-05,0.006928300348549659,2
568720,The Agony,3,0.0003911342894393742,6.043128939572452e-06,0.006894158371410816,0
660920,The Warhorn,3,0.0003911342894393742,3.310690584080432e-05,0.006909677110233609,1
377330,Close Your Eyes [Old Version],3,0.0003911342894393742,3.630164694913291e-06,0.0068925728392802985,0
18480,Mata Hari,3,0.0003911342894393742,4.3688820134438544e-05,0.006915737269451295,1
412620,CropDuster Supreme,3,0.0003911342894393742,1.08346102630673e-05,0.006896913623400609,0
830980,Doodle Date,3,0.0003911342894393742,1.4777910398731975e-05,0.006899182760310862,0
319760,Oh My Gore!,3,0.0003911342894393742,7.847047414960021e-06,0.006895056745021606,1
687830,Transparent Black,3,0.0003911342894393742,4.0576833407002025e-07,0.006890686123002132,0
757180,Wolf & Rabbit,3,0.0003911342894393742,4.0576833407002025e-07,0.006890686123002106,0
33130,Zombie Shooter,3,0.0003911342894393742,1.897806256591995e-05,0.00690149923205629,1
45450,Fortix 2,3,0.0003911342894393742,1.423973708649596e-06,0.0068913637155305785,2
716040,Hide and go boom,3,0.0003911342894393742,1.8511632654021113e-05,0.006901670262174617,1
11130,Sherlock Holmes: The Mystery of the Mummy,3,0.0003911342894393742,7.5717447530103345e-06,0.006895097165874846,1
563490,Earth Liberation,3,0.0003911342894393742,3.919639704422776e-06,0.0068928756657658736,114
773530,Magic Nations,3,0.0003911342894393742,3.055974728708725e-05,0.006908397541672088,1
458600,ZRoll,3,0.0003911342894393742,2.7303150981416547e-05,0.006906178188734178,1
721030,La Tale - Evolved,3,0.0003911342894393742,4.909007230888081e-06,0.006893335884026401,2
348910,Faerie Solitaire Harvest,3,0.0003911342894393742,3.8391559062101035e-05,0.006913977369959468,2
517810,Caesar™ IV,3,0.0003911342894393742,2.5979599174684545e-05,0.006905715658194577,0
845900,Awake: Episode One,3,0.0003911342894393742,1.0964322725179734e-05,0.006896984146598823,0
515570,UBERMOSH Vol.3,3,0.0003911342894393742,2.3132512447784027e-05,0.006904087165080055,2
290260,Sokobond,3,0.0003911342894393742,1.2587168460454826e-05,0.0068979289753756615,0
562730,MechDefender,3,0.0003911342894393742,5.568236800009354e-05,0.006921848937073836,1
388970,iZBOT,3,0.0003911342894393742,3.638714363296788e-05,0.0069109415960265175,1
836450,Heaven Will Be Mine,3,0.0003911342894393742,5.1692062121446254e-06,0.00689350094798444,0
686440,Hard Time,3,0.0003911342894393742,4.362639820355957e-05,0.006915465233871091,1
770460,The Dummy Experiment,3,0.0003911342894393742,2.0667786408991018e-05,0.0069031131157379945,0
220660,StarDrive,3,0.0003911342894393742,2.1836579959166868e-05,0.006903479590504182,0
559910,Terroir,3,0.0003911342894393742,7.753323873470827e-07,0.006890927880938503,2
422630,Metaverse Construction Kit,3,0.0003911342894393742,3.77563688317159e-05,0.006913394585914166,0
523740,Techwars: Global Conflict,3,0.0003911342894393742,3.6597320140474103e-06,0.006892591880318953,1
319280,Yatagarasu Attack on Cataclysm,3,0.0003911342894393742,3.217239042961857e-06,0.006892414196886233,0
673850,Neofeud,3,0.0003911342894393742,3.217239042961857e-06,0.006892414196886234,0
46370,Rig n Roll,3,0.0003911342894393742,5.3748874096041e-05,0.006921418272845408,1
317040,The Original Strife: Veteran Edition,3,0.0003911342894393742,8.292276682649967e-06,0.006895212363166468,2
758570,TOMORROW DON'T COME - Puzzling Depression,3,0.0003911342894393742,1.7580815031979387e-05,0.00690136044707544,0
387970,Clown House (Palyaço Evi),3,0.0003911342894393742,4.7379024969336286e-05,0.006917763877107574,1
594350,Attack Helicopter Dating Simulator,3,0.0003911342894393742,5.1335827312449656e-05,0.0069201511195787855,2
973700,Disassembly VR,3,0.0003911342894393742,2.9003721611034978e-05,0.006907402970854671,1
264730,Deadly 30,3,0.0003911342894393742,1.3130386591237914e-05,0.006898286272314562,0
661940,Regular Human Basketball,3,0.0003911342894393742,4.021282950530896e-05,0.006913383085963151,1
669320,Nation War:Chronicles | 国战:列国志传,3,0.0003911342894393742,7.1348398044434995e-06,0.00689481259663849,2
674960,Gods of the Fallen Land,3,0.0003911342894393742,9.23119176630687e-07,0.006891000477169858,0
501790,Unforeseen Incidents,3,0.0003911342894393742,4.2540529931998676e-05,0.00691451752563498,0
412290,The Dreamlord,3,0.0003911342894393742,6.817102172648961e-05,0.00692968934485131,1
613590,Dungeon Of Zaar - Open Beta,3,0.0003911342894393742,3.259526385338046e-05,0.00690893279219061,1
400180,Okhlos: Omega,3,0.0003911342894393742,7.116897330541292e-05,0.00693131265874567,2
718650,Driftland: The Magic Revival,3,0.0003911342894393742,5.37179843250136e-05,0.006921803598037606,0
291290,Motte Island,3,0.0003911342894393742,1.5305901047448856e-05,0.006899647518803959,2
346750,Merchant,3,0.0003911342894393742,2.9062444361232693e-05,0.006907709040480333,0
429700,Squirbs,3,0.0003911342894393742,1.286680107346809e-05,0.006898367438655154,2
380550,Incandescent,3,0.0003911342894393742,2.4998672797880405e-06,0.006892016422133081,0
459090,Masquerada: Songs and Shadows,3,0.0003911342894393742,1.938792076192983e-06,0.006891712324270265,0
264220,Mr. Bree+,3,0.0003911342894393742,1.1463450483979216e-05,0.006897409018883923,0
959890,Sister Travel,3,0.0003911342894393742,3.450883593548666e-05,0.0069113824585922525,0
458660,The Slimeking's Tower,3,0.0003911342894393742,8.777793056538488e-05,0.00694024796983825,1
304170,Kick-Ass 2,3,0.0003911342894393742,4.1155725706433824e-05,0.006913772811696076,0
332630,The Guilt and the Shadow,3,0.0003911342894393742,4.1155725706433824e-05,0.006913772811696079,0
923840,侠隐行录：困境疑云Wuxia archive: Crisis escape,3,0.0003911342894393742,1.618525568144396e-05,0.006900136460384248,0
259980,YOU DON'T KNOW JACK Vol. 4 The Ride,3,0.0003911342894393742,4.2921953770320864e-05,0.006914903241148882,0
420950,Time Tenshi,3,0.0003911342894393742,7.4121546547754595e-06,0.00689494111547912,4
427570,Dawn of Andromeda,3,0.0003911342894393742,3.804795675193678e-06,0.006892749870573628,0
417200,Make Sail,3,0.0003911342894393742,2.480719779135376e-05,0.006905126912000761,1
418940,Waba,3,0.0003911342894393742,2.2118294915093045e-06,0.006891809096362767,6
691630,STELLATUM,3,0.0003911342894393742,1.7314871457309282e-06,0.006891424798405167,0
311140,The Stalin Subway,3,0.0003911342894393742,3.6169907817964016e-05,0.0069117243069353835,1
448000,Sparkle ZERO,3,0.0003911342894393742,1.432672977589979e-05,0.006899033533899142,1
503550,DYE,3,0.0003911342894393742,1.2555572356892306e-06,0.00689125058982609,0
945890,Hentai no Hero,3,0.0003911342894393742,7.800887896654072e-05,0.006934860428971458,1
657690,The Caribbean Sail,3,0.0003911342894393742,8.349731517200032e-05,0.006939163742348646,1
491420,the 9th day:第九日,3,0.0003911342894393742,9.334255204247355e-06,0.006896026164196697,0
490080,Lock's Quest,3,0.0003911342894393742,3.605454274141855e-05,0.0069119664387360434,2
568200,Duo,3,0.0003911342894393742,3.6769161491604445e-06,0.0068926919193805095,0
701730,Yi and the Thousand Moons,3,0.0003911342894393742,6.357018803331603e-05,0.006926846185778341,1
882620,Zeon 25,3,0.0003911342894393742,2.397555698317371e-05,0.006905112942743318,0
31880,Nancy Drew®: Secret of the Old Clock,2,0.0002607561929595828,3.193290548210934e-08,0.006888923098929894,111
525620,Octogeddon,2,0.0002607561929595828,5.118352610480903e-06,0.0068919561921769335,1
574030,Score a goal (Physical football),2,0.0002607561929595828,6.771368142611342e-08,0.006888957560144116,3
361690,STAR WARS™ X-Wing vs TIE Fighter - Balance of Power Campaigns™,2,0.0002607561929595828,8.022816214748017e-05,0.006934051459131307,1
954270,LOGistICAL 2,2,0.0002607561929595828,5.9071045947259006e-06,0.006892480175300482,2
392450,Silver Creek Falls: Chapter 1,2,0.0002607561929595828,1.9761942713934086e-05,0.006900391449431263,2
223730,Fly'N,2,0.0002607561929595828,2.0788455363133442e-05,0.0069014991260396225,0
912370,Mahjong Club,2,0.0002607561929595828,6.747293043950106e-06,0.006893190291755767,2
746560,Gadgeteer,2,0.0002607561929595828,4.5025484117671256e-08,0.0068889438589528175,0
765880,The Occupation,2,0.0002607561929595828,1.370069588349872e-05,0.006896854445303264,0
94590,Puzzle Agent 2,2,0.0002607561929595828,9.648896742734111e-07,0.006889551816421065,2
523640,The Works of Mercy,2,0.0002607561929595828,7.74541365087195e-06,0.006893701173505212,2
467950,Survive in Space,2,0.0002607561929595828,3.816651602076819e-05,0.006910948653554302,1
705740,Car Demolition Clicker,2,0.0002607561929595828,9.864705335300791e-24,0.006888903920091073,77
448160,WOLFLAME,2,0.0002607561929595828,3.267766356033457e-07,0.006889128413984556,0
533340,Captivity,2,0.0002607561929595828,2.4459232178726725e-05,0.006903523827513883,2
654690,Bermuda - Lost Survival,2,0.0002607561929595828,9.344326561306153e-05,0.006941920893129629,1
548840,A Rose in the Twilight / ロゼと黄昏の古城,2,0.0002607561929595828,2.8025993710708188e-05,0.006905250123786418,1
844210,Titty Crush,2,0.0002607561929595828,1.976618020083611e-05,0.006900779716152993,1
611120,IKEA VR Pancake Kitchen,2,0.0002607561929595828,3.202077979294157e-05,0.0069075445207412,1
853500,Quarantine Circular,2,0.0002607561929595828,6.168958783849729e-07,0.006889325647568436,2
856610,Beacon,2,0.0002607561929595828,1.022125912963494e-05,0.006895345745191204,0
598440,Roots of Insanity,2,0.0002607561929595828,3.60362292690337e-07,0.006889166478017078,0
952950,03.04,2,0.0002607561929595828,3.60362292690337e-07,0.006889166478017066,0
620800,Big Hit VR Baseball,2,0.0002607561929595828,8.682103393432207e-06,0.006893968189276691,1
841210,WW Fantasy,2,0.0002607561929595828,1.0843198365888056e-05,0.006895453665647688,0
800120,Lonely Yuri,2,0.0002607561929595828,2.0184638637480967e-06,0.006890120454334657,0
710760,High Noon VR,2,0.0002607561929595828,1.1236989213680963e-06,0.006889599655362855,2
835600,Techwars Deathmatch,2,0.0002607561929595828,2.167686194701661e-05,0.006901871839069802,1
762560,ManaRocks,2,0.0002607561929595828,3.387483145833538e-05,0.006908097911731889,2
381870,Koala Kids,2,0.0002607561929595828,1.8634458893415697e-05,0.006900145447245858,1
504490,The God's Chain,2,0.0002607561929595828,3.9489788763179684e-05,0.006911577071236614,1
306410,Crystals of Time,2,0.0002607561929595828,3.613293197962837e-06,0.00689116007993082,2
580040,Formata,2,0.0002607561929595828,1.3796477390352858e-05,0.006897076718997447,1
824470,My Maid Girlfriend,2,0.0002607561929595828,8.876287368268614e-05,0.006939686033526479,1
654100,Rival Megagun,2,0.0002607561929595828,4.650730597353318e-06,0.00689175745060934,2
9850,Codename: Panzers - Cold War,2,0.0002607561929595828,2.7586523544927673e-05,0.006904981305863357,1
545040,Feather,2,0.0002607561929595828,5.255905699558862e-06,0.006892050752724093,1
32620,Delta Force,2,0.0002607561929595828,1.9995437454619408e-05,0.006900775176233638,83
275530,Z,2,0.0002607561929595828,7.355630045771315e-07,0.00688938355422907,83
851820,Boxes Inc.,2,0.0002607561929595828,5.4738505509356634e-05,0.0069197414217424666,1
745370,Purple Heart,2,0.0002607561929595828,5.740572566534132e-05,0.0069214199189447136,1
658160,ClickRaid,2,0.0002607561929595828,1.863429240221065e-05,0.0068999318640211955,80
844920,Fortissimo FA,2,0.0002607561929595828,1.4003945979046176e-05,0.006897174129494588,0
987820,CHRONO,2,0.0002607561929595828,3.170054357993337e-05,0.006906856677127425,2
619310,Ways of History,2,0.0002607561929595828,2.1752065397334528e-05,0.006901854666272402,0
928970,Lost Frontier,2,0.0002607561929595828,7.267570227097949e-06,0.00689318572352227,0
1013540,Evospace,2,0.0002607561929595828,2.3282859125948146e-05,0.0069031536942427175,0
108700,Death Rally,2,0.0002607561929595828,1.088506605457542e-05,0.006895480200262325,1
738920,Sexy Serial Killer,2,0.0002607561929595828,2.8253347061769408e-05,0.006905850882405717,1
741500,"John, The Zombie",2,0.0002607561929595828,2.5258699418046646e-05,0.006904067681228814,1
350110,TransOcean 2: Rivals,2,0.0002607561929595828,2.38884973467573e-07,0.006889070979548547,2
640970,In Game Adventure: Legend of Monsters,2,0.0002607561929595828,6.448330543584663e-06,0.006892724539573856,0
688770,TETRUX: Online,2,0.0002607561929595828,0.00010104510460097593,0.006946773790536361,1
789100,My Little Farmies,2,0.0002607561929595828,1.4567660346984862e-07,0.006889014126163309,2
429530,Falcon 4.0,2,0.0002607561929595828,4.28714296420613e-05,0.00691484990251422,0
308440,Pushcat,2,0.0002607561929595828,3.917382455114639e-08,0.006888943175336537,2
516600,Bai Qu · 百曲,2,0.0002607561929595828,1.1806151788638884e-05,0.006896283042949445,0
905300,Daytona Racing,2,0.0002607561929595828,1.3795191317006965e-05,0.006896678546801412,1
561190,Bamboo EP,2,0.0002607561929595828,4.300851399134677e-05,0.006914632940086205,2
267670,Realms of Arkania 1 - Blade of Destiny Classic,2,0.0002607561929595828,3.263154215423562e-05,0.00690769994810526,0
682970,MineFight,2,0.0002607561929595828,3.779077522340772e-05,0.006910348473808332,1
504310,The Cooking Game,2,0.0002607561929595828,3.23450144088062e-06,0.006890788727958234,1
360730,Cards and Castles,2,0.0002607561929595828,5.429468288929124e-06,0.006891907690951243,1
485310,Head Shot,2,0.0002607561929595828,1.6882116341735276e-05,0.006898993752169727,1
676440,Trash Squad,2,0.0002607561929595828,6.075401683604197e-06,0.006892431509531894,0
444940,UBERMOSH:BLACK,2,0.0002607561929595828,4.5101975246600545e-05,0.006914315944991214,1
913010,Your Dry Delight,2,0.0002607561929595828,1.2767737245874585e-05,0.0068965266932237285,0
505750,Trimmer Tycoon,2,0.0002607561929595828,2.514476517515747e-05,0.006903626664931117,1
357940,Telepath Tactics,2,0.0002607561929595828,5.74952523263513e-06,0.006892637486318605,0
447850,The Next Door,2,0.0002607561929595828,1.6554235010470656e-05,0.006899079784771093,0
755890,Pipes!,2,0.0002607561929595828,2.730898864973982e-07,0.006889074118177621,2
760550,KAKUSANKIBOU / 扩散希望,2,0.0002607561929595828,1.7247612752038104e-05,0.006899812318825203,0
844160,Chocolate makes you happy 5,2,0.0002607561929595828,3.04332480289772e-05,0.006906289313759356,1
934850,Cyberdrome,2,0.0002607561929595828,4.552552983788037e-05,0.006915316844275712,2
388340,Super Hipster Lumberjack,2,0.0002607561929595828,1.619922846038146e-05,0.006898809190148472,0
815450,Cardinal Cross,2,0.0002607561929595828,4.422680346881974e-07,0.006889236054818017,0
958280,宣夜 Float Night,2,0.0002607561929595828,8.1247849376551e-06,0.006893780999390903,1
681490,dontbegrey,2,0.0002607561929595828,1.3728054952168488e-05,0.006896865652297503,1
572160,Golf for Workgroups,2,0.0002607561929595828,1.864750245362238e-05,0.006899802827863382,0
585550,FEMINAZI: The Triggering,2,0.0002607561929595828,0.00010996655844372916,0.0069523682760318,2
373330,All Is Dust,2,0.0002607561929595828,1.4770798123955276e-05,0.006897697056477222,1
384010,Castles,2,0.0002607561929595828,1.203956686103357e-05,0.00689617355195273,0
856600,Fur the Game,2,0.0002607561929595828,4.999298470784224e-07,0.006889202838677328,1
1016720,Save Koch,2,0.0002607561929595828,5.307080720074694e-06,0.006892228873624606,1
652660,ESport Manager,2,0.0002607561929595828,2.5424827757072842e-05,0.006903788858444667,1
508730,Painted Legend,2,0.0002607561929595828,6.163315614525467e-06,0.006892810306836251,1
910630,Arcade Spirits,2,0.0002607561929595828,1.696746296434226e-05,0.0069002456662034155,0
438450,3DF Zephyr Lite Steam Edition,2,0.0002607561929595828,1.1139342316427108e-06,0.006889603454844993,5
712870,Vectorium,2,0.0002607561929595828,4.1842163501420956e-05,0.006913522300213271,0
733800,Frosty Nights,2,0.0002607561929595828,5.814864250862941e-06,0.006892473475327442,1
50000,Nimbus,2,0.0002607561929595828,1.0806419793484631e-05,0.006895763416535887,0
745740,Reflex,2,0.0002607561929595828,3.015887957544615e-05,0.006906605385525748,1
316320,Disney•Pixar Cars Toon: Mater's Tall Tales,2,0.0002607561929595828,3.100213972642687e-05,0.00690686608398854,1
525700,Birthdays the Beginning / バースデイズ・ザ・ビギニング,2,0.0002607561929595828,7.790714677472587e-06,0.006893575369028935,2
303430,Roundabout,2,0.0002607561929595828,1.262609891451049e-05,0.006896686417240355,0
253510,WARMACHINE: Tactics,2,0.0002607561929595828,3.8901104662028027e-07,0.006889169466228183,0
345480,Lumo,2,0.0002607561929595828,1.7191442461649363e-05,0.006899228174544084,0
490370,Imperium Galactica II,2,0.0002607561929595828,5.069620049699931e-06,0.0068921361718617,0
713220,Mass O' Kyzt,2,0.0002607561929595828,1.262609891451049e-05,0.006896686417240334,0
771840,Royal Casino: Video Poker,2,0.0002607561929595828,1.543369183660603e-05,0.0068979043298018905,1
294830,RECYCLE,2,0.0002607561929595828,1.4162332106417017e-05,0.006897364591311385,1
454350,Days of War,2,0.0002607561929595828,7.722176612229598e-07,0.006889376794671368,0
714800,Maitetsu,2,0.0002607561929595828,3.1131856852933637e-06,0.00689064364671496,1
24400,King Arthur - The Role-playing Wargame,2,0.0002607561929595828,8.390387016847458e-06,0.006894183786491478,0
871570,Summer Memory of Bell · 忆夏之铃,2,0.0002607561929595828,1.2575299632976609e-05,0.006896320477738976,0
741990,Wild Animal Sports Day,2,0.0002607561929595828,4.035229549586779e-05,0.0069117800607527225,1
386520,Champion of the Gods,2,0.0002607561929595828,4.691355293558499e-05,0.006916164540265657,1
434290,Typefighters (Steam Edition),2,0.0002607561929595828,6.015656697597167e-05,0.006923471582899401,0
870110,The Monsters' History Book,2,0.0002607561929595828,8.430383682935006e-06,0.006894011106794577,0
659900,Aetherspace,2,0.0002607561929595828,2.6925965948997933e-05,0.0069054204657462955,0
958050,1001st Hyper Tower,2,0.0002607561929595828,1.6819718694306758e-05,0.006898749350559245,2
234490,Rush Bros.,2,0.0002607561929595828,7.549941740040122e-06,0.006893497172792413,2
930010,Wallpaper Builder,2,0.0002607561929595828,1.5193519743632164e-05,0.006897468068305358,1
6870,Battlestations: Midway,2,0.0002607561929595828,2.9327299987228528e-05,0.006906753616038561,2
206690,iBomber Defense Pacific,2,0.0002607561929595828,5.148841067949091e-06,0.006892241519513185,0
340320,Sinless + OST,2,0.0002607561929595828,1.5528228145622998e-06,0.0068899425287805675,0
444970,SPATIAL SOUND CARD,2,0.0002607561929595828,2.4988133593994196e-06,0.006890390114272571,133
58560,Runaway: A Twist of Fate,2,0.0002607561929595828,2.48105717560211e-05,0.006903536543738091,1
680700,OK K.O.! Let’s Play Heroes,2,0.0002607561929595828,2.4003211767634997e-05,0.006903573979151251,0
426690,Narcissu 10th Anniversary Anthology Project,2,0.0002607561929595828,9.410874904938429e-06,0.00689449501831003,0
728990,Pixel Car,2,0.0002607561929595828,5.451598360336456e-05,0.006919583711999208,1
428860,Red Haze,2,0.0002607561929595828,1.2235281555586321e-05,0.0068960139053509725,0
256010,Jagged Alliance Flashback,2,0.0002607561929595828,9.276560443130583e-06,0.006894359795402506,0
429280,Gems of the Aztecs,2,0.0002607561929595828,2.5874730718570315e-05,0.00690346270674293,1
701440,Phantom Jump,2,0.0002607561929595828,4.4286623477911935e-06,0.006891491375358461,1
395860,The Last Dream: Developer's Edition,2,0.0002607561929595828,1.3578953477338277e-08,0.0068889137095785955,51
473470,Purgatory,2,0.0002607561929595828,2.6641668172570178e-05,0.0069044265688519455,1
750470,War Brokers,2,0.0002607561929595828,2.5382239352863788e-05,0.006903668766927635,1
520990,Barrow Hill: The Dark Path,2,0.0002607561929595828,3.64459554462804e-07,0.006889147874284843,0
477130,Surge,2,0.0002607561929595828,3.1340168168471634e-06,0.006890902872629657,2
588160,Pizza Connection 3,2,0.0002607561929595828,2.5760797183739462e-05,0.0069044867107769916,1
360150,How To Survive: Third Person Standalone,2,0.0002607561929595828,3.4070079409383255e-05,0.0069086843598633995,1
4530,Full Spectrum Warrior: Ten Hammers,2,0.0002607561929595828,3.045777772509748e-06,0.006890761920842639,1
70200,Governor of Poker 2,2,0.0002607561929595828,2.737869760246971e-06,0.006890564506351854,1
265670,Imagine Me,2,0.0002607561929595828,1.6343784250701106e-05,0.006898840939160429,1
605990,Heart's Medicine - Hospital Heat,2,0.0002607561929595828,9.006660091756419e-05,0.006940713560369907,0
907820,Aeon of Sands - The Trail,2,0.0002607561929595828,2.9802242401923713e-08,0.006888925289029253,2
613470,The Inner World - The Last Wind Monk,2,0.0002607561929595828,2.9802242401923713e-08,0.006888925289029247,2
405780,Alpha Polaris : A Horror Adventure Game,2,0.0002607561929595828,5.304545628617048e-06,0.006892108253473522,1
793630,GROOD,2,0.0002607561929595828,7.236030909471496e-07,0.0068893856343519,0
46520,Wasteland Angel,2,0.0002607561929595828,8.589740473936548e-06,0.0068942372126032875,0
758080,BloodLust 2: Nemesis,2,0.0002607561929595828,8.739418592584865e-06,0.006893967219758276,35
698110,Reficul VR,2,0.0002607561929595828,5.964526543202665e-08,0.0068889389474185575,1
671720,Robin,2,0.0002607561929595828,2.8185014445512234e-07,0.006889105351705761,0
1011990,Dies irae ~Interview with Kaziklu Bey~,2,0.0002607561929595828,7.355068344551565e-06,0.0068933316163731625,0
270510,EPOCH,2,0.0002607561929595828,3.816988902214605e-05,0.006910974916203419,37
356180,Time Machine VR,2,0.0002607561929595828,5.964526543202665e-08,0.006888938947418548,1
865270,LIBRARY,2,0.0002607561929595828,4.1767837034521625e-05,0.006913210058729664,1
617820,7 days with Death,2,0.0002607561929595828,1.6145004114737289e-06,0.006889992784198532,0
554150,Frequent Flyer,2,0.0002607561929595828,4.339935723832516e-05,0.006913514482496012,1
321160,Timber Tennis: Versus,2,0.0002607561929595828,4.481904188917821e-06,0.006891527774960048,1
431750,Iron Sea Defenders,2,0.0002607561929595828,5.684872777429714e-06,0.006892214455660377,0
837400,Fated Kingdom,2,0.0002607561929595828,3.557480854815157e-05,0.006909959970046866,2
844750,Go-Kart Racing,2,0.0002607561929595828,5.217748981771987e-06,0.0068920041984387,0
444260,Mindless Running,2,0.0002607561929595828,1.0923151667678376e-05,0.006895602754076765,2
337930,Nameless ~The one thing you must recall~,2,0.0002607561929595828,1.868890273074592e-05,0.0069001801345565895,1
410970,Master of Orion 1,2,0.0002607561929595828,1.2679237832688512e-05,0.006896461628958458,0
33650,Puzzler World,2,0.0002607561929595828,1.9280559875749158e-08,0.006888917509730776,21
724430,Knights Hunt,2,0.0002607561929595828,1.9280559875749158e-08,0.006888917509730782,21
272620,Serious Sam's Bogus Detour,2,0.0002607561929595828,1.4607559104392302e-06,0.0068899174395151965,0
213350,MDK2 HD,2,0.0002607561929595828,1.642955558391768e-05,0.0068990573586066506,0
1048830,Horse Riding Tales,2,0.0002607561929595828,4.3892789411443465e-06,0.006891569588188315,1
1060300,Homeless Simulator,2,0.0002607561929595828,9.232083016899299e-07,0.0068894590082018824,1
1045010,Россия 2019,2,0.0002607561929595828,2.092252214257903e-05,0.006901255240951771,0
294750,Anomaly Defenders,2,0.0002607561929595828,3.4537741109570495e-07,0.006889130879088717,2
521350,Use Your Words,2,0.0002607561929595828,5.4238079114568004e-05,0.006919932888212332,1
345620,The Labyrinth of Grisaia,2,0.0002607561929595828,1.670581410479658e-05,0.006899305062503157,0
615090,Royal Offense,2,0.0002607561929595828,1.574452307953198e-07,0.006888995708556973,40
737880,RIFF VR,2,0.0002607561929595828,7.290310519026791e-08,0.0068889477118977745,2
679470,Solenars Edge Rebirth,2,0.0002607561929595828,7.290310519026791e-08,0.006888947711897788,2
345440,Vapour,2,0.0002607561929595828,8.788306409290887e-07,0.006889451734640272,2
693790,Crypt Hunter,2,0.0002607561929595828,1.6611503384065965e-05,0.006898527481715499,1
585450,Shadows: Awakening,2,0.0002607561929595828,1.4366374980513552e-05,0.0068979200542357705,0
622170,Offensive Combat: Redux!,2,0.0002607561929595828,3.9899138688276016e-07,0.006889162401319521,0
553340,SolarGun,2,0.0002607561929595828,2.0644311178828918e-05,0.006900951443507209,1
691150,Saku Saku: Love Blooms with the Cherry Blossoms,2,0.0002607561929595828,6.591089490689368e-05,0.006926631727570622,1
340960,Pulsen,2,0.0002607561929595828,7.625022817670103e-06,0.0068935354712853295,0
443980,Burokku Girls,2,0.0002607561929595828,9.864705335300791e-24,0.0068889039200910746,0
402880,Age of Barbarian Extended Cut,2,0.0002607561929595828,9.864705335300791e-24,0.006888903920091073,0
345230,The Dark Inside Me,2,0.0002607561929595828,9.864705335300791e-24,0.006888903920091073,0
960190,Maytroid. I swear it's a nice game too,2,0.0002607561929595828,4.1977404021503246e-05,0.006912835303769547,1
363490,Escape Machines,2,0.0002607561929595828,4.300865921153916e-05,0.006914569530986442,0
503770,Elven Assassin,2,0.0002607561929595828,1.6150801095241245e-06,0.006889924742439521,102
853620,Stickman in the Portal,2,0.0002607561929595828,3.7855863694036554e-05,0.006911623714148171,2
831090,OS:Path,2,0.0002607561929595828,1.336218213305436e-06,0.006889742501450344,0
32660,Delta Force: Xtreme,2,0.0002607561929595828,3.873968483967332e-05,0.006911469912710215,1
451920,Thorne - Death Merchants,2,0.0002607561929595828,2.0378588870695482e-05,0.006901394313210021,0
744520,NEKO-NIN exHeart +PLUS Nachi,2,0.0002607561929595828,3.398830452771796e-05,0.006908247565197063,1
671170,Great eSports Manager,2,0.0002607561929595828,1.013434040381827e-05,0.006894924489887013,1
283040,Paper Dungeons,2,0.0002607561929595828,1.3892452105849189e-06,0.006889793558429151,0
260410,Get Off My Lawn!,2,0.0002607561929595828,2.9223578708608574e-06,0.006890726224167332,0
477730,Eador. Imperium,2,0.0002607561929595828,6.43832638551399e-07,0.006889366484854599,2
34600,Order of War™,2,0.0002607561929595828,2.497711717946944e-05,0.00690382978388133,0
640090,Zarya-1: Mystery on the Moon,2,0.0002607561929595828,1.4226191460182243e-05,0.006897418654770543,1
568910,Ambition of the Slimes,2,0.0002607561929595828,1.1556892661327947e-05,0.006895758661917484,2
562700,Paintball 707,2,0.0002607561929595828,1.003747174406792e-05,0.006895094279913242,2
1016250,100$,2,0.0002607561929595828,1.7070055256790538e-05,0.006898766351452283,1
365890,Heroes of Normandie,2,0.0002607561929595828,1.299915337259814e-07,0.0068889940560157145,2
398840,War of Beach,2,0.0002607561929595828,9.981267369959528e-06,0.006894921513713169,1
384280,Mute Crimson+,2,0.0002607561929595828,5.605286763959816e-07,0.006889258592527842,0
701040,CometStriker,2,0.0002607561929595828,5.605286763959816e-07,0.006889258592527846,0
612740,Bokida - Heartfelt Reunion,2,0.0002607561929595828,4.077068095792301e-07,0.0068891671960503425,0
815000,Tardy,2,0.0002607561929595828,3.006052453113802e-05,0.006906570353135094,0
652150,Oats Studios - Volume 1 Assets,2,0.0002607561929595828,9.412608072331861e-07,0.006889475220822923,1
263680,Unearthed: Trail of Ibn Battuta - Episode 1 - Gold Edition,2,0.0002607561929595828,2.6880532866659812e-06,0.0068906081403815695,0
567580,Duke of Alpha Centauri,2,0.0002607561929595828,4.8224586329737455e-06,0.006891855890686511,0
318650,SunAge: Battle for Elysium,2,0.0002607561929595828,1.1650690787076314e-05,0.006895977265150546,1
709840,Bloody Glimpse,2,0.0002607561929595828,3.868461021426589e-05,0.006910617854354915,1
966720,Pumped BMX Pro,2,0.0002607561929595828,3.2725923296009227e-06,0.006890852076187246,1
794490,Journey Of Life,2,0.0002607561929595828,3.4899092124813323e-07,0.006889113480602228,1
931700,Shooting Hurts,2,0.0002607561929595828,3.362336301478714e-05,0.006908058056915636,1
528510,Turbo Pug 3D,2,0.0002607561929595828,5.364603808254897e-06,0.006892312497142005,2
347520,Legends of Atlantis: Exodus,2,0.0002607561929595828,1.8803760714127144e-05,0.006900243685173343,1
871550,Chicken Rider,2,0.0002607561929595828,2.7645197459070884e-05,0.0069048863772341726,1
305960,Dragon: The Game,2,0.0002607561929595828,1.0374650246393491e-06,0.006889549997935499,1
275350,Sentinel 3: Homeworld,2,0.0002607561929595828,4.278225181474006e-05,0.006915050039964942,0
511800,ONRAID,2,0.0002607561929595828,9.685867278208205e-09,0.006888911236028157,0
411480,BATTLECREW™ Space Pirates,2,0.0002607561929595828,9.685867278208205e-09,0.006888911236028148,0
32680,Delta Force — Black Hawk Down: Team Sabre,2,0.0002607561929595828,1.1825700787443777e-05,0.0068960730447601955,0
754160,Defenders of Tetsoidea Academy,2,0.0002607561929595828,1.0254208303703708e-06,0.006889524127932595,1
590370,Tiny Troopers 2,2,0.0002607561929595828,8.789717988779138e-07,0.006889468399706329,0
861930,Kidz,2,0.0002607561929595828,1.0006525158935393e-06,0.006889549017680618,0
1002,Rag Doll Kung Fu,2,0.0002607561929595828,2.526263050979472e-05,0.006903564239524455,1
577270,VR Aquarium -雅-,2,0.0002607561929595828,5.100282949145083e-05,0.006918040786785008,0
463170,Jagged Alliance: Rage!,2,0.0002607561929595828,3.088253617661622e-05,0.006907297889570877,1
269330,Chronology,2,0.0002607561929595828,1.6274957711683756e-06,0.006889969635277477,2
432980,INVERSUS Deluxe,2,0.0002607561929595828,3.720004272660353e-05,0.006910222248494489,2
557190,BuildMoreCubes,2,0.0002607561929595828,2.526191545201403e-05,0.006903563816189877,1
259960,YOU DON'T KNOW JACK Vol. 3,2,0.0002607561929595828,2.239537189374031e-05,0.006902397562956684,1
356290,Cuban Missile Crisis: Ice Crusade,2,0.0002607561929595828,1.8017650429055305e-08,0.006888915688706499,5
705810,Wuxing Master(CCG),2,0.0002607561929595828,2.30448729742483e-07,0.006889052453039995,0
379600,Diner Mania,2,0.0002607561929595828,7.84648829589751e-06,0.006893564774024877,1
333730,Dark Gates,2,0.0002607561929595828,1.0442543061541804e-05,0.0068949046521812425,0
462100,Starr Mazer: DSP,2,0.0002607561929595828,1.0442543061541804e-05,0.006894904652181238,0
566700,Eye in the Sky,2,0.0002607561929595828,1.244329016762489e-07,0.006888982166644868,85
597030,Aircraft Evolution,2,0.0002607561929595828,1.446342338626792e-05,0.006897615922838092,1
929060,Road to Eden,2,0.0002607561929595828,1.5968534510984017e-06,0.006889946598813595,1
297920,Space Colony: Steam Edition,2,0.0002607561929595828,2.189047378030147e-05,0.006902249542676469,1
926370,Home Security,2,0.0002607561929595828,2.2580455222871846e-05,0.006902427067032113,0
623320,Button Button,2,0.0002607561929595828,2.6985568719417958e-05,0.006904949133569578,0
1010240,Changeling,2,0.0002607561929595828,1.645662991448287e-06,0.006890051505963218,0
814300,Pigeons Attack,2,0.0002607561929595828,2.063841123770607e-06,0.006890144711985647,0
368610,The Enchanted Cave 2,2,0.0002607561929595828,2.934592145118019e-06,0.006890762582166083,0
794190,Football Russian 20!8,2,0.0002607561929595828,4.988820966620651e-06,0.006891997796560379,0
378630,Shadows on the Vatican Act II: Wrath,2,0.0002607561929595828,3.993178739604099e-06,0.006891608660438865,0
330370,Reload,2,0.0002607561929595828,3.993178739604099e-06,0.006891608660438853,0
657280,Rytmik Studio,2,0.0002607561929595828,5.017164430732491e-05,0.006917598482021542,0
259450,Drifter,2,0.0002607561929595828,1.9748581180903097e-05,0.006900665914604328,1
448020,Share,2,0.0002607561929595828,1.4326651920844083e-05,0.006897201088936332,1
590530,World Builder,2,0.0002607561929595828,3.811666613509888e-05,0.006911546480831264,0
105300,Critical Mass,2,0.0002607561929595828,2.9822273067844185e-05,0.006906795635657682,0
332410,Moonchild,2,0.0002607561929595828,9.10815525427168e-09,0.006888913650908916,2
424170,The fall of gods,2,0.0002607561929595828,9.10815525427168e-09,0.006888913650908918,2
385070,Atonement: Scourge of Time,2,0.0002607561929595828,7.048023388868452e-05,0.006929507811209226,1
876200,Laserium,2,0.0002607561929595828,6.0768293907802635e-05,0.006924519883315649,2
839420,Krampus is Home,2,0.0002607561929595828,8.567228854007748e-05,0.006937048219386102,1
359280,Heroes of Loot,2,0.0002607561929595828,7.536833943871292e-07,0.00688937554066621,1
338320,Pixel Heroes: Byte & Magic,2,0.0002607561929595828,7.536833943871292e-07,0.006889375540666212,1
394850,Square Brawl,2,0.0002607561929595828,4.742839087534573e-06,0.006891796438455052,1
294660,Putt-Putt® Saves The Zoo,2,0.0002607561929595828,2.1005507746341826e-07,0.006889042787151855,1
242780,Cognition: An Erica Reed Thriller,2,0.0002607561929595828,5.79398000542557e-06,0.006892549049013568,0
488660,Just Deserts,2,0.0002607561929595828,9.723781786371339e-06,0.006895036265155428,0
378110,Hack RUN,2,0.0002607561929595828,9.338153179388185e-06,0.006894627906845587,1
252750,MouseCraft,2,0.0002607561929595828,8.645549012295416e-06,0.006894403155614828,2
949050,Virtual Villagers Origins 2,2,0.0002607561929595828,1.8007601517703037e-05,0.006899400591373567,1
432310,Virtual Pool 4 Multiplayer,2,0.0002607561929595828,1.863362129036512e-05,0.006900398891018652,1
57200,Puzzle Dimension,2,0.0002607561929595828,3.152628987292895e-05,0.0069075694923217525,0
293740,Road Not Taken,2,0.0002607561929595828,4.456574483781706e-05,0.006915591342028534,0
517320,GunGirl 2,2,0.0002607561929595828,2.3812846832632624e-05,0.006903091335929866,2
11560,Maelstrom: The Battle for Earth Begins,2,0.0002607561929595828,3.355301477221942e-05,0.006907978432242691,1
415860,Tactical Craft Online,2,0.0002607561929595828,1.5801091651173875e-07,0.006888994675143872,1
1035800,Mistress of Maids: First Castle,2,0.0002607561929595828,1.9060535437957467e-07,0.006889020811237575,2
779330,Ninja Tycoon,2,0.0002607561929595828,1.6429189421509726e-05,0.006899056507932537,0
485240,Push For Emor,2,0.0002607561929595828,1.6429189421509726e-05,0.006899056507932532,0
415180,Fort Zombie,2,0.0002607561929595828,7.2119528104388845e-06,0.006893433296297249,0
668430,V-Racer Hoverbike,2,0.0002607561929595828,1.8678704722291484e-06,0.006890167406370866,0
945490,Little Square Things,2,0.0002607561929595828,3.7512547773979066e-06,0.0068912845749824325,2
533480,Academagia: The Making of Mages,2,0.0002607561929595828,2.847542766072899e-05,0.006905717747595289,2
99120,Yar's Revenge,2,0.0002607561929595828,8.529795024732826e-07,0.006889460774744088,2
340800,Unhack,2,0.0002607561929595828,5.149798219354987e-05,0.006918056302715558,1
422650,Megamagic: Wizards of the Neon Age,2,0.0002607561929595828,6.658870913390434e-05,0.006926597234295629,1
627910,Bubsy: The Woolies Strike Back,2,0.0002607561929595828,2.2117878682449826e-09,0.006888906047996447,2
498330,Cats are Liquid - A Light in the Shadows,2,0.0002607561929595828,2.2117878682449826e-09,0.0068889060479964395,2
226620,Desktop Dungeons,2,0.0002607561929595828,6.698932037131936e-05,0.006927281461045047,0
269370,Reaper - Tale of a Pale Swordsman,2,0.0002607561929595828,6.475136911122165e-06,0.006892918281396058,2
18470,Helldorado,2,0.0002607561929595828,1.337125644290492e-05,0.006897038898214516,0
563400,Ludu,2,0.0002607561929595828,2.0992905660110656e-05,0.006901422084031211,0
497850,8-Bit Hordes,2,0.0002607561929595828,3.7540540325619116e-05,0.006910813258873025,1
521130,Dots eXtreme,2,0.0002607561929595828,9.864705335300791e-24,0.006888903920091073,69
567210,Bunnyrama,2,0.0002607561929595828,9.864705335300791e-24,0.006888903920091073,69
562330,Dwarflings,2,0.0002607561929595828,9.864705335300791e-24,0.006888903920091073,69
271360,Industry Giant 2,2,0.0002607561929595828,1.8722908679435002e-05,0.006900206806488719,1
761460,Lamplight City,2,0.0002607561929595828,3.655945260510467e-05,0.0069111045905890555,0
391000,Farm Frenzy Collection,2,0.0002607561929595828,1.6030122506836538e-06,0.006889877442165273,0
852790,The Adventure of Magical Girl,2,0.0002607561929595828,9.864705335300791e-24,0.0068889039200910746,2
764430,The Legend of Bean,2,0.0002607561929595828,9.864705335300791e-24,0.006888903920091073,2
63200,Monday Night Combat,2,0.0002607561929595828,2.9888712340103668e-05,0.006906309302353873,1
40320,Rush for Berlin Gold,2,0.0002607561929595828,3.435610990708738e-05,0.006909179867201752,1
916320,Fair Deal: Las Vegas,2,0.0002607561929595828,7.224983099852668e-07,0.006889387961971134,2
508930,Mini Z Racers Turbo,2,0.0002607561929595828,1.868274161188308e-05,0.006900488061965772,0
741590,Hex Commander: Fantasy Heroes,2,0.0002607561929595828,1.5728508085462133e-05,0.00689850283655414,1
512270,Home - A VR Spacewalk,2,0.0002607561929595828,6.995085251346356e-05,0.006929815215826166,2
992730,Project Downfall,2,0.0002607561929595828,3.636261109259826e-05,0.006910165904496871,0
436500,Diaries of a Spaceport Janitor,2,0.0002607561929595828,2.9767724728274766e-05,0.006906373813098247,0
826180,EONIA,2,0.0002607561929595828,1.0389957387620474e-05,0.00689489211374184,1
887800,Snooker 19,2,0.0002607561929595828,5.600242042263462e-05,0.006920829927277937,1
485870,Super Duper Party Pooper,2,0.0002607561929595828,1.8097517146727408e-05,0.006899715629599286,1
358070,Earthtongue,2,0.0002607561929595828,4.194867213182851e-05,0.006913434234959175,0
577910,Ghost Blade HD,2,0.0002607561929595828,9.733152669347353e-07,0.0068895220015371406,0
618070,Jet Buster,2,0.0002607561929595828,9.733152669347353e-07,0.006889522001537138,0
948510,Monster Clicker : Idle Halloween Strategy,2,0.0002607561929595828,3.446541642161089e-06,0.006891076079906281,0
307170,Borealis,2,0.0002607561929595828,3.50774326829665e-09,0.006888908483980025,50
307130,Asteria,2,0.0002607561929595828,3.50774326829665e-09,0.006888908483980055,50
744400,TRATEL64,2,0.0002607561929595828,2.266704892016749e-05,0.006902181509901046,1
527710,Crown Champion: Legends of the Arena,2,0.0002607561929595828,5.36001218536026e-07,0.0068893006644830425,0
676090,Legend Of Mercy 神医魔导,2,0.0002607561929595828,2.030697161741313e-05,0.006901472096433541,0
568830,Witch of Ice Kingdom Ⅱ,2,0.0002607561929595828,9.864705335300791e-24,0.006888903920091073,2
685680,Sakura Gamer,2,0.0002607561929595828,8.73516810251478e-06,0.0068942015857699525,0
555450,Deus Ex: Breach™,2,0.0002607561929595828,1.4122141249623552e-06,0.006889799338525306,2
355970,Home is Where One Starts...,2,0.0002607561929595828,2.9780643346975138e-06,0.006890834422667716,5
376520,Kelvin and the Infamous Machine,2,0.0002607561929595828,4.479507547825386e-06,0.006891636154722192,0
859180,Monster Castle,2,0.0002607561929595828,1.5668453752917977e-06,0.006889889349680777,1
230980,Starseed Pilgrim,2,0.0002607561929595828,9.96890524030729e-06,0.006894494928834268,2
252830,Claire,2,0.0002607561929595828,2.7947479600975782e-06,0.006890705534514917,0
404070,Lords of New York,2,0.0002607561929595828,1.1397362656446697e-05,0.006896035730004816,0
613390,DUNGEONS OF CHAOS,2,0.0002607561929595828,3.0422938819093536e-06,0.006890758085169016,2
763930,Tally Ho,2,0.0002607561929595828,5.494182394002405e-06,0.006892318967226877,0
344860,Crystal Story II,2,0.0002607561929595828,3.876361346628194e-05,0.006911329643050464,0
410000,Chalo Chalo,2,0.0002607561929595828,9.581430675283053e-06,0.00689459715375844,2
269250,WORLD END ECONOMiCA episode.01,2,0.0002607561929595828,1.6604651365898656e-05,0.0068991108756586775,0
751500,TINY METAL,2,0.0002607561929595828,1.8454311625525958e-05,0.006899971431267367,0
840620,Geometry Boxer,2,0.0002607561929595828,1.4259188377940739e-05,0.0068976749035808286,0
871950,DERE EVIL .EXE,2,0.0002607561929595828,3.441489819843744e-05,0.006909780106917562,0
596870,Drop Hunt - Adventure Puzzle,2,0.0002607561929595828,3.39388535858264e-05,0.006908864208617155,0
504380,Detective Hayseed - Hollywood,2,0.0002607561929595828,8.699319352778753e-05,0.006938645072400879,1
778390,Corpse Party: Book of Shadows,2,0.0002607561929595828,1.3079670237589936e-07,0.006888990821012464,0
200230,Off-Road Drive,2,0.0002607561929595828,9.516731928950757e-06,0.006894363754985684,1
558780,Sonya: The Great Adventure,2,0.0002607561929595828,8.723210232790949e-07,0.006889485583610012,0
290970,1849,2,0.0002607561929595828,1.8225859989531447e-05,0.006899959434415856,0
295710,Darkwind: War on Wheels,2,0.0002607561929595828,1.9714287441709943e-07,0.00688902306377367,0
586380,VITATIO 2,2,0.0002607561929595828,6.580043731674518e-06,0.006892800534398748,1
286750,Zoo Empire,2,0.0002607561929595828,0.00010557863336726427,0.006949674907515921,0
458470,Grim Legends 3: The Dark City,2,0.0002607561929595828,9.864705335300791e-24,0.006888903920091073,17
397430,Zoombinis,2,0.0002607561929595828,9.864705335300791e-24,0.006888903920091073,17
567030,Under Leaves,2,0.0002607561929595828,9.864705335300791e-24,0.006888903920091073,17
708430,Kamikaze Cube,2,0.0002607561929595828,5.666366227570021e-05,0.006921673457476194,0
511660,Beachhead 2002,2,0.0002607561929595828,2.86512398979633e-05,0.006905627919400307,1
235900,RPG Maker XP,2,0.0002607561929595828,7.129315311599744e-06,0.006892963658334208,1
913160,茉莉之夏 Jasmine Summer,2,0.0002607561929595828,2.67592342725016e-07,0.006889079515017877,0
355630,Leo’s Fortune - HD Edition,2,0.0002607561929595828,2.1265197337787913e-05,0.006901570842702188,0
995170,Aim Trainer 3D,2,0.0002607561929595828,4.7263782025919266e-05,0.006915574796204747,1
853480,Pestis,2,0.0002607561929595828,1.72974461207862e-05,0.006899231228981993,1
237350,Frozen Cortex,2,0.0002607561929595828,1.1962802680257806e-06,0.006889726786663735,0
628890,NOBUNAGA'S AMBITION: Taishi / 信長の野望･大志,2,0.0002607561929595828,1.6456207510448145e-05,0.006898969494452275,1
374240,Eternal Step,2,0.0002607561929595828,3.639199086209201e-05,0.006910197667653444,1
748610,Airport Madness 3D: Volume 2,2,0.0002607561929595828,7.800832652922824e-06,0.006893394199888028,1
46770,Making History II: The War of the World,2,0.0002607561929595828,8.580713839415669e-05,0.006937975497043141,0
343690,Silicone-2,2,0.0002607561929595828,1.198375020348371e-05,0.006895710054057483,1
610680,Starway Fleet,2,0.0002607561929595828,1.8828799191708285e-05,0.006900629855432545,0
533580,Entangle,2,0.0002607561929595828,8.349004542440655e-06,0.006893891254663002,2
963450,The Eternal Castle [REMASTERED],2,0.0002607561929595828,6.029264940583813e-08,0.006888945484209845,0
317840,Dokuro,2,0.0002607561929595828,4.946713706318764e-06,0.006892118964951861,0
1051250,Try To Survive,2,0.0002607561929595828,5.862646360871902e-05,0.006922000389197433,1
606510,Grisaia Phantom Trigger Vol.1,2,0.0002607561929595828,1.4336043317730754e-06,0.006889826024624378,2
864610,Magic Realm: Online,2,0.0002607561929595828,3.050328115129818e-05,0.006906428674643488,1
312560,Xanadu Next,2,0.0002607561929595828,9.450043360443984e-08,0.006888968801164373,0
680480,ICY: Frostbite Edition,2,0.0002607561929595828,3.7406801060183755e-07,0.006889146192133014,0
826480,VR Benchmark Kanojo,2,0.0002607561929595828,3.386358095842494e-05,0.006907908002264262,1
696590,XXZ: XXL,2,0.0002607561929595828,1.693751379903154e-05,0.006899378506059645,0
903730,AXIOM SOCCER,2,0.0002607561929595828,2.26157148179697e-05,0.006902070889751556,1
522230,The Fishing Club 3D,2,0.0002607561929595828,1.2555583805346457e-05,0.006896363093514534,1
759260,Go All Out!,2,0.0002607561929595828,9.864705335300791e-24,0.0068889039200910746,77
617420,Animal Rivals,2,0.0002607561929595828,9.864705335300791e-24,0.006888903920091073,77
684270,Silicon Zeroes,2,0.0002607561929595828,5.3860603060240935e-05,0.006919786414639356,1
841350,NALOGI 2,2,0.0002607561929595828,4.454394748853696e-05,0.006914765223952602,2
833660,Grave Prosperity - part 1,2,0.0002607561929595828,1.5450867711686713e-05,0.006898159415907722,0
485370,Mad Combat Marines,2,0.0002607561929595828,8.87840580546787e-05,0.006939927591648862,0
364640,FreeCell Quest,1,0.0001303780964797914,1.632045350911253e-05,0.006896676841380036,1
920520,Sexy Jigsaw / Sexy Puzzle / 性感拼图,1,0.0001303780964797914,1.2535203258020702e-06,0.006888209198624305,2
915540,Aim Master,1,0.0001303780964797914,6.484163674698275e-10,0.0068873852516423435,133
314540,Paper Monsters Recut,1,0.0001303780964797914,1.216824629622857e-05,0.0068944559419975866,0
398460,Mooch,1,0.0001303780964797914,1.7576412184167725e-06,0.006888595485335069,0
281430,Clans,1,0.0001303780964797914,4.527183226212333e-06,0.006889937501880001,0
803080,Bad Day,1,0.0001303780964797914,2.8909283038586512e-08,0.00688740403799135,0
375290,Superstatic,1,0.0001303780964797914,1.0087253271505622e-05,0.006893089777557488,1
421740,Goetia,1,0.0001303780964797914,3.3308235984631904e-06,0.006889365710708379,1
286280,Steel Armor: Blaze of War,1,0.0001303780964797914,3.073381828324734e-07,0.0068875740412153615,1
565390,Hyperun,1,0.0001303780964797914,2.4420556423457006e-05,0.006901939250644725,2
858100,Grimshade,1,0.0001303780964797914,7.836786924862594e-06,0.006892225330911302,62
415840,Mystic Saga,1,0.0001303780964797914,2.697166154944158e-07,0.00688757364217952,0
62000,Flight Control HD,1,0.0001303780964797914,5.870302133581551e-06,0.006890918452571374,1
467930,SMASHING THE BATTLE,1,0.0001303780964797914,3.2380560344065453e-06,0.006889498566261756,2
730840,Burger Shop,1,0.0001303780964797914,1.1687059321395013e-07,0.006887455797203398,2
687590,Juniper's Knot,1,0.0001303780964797914,1.1994231419023977e-07,0.006887469937160916,0
603010,Chill,1,0.0001303780964797914,3.559796131814884e-08,0.006887407364399879,1
997700,瓶中精灵 - Fairy in a Jar,1,0.0001303780964797914,6.917398449690794e-07,0.006887824338970042,0
445770,Airport Madness 3D,1,0.0001303780964797914,4.006853363986197e-05,0.006910014699572715,1
494670,TransRoad: USA,1,0.0001303780964797914,6.8197439146461624e-06,0.00689140684673749,1
621880,Phoenix Dynasty 2,1,0.0001303780964797914,7.102466626909179e-08,0.006887431629748687,0
377360,Western Press,1,0.0001303780964797914,6.486287921574686e-10,0.006887385610241547,0
97130,Kohan II: Kings of War,1,0.0001303780964797914,1.1563998431105823e-06,0.006888170197745105,0
692100,Infliction,1,0.0001303780964797914,2.7763793332813993e-06,0.006888999405684195,0
564700,Scar of the Doll,1,0.0001303780964797914,1.2402636195618417e-06,0.006888226807490628,0
932330,Alchemia,1,0.0001303780964797914,2.8472601985008125e-06,0.006889077173580615,0
1026880,FIREGROUND,1,0.0001303780964797914,1.3784708066646542e-05,0.006895345183199635,1
620650,Puzzle With Your Friends,1,0.0001303780964797914,4.9062758659652685e-06,0.006890564456233585,0
299660,6180 the moon,1,0.0001303780964797914,5.03863290837563e-06,0.006890245936080969,0
485920,Neon Warp,1,0.0001303780964797914,1.5962440203654124e-07,0.006887504680804961,0
477270,Lightblade VR,1,0.0001303780964797914,1.999524644780342e-05,0.006899256074321834,1
46340,Theatre of War 2: Africa 1943,1,0.0001303780964797914,3.823467328759317e-06,0.006889735411990588,1
982450,Truth: Disorder III — Gemini / 真実：障害III - 双子座,1,0.0001303780964797914,4.932851702509385e-05,0.0069155371242319566,0
1020410,Narco Strike,1,0.0001303780964797914,6.522687768035022e-06,0.0068911313565919105,1
845210,Sim Racing Telemetry,1,0.0001303780964797914,8.833437491527463e-06,0.006892512815979455,1
373750,DinoSystem,1,0.0001303780964797914,1.5499102580703767e-05,0.006896344765149283,1
681530,NOISZ,1,0.0001303780964797914,8.197870527599462e-08,0.006887440803297805,0
352120,Fair Strike,1,0.0001303780964797914,2.677114466203777e-05,0.006902408767795489,1
986280,Lingua Fleur: Lily,1,0.0001303780964797914,4.7270943906203593e-07,0.006887666697737197,0
266370,Calibre 10 Racing,1,0.0001303780964797914,4.7623233145098975e-06,0.00689031134844691,0
915600,Them & Us,1,0.0001303780964797914,2.8459657883049953e-06,0.006889186209185208,0
563550,Nevrosa: Escape,1,0.0001303780964797914,1.0660038356967931e-05,0.006893853916972998,1
495110,Enigmatis 3: The Shadow of Karkhala,1,0.0001303780964797914,5.563906461526432e-08,0.006887425312459341,2
864300,qop 3,1,0.0001303780964797914,1.641314560234258e-06,0.006888356045329959,1
749980,Illusion: A Tale of the Mind,1,0.0001303780964797914,8.554600202027216e-05,0.006936294953172211,1
567130,Boogeyman 2,1,0.0001303780964797914,3.796098247406984e-05,0.006908691797288849,0
399520,Comedy Quest,1,0.0001303780964797914,2.941084554934088e-07,0.006887575646205813,1
612110,Sweet fantasy,1,0.0001303780964797914,4.4124411130018385e-07,0.006887684170168349,0
718330,Cubic,1,0.0001303780964797914,3.331757272584873e-06,0.006889314180903321,1
1065570,Cyber Gun,1,0.0001303780964797914,2.674764225487094e-05,0.006902785484456794,1
636520,Gevaudan,1,0.0001303780964797914,5.773581540550989e-25,0.006887384588927138,113
890970,Oakwood,1,0.0001303780964797914,5.773581540550989e-25,0.006887384588927138,113
1017130,Ikao The Lost Souls,1,0.0001303780964797914,1.0121092838602733e-05,0.0068937020244500356,0
303940,CAPSULE,1,0.0001303780964797914,8.793937146734927e-07,0.006887958138226868,2
481180,System Crash,1,0.0001303780964797914,1.4535324644285935e-08,0.006887397713769755,0
369420,9 Clues 2: The Ward,1,0.0001303780964797914,5.218546803838445e-07,0.006887706955911639,0
273600,Descent: FreeSpace – The Great War,1,0.0001303780964797914,3.54771000787855e-06,0.006889628376910392,1
564160,Rosenkreuzstilette Freudenstachel,1,0.0001303780964797914,1.656680115622622e-05,0.0068970723847259175,1
273770,Game Tycoon 1.5,1,0.0001303780964797914,4.650583110976606e-08,0.006887416091914836,1
397330,Little Big Adventure - Enhanced Edition,1,0.0001303780964797914,8.28979317526757e-12,0.006887384928166982,111
396890,Gridworld,1,0.0001303780964797914,5.058513680491783e-07,0.00688771074822226,1
398940,Respawn Man,1,0.0001303780964797914,2.078875031684741e-06,0.006888691858271564,1
319080,Disney Princess: My Fairytale Adventure,1,0.0001303780964797914,4.339077115090094e-07,0.006887647411529604,2
233310,Avadon 2: The Corruption,1,0.0001303780964797914,4.179625743115627e-08,0.006887418923567661,2
745130,Rage Room,1,0.0001303780964797914,8.511601408141117e-06,0.0068923094346465515,1
207650,A Virus Named TOM,1,0.0001303780964797914,3.360359542745996e-05,0.006906369173386174,1
346470,Tennis Elbow 2013,1,0.0001303780964797914,3.882048956473056e-06,0.006889802751074144,0
612570,Fort Triumph,1,0.0001303780964797914,1.961232659312103e-06,0.006888671473946743,0
423120,Community College Hero: Trial by Fire,1,0.0001303780964797914,4.159365208431431e-06,0.006890008984721064,0
954720,The Shedding,1,0.0001303780964797914,1.5089204068802496e-05,0.00689641201075889,0
375680,Apartment 666,1,0.0001303780964797914,1.154666283787214e-06,0.0068880420828014415,1
387430,The Viceroy,1,0.0001303780964797914,6.723455882291842e-07,0.006887804506909645,1
608630,PIXEL ZUMBI,1,0.0001303780964797914,4.836882871114993e-09,0.0068873874026831325,1
968460,Mine Royale - Battle Royale,1,0.0001303780964797914,1.9631977996993544e-07,0.006887503258129894,1
1053250,TOK HARDCORE,1,0.0001303780964797914,7.819651911194948e-07,0.00688788678277445,0
544600,Delicious - Emily's Christmas Carol,1,0.0001303780964797914,1.4895136728872962e-06,0.006888377438974622,0
34420,XIII Century – Gold Edition,1,0.0001303780964797914,1.0087253271505622e-05,0.006893089777557502,1
954590,TEXT,1,0.0001303780964797914,1.8965351349834537e-05,0.0068985586303146485,1
949030,aMAZE Halloween,1,0.0001303780964797914,5.436649960233914e-05,0.006917981683775285,1
779130,Virtual Fighting Championship (VFC),1,0.0001303780964797914,1.366018659845931e-05,0.006895071550603608,0
23600,Depths of Peril,1,0.0001303780964797914,6.183873271326777e-06,0.006891308433825891,0
575890,Katy and Bob Way Back Home,1,0.0001303780964797914,6.94752347736368e-06,0.006891605817951035,1
591560,Red Death,1,0.0001303780964797914,2.237529640842316e-07,0.0068875286769261995,0
320320,Darkstone,1,0.0001303780964797914,6.904925557188615e-06,0.006891210574747337,1
285420,Deadly Sin 2,1,0.0001303780964797914,1.6741695298184616e-07,0.006887503365645927,0
394120,Atom Universe,1,0.0001303780964797914,1.3771047541925223e-05,0.0068956016489355705,1
32750,Comanche 4,1,0.0001303780964797914,1.7948301036974207e-06,0.006888496791094819,1
420660,Burnin' Rubber 5 HD,1,0.0001303780964797914,4.932851702509385e-05,0.006915537124231964,1
717980,伏雨录：少年篇（Summer Rain）,1,0.0001303780964797914,1.5275373833871298e-05,0.006896168396123316,0
700480,Microsoft Allegiance,1,0.0001303780964797914,9.134479371549965e-06,0.006893097660706744,1
600530,Kautic - The Bald Wizard,1,0.0001303780964797914,3.7609142577338658e-06,0.006889636705258387,1
579020,Constructor,1,0.0001303780964797914,1.1999518774493005e-05,0.006894566765361475,0
711230,Titus the Fox,1,0.0001303780964797914,1.0911341197265026e-07,0.006887465726293452,0
979530,Endless Maneuver,1,0.0001303780964797914,1.9575894365183155e-05,0.006898859694662552,118
555630,A Magical High School Girl / 魔法の女子高生,1,0.0001303780964797914,2.0032631346992112e-05,0.006899245882128857,0
279540,Pretentious Game,1,0.0001303780964797914,1.999524644780342e-05,0.006899256074321831,1
535650,Dwingle : B.O.T,1,0.0001303780964797914,2.9753187299921196e-05,0.00690484628005472,0
890400,Uncharted Waters Online,1,0.0001303780964797914,3.482441175953322e-06,0.006889629663130608,2
968320,Alpha & Beta,1,0.0001303780964797914,1.4891604849352627e-05,0.006896443783187646,1
397990,Woof Blaster,1,0.0001303780964797914,1.944474319127147e-05,0.006898594049440956,1
764490,Stickman Jetpack,1,0.0001303780964797914,7.365028977691432e-07,0.006887819506302558,1
419080,Bridge Constructor Stunts,1,0.0001303780964797914,1.5499102580703767e-05,0.0068963447651492656,1
878420,Woodpunk,1,0.0001303780964797914,1.1584072507000613e-06,0.0068880815222622585,0
437610,SQUIDS FROM SPACE,1,0.0001303780964797914,7.409690804398024e-06,0.006891762899108912,1
886460,Outside the Lines,1,0.0001303780964797914,2.146454547250192e-06,0.006888725719223242,0
566530,Mass Exodus,1,0.0001303780964797914,3.17377162201439e-08,0.006887413765081608,2
639720,A Bloody Night,1,0.0001303780964797914,2.586166254514103e-05,0.006901935703141041,1
708450,Pembrey,1,0.0001303780964797914,4.3512753054874176e-07,0.006887649244955005,1
698040,Legends of the Universe - Cosmic Bounty,1,0.0001303780964797914,1.5962440203654124e-07,0.006887504680804969,0
650510,ZONE OF THE ENDERS THE 2nd RUNNER : M∀RS / アヌビス ゾーン・オブ・エンダーズ : マーズ,1,0.0001303780964797914,1.670646903539812e-07,0.006887483405668054,1
462220,Mahjong Deluxe 3,1,0.0001303780964797914,1.757973418064031e-06,0.006888436215162538,79
654430,STATUS: INSANE,1,0.0001303780964797914,1.0554541149783636e-06,0.006888043509578889,1
951740,Nice Shot! The Gun Golfing Game,1,0.0001303780964797914,7.871441834154143e-06,0.006891957356108186,1
489560,Astroflux,1,0.0001303780964797914,5.079042410515229e-05,0.006916398241880959,1
306440,Oblitus,1,0.0001303780964797914,5.2522284885029505e-08,0.00688742452946927,2
326110,Defenders of the Last Colony,1,0.0001303780964797914,7.325403504490489e-07,0.006887856948546723,1
105100,Lume,1,0.0001303780964797914,1.3061113257450214e-06,0.006888211006850301,1
324140,Kalimba,1,0.0001303780964797914,6.9520202292208716e-06,0.006891507985380757,0
453720,Last Will,1,0.0001303780964797914,1.7964974206769108e-07,0.006887492524240133,68
645380,Heroes of Umbra,1,0.0001303780964797914,6.2755755818505066e-06,0.006891077557792755,1
545980,Voodoo Vince: Remastered,1,0.0001303780964797914,4.105296270475896e-06,0.006889894105217578,0
777770,WAR PARTY,1,0.0001303780964797914,1.2535203258020702e-06,0.006888209198624287,2
961040,Down to Hell,1,0.0001303780964797914,8.143909279994931e-06,0.006892050002365029,1
496040,Shaq Fu: A Legend Reborn,1,0.0001303780964797914,2.197848008590014e-06,0.006888699644190701,0
692780,Olorun: Theocracy,1,0.0001303780964797914,1.0792898070748175e-05,0.006893893702201286,0
792160,Heroes Of Hellas 4: Birth Of Legend,1,0.0001303780964797914,4.972980919138597e-06,0.006890410720738918,1
710170,The Broken Seal,1,0.0001303780964797914,1.682745706290143e-07,0.006887513976604986,0
753900,End Space,1,0.0001303780964797914,3.200817297683942e-06,0.006889393555802605,0
408760,Pro Cycling Manager 2016,1,0.0001303780964797914,1.464306181049861e-08,0.006887394656744589,1
746410,Stop Santa - Tower Defense,1,0.0001303780964797914,8.653054374283911e-06,0.006892830916976063,0
930780,Blood Card,1,0.0001303780964797914,4.972980919138597e-06,0.00689041072073889,0
704510,Mercury Fallen,1,0.0001303780964797914,1.1776982771494477e-06,0.00688817614374493,1
306620,Frontline : Road to Moscow,1,0.0001303780964797914,2.448901937595099e-07,0.00688754527770141,1
575010,Celestial Crossing,1,0.0001303780964797914,1.6951787317172962e-06,0.006888449820776839,1
267900,Guilty Gear Isuka,1,0.0001303780964797914,2.146454547250192e-06,0.00688872571922323,0
733480,Flora,1,0.0001303780964797914,5.000227379292004e-06,0.006890388635719517,1
423810,Marooners,1,0.0001303780964797914,5.03863290837563e-06,0.006890245936080951,1
307990,Wildlife Park 2 - Fantasy,1,0.0001303780964797914,2.21391836832354e-06,0.00688867567466387,1
546930,Machine Hunt,1,0.0001303780964797914,3.4237946951683004e-06,0.006889461296162966,1
451400,Meridian: Squad 22,1,0.0001303780964797914,1.3771047541925223e-05,0.0068956016489355966,1
840930,Bing Bong XL,1,0.0001303780964797914,8.554600202027216e-05,0.006936294953172181,2
792350,Joy Climb,1,0.0001303780964797914,2.9753187299921196e-05,0.006904846280054685,0
420980,Army Gals,1,0.0001303780964797914,9.421929440269376e-06,0.00689307055054567,1
704860,Keepsake,1,0.0001303780964797914,7.221929604850564e-06,0.006891732451876439,0
853780,BlubBlub: Quest of the Blob,1,0.0001303780964797914,2.9753187299921196e-05,0.006904846280054682,0
318310,Choice of the Deathless,1,0.0001303780964797914,1.6061970130035795e-08,0.006887400288667962,0
453510,One Man Is Not No Man,1,0.0001303780964797914,6.3337358382971525e-06,0.006891123755009766,0
454190,Cubicolor,1,0.0001303780964797914,3.517528866370452e-07,0.006887613063468558,1
760330,BYTEPATH,1,0.0001303780964797914,1.6424922660940076e-05,0.006897535273144484,0
888990,雨上がりのハナビィ Ameagari no Hanaby,1,0.0001303780964797914,2.146454547250192e-06,0.006888725719223211,2
521750,Romance of the Three Kingdoms Ⅴ with Power Up Kit / 三國志Ⅴ with パワーアップキット,1,0.0001303780964797914,1.4850438921289832e-06,0.006888249209747007,1
294370,Crowntakers,1,0.0001303780964797914,6.307392234006985e-06,0.006891361135287772,0
288140,Jack Nicklaus Perfect Golf,1,0.0001303780964797914,6.8197439146461624e-06,0.006891406846737476,1
709820,Wasted Pizza,1,0.0001303780964797914,1.2941022543786234e-07,0.00688746244595922,0
326160,Shroud of the Avatar: Forsaken Virtues,1,0.0001303780964797914,9.202651292683858e-06,0.0068929615186123765,0
644540,Dies irae ~Amantes amentes~,1,0.0001303780964797914,2.3414629271916885e-06,0.006888859746800536,0
699240,Keyboard Killers,1,0.0001303780964797914,7.52825315090897e-08,0.006887432790053639,2
651090,Aces High III,1,0.0001303780964797914,8.896279173895781e-07,0.006887938742301493,1
461780,Moonstone Tavern - A Fantasy Tavern Sim!,1,0.0001303780964797914,1.4215438718290162e-08,0.006887394281296423,57
921700,Crashphalt,1,0.0001303780964797914,6.5849756793331245e-06,0.006891216385670473,0
702700,Super Bomberman R,1,0.0001303780964797914,1.658237788179982e-05,0.006896960531123737,1
819230,Gothicc Breaker,1,0.0001303780964797914,3.412919744045615e-05,0.0069080850507739185,0
982400,赫炎的印加诺克 Fullvoice ReBORN,1,0.0001303780964797914,2.580762488656948e-08,0.006887401370225322,0
576980,Western 1849 Reloaded,1,0.0001303780964797914,5.773581540550989e-25,0.006887384588927138,0
714300,Dead By Murder,1,0.0001303780964797914,5.773581540550989e-25,0.006887384588927138,0
3980,CivCity: Rome,1,0.0001303780964797914,3.776232835779756e-07,0.006887641711105433,2
583040,Princess Maker Refine,1,0.0001303780964797914,1.0625482793405624e-07,0.006888972448256769,0
911310,Kz NTools : Fix Your Network,1,0.0001303780964797914,4.006853363986197e-05,0.006910014699572723,1
448370,IS Defense,1,0.0001303780964797914,8.228193874221281e-06,0.0068924419403994745,0
800280,FLYVALNY 20!8,1,0.0001303780964797914,9.202651292683858e-06,0.006892961518612363,0
231720,Bad Hotel,1,0.0001303780964797914,2.586166254514103e-05,0.0069019357031410615,1
65740,Carrier Command: Gaea Mission,1,0.0001303780964797914,1.572010529487412e-07,0.006887493728071086,2
621020,Antigraviator,1,0.0001303780964797914,1.8634457636006447e-05,0.006898626785483391,1
395930,Farm Frenzy: Heave Ho,1,0.0001303780964797914,8.554600202027216e-05,0.006936294953172176,1
375030,Korwin The Game,1,0.0001303780964797914,2.9890573282610152e-05,0.0069044587019225665,1
601010,Hotel Anatolia,1,0.0001303780964797914,1.4891604849352627e-05,0.006896443783187648,1
346140,Hidden Object Bundle 5 in 1,1,0.0001303780964797914,1.162596044804514e-09,0.006887385526392983,0
368720,Sirius,1,0.0001303780964797914,2.586166254514103e-05,0.006901935703141067,1
616740,克莉丝的炎之信仰 Cryste: the Faith of Fire Vol.1,1,0.0001303780964797914,9.235557844740122e-07,0.00688797585801052,0
297760,Qvadriga,1,0.0001303780964797914,4.808709635773345e-07,0.006887703681279634,1
11200,Shadowgrounds Survivor,1,0.0001303780964797914,1.656680115622622e-05,0.006897072384725905,1
327220,Anna's Quest,1,0.0001303780964797914,6.992990202184452e-08,0.0068874361913004185,2
739690,Now Man Flies,1,0.0001303780964797914,1.8634457636006447e-05,0.006898626785483376,1
959030,Zombie Cubes,1,0.0001303780964797914,1.3557487263498136e-05,0.006894949746347151,1
645460,Mind Maze,1,0.0001303780964797914,1.1801506657171404e-07,0.006887467980340128,0
265750,Secret Ponchos,1,0.0001303780964797914,5.478568270419911e-06,0.006890675679847162,1
788970,Hidden Object Adventure: Captain Nemo. Objets Cachés,1,0.0001303780964797914,3.0107627070337006e-05,0.006904999883233695,1
270790,Etherlords II,1,0.0001303780964797914,6.566401824835461e-07,0.006887786081991122,0
609940,KROSMAGA,1,0.0001303780964797914,2.674764225487094e-05,0.00690278548445678,1
336670,HIT,1,0.0001303780964797914,3.1993790446098917e-06,0.006889573259212155,0
507390,Gone In November,1,0.0001303780964797914,2.2062511747311065e-05,0.006899984534400092,1
309900,Super Sky Arena,1,0.0001303780964797914,3.6101757625205255e-08,0.006887406518895208,1
313400,REVOLVER360 RE:ACTOR,1,0.0001303780964797914,1.6741695298184616e-07,0.006887503365645941,0
1039370,Draw With Unknown,1,0.0001303780964797914,8.554600202027216e-05,0.006936294953172191,1
535760,Unforgiving Trials: The Space Crusade,1,0.0001303780964797914,9.803402264470939e-08,0.006887460309648178,0
562260,WAVESHAPER,1,0.0001303780964797914,4.072704658876332e-05,0.006910527458939648,1
346630,Plazma Being,1,0.0001303780964797914,2.9753187299921196e-05,0.006904846280054699,0
644390,D&D Lords of Waterdeep,1,0.0001303780964797914,1.999524644780342e-05,0.0068992560743218355,1
622770,Hacktag,1,0.0001303780964797914,4.0448749596224463e-07,0.006887665093943527,0
864860,HellCat,1,0.0001303780964797914,2.2943772954296438e-05,0.006900372325075937,1
603190,Tank Destroyer,1,0.0001303780964797914,1.0032070921878406e-07,0.006887450230950938,1
310470,Grand Ages: Medieval,1,0.0001303780964797914,5.773581540550989e-25,0.006887384588927138,2
636310,Concurrency,1,0.0001303780964797914,5.079042410515229e-05,0.006916398241880997,1
468070,90 Minute Fever - Football (Soccer) Manager MMO,1,0.0001303780964797914,5.232609439474979e-07,0.006887733099734961,2
772610,Q-YO Blaster,1,0.0001303780964797914,3.3567013759584826e-06,0.006889492156608137,81
562430,Alien Hostage,1,0.0001303780964797914,5.070373372785609e-07,0.0068876888709538215,1
422140,Wrestling Spirit 3,1,0.0001303780964797914,3.151073501540641e-08,0.006887407025876083,2
326990,Deep Eclipse: New Space Odyssey,1,0.0001303780964797914,1.0491859276704717e-05,0.006893334641713418,1
428630,White Mirror,1,0.0001303780964797914,8.18988664807978e-09,0.006887389166944237,1
463030,Bottle,1,0.0001303780964797914,2.4420556423457006e-05,0.006901939250644723,2
551190,123 Slaughter Me Street 2,1,0.0001303780964797914,3.305029286005229e-05,0.006906240505790752,1
412480,Turtle Odyssey,1,0.0001303780964797914,2.674764225487094e-05,0.006902785484456787,1
18000,"Precipice of Darkness, Episode One",1,0.0001303780964797914,1.4651657965632112e-07,0.0068874988583165105,0
358250,Cosmo's Cosmic Adventure,1,0.0001303780964797914,3.154776548042056e-05,0.006906109811703851,0
771530,Take That,1,0.0001303780964797914,8.806053921691458e-08,0.006887451453063231,0
443450,LASTFIGHT,1,0.0001303780964797914,8.27867238276393e-06,0.006892650919504188,0
628080,Romance of the Three Kingdoms 12 with Power Up Kit / 三國志12 with パワーアップキット,1,0.0001303780964797914,1.6104004273457124e-05,0.006896830046939302,0
1034160,Extreme Racing on Highway,1,0.0001303780964797914,1.5951857788070006e-05,0.0068966631885382336,1
528730,Crypt of the Serpent King,1,0.0001303780964797914,3.412919744045615e-05,0.006908085050773929,0
593530,Jelly in the sky,1,0.0001303780964797914,1.9654957216998782e-05,0.006898804297401032,2
258890,Type:Rider,1,0.0001303780964797914,1.0121092838602733e-05,0.006893702024450042,0
368220,Close Combat - Panthers in the Fog,1,0.0001303780964797914,3.847748881432025e-09,0.006887388326827372,2
645830,Son Korsan,1,0.0001303780964797914,1.2012462583431825e-06,0.006888104470560371,1
406310,Stop Online - Battle of Words,1,0.0001303780964797914,4.6489882575867066e-08,0.006887413237417632,0
1033880,Press F to pay respects,1,0.0001303780964797914,1.147632063763057e-05,0.006894668620514047,0
307010,Northmark: Hour of the Wolf,1,0.0001303780964797914,2.359718226867389e-06,0.006888790904585525,1
273840,Stock Car Extreme,1,0.0001303780964797914,1.352759495805813e-06,0.0068882180081716845,1
38450,MDK,1,0.0001303780964797914,3.047946171855553e-07,0.0068875659175113785,1
941790,Chocolate makes you happy: Halloween,1,0.0001303780964797914,1.4891604849352627e-05,0.0068964437831876375,1
864550,Radiant One,1,0.0001303780964797914,9.202651292683858e-06,0.006892961518612372,0
602070,Plasma Puncher,1,0.0001303780964797914,5.364557575889464e-07,0.006887708688728734,0
668350,Higurashi When They Cry Hou - Ch.6 Tsumihoroboshi,1,0.0001303780964797914,1.1040457380507873e-07,0.006887457335595633,0
570980,Tale of Fallen Dragons,1,0.0001303780964797914,5.62552619268201e-07,0.006887739486460847,0
519200,Kitty Kitty Boing Boing: the Happy Adventure in Puzzle Garden!,1,0.0001303780964797914,1.7065815395784858e-06,0.00688841387715855,0
265770,Cannons Lasers Rockets,1,0.0001303780964797914,5.288288035493557e-06,0.0068904221190342705,1
857080,Escape from the Princess,1,0.0001303780964797914,8.684746040267564e-07,0.006887915357011697,1
585180,Open Sorcery,1,0.0001303780964797914,5.75389531007953e-07,0.006887742248442466,2
315330,All Guns On Deck,1,0.0001303780964797914,8.26343763729191e-06,0.006892225356110197,1
23450,Grand Ages: Rome,1,0.0001303780964797914,5.773581540550989e-25,0.006887384588927138,2
70420,Chantelise - A Tale of Two Sisters,1,0.0001303780964797914,5.058513680491783e-07,0.006887710748222294,1
489260,Brut@l,1,0.0001303780964797914,7.533518755686359e-06,0.006892007824406063,0
513210,Rescue Bear Operation,1,0.0001303780964797914,3.15444879831024e-05,0.006905232126429153,1
913710,Dangerous Lands - Magic and RPG,1,0.0001303780964797914,1.6104004273457124e-05,0.006896830046939267,0
654610,Mr. Dubstep,1,0.0001303780964797914,2.9753187299921196e-05,0.006904846280054696,0
890220,Math Fun,1,0.0001303780964797914,2.2062511747311065e-05,0.006899984534400089,1
342090,The Clans - Saga of the Twins,1,0.0001303780964797914,5.478568270419911e-06,0.006890675679847228,1
300320,The Few,1,0.0001303780964797914,6.332966078919942e-09,0.006887390504103267,1
883130,New Star Manager,1,0.0001303780964797914,2.674764225487094e-05,0.006902785484456788,1
734020,Legendary DXP,1,0.0001303780964797914,1.0121092838602733e-05,0.006893702024450042,0
1023690,Nurse Love Syndrome,1,0.0001303780964797914,1.216824629622857e-05,0.00689445594199759,0
874010,aMAZE Classic: Inverted,1,0.0001303780964797914,4.479507245731047e-06,0.006890117493373418,0
409420,Knight Adventure,1,0.0001303780964797914,9.366142870819374e-06,0.006892939268803479,1
896960,DreamWorks Dragons: Dawn of New Riders,1,0.0001303780964797914,4.006853363986197e-05,0.006910014699572725,1
764920,Fear the Night - 恐惧之夜,1,0.0001303780964797914,6.2755755818505066e-06,0.006891077557792778,1
896030,Fortissimo FA INTL Ver,1,0.0001303780964797914,2.2062511747311065e-05,0.006899984534400091,0
693580,Goblins of Elderstone,1,0.0001303780964797914,1.961232659312103e-06,0.0068886714739467714,0
319970,The Detail,1,0.0001303780964797914,1.0698549693530013e-07,0.006887453079815302,2
500420,SoulHunt,1,0.0001303780964797914,4.159365208431431e-06,0.006890008984721072,0
454070,Boundel: The Second Era,1,0.0001303780964797914,4.6149100138074413e-07,0.006887677599041366,0
445310,Might and Magic: Heroes VII – Trial by Fire,1,0.0001303780964797914,4.206982783575732e-06,0.0068899961022357665,1
514830,Stifled - Echolocation Horror Mystery,1,0.0001303780964797914,1.1597531286217248e-05,0.0068941895115130734,1
375450,NOBUNAGA'S AMBITION: Sphere of Influence - Ascension / 信長の野望･創造 戦国立志伝,1,0.0001303780964797914,7.25253476234227e-06,0.006891805289579596,0
976920,Dance of Death: Du Lac & Fey,1,0.0001303780964797914,9.308937602842868e-07,0.006887968563145557,0
351860,Cultures - Northland,1,0.0001303780964797914,6.879010248947018e-06,0.006891432963438753,0
698610,Through Blocks,1,0.0001303780964797914,1.304480417768029e-05,0.006895401809593281,0
371190,Making History: The Calm and the Storm Gold Edition,1,0.0001303780964797914,5.7974663979665e-06,0.006890741300371587,1
742700,Empire Deluxe Combined Edition,1,0.0001303780964797914,1.757973418064031e-06,0.006888436215162554,0
606920,EXA: The Infinite Instrument,1,0.0001303780964797914,6.626636461405324e-06,0.006891256519711862,2
860650,Drizzlepath: Deja Vu,1,0.0001303780964797914,4.1150530515981196e-07,0.006887621155931717,1
542340,Slingshot people,1,0.0001303780964797914,3.1314397550238233e-06,0.00688929031216823,1
43600,Nancy Drew®: Warnings at Waverly Academy,1,0.0001303780964797914,3.2038853707812634e-05,0.006906685983391344,0
251410,Dark Matter,1,0.0001303780964797914,1.572010529487412e-07,0.0068874937280710685,2
489380,QuiVr,1,0.0001303780964797914,4.192656565657307e-10,0.006887385149028347,102
938300,CuberPunk 2089,1,0.0001303780964797914,6.978648345749035e-10,0.0068873852997169,0
334070,Hektor,1,0.0001303780964797914,1.4946068055636594e-06,0.006888354983951124,1
335430,Grimoire: Manastorm,1,0.0001303780964797914,7.25253476234227e-06,0.006891805289579589,0
467660,Paranormal Activity: The Lost Soul,1,0.0001303780964797914,8.557678974931609e-07,0.006887954796322731,0
859090,Turbo Tunnel,1,0.0001303780964797914,1.0491859276704717e-05,0.0068933346417134195,1
689910,Another Lost Phone: Laura's Story,1,0.0001303780964797914,1.7434355893090679e-06,0.006888476098858819,0
320840,Wings! Remastered Edition,1,0.0001303780964797914,2.3851185498447557e-07,0.0068875726123019685,0
263140,Postmortem: One Must Die (Extended Cut),1,0.0001303780964797914,4.0538501887606276e-07,0.0068876755672501525,2
425720,Cloudlands : VR Minigolf,1,0.0001303780964797914,4.027011547953397e-05,0.006910213652058021,1
1038620,House of 1000 Doors: Evil Inside,1,0.0001303780964797914,5.873238170547915e-06,0.006891141143380336,0
711320,Battle of Frigates,1,0.0001303780964797914,1.3416300915886912e-07,0.006887461211999232,0
720300,Toran,1,0.0001303780964797914,3.3911998495323183e-06,0.0068895119619631455,52
409890,Stranger of Sword City / 剣の街の異邦人 ～黒の宮殿～,1,0.0001303780964797914,3.526104980179572e-07,0.006887624606759533,0
415600,Kart Racing Pro,1,0.0001303780964797914,8.976101335246105e-08,0.006887438834427486,1
603550,Schlag den Star - Das Spiel,1,0.0001303780964797914,4.006853363986197e-05,0.006910014699572727,1
528720,Shu,1,0.0001303780964797914,1.3152761389008224e-07,0.0068874757587747346,0
856130,Dark SASI,1,0.0001303780964797914,8.66812308121708e-08,0.006887442468185268,0
719120,O'Fox Life,1,0.0001303780964797914,1.2758678511716881e-05,0.006894999347602649,0
548290,Dark Eden,1,0.0001303780964797914,3.3567013759584826e-06,0.006889492156608121,0
779990,Space Between Worlds,1,0.0001303780964797914,1.8244794478016025e-07,0.0068875122194689735,0
892510,Slay Together,1,0.0001303780964797914,1.0849982388301622e-07,0.006887466335483999,0
921500,Jack Is Missing,1,0.0001303780964797914,2.9890573282610152e-05,0.006904458701922533,0
614630,Tiny Rails,1,0.0001303780964797914,2.9157079810331736e-06,0.006889133491008053,1
828440,The Other Side Of The Screen,1,0.0001303780964797914,3.130578893773834e-05,0.006904932463395876,1
386970,Memory's Dogma CODE:01,1,0.0001303780964797914,2.207665635771427e-06,0.0068888023762790985,0
497730,The Wardrobe,1,0.0001303780964797914,4.879579363282528e-06,0.006890308543877318,0
717950,Rainbow Snake,1,0.0001303780964797914,5.734155878098444e-06,0.00689084443398543,0
658700,V-Rally 4,1,0.0001303780964797914,6.089218270987099e-06,0.006890965977753519,1
796600,DON'T touch the walls,1,0.0001303780964797914,3.7996541919006084e-07,0.006887650351457704,0
253770,Bus-Simulator 2012,1,0.0001303780964797914,4.3568594179150465e-06,0.006889925960579154,1
666010,Refract,1,0.0001303780964797914,1.270968621338027e-07,0.0068874761992369065,0
679660,aMAZE ZER0,1,0.0001303780964797914,2.586166254514103e-05,0.006901935703141073,1
854190,Russian Gangsta In HELL,1,0.0001303780964797914,6.832251137811575e-06,0.006891335441771556,1
361670,STAR WARS™ - X-Wing Alliance™,1,0.0001303780964797914,6.458367148149326e-06,0.006891275232106284,1
259410,Sneaky Sneaky,1,0.0001303780964797914,1.4934041828226364e-08,0.006887394542289051,0
330470,Over The Void,1,0.0001303780964797914,6.522687768035022e-06,0.006891131356591917,1
587970,Dead Drop,1,0.0001303780964797914,5.724708908360689e-07,0.006887704866255135,1
49320,Woody Two-Legs: Attack of the Zombie Pirates,1,0.0001303780964797914,5.773581540550989e-25,0.006887384588927138,0
323780,Fireworks Simulator,1,0.0001303780964797914,5.773581540550989e-25,0.006887384588927138,0
1014460,Nothing!,1,0.0001303780964797914,3.907676601072239e-05,0.0069098051371394315,1
424780,Imperia Online,1,0.0001303780964797914,1.3784708066646542e-05,0.0068953451831996375,1
1036580,National Park Girls,1,0.0001303780964797914,1.0660038356967931e-05,0.006893853916973016,1
546660,Operation Breakout,1,0.0001303780964797914,1.7323345798308325e-06,0.006888462613527182,0
513980,Oh No! Bugs!,1,0.0001303780964797914,1.9886100535112575e-06,0.006888601338553083,0
466810,Soulslayer～灭魂·误佳期～,1,0.0001303780964797914,1.4895136728872962e-06,0.006888377438974606,0
794270,Landinar: Into the Void,1,0.0001303780964797914,8.247422865928925e-09,0.006887390623930587,0
411000,Sorcery! Parts 1 and 2,1,0.0001303780964797914,3.482441175953322e-06,0.006889629663130604,2
777200,KOEWOTAYORINI SP / 声之寄托SP,1,0.0001303780964797914,5.481012983308566e-06,0.006890709325251471,0
2590,Alpha Prime,1,0.0001303780964797914,1.1922315786604055e-06,0.006888145811879947,2
584990,The Long Reach,1,0.0001303780964797914,2.4632889302666017e-05,0.006901610410776692,1
298560,Captain Forever Remix,1,0.0001303780964797914,4.164867360736156e-06,0.006889832507589921,0
911120,Yumori Forest,1,0.0001303780964797914,8.993386885617647e-06,0.006892721246454842,1
831570,Isoland,1,0.0001303780964797914,3.3613775690402395e-06,0.006889454181604509,0
837430,Flying Aces - Navy Pilot Simulator,1,0.0001303780964797914,2.979873230177204e-07,0.006887572391726862,1
658590,She and the Light Bearer,1,0.0001303780964797914,1.1597531286217248e-05,0.006894189511513066,0
349510,Hanako: Honor & Blade,1,0.0001303780964797914,9.95295375603572e-06,0.006893212659528159,1
654220,Flash Point: Fire Rescue,1,0.0001303780964797914,1.1905830964472831e-05,0.0068945336240195795,1
301360,Kill Fun Yeah,1,0.0001303780964797914,4.479507245731047e-06,0.0068901174933734335,0
914290,Welcome to Princeland,1,0.0001303780964797914,1.154666283787214e-06,0.006888042082801455,1
514480,Fantastic Checkers 2,1,0.0001303780964797914,2.1576718387367723e-08,0.006887400808535482,1
361190,Sparkle 3 Genesis,1,0.0001303780964797914,1.9654957216998782e-05,0.006898804297401052,2
245050,SpellForce 2 - Demons of the Past,1,0.0001303780964797914,1.0973599414155587e-07,0.006887457973232452,2
1046230,Soccer Player Simulator,1,0.0001303780964797914,5.773581540550989e-25,0.006887384588927138,125
671090,Oik Memory,1,0.0001303780964797914,5.773581540550989e-25,0.006887384588927138,125
40350,Lost Horizon,1,0.0001303780964797914,3.229611640488293e-09,0.006887389351242204,0
796910,Please Love My Computer Game,1,0.0001303780964797914,5.079042410515229e-05,0.0069163982418809725,0
942050,2048,1,0.0001303780964797914,4.006853363986197e-05,0.006910014699572731,1
1061470,Nyasha Valkyrie,1,0.0001303780964797914,2.922380592470023e-05,0.006905153684671603,2
781810,Oik 4,1,0.0001303780964797914,1.656680115622622e-05,0.006897072384725906,1
545580,"GO AWAY, THERE'S KUMIS OVER THERE!",1,0.0001303780964797914,8.554600202027216e-05,0.006936294953172205,1
694130,My Free Zoo,1,0.0001303780964797914,6.576240861658882e-06,0.006891217541816845,1
293440,Elliot Quest,1,0.0001303780964797914,2.3414629271916885e-06,0.006888859746800548,0
764670,Sea Dogs,1,0.0001303780964797914,2.8459657883049953e-06,0.006889186209185215,0
821330,Mob War,1,0.0001303780964797914,2.922380592470023e-05,0.006905153684671594,2
299500,International Snooker,1,0.0001303780964797914,1.8548365525046895e-07,0.006887516354599041,0
610750,Games&Girls,1,0.0001303780964797914,1.9662086889167728e-05,0.006899095546444589,1
378810,Steamroll,1,0.0001303780964797914,4.1312201101000237e-07,0.006887653164752651,0
257830,Violett Remastered,1,0.0001303780964797914,6.985698933597082e-07,0.006887900300997356,0
411980,TY the Tasmanian Tiger 3,1,0.0001303780964797914,2.40797573745676e-07,0.006887542269921622,2
268520,Orc Attack: Flatulent Rebellion,1,0.0001303780964797914,5.75661453361815e-07,0.006887728152335491,1
848520,Super Destronaut DX,1,0.0001303780964797914,2.9753187299921196e-05,0.00690484628005469,0
314330,DROD: Gunthro and the Epic Blunder,1,0.0001303780964797914,5.773581540550989e-25,0.006887384588927138,59
1001980,Archeo: Shinar,1,0.0001303780964797914,5.773581540550989e-25,0.006887384588927138,59
449090,Zombie Parking,1,0.0001303780964797914,1.0121092838602733e-05,0.006893702024450032,0
326340,River City Super Sports Challenge ~All Stars Special~,1,0.0001303780964797914,9.189460422457508e-06,0.006892795643415454,0
452320,Party Saboteurs: After Party,1,0.0001303780964797914,4.520598897292033e-06,0.006890284534982811,0
344630,Princess Evangile All Ages Version,1,0.0001303780964797914,1.4588948251486533e-08,0.006887396763293272,1
1037840,Running Ninja,1,0.0001303780964797914,2.9753187299921196e-05,0.006904846280054702,1
1015480,DrumBeats VR,1,0.0001303780964797914,1.9169103602522355e-07,0.006887518678359942,5
61500,Age of Wonders,1,0.0001303780964797914,3.7767647554395463e-06,0.006889728291850327,2
99400,Garshasp: The Monster Slayer,1,0.0001303780964797914,2.115252494283758e-06,0.006888680476091868,1
482450,Nitroplus Blasterz: Heroines Infinite Duel,1,0.0001303780964797914,1.3255471911617965e-05,0.006895589178716852,2
1014130,Jitsumi's Game Booster,1,0.0001303780964797914,3.3725625927633473e-07,0.006887606370361132,2
772470,8-in-1 IQ Scale Bundle,1,0.0001303780964797914,5.801103848131464e-06,0.006890728409984761,1
438030,Dead6hot,1,0.0001303780964797914,2.586166254514103e-05,0.006901935703141074,1
496340,Fighting Fantasy Legends,1,0.0001303780964797914,3.116263926722698e-09,0.006887388188717857,0
331200,Grass Simulator,1,0.0001303780964797914,1.3035863835614861e-09,0.006887385924131687,2
816810,Unlight:SchizoChronicle,1,0.0001303780964797914,3.8468440478224373e-07,0.006887630278091404,0
1028520,Brave Battle Saga - The Legend of The Magic Warrior,1,0.0001303780964797914,1.9654957216998782e-05,0.006898804297401049,0
409340,Perraw - FPS Clone War Alpha,1,0.0001303780964797914,3.0107627070337006e-05,0.006904999883233692,0
284180,Magicians & Looters,1,0.0001303780964797914,5.773581540550989e-25,0.006887384588927138,45
568040,Macbat 64,1,0.0001303780964797914,5.773581540550989e-25,0.006887384588927138,45
270270,Frozen State,1,0.0001303780964797914,1.4232971049712296e-07,0.0068874893886546945,0
406850,Crush Your Enemies,1,0.0001303780964797914,5.773581540550989e-25,0.006887384588927138,0
753230,STAY,1,0.0001303780964797914,9.419229223319065e-08,0.0068874596936745885,0
852720,Voxel Tanks,1,0.0001303780964797914,1.658237788179982e-05,0.00689696053112374,1
691730,FPV Drone Simulator,1,0.0001303780964797914,1.971785415817395e-06,0.006888524521711885,1
236790,Agricultural Simulator 2013 - Steam Edition,1,0.0001303780964797914,5.481012983308566e-06,0.006890709325251475,0
892930,Sonar Beat,1,0.0001303780964797914,1.1393923605144203e-06,0.006888064945978015,1
857500,BLACK BIRD,1,0.0001303780964797914,1.9654957216998782e-05,0.006898804297401048,2
654470,Blood Waves,1,0.0001303780964797914,2.1067882493885783e-08,0.006887402863324811,0
603400,FOX n FORESTS,1,0.0001303780964797914,1.9840388714823044e-07,0.006887543644603139,0
454320,[the Sequence],1,0.0001303780964797914,3.907676601072239e-05,0.006909805137139458,1
361850,Portal of Evil: Stolen Runes Collector's Edition,1,0.0001303780964797914,2.9274840778277137e-05,0.00690407371928218,30
485040,Nurse Love Addiction,1,0.0001303780964797914,9.638226770043895e-08,0.006887459453389314,0
793880,MIRAGE,1,0.0001303780964797914,7.128820301295926e-08,0.0068874331081406484,0
422210,Rise of Keepers,1,0.0001303780964797914,5.773581540550989e-25,0.006887384588927138,0
633930,"Yeah Jam Fury: U, Me, Everybody!",1,0.0001303780964797914,6.5849756793331245e-06,0.006891216385670462,0
1008140,The Chills,1,0.0001303780964797914,1.022907629568059e-08,0.0068873941721037365,64
839500,DAOKER:A BANISHED TIGER,1,0.0001303780964797914,1.036709456869402e-05,0.006893489825826282,1
294280,Scooby Doo! & Looney Tunes Cartoon Universe: Adventure,1,0.0001303780964797914,3.0376922229752846e-08,0.006887402884644225,1
513720,Archipelago,0,0.0,4.51061057855546e-27,0.006885865927785088,0
762930,Supipara - Chapter 2 Spring Has Come!,0,0.0,4.51061057855546e-27,0.006885865927785088,0
710640,PRO DRIFT RELOADED,0,0.0,4.51061057855546e-27,0.006885865927785088,0
570680,Zork: Grand Inquisitor,0,0.0,4.51061057855546e-27,0.006885865927785088,1
691080,3D Hardcore Cube,0,0.0,4.51061057855546e-27,0.006885865927785088,0
361620,True Bliss,0,0.0,4.51061057855546e-27,0.006885865927785088,1
604010,Chimpology,0,0.0,4.51061057855546e-27,0.006885865927785088,1
938810,雨鸦 - You are my sanctuary,0,0.0,4.51061057855546e-27,0.006885865927785088,0
270950,Ski Region Simulator - Gold Edition,0,0.0,4.51061057855546e-27,0.006885865927785088,1
904440,Type Defense,0,0.0,4.51061057855546e-27,0.006885865927785088,0
765640,Change,0,0.0,4.51061057855546e-27,0.006885865927785088,0
484830,Deep Blue 3D Maze,0,0.0,4.51061057855546e-27,0.006885865927785088,1
739290,Dark Old Sun,0,0.0,4.51061057855546e-27,0.006885865927785088,1
689700,Mad Crown,0,0.0,4.51061057855546e-27,0.006885865927785088,0
251230,Livelock,0,0.0,4.51061057855546e-27,0.006885865927785088,0
652030,Tessa's Ark,0,0.0,4.51061057855546e-27,0.006885865927785088,1
385330,Stray Cat Crossing,0,0.0,4.51061057855546e-27,0.006885865927785088,2
954070,Beat Boxers,0,0.0,4.51061057855546e-27,0.006885865927785088,0
37280,Wedding Dash® 2: Rings Around the World,0,0.0,4.51061057855546e-27,0.006885865927785088,0
575480,WAGAMAMA HIGH SPEC,0,0.0,4.51061057855546e-27,0.006885865927785088,0
473450,The Narrator Is a DICK,0,0.0,4.51061057855546e-27,0.006885865927785088,1
684870,Spiral Splatter,0,0.0,4.51061057855546e-27,0.006885865927785088,0
926310,咕啾！文鸟恋爱物语 Love Story of Sparrow,0,0.0,4.51061057855546e-27,0.006885865927785088,0
729460,Distant Space 2,0,0.0,4.51061057855546e-27,0.006885865927785088,0
321940,Moorhuhn: Tiger and Chicken,0,0.0,4.51061057855546e-27,0.006885865927785088,0
782570,Endless Road,0,0.0,4.51061057855546e-27,0.006885865927785088,0
290810,Colossal Kaiju Combat™: Kaijuland Battles,0,0.0,4.51061057855546e-27,0.006885865927785088,0
910450,Warhammer Quest 2: The End Times,0,0.0,4.51061057855546e-27,0.006885865927785088,1
373720,Ryzom,0,0.0,4.51061057855546e-27,0.006885865927785088,1
952420,Shan Gui 2: Chapter 1 · 山桂贰：第一章,0,0.0,4.51061057855546e-27,0.006885865927785088,0
385560,Shadow Complex Remastered,0,0.0,4.51061057855546e-27,0.006885865927785088,0
724250,Princess Maker 5,0,0.0,4.51061057855546e-27,0.006885865927785088,35
444800,NO THING,0,0.0,4.51061057855546e-27,0.006885865927785088,1
449510,The Crow's Eye,0,0.0,4.51061057855546e-27,0.006885865927785088,0
547360,BREAK ARTS II,0,0.0,4.51061057855546e-27,0.006885865927785088,0
469800,Evolution : The Video Game,0,0.0,4.51061057855546e-27,0.006885865927785088,1
601540,Veil of Crows,0,0.0,4.51061057855546e-27,0.006885865927785088,0
586950,The Wizards - Enhanced Edition,0,0.0,4.51061057855546e-27,0.006885865927785088,0
332830,Prelogate,0,0.0,4.51061057855546e-27,0.006885865927785088,0
779100,Daemonical,0,0.0,4.51061057855546e-27,0.006885865927785088,0
602430,Yono and the Celestial Elephants,0,0.0,4.51061057855546e-27,0.006885865927785088,0
781590,三国游侠志,0,0.0,4.51061057855546e-27,0.006885865927785088,0
458760,Palinurus,0,0.0,4.51061057855546e-27,0.006885865927785088,0
242530,The Chaos Engine,0,0.0,4.51061057855546e-27,0.006885865927785088,0
911220,Dusk Diver 酉閃町,0,0.0,4.51061057855546e-27,0.006885865927785088,0
776580,Abasralsa,0,0.0,4.51061057855546e-27,0.006885865927785088,1
615340,Mystic Journey: Tri Peaks Solitaire,0,0.0,4.51061057855546e-27,0.006885865927785088,101
403410,ARCADE GAME SERIES: Ms. PAC-MAN,0,0.0,4.51061057855546e-27,0.006885865927785088,0
359580,Uncanny Valley,0,0.0,4.51061057855546e-27,0.006885865927785088,0
668890,Hiking Simulator 2017,0,0.0,4.51061057855546e-27,0.006885865927785088,0
956240,Simson Tuningwerkstatt 3D,0,0.0,4.51061057855546e-27,0.006885865927785088,0
428180,Islet Online,0,0.0,4.51061057855546e-27,0.006885865927785088,0
516130,Runner3,0,0.0,4.51061057855546e-27,0.006885865927785088,1
771060,Iron League,0,0.0,4.51061057855546e-27,0.006885865927785088,1
355310,Blood Alloy: Reborn,0,0.0,4.51061057855546e-27,0.006885865927785088,0
667790,Downbreak,0,0.0,4.51061057855546e-27,0.006885865927785088,0
562250,Beastmancer,0,0.0,4.51061057855546e-27,0.006885865927785088,0
569640,ZombieFight VR,0,0.0,4.51061057855546e-27,0.006885865927785088,0
645690,Fantasia of the Wind - 风之幻想曲,0,0.0,4.51061057855546e-27,0.006885865927785088,0
396090,Rogue State,0,0.0,4.51061057855546e-27,0.006885865927785088,2
457570,Camp Sunshine,0,0.0,4.51061057855546e-27,0.006885865927785088,55
32630,Delta Force 2,0,0.0,4.51061057855546e-27,0.006885865927785088,0
446550,Infinite Mini Golf,0,0.0,4.51061057855546e-27,0.006885865927785088,1
780390,Space Bob vs. The Replicons,0,0.0,4.51061057855546e-27,0.006885865927785088,0
761700,Your Diary +,0,0.0,4.51061057855546e-27,0.006885865927785088,0
624410,Prank Bros / 欢乐兄弟,0,0.0,4.51061057855546e-27,0.006885865927785088,0
570490,SHENZHEN SOLITAIRE,0,0.0,4.51061057855546e-27,0.006885865927785088,2
1055620,Minions Battle,0,0.0,4.51061057855546e-27,0.006885865927785088,1
800600,Wayhaven Chronicles: Book One,0,0.0,4.51061057855546e-27,0.006885865927785088,2
273760,Towtruck Simulator 2015,0,0.0,4.51061057855546e-27,0.006885865927785088,0
565110,Mobile Astro,0,0.0,4.51061057855546e-27,0.006885865927785088,1
1006400,Fantasia of the Wind 2 风之幻想曲 第二部,0,0.0,4.51061057855546e-27,0.006885865927785088,0
422100,Heaven Island Life,0,0.0,4.51061057855546e-27,0.006885865927785088,0
992330,Incubo,0,0.0,4.51061057855546e-27,0.006885865927785088,0
857470,NEKOKORO,0,0.0,4.51061057855546e-27,0.006885865927785088,47
339580,Ember,0,0.0,4.51061057855546e-27,0.006885865927785088,0
406170,Vortex: The Gateway,0,0.0,4.51061057855546e-27,0.006885865927785088,1
304540,FreakOut: Extreme Freeride,0,0.0,4.51061057855546e-27,0.006885865927785088,0
290000,DubWars,0,0.0,4.51061057855546e-27,0.006885865927785088,2
600210,RoboMatch,0,0.0,4.51061057855546e-27,0.006885865927785088,1
719080,Fart Simulator 2018,0,0.0,4.51061057855546e-27,0.006885865927785088,1
459160,Allods Online My.com,0,0.0,4.51061057855546e-27,0.006885865927785088,1
802130,Break The Targets,0,0.0,4.51061057855546e-27,0.006885865927785088,0
423890,Gods and Idols,0,0.0,4.51061057855546e-27,0.006885865927785088,2
549170,Army Men II,0,0.0,4.51061057855546e-27,0.006885865927785088,1
763870,Xploquest,0,0.0,4.51061057855546e-27,0.006885865927785088,0
65530,SpellForce 2: Faith in Destiny,0,0.0,4.51061057855546e-27,0.006885865927785088,0
907330,Amulet Zero 零物语 - Optimize,0,0.0,4.51061057855546e-27,0.006885865927785088,0
509190,Rollout,0,0.0,4.51061057855546e-27,0.006885865927785088,1
557260,iREC,0,0.0,4.51061057855546e-27,0.006885865927785088,0
633440,Unit 4,0,0.0,4.51061057855546e-27,0.006885865927785088,0
663090,Granado Espada,0,0.0,4.51061057855546e-27,0.006885865927785088,0
332250,The Next Penelope,0,0.0,4.51061057855546e-27,0.006885865927785088,0
348460,Bierzerkers,0,0.0,4.51061057855546e-27,0.006885865927785088,0
751340,ASSAULT GUNNERS HD EDITION,0,0.0,4.51061057855546e-27,0.006885865927785088,1
496930,Sumeru,0,0.0,4.51061057855546e-27,0.006885865927785088,0
473920,Corinne Cross's Dead & Breakfast,0,0.0,4.51061057855546e-27,0.006885865927785088,2
589860,SoulSet,0,0.0,4.51061057855546e-27,0.006885865927785088,72
490390,神明的一天世界(God's One Day World),0,0.0,4.51061057855546e-27,0.006885865927785088,0
446600,Magi Trials,0,0.0,4.51061057855546e-27,0.006885865927785088,0
551580,Goblin and Coins,0,0.0,4.51061057855546e-27,0.006885865927785088,18
1040590,Killer Chambers,0,0.0,4.51061057855546e-27,0.006885865927785088,1
260930,Emergency 2014,0,0.0,4.51061057855546e-27,0.006885865927785088,1
8790,GTR 2 FIA GT Racing Game,0,0.0,4.51061057855546e-27,0.006885865927785088,1
644550,篱笆庄秘闻 / Mysteries of Fence,0,0.0,4.51061057855546e-27,0.006885865927785088,98
458970,Intruder Alert: Ixian Operations,0,0.0,4.51061057855546e-27,0.006885865927785088,1
606680,Silver,0,0.0,4.51061057855546e-27,0.006885865927785088,0
827940,Marvellous Inc.,0,0.0,4.51061057855546e-27,0.006885865927785088,0
869080,TRAGO,0,0.0,4.51061057855546e-27,0.006885865927785088,2
602910,One Wish,0,0.0,4.51061057855546e-27,0.006885865927785088,1
988980,GLAD VALAKAS TOWER DEFENCE,0,0.0,4.51061057855546e-27,0.006885865927785088,1
599960,Dogolrax,0,0.0,4.51061057855546e-27,0.006885865927785088,0
951940,Almost There: The Platformer,0,0.0,4.51061057855546e-27,0.006885865927785088,110
756360,LINCH,0,0.0,4.51061057855546e-27,0.006885865927785088,1
848010,Find your way,0,0.0,4.51061057855546e-27,0.006885865927785088,16
932570,阿比斯的宝藏 - Treasure of abyss,0,0.0,4.51061057855546e-27,0.006885865927785088,0
244070,Sid Meier’s Ace Patrol,0,0.0,4.51061057855546e-27,0.006885865927785088,0
403400,ARCADE GAME SERIES: DIG DUG,0,0.0,4.51061057855546e-27,0.006885865927785088,1
1006720,PUZZLE: BIRDS,0,0.0,4.51061057855546e-27,0.006885865927785088,1
944710,TurnTack,0,0.0,4.51061057855546e-27,0.006885865927785088,0
881560,How To Date A Magical Girl!,0,0.0,4.51061057855546e-27,0.006885865927785088,1
573660,AereA,0,0.0,4.51061057855546e-27,0.006885865927785088,0
652750,Polygon Hero,0,0.0,4.51061057855546e-27,0.006885865927785088,0
671740,VR SHOOT AROUND - Realistic basketball simulator -,0,0.0,4.51061057855546e-27,0.006885865927785088,1
443420,Artificial Defense,0,0.0,4.51061057855546e-27,0.006885865927785088,2
682450,Garrison: Archangel,0,0.0,4.51061057855546e-27,0.006885865927785088,0
984470,Big Dipper,0,0.0,4.51061057855546e-27,0.006885865927785088,0
368640,htoL#NiQ: The Firefly Diary / htoL#NiQ-ホタルノニッキ-,0,0.0,4.51061057855546e-27,0.006885865927785088,0
422610,1775: Rebellion,0,0.0,4.51061057855546e-27,0.006885865927785088,1
1023320,Clown Thug Cop Zombies,0,0.0,4.51061057855546e-27,0.006885865927785088,1
1032730,Sticks And Bones,0,0.0,4.51061057855546e-27,0.006885865927785088,0
489370,Quarantine,0,0.0,4.51061057855546e-27,0.006885865927785088,37
528300,Soulless: Ray Of Hope,0,0.0,4.51061057855546e-27,0.006885865927785088,0
93200,Revenge of the Titans,0,0.0,4.51061057855546e-27,0.006885865927785088,0
619210,4D Toys,0,0.0,4.51061057855546e-27,0.006885865927785088,1
1046370,Meaty McSkinBones,0,0.0,4.51061057855546e-27,0.006885865927785088,1
670430,Colorless Life,0,0.0,4.51061057855546e-27,0.006885865927785088,2
861270,Sudoku Killer / 杀手数独,0,0.0,4.51061057855546e-27,0.006885865927785088,0
345460,War of Omens Card Game,0,0.0,4.51061057855546e-27,0.006885865927785088,0
