app_id,name,degree,degree_centrality,betweenness_centrality,closeness_centrality,eigenvector,local_clustering_coefficient,global_clustering_coefficient,community
12,sim_12,575,0.17578722103332314,0.026975174915907202,0.5479979896130005,0.10534070247124691,0.11277079230419633,0.20141910631689894,
20,sim_20,532,0.162641394069092,0.02191295212677951,0.5439880259437885,0.10369675277755959,0.1280390241139572,0.20141910631689894,
24,sim_24,509,0.15560990522775908,0.02142001452925587,0.5417356740642597,0.10009280265444928,0.13145274817072228,0.20141910631689894,
27,sim_27,489,0.1494955671048609,0.019438334147329053,0.5399471772862331,0.09879552993318712,0.13856481947098462,0.20141910631689894,
3,sim_3,483,0.14766126566799143,0.021953206835833756,0.5392350807781074,0.09385218181082515,0.12882829480339852,0.20141910631689894,
34,sim_34,478,0.14613268113726688,0.01903239244267202,0.5391462007582001,0.09508464543157275,0.13497013236493777,0.20141910631689894,
14,sim_14,474,0.14490981351268725,0.020594755235671454,0.5379934210526316,0.09385320579929166,0.13435205751955825,0.20141910631689894,
37,sim_37,474,0.14490981351268725,0.01958626643122037,0.5384362139917696,0.09529579546790416,0.1376704935727603,0.20141910631689894,
40,sim_40,465,0.14215836135738305,0.016794758275909594,0.5378165077277212,0.09642675793903983,0.14670930663700407,0.20141910631689894,
22,sim_22,465,0.14215836135738305,0.01792553105030851,0.5378165077277212,0.09424422267450036,0.13949758991472005,0.20141910631689894,
7,sim_7,464,0.14185264445123816,0.016691878210417753,0.5378165077277212,0.09675316948135154,0.14767818574514038,0.20141910631689894,
62,sim_62,461,0.14093549373280342,0.019656325794184453,0.5372864651773982,0.09189759653582483,0.13615957747807225,0.20141910631689894,
8,sim_8,459,0.14032405992051358,0.018385237530013844,0.5371982263097389,0.09383540879997712,0.14257308940072874,0.20141910631689894,
52,sim_52,455,0.13910119229593396,0.019324523772875035,0.5363174290867355,0.09030667127769608,0.13518904003485502,0.20141910631689894,
0,sim_0,447,0.13665545704677468,0.01661384602960937,0.5358781127129751,0.09250924889122049,0.14641707045475066,0.20141910631689894,
17,sim_17,438,0.1339040048914705,0.014687916385432005,0.5352642775323188,0.09441061648280481,0.15852167643647536,0.20141910631689894,
31,sim_31,436,0.13329257107918066,0.015475941944422738,0.5355271774721676,0.09114767030612753,0.14952019403142466,0.20141910631689894,
68,sim_68,427,0.1305411189238765,0.016984361277287915,0.533605220228385,0.08453285688152572,0.13547954393024816,0.20141910631689894,
59,sim_59,427,0.1305411189238765,0.016004469999667606,0.5332572546462341,0.08702537249243542,0.14300007696451936,0.20141910631689894,
28,sim_28,426,0.13023540201773157,0.015583288203233158,0.5341280209013717,0.08911742264780884,0.14984810825738745,0.20141910631689894,
39,sim_39,423,0.12931825129929683,0.014982472867490335,0.533605220228385,0.08639514961392156,0.14379348593324595,0.20141910631689894,
36,sim_36,422,0.12901253439315194,0.014987766303070842,0.5333442034893201,0.08742530752548529,0.14770744447321318,0.20141910631689894,
147,sim_147,415,0.12687251605013758,0.015525072707066441,0.5325626831650928,0.08360238739334341,0.14094639427274314,0.20141910631689894,
18,sim_18,411,0.12564964842555792,0.014878142573433591,0.5328229353314872,0.08787577005562336,0.15727256542638418,0.20141910631689894,
2,sim_2,410,0.125343931519413,0.013793647182238182,0.5330834419817471,0.08852487462127356,0.15986642018009423,0.20141910631689894,
6,sim_6,405,0.12381534698868847,0.013332399661115043,0.5319564156773459,0.08944889943370263,0.16719227478303386,0.20141910631689894,
21,sim_21,399,0.121981045551819,0.012762302216043138,0.5306619078520441,0.08490472337438465,0.1557285172730822,0.20141910631689894,
102,sim_102,395,0.12075817792723936,0.0132734697625509,0.5313515269655621,0.08701418914552343,0.16634325001606373,0.20141910631689894,
58,sim_58,390,0.11922959339651482,0.014328703875837517,0.5304897826792085,0.07943296654616563,0.14427526201305121,0.20141910631689894,
46,sim_46,385,0.11770100886579027,0.012127111327810573,0.5300599578674445,0.08646117964066227,0.17408008658008658,0.20141910631689894,
109,sim_109,380,0.11617242433506572,0.01169905616905105,0.5292880258899676,0.08299116586717831,0.16444938203027357,0.20141910631689894,
57,sim_57,375,0.11464383980434117,0.011569590567485655,0.5288601455133387,0.08319980566588114,0.17002495543672014,0.20141910631689894,
120,sim_120,375,0.11464383980434117,0.011153451219747777,0.5287746524409958,0.08271256674169472,0.1679572192513369,0.20141910631689894,
10,sim_10,373,0.11403240599205136,0.011273789959532581,0.5290312146207343,0.08069159188209808,0.16133356395399118,0.20141910631689894,
15,sim_15,363,0.11097523693060225,0.010771987037020802,0.5286037491919845,0.08223433904200651,0.17658250003805,0.20141910631689894,
23,sim_23,360,0.11005808621216753,0.010515598159133433,0.5280917016467549,0.08509989684273356,0.19247910863509748,0.20141910631689894,
9,sim_9,358,0.1094466523998777,0.010074511618549173,0.5268159123852473,0.07973132479640371,0.17191681141730436,0.20141910631689894,
33,sim_33,357,0.1091409354937328,0.010880896345994552,0.5277508873830268,0.08193921273302279,0.18246624492493627,0.20141910631689894,
25,sim_25,356,0.10883521858758789,0.01064186486686984,0.5267310789049919,0.07777308916889503,0.16637126127551827,0.20141910631689894,
13,sim_13,356,0.10883521858758789,0.011052705177095107,0.5276657525407323,0.08112128080505303,0.1793954739673999,0.20141910631689894,
16,sim_16,351,0.10730663405686335,0.010230270240731674,0.5264767423145018,0.0800027835148404,0.17971509971509972,0.20141910631689894,
41,sim_41,347,0.1060837664322837,0.010869881167027053,0.5265614938828075,0.07996536536139102,0.18367176958571405,0.20141910631689894,
49,sim_49,344,0.10516661571384897,0.01048241344487891,0.5257152041144326,0.07706484909557144,0.1742999525391552,0.20141910631689894,
74,sim_74,335,0.10241516355854478,0.008929737305700382,0.5255462724935732,0.0768676897739851,0.18250067030118866,0.20141910631689894,
80,sim_80,333,0.10180372974625496,0.01071470563478203,0.5243667842257134,0.07402222465668028,0.17263649191360034,0.20141910631689894,
150,sim_150,330,0.10088657902782024,0.009655161314748572,0.5240307593719962,0.07414121070448372,0.17557336280740535,0.20141910631689894,
89,sim_89,329,0.10058086212167533,0.00905393202454558,0.5245349583066068,0.0768929171949092,0.18974720142338203,0.20141910631689894,
85,sim_85,324,0.09905227759095077,0.010506022714630725,0.5232762757958727,0.06948938337871076,0.16135382028054887,0.20141910631689894,
132,sim_132,323,0.09874656068480586,0.009822124100477106,0.5236951649055396,0.0733672055726044,0.18022037190162107,0.20141910631689894,
82,sim_82,323,0.09874656068480586,0.008298171363998665,0.5238629083920564,0.07496098965452534,0.18718150875911005,0.20141910631689894,
77,sim_77,321,0.09813512687251605,0.009297081362169926,0.5226909555768616,0.07320376462037466,0.18130841121495328,0.20141910631689894,
48,sim_48,321,0.09813512687251605,0.009307578375876247,0.524198717948718,0.07670185182250895,0.19861760124610592,0.20141910631689894,
29,sim_29,319,0.09752369306022622,0.008300365222232119,0.5241147252042941,0.07576881572059735,0.1955600244474675,0.20141910631689894,
76,sim_76,318,0.09721797615408131,0.008391735645781797,0.5236951649055396,0.07422909239979691,0.19008789159375433,0.20141910631689894,
123,sim_123,316,0.0966065423417915,0.00939677720557264,0.5217738076248205,0.0709982911508146,0.1759694595137633,0.20141910631689894,
198,sim_198,313,0.09568939162335677,0.00906008024242418,0.5223570744171191,0.07240974713615837,0.18597935610715163,0.20141910631689894,
72,sim_72,311,0.09507795781106694,0.009147398530095288,0.5229416466826539,0.07232722199833706,0.1883829478269889,0.20141910631689894,
5,sim_5,310,0.09477224090492203,0.0073101706416089035,0.5230252638311481,0.07677731849109247,0.212590040714062,0.20141910631689894,
51,sim_51,309,0.09446652399877713,0.009412002748229367,0.5210258043963045,0.06921057203647354,0.1759971420165595,0.20141910631689894,
26,sim_26,308,0.09416080709263222,0.009137733326964447,0.5218570516911295,0.06983253992810866,0.17978763907102668,0.20141910631689894,
90,sim_90,306,0.0935493732803424,0.0075664592951165755,0.5226074452787985,0.07266834053824692,0.19607843137254902,0.20141910631689894,
169,sim_169,305,0.09324365637419749,0.008185292056511488,0.5214410967639088,0.06875709436176507,0.17739430543572046,0.20141910631689894,
11,sim_11,304,0.09293793946805258,0.008481145059311015,0.5215242346938775,0.06939603906475743,0.18188726767413582,0.20141910631689894,
1,sim_1,304,0.09293793946805258,0.008120301421286157,0.5229416466826539,0.07400915819857938,0.2055541080423832,0.20141910631689894,
133,sim_133,302,0.09232650565576275,0.008421955816765855,0.5206111730065256,0.06845433292976785,0.17933598820708016,0.20141910631689894,
136,sim_136,300,0.09171507184347294,0.00851508581105097,0.5206940464820121,0.06973733096420158,0.18963210702341138,0.20141910631689894,
100,sim_100,295,0.09018648731274839,0.00839553761473853,0.5197838868584141,0.06732905459292347,0.18328144817248934,0.20141910631689894,
197,sim_197,294,0.08988077040660349,0.00808761521000039,0.5198664971392244,0.06934895335309706,0.19525899096840102,0.20141910631689894,
70,sim_70,291,0.08896361968816875,0.007345500321182864,0.5206111730065256,0.06990341741890581,0.2014693684085792,0.20141910631689894,
45,sim_45,289,0.08835218587587892,0.006613407261967548,0.5206111730065256,0.07308106344155442,0.22193387158785083,0.20141910631689894,
61,sim_61,288,0.08804646896973402,0.006561029753673401,0.5193712289615751,0.07095242491609344,0.21189024390243902,0.20141910631689894,
174,sim_174,287,0.08774075206358911,0.00676915050537229,0.5196187450357427,0.07026980460748339,0.20840135474281815,0.20141910631689894,
64,sim_64,287,0.08774075206358911,0.008823004008148819,0.5189592257655085,0.06425974073199957,0.17784654370020223,0.20141910631689894,
47,sim_47,284,0.08682360134515438,0.006451294555792712,0.5200317965023847,0.06961721916726475,0.20974966406211118,0.20141910631689894,
170,sim_170,283,0.08651788443900947,0.00695033929939033,0.5200317965023847,0.06833606594985818,0.20251610154624966,0.20141910631689894,
60,sim_60,281,0.08590645062671966,0.00801383304816971,0.5177271288382399,0.06219362691551406,0.17376715810879512,0.20141910631689894,
63,sim_63,280,0.08560073372057474,0.006031835551399138,0.5189592257655085,0.0683002113961789,0.20913978494623656,0.20141910631689894,
65,sim_65,275,0.08407214918985019,0.006342044658221642,0.5185478757133798,0.0675583389711041,0.21183808891838088,0.20141910631689894,
235,sim_235,274,0.08376643228370528,0.006816389169465066,0.5171541501976284,0.06674945081383292,0.20863078527312104,0.20141910631689894,
217,sim_217,273,0.08346071537756038,0.0068573554922750956,0.5165008684667614,0.06351735270575343,0.1920383538030597,0.20141910631689894,
118,sim_118,270,0.08254356465912564,0.0063466763919987675,0.5173995571021829,0.06461251925006795,0.20181743081371334,0.20141910631689894,
32,sim_32,270,0.08254356465912564,0.005380372996519161,0.5185478757133798,0.0699562854894799,0.2355225113589426,0.20141910631689894,
43,sim_43,267,0.08162641394069091,0.005763727620449554,0.5178090865917366,0.06837123087979959,0.22835177832221001,0.20141910631689894,
38,sim_38,266,0.081320697034546,0.006151281643766937,0.5175632911392405,0.0659160980378117,0.21523620371683927,0.20141910631689894,
56,sim_56,265,0.0810149801284011,0.005384988173446778,0.5177271288382399,0.06750006675195262,0.2262149799885649,0.20141910631689894,
35,sim_35,262,0.08009782940996636,0.0066352575311684325,0.5160119892727559,0.06513311743035984,0.21730864847474482,0.20141910631689894,
92,sim_92,262,0.08009782940996636,0.005399509776112818,0.5160119892727559,0.06418335287201564,0.21274604428065866,0.20141910631689894,
19,sim_19,261,0.07979211250382146,0.006223601660545581,0.5153615881518828,0.06277497860618537,0.20480400825228412,0.20141910631689894,
106,sim_106,257,0.07856924487924181,0.0064492984023127855,0.5160119892727559,0.062457469623150796,0.20765442607003892,0.20141910631689894,
30,sim_30,255,0.077957811066952,0.0060471417008128,0.5133396107972379,0.06204595299580538,0.210498687664042,0.20141910631689894,
4,sim_4,254,0.0776520941608071,0.005640652411395648,0.5158492351364138,0.0656051869357755,0.23373066508978868,0.20141910631689894,
94,sim_94,250,0.07642922653622745,0.005717897221436386,0.5130980392156863,0.05892241334736101,0.19527710843373494,0.20141910631689894,
280,sim_280,249,0.07612350963008253,0.006380542317361564,0.5126959247648902,0.05730078208441232,0.18988858660448243,0.20141910631689894,
112,sim_112,248,0.07581779272393763,0.004533764539243307,0.5155240346729708,0.06459376158556143,0.23579730965129947,0.20141910631689894,
204,sim_204,248,0.07581779272393763,0.00494500096246034,0.5145508887840177,0.062101281681644256,0.2214966697139872,0.20141910631689894,
69,sim_69,248,0.07581779272393763,0.005813874694252085,0.5150370020469217,0.06082073050202306,0.21330155413347263,0.20141910631689894,
71,sim_71,248,0.07581779272393763,0.0057703080868258625,0.5126155774956903,0.05778554937847936,0.19296068956510382,0.20141910631689894,
193,sim_193,247,0.07551207581779272,0.005213415972113099,0.5142273227479957,0.06182185679587014,0.2204009084625259,0.20141910631689894,
161,sim_161,243,0.07428920819321308,0.005876440460103199,0.5118134877171022,0.055878790582904854,0.18834812774206713,0.20141910631689894,
121,sim_121,243,0.07428920819321308,0.00511436641190289,0.5146318439269981,0.06209357722484394,0.2289902390912492,0.20141910631689894,
84,sim_84,241,0.07367777438092327,0.004828889683278547,0.5132590616664051,0.06000721705373801,0.2198478561549101,0.20141910631689894,
223,sim_223,237,0.07245490675634363,0.005151468494422513,0.5119737048051338,0.05728899374434519,0.20582135450189515,0.20141910631689894,
54,sim_54,231,0.07062060531947416,0.004321141946636366,0.5120538509705698,0.0591800446574953,0.23278750235271975,0.20141910631689894,
313,sim_313,231,0.07062060531947416,0.005220805387152227,0.5121340222326601,0.057237637493071564,0.21720308676830416,0.20141910631689894,
256,sim_256,230,0.07031488841332925,0.004357561549311731,0.5102964118564742,0.05538253186979741,0.2060755648376685,0.20141910631689894,
267,sim_267,229,0.07000917150718435,0.005720395644762694,0.5118134877171022,0.05653786943887208,0.21719145024132383,0.20141910631689894,
55,sim_55,229,0.07000917150718435,0.005219554649773609,0.5106150483921323,0.05391301272748485,0.1980770704052708,0.20141910631689894,
261,sim_261,227,0.06939773769489452,0.0049358853337683785,0.5111736208782622,0.056761702025425416,0.22092705937390356,0.20141910631689894,
199,sim_199,224,0.0684805869764598,0.005081924090255619,0.508788303002022,0.05284510426165065,0.19919122357463165,0.20141910631689894,
73,sim_73,220,0.06725771935188016,0.00479453010700348,0.5114133833646028,0.054598750072065445,0.21921959319219594,0.20141910631689894,
125,sim_125,217,0.06634056863344542,0.003589830532968415,0.5102964118564742,0.05538085401270996,0.2291346646185356,0.20141910631689894,
226,sim_226,216,0.06603485172730052,0.004243240354222614,0.5098986749805144,0.05645907432637873,0.2405684754521964,0.20141910631689894,
87,sim_87,214,0.06542341791501069,0.003909155654928068,0.5098192019950125,0.056320228000385025,0.24518450265455663,0.20141910631689894,
110,sim_110,214,0.06542341791501069,0.004017715563318718,0.5097397537790245,0.057018934332302554,0.2486069062349173,0.20141910631689894,
108,sim_108,210,0.06420055029043106,0.004163772994943877,0.5058768945252088,0.05193049451437285,0.21959444064707223,0.20141910631689894,
66,sim_66,208,0.06358911647814124,0.003707522148346213,0.5074464784362396,0.053706337993671915,0.23573950204384986,0.20141910631689894,
202,sim_202,207,0.06328339957199633,0.00452331435897314,0.5098192019950125,0.0544561334884581,0.2450166502509263,0.20141910631689894,
304,sim_304,207,0.06328339957199633,0.004122599978822109,0.504706063879031,0.04695345184191014,0.18840579710144928,0.20141910631689894,
263,sim_263,205,0.0626719657597065,0.004310769847037067,0.5065820040266378,0.05095497370307803,0.2205164992826399,0.20141910631689894,
218,sim_218,205,0.0626719657597065,0.0035544969147964225,0.5085509950248757,0.05224018603510355,0.2294595887135342,0.20141910631689894,
156,sim_156,203,0.06206053194741669,0.0033820072611338583,0.5067389620449264,0.051897649536745895,0.23333170755499194,0.20141910631689894,
271,sim_271,201,0.06144909813512687,0.003457841003135747,0.5068174775333126,0.05089821636537987,0.22970149253731342,0.20141910631689894,
42,sim_42,201,0.06144909813512687,0.004116567455333685,0.5058768945252088,0.05104168773570695,0.2307960199004975,0.20141910631689894,
201,sim_201,199,0.06083766432283705,0.0031169409699548013,0.5076827564799007,0.05250426604172241,0.24719557382873966,0.20141910631689894,
236,sim_236,199,0.06083766432283705,0.0035577437419920402,0.5039285164073333,0.04894960404401345,0.2181615146439267,0.20141910631689894,
143,sim_143,197,0.06022623051054723,0.003227381280861365,0.5054860145263483,0.05144505066167528,0.24267067232984565,0.20141910631689894,
114,sim_114,197,0.06022623051054723,0.0026102860312400417,0.5092635839950179,0.05628970146022793,0.284730135709106,0.20141910631689894,
184,sim_184,195,0.05961479669825741,0.0033103567485916314,0.5040061633281973,0.04894935047365232,0.22426645519429025,0.20141910631689894,
203,sim_203,195,0.05961479669825741,0.0036011657946409432,0.5036957191253465,0.04841086722523383,0.22410785091197463,0.20141910631689894,
285,sim_285,195,0.05961479669825741,0.003822021419598981,0.5044725478099938,0.048044201477607275,0.21734073486650807,0.20141910631689894,
532,sim_532,195,0.05961479669825741,0.003205230059383197,0.5051737451737451,0.04937942733855579,0.2290245836637589,0.20141910631689894,
154,sim_154,194,0.0593090797921125,0.0033451066526124975,0.5063467492260062,0.05276813517460598,0.26237914641311894,0.20141910631689894,
472,sim_472,194,0.0593090797921125,0.003597501340841315,0.5074464784362396,0.05107492623449274,0.24571337001228566,0.20141910631689894,
44,sim_44,193,0.05900336288596759,0.004210456728987117,0.5037732943169567,0.04858703844863873,0.22441709844559585,0.20141910631689894,
259,sim_259,190,0.05808621216753286,0.0034853546726038905,0.5046282011724776,0.04852339474866945,0.2349763297131718,0.20141910631689894,
407,sim_407,187,0.057169061449098134,0.003218527634613527,0.5012258657676985,0.04700641007563172,0.22758898280719914,0.20141910631689894,
175,sim_175,184,0.0562519107306634,0.002818264478031598,0.5039285164073333,0.0488131593935897,0.2495248277500594,0.20141910631689894,
129,sim_129,184,0.0562519107306634,0.003207051518632067,0.5036181678214011,0.04978312231018603,0.2594440484675695,0.20141910631689894,
181,sim_181,180,0.055029043106083766,0.002799390626864842,0.5037732943169567,0.04865541967248899,0.2584729981378026,0.20141910631689894,
257,sim_257,178,0.054417609293793946,0.0028948296635581054,0.5012258657676985,0.04569867411471993,0.2380498952580461,0.20141910631689894,
315,sim_315,178,0.054417609293793946,0.0028396240307734864,0.5032307692307693,0.0487474399141815,0.26388624389005266,0.20141910631689894,
91,sim_91,177,0.05411189238764903,0.0024773923236066173,0.5023805866994318,0.048131130253334285,0.2621340523882897,0.20141910631689894,
253,sim_253,174,0.053194741669214306,0.003265302977282875,0.4977175897748022,0.042712099444308774,0.2201847053351937,0.20141910631689894,
365,sim_365,173,0.05288902476306939,0.0028898353540077718,0.4965841809625019,0.04295050336337649,0.22617287269794328,0.20141910631689894,
601,sim_601,172,0.052583307856924486,0.00263397229369949,0.4981724032896741,0.04286547982652028,0.22759417924656603,0.20141910631689894,
97,sim_97,171,0.05227759095077957,0.0021508569981168084,0.5003059039461609,0.046148256351227705,0.260405916752666,0.20141910631689894,
177,sim_177,171,0.05227759095077957,0.0024110149378574466,0.49878011588899057,0.044252014744053984,0.24189886480908152,0.20141910631689894,
88,sim_88,170,0.051971874044634665,0.0025483264545562087,0.5000764409111756,0.04579606192991761,0.25826662025757047,0.20141910631689894,
221,sim_221,167,0.05105472332619994,0.002680914822062103,0.4990845285321941,0.04368991740494381,0.24724045884135343,0.20141910631689894,
245,sim_245,165,0.05044328951391012,0.0022081921001361384,0.49433277920507784,0.03909733049233974,0.21049519586104953,0.20141910631689894,
79,sim_79,164,0.050137572607765205,0.0027879872641489614,0.4970369244795624,0.04087600355654493,0.228939099206943,0.20141910631689894,
343,sim_343,162,0.049526138795475384,0.0027006500104036525,0.4956060606060606,0.04044240104159365,0.22651637144390768,0.20141910631689894,
127,sim_127,161,0.04922042188933048,0.002849609132811939,0.494034133816644,0.03957759106447469,0.22290372670807454,0.20141910631689894,
414,sim_414,161,0.04922042188933048,0.0022415835254554475,0.49366133413824326,0.03942317841874101,0.2200310559006211,0.20141910631689894,
145,sim_145,161,0.04922042188933048,0.0025810339274402096,0.4956060606060606,0.04101494915373855,0.23346273291925465,0.20141910631689894,
212,sim_212,160,0.048914704983185564,0.002674081646137553,0.49779333434789225,0.043113679849357774,0.2634433962264151,0.20141910631689894,
249,sim_249,160,0.048914704983185564,0.002217629770657947,0.49180574349721845,0.038975439425415384,0.22358490566037736,0.20141910631689894,
319,sim_319,160,0.048914704983185564,0.0020245272012380266,0.49733921240687246,0.042258472975038944,0.2535377358490566,0.20141910631689894,
556,sim_556,160,0.048914704983185564,0.0022679259865039654,0.4938849463989129,0.03804936680783582,0.2110062893081761,0.20141910631689894,
168,sim_168,159,0.04860898807704066,0.0022971955547025197,0.5,0.045647516595163126,0.29352758538332935,0.20141910631689894,
250,sim_250,159,0.04860898807704066,0.003192464100406126,0.49165789869231924,0.03795148376944026,0.21120929862272111,0.20141910631689894,
53,sim_53,158,0.04830327117089575,0.002338715590301091,0.4922498118886381,0.0375061765380116,0.20978795452713053,0.20141910631689894,
113,sim_113,157,0.04799755426475084,0.0021933633944619694,0.49262048192771085,0.039724248584274986,0.2356687898089172,0.20141910631689894,
96,sim_96,156,0.04769183735860593,0.0021493156404919843,0.4950809747237778,0.04093318056817809,0.25053763440860216,0.20141910631689894,
104,sim_104,154,0.04708040354631611,0.00200980379663425,0.4960570215347285,0.04259731679195841,0.27595280536457006,0.20141910631689894,
115,sim_115,154,0.04708040354631611,0.0023132441041828606,0.49538088747539,0.042136571813064704,0.2668703845174433,0.20141910631689894,
307,sim_307,153,0.0467746866401712,0.002297316749126958,0.49202767749699156,0.03821440839478565,0.22755417956656346,0.20141910631689894,
337,sim_337,152,0.04646896973402629,0.002566529857487562,0.4944074969770254,0.041398269610812846,0.2628093412338794,0.20141910631689894,
293,sim_293,151,0.046163252827881376,0.0020071801244704404,0.48574398574398575,0.03420455945229297,0.19161147902869757,0.20141910631689894,
189,sim_189,150,0.04585753592173647,0.0017612244036604666,0.49463178587630424,0.04087760557906544,0.2700671140939597,0.20141910631689894,
215,sim_215,150,0.04585753592173647,0.0021196776202304815,0.48923122943463954,0.03712492476182105,0.22845637583892617,0.20141910631689894,
445,sim_445,148,0.04524610210944665,0.0020986642421978066,0.4938849463989129,0.03956085381128746,0.258411472697187,0.20141910631689894,
312,sim_312,147,0.04494038520330174,0.0020475733558334595,0.4894508454286997,0.036988963711841426,0.23464728357096262,0.20141910631689894,
98,sim_98,146,0.04463466829715683,0.0018870418414294258,0.4944822373393802,0.04136501905908117,0.28899385923476617,0.20141910631689894,
278,sim_278,145,0.04432895139101192,0.0020105849977925215,0.4869733511984517,0.03606899669635591,0.23026819923371647,0.20141910631689894,
180,sim_180,143,0.0437175175787221,0.0018749039882062814,0.4894508454286997,0.036257607197720865,0.2364818280311238,0.20141910631689894,
135,sim_135,143,0.0437175175787221,0.002026718220411325,0.4910674072962018,0.037745255619981585,0.25490002954791685,0.20141910631689894,
268,sim_268,142,0.04341180067257719,0.001641181770996358,0.49099369558691086,0.03873351055197344,0.27180101887923286,0.20141910631689894,
456,sim_456,140,0.04280036686028737,0.0015107165729366919,0.4931403588120006,0.04017643872603698,0.2986639260020555,0.20141910631689894,
519,sim_519,140,0.04280036686028737,0.0021353627755701875,0.48509565475307725,0.033159159973154266,0.21377183967112023,0.20141910631689894,
395,sim_395,139,0.04249464995414246,0.0014988562379796237,0.4904047976011994,0.03719093178323485,0.260765300802836,0.20141910631689894,
374,sim_374,138,0.042188933047997555,0.0018532460315587363,0.4832323829221451,0.0325787082422301,0.21114989950280336,0.20141910631689894,
194,sim_194,138,0.042188933047997555,0.0017169637615973286,0.4863217365447517,0.034824297426895384,0.2365386649740823,0.20141910631689894,
142,sim_142,137,0.04188321614185264,0.0015578883124043028,0.4901108780341624,0.03745541424949544,0.2753327608415629,0.20141910631689894,
558,sim_558,136,0.041577499235707735,0.0013032801010328424,0.4893044128646223,0.03670374650612726,0.2687363834422658,0.20141910631689894,
483,sim_483,135,0.04127178232956282,0.0020170283506842925,0.4813125367863449,0.031232883652985943,0.20928689883913765,0.20141910631689894,
159,sim_159,134,0.040966065423417915,0.0016589054182056774,0.48733611442193087,0.03518040317989134,0.2507013803164628,0.20141910631689894,
103,sim_103,134,0.040966065423417915,0.002003306712903538,0.4898906694623334,0.03603105232006984,0.2645045449444507,0.20141910631689894,
362,sim_362,133,0.040660348517273,0.001418388299852166,0.48711839166046167,0.034538047571905935,0.24504442925495556,0.20141910631689894,
551,sim_551,133,0.040660348517273,0.001954784796467336,0.48380417098062417,0.03386075919717962,0.24196855775803144,0.20141910631689894,
119,sim_119,133,0.040660348517273,0.0016028252470761,0.4891580678929266,0.03716875425600762,0.2821827295511506,0.20141910631689894,
254,sim_254,133,0.040660348517273,0.0014608124883708628,0.4881360990896881,0.03699036688078331,0.2852586010480747,0.20141910631689894,
266,sim_266,132,0.040354631611128094,0.0015287367672697854,0.49410876132930515,0.038423791487023615,0.301411057136248,0.20141910631689894,
355,sim_355,132,0.040354631611128094,0.0013980956496857345,0.4853835880694465,0.03430168536304369,0.24936386768447838,0.20141910631689894,
160,sim_160,131,0.04004891470498318,0.0014075562265638412,0.48923122943463954,0.03582315961715345,0.2744568408690546,0.20141910631689894,
553,sim_553,131,0.04004891470498318,0.0016298417965208492,0.4894508454286997,0.035308464239247106,0.2657662947739284,0.20141910631689894,
328,sim_328,131,0.04004891470498318,0.0015112456031088246,0.48251954565570143,0.0320030982726549,0.22325308279506753,0.20141910631689894,
244,sim_244,130,0.039743197798838274,0.0016764628855980529,0.4888656404124944,0.036267090695441075,0.28419797257006557,0.20141910631689894,
291,sim_291,129,0.03943748089269336,0.0016594848851736424,0.485960481354925,0.03291756234716815,0.24236918604651161,0.20141910631689894,
536,sim_536,129,0.03943748089269336,0.0017280469178604634,0.4817378497790869,0.031888268054559306,0.2323158914728682,0.20141910631689894,
75,sim_75,129,0.03943748089269336,0.0016898403743848328,0.48704586063132815,0.03518154029393867,0.27325581395348836,0.20141910631689894,
179,sim_179,129,0.03943748089269336,0.0014484952025837004,0.4880632646971053,0.03524722370617884,0.27337693798449614,0.20141910631689894,
101,sim_101,127,0.03882604708040355,0.001744882942036183,0.48704586063132815,0.03502246700949832,0.27509061367329085,0.20141910631689894,
265,sim_265,126,0.038520330174258634,0.0017310809018556712,0.4801820317087493,0.03103573111608734,0.2314920634920635,0.20141910631689894,
152,sim_152,125,0.03821461326811373,0.0013061325967269565,0.4910674072962018,0.03754332341398846,0.323741935483871,0.20141910631689894,
359,sim_359,125,0.03821461326811373,0.0017456514343229855,0.4751597908192911,0.02949535792654534,0.21316129032258063,0.20141910631689894,
768,sim_768,124,0.037908896361968814,0.0017940591775575793,0.4717334871646957,0.027410123424641056,0.1911880409126672,0.20141910631689894,
469,sim_469,123,0.03760317945582391,0.0013910658799771972,0.4830183106910809,0.03298303643240015,0.2689590830334533,0.20141910631689894,
137,sim_137,123,0.03760317945582391,0.0014202713655183034,0.48380417098062417,0.033685980543265596,0.2781554045048647,0.20141910631689894,
134,sim_134,123,0.03760317945582391,0.0011788198547069558,0.4896706586826347,0.03593586056470102,0.30681060908969743,0.20141910631689894,
900,sim_900,123,0.03760317945582391,0.0012964649669880883,0.48401894051494526,0.03261643859543423,0.2601626016260163,0.20141910631689894,
227,sim_227,123,0.03760317945582391,0.0016548459662002494,0.4863217365447517,0.03363234603595464,0.2734906037584966,0.20141910631689894,
384,sim_384,122,0.03729746254967899,0.0015506049690102578,0.4789866744764973,0.02983206032707277,0.23005012870884703,0.20141910631689894,
400,sim_400,122,0.03729746254967899,0.0012061147759501146,0.4829469954230031,0.03308084302531855,0.27381113670234386,0.20141910631689894,
252,sim_252,121,0.03699174564353409,0.0012799544507151638,0.4835895919574216,0.03305232961461107,0.2724517906336088,0.20141910631689894,
441,sim_441,120,0.03668602873738917,0.001585935044427152,0.48509565475307725,0.03217124339894197,0.26596638655462185,0.20141910631689894,
432,sim_432,120,0.03668602873738917,0.0011915422560984355,0.4849518161601186,0.033058086431734815,0.2784313725490196,0.20141910631689894,
704,sim_704,119,0.036380311831244266,0.0011795059179745165,0.48330378250591016,0.03325501976827332,0.290414470873095,0.20141910631689894,
107,sim_107,117,0.035768878018954446,0.0012134172072918385,0.4831610044313146,0.03233357377102627,0.2832301797819039,0.20141910631689894,
222,sim_222,116,0.03546316111280954,0.0013610117129483745,0.48287570121051077,0.03295392906504174,0.29535232383808097,0.20141910631689894,
176,sim_176,116,0.03546316111280954,0.0014024392043844333,0.48466439472514444,0.03428769921260969,0.31454272863568217,0.20141910631689894,
144,sim_144,115,0.035157444206664626,0.0014187607228261859,0.46943168771526983,0.026216877810193235,0.20884820747520977,0.20141910631689894,
430,sim_430,114,0.03485172730051972,0.0009160366872673943,0.48430559668344686,0.03388093944376386,0.32339698804533457,0.20141910631689894,
651,sim_651,114,0.03485172730051972,0.0011655591831212866,0.475297878523685,0.02937307050397303,0.24545877969259433,0.20141910631689894,
708,sim_708,113,0.034546010394374806,0.0013318893643950256,0.4689605734767025,0.027157649405574788,0.22945638432364096,0.20141910631689894,
157,sim_157,113,0.034546010394374806,0.0013923151808488338,0.48237723049697684,0.03164367875941947,0.28445006321112515,0.20141910631689894,
290,sim_290,113,0.034546010394374806,0.001271246001496959,0.47842621032616645,0.03038574829542548,0.2748103666245259,0.20141910631689894,
187,sim_187,112,0.0342402934882299,0.0012213280451437887,0.4796891039741898,0.030067867839101363,0.27155727155727155,0.20141910631689894,
207,sim_207,112,0.0342402934882299,0.0012990196115237533,0.4836610971462369,0.030994343441848225,0.2805662805662806,0.20141910631689894,
200,sim_200,112,0.0342402934882299,0.0013266997979060411,0.48138337012509197,0.031913941538270804,0.2981016731016731,0.20141910631689894,
158,sim_158,111,0.033934576582084985,0.0011938881192762878,0.47330342931558383,0.028454575747954725,0.25225225225225223,0.20141910631689894,
390,sim_390,111,0.033934576582084985,0.001070942163036638,0.47786705624543463,0.030141756606058678,0.27895167895167894,0.20141910631689894,
971,sim_971,110,0.03362885967594008,0.0010415986298589945,0.4750907770515614,0.027243104712896683,0.2321934945788157,0.20141910631689894,
275,sim_275,110,0.03362885967594008,0.001215078214616941,0.4807466196355085,0.03102122307278582,0.2910758965804837,0.20141910631689894,
590,sim_590,109,0.033323142769795165,0.0012172302852277153,0.47344044000578955,0.028451955158892383,0.26299694189602446,0.20141910631689894,
677,sim_677,109,0.033323142769795165,0.0012674102773608355,0.4717334871646957,0.027456138875829473,0.24855589534488617,0.20141910631689894,
377,sim_377,108,0.03301742586365026,0.0009530705991341587,0.47933763188745604,0.030143337906192957,0.29335410176531673,0.20141910631689894,
322,sim_322,108,0.03301742586365026,0.0009187107176701802,0.4849518161601186,0.03251244674117618,0.33039113880235377,0.20141910631689894,
243,sim_243,108,0.03301742586365026,0.0012260296894203195,0.4777274718854973,0.0302785488246078,0.2883350640359986,0.20141910631689894,
498,sim_498,108,0.03301742586365026,0.0011885731884082808,0.46252828054298645,0.024370676409903983,0.20578054690204223,0.20141910631689894,
346,sim_346,106,0.03240599205136044,0.0008364454855858145,0.4763361001893112,0.030073052905138564,0.30386343216531897,0.20141910631689894,
917,sim_917,105,0.03210027514521553,0.0008693959832798226,0.476544289044289,0.028737141407572674,0.2836996336996337,0.20141910631689894,
348,sim_348,105,0.03210027514521553,0.0009046677532640353,0.4820928518791452,0.03181256631227301,0.3347985347985348,0.20141910631689894,
283,sim_283,105,0.03210027514521553,0.0009901264273090033,0.4820218096080165,0.030809903520121484,0.310989010989011,0.20141910631689894,
164,sim_164,105,0.03210027514521553,0.0011707833853130435,0.47316649790250254,0.026779104665604146,0.2501831501831502,0.20141910631689894,
111,sim_111,103,0.03148884133292571,0.0008800172625185621,0.47842621032616645,0.03200901561312032,0.34532648010660577,0.20141910631689894,
148,sim_148,103,0.03148884133292571,0.0011288647252941902,0.47919718722531496,0.029887386810365874,0.3057300590138968,0.20141910631689894,
541,sim_541,103,0.03148884133292571,0.0009800251756347737,0.4722101920023098,0.02763119134375702,0.2705120883304778,0.20141910631689894,
801,sim_801,103,0.03148884133292571,0.0009907306352450924,0.4644327701263666,0.023990284045476644,0.21816105082809822,0.20141910631689894,
105,sim_105,102,0.031183124426780798,0.0012032003263194753,0.47716994894237785,0.028253136046948023,0.2875169869928169,0.20141910631689894,
326,sim_326,102,0.031183124426780798,0.0010773068526487258,0.4697013210798392,0.026332591909868426,0.25820229081731705,0.20141910631689894,
209,sim_209,101,0.03087740752063589,0.0009824875875446722,0.4728245157559988,0.027854925611530638,0.2863366336633663,0.20141910631689894,
436,sim_436,101,0.03087740752063589,0.0012950371782235878,0.4680881511161992,0.025188534638665275,0.24356435643564356,0.20141910631689894,
303,sim_303,100,0.03057169061449098,0.0009370095896445329,0.46882614304142184,0.02598535654889478,0.26121212121212123,0.20141910631689894,
461,sim_461,100,0.03057169061449098,0.0008795196476341359,0.470782959124928,0.026879682136371007,0.27494949494949494,0.20141910631689894,
311,sim_311,100,0.03057169061449098,0.0008648062862289853,0.47997065297138664,0.030200836952160255,0.3321212121212121,0.20141910631689894,
67,sim_67,99,0.03026597370834607,0.0006476103174398521,0.476544289044289,0.02935721672031918,0.323850752422181,0.20141910631689894,
666,sim_666,99,0.03026597370834607,0.0011855075890743738,0.4642350269656543,0.024079854645983768,0.23438466295609153,0.20141910631689894,
495,sim_495,98,0.02996025680220116,0.0009017605697905036,0.4769612131816856,0.02883198931800095,0.3187460551230802,0.20141910631689894,
314,sim_314,98,0.02996025680220116,0.0009257497522099715,0.4689605734767025,0.026358619351968,0.2779297285924679,0.20141910631689894,
952,sim_952,97,0.02965453989605625,0.0009470284768166561,0.4684233137619934,0.023727211289727844,0.23754295532646047,0.20141910631689894,
192,sim_192,97,0.02965453989605625,0.0010707869595314426,0.4739892769163889,0.026857170020758547,0.29059278350515466,0.20141910631689894,
406,sim_406,97,0.02965453989605625,0.0009688258608232291,0.46688552669140737,0.025320265653882186,0.2667525773195876,0.20141910631689894,
815,sim_815,96,0.02934882298991134,0.0008121988660805422,0.46976877782564985,0.026245812879555627,0.2807017543859649,0.20141910631689894,
153,sim_153,96,0.02934882298991134,0.0006848035317645239,0.47186959030582803,0.02781268876904761,0.3125,0.20141910631689894,
513,sim_513,95,0.02904310608376643,0.0005840063024366285,0.4747460087082729,0.028645430271543537,0.33527435610302353,0.20141910631689894,
672,sim_672,95,0.02904310608376643,0.0011221512875992446,0.46882614304142184,0.02460333411197145,0.25599104143337065,0.20141910631689894,
131,sim_131,95,0.02904310608376643,0.0007572719004047246,0.47619740864754695,0.028386272048625122,0.33325867861142217,0.20141910631689894,
130,sim_130,94,0.02873738917762152,0.0009381899645784101,0.46748606545662424,0.024106938747683226,0.2560054907343857,0.20141910631689894,
329,sim_329,94,0.02873738917762152,0.000987256416296294,0.4727561786385316,0.02757877153778491,0.32395332875772137,0.20141910631689894,
247,sim_247,94,0.02873738917762152,0.0007459178155548872,0.46681889539032395,0.02561257621245498,0.28437428506062684,0.20141910631689894,
220,sim_220,94,0.02873738917762152,0.0008634359335187124,0.47098632109431243,0.02652494205846506,0.3010752688172043,0.20141910631689894,
698,sim_698,93,0.02843167227147661,0.0009455473128475516,0.4662200684150513,0.024273150237425187,0.2646096306685367,0.20141910631689894,
208,sim_208,92,0.0281259553653317,0.0011173040566271478,0.4678203661327231,0.02363621962565017,0.2529861442904921,0.20141910631689894,
427,sim_427,92,0.0281259553653317,0.0007948454653534517,0.47146151628711447,0.02496283577729576,0.2814142379359771,0.20141910631689894,
791,sim_791,92,0.0281259553653317,0.0011030057938553014,0.4566522406812788,0.02123782444060144,0.2133301481127568,0.20141910631689894,
237,sim_237,91,0.02782023845918679,0.0009113422964862034,0.4599268841394826,0.022443341908846438,0.25006105006105006,0.20141910631689894,
471,sim_471,91,0.02782023845918679,0.0009612938944287839,0.459345597528437,0.02268817922622413,0.24884004884004884,0.20141910631689894,
662,sim_662,91,0.02782023845918679,0.0009875827672522434,0.4653578033859724,0.022939424915938002,0.2468864468864469,0.20141910631689894,
680,sim_680,91,0.02782023845918679,0.000736545212896267,0.46761972837741245,0.025364340733227162,0.30085470085470084,0.20141910631689894,
78,sim_78,90,0.027514521553041883,0.000845166392971254,0.46397163120567375,0.023463970560898464,0.26491885143570537,0.20141910631689894,
766,sim_766,90,0.027514521553041883,0.0008366564126783296,0.45614279737832936,0.02075585839255403,0.21822721598002498,0.20141910631689894,
1511,sim_1511,90,0.027514521553041883,0.0008930765929976279,0.4597329585382994,0.022084708320769184,0.24569288389513108,0.20141910631689894,
388,sim_388,89,0.027208804646896973,0.00068266339813215,0.46788728365040766,0.02557943676777269,0.31562819203268644,0.20141910631689894,
584,sim_584,89,0.027208804646896973,0.0006437409247640837,0.45595204906607195,0.021830938985729798,0.24463738508682328,0.20141910631689894,
86,sim_86,88,0.026903087740752063,0.0010527470208417833,0.47296124927703875,0.02640258329342336,0.3268025078369906,0.20141910631689894,
302,sim_302,88,0.026903087740752063,0.0008806598854896664,0.45639737686619225,0.020080308144988714,0.21499477533960293,0.20141910631689894,
447,sim_447,88,0.026903087740752063,0.0008036407064298385,0.4618751765038125,0.023092272050817552,0.2711598746081505,0.20141910631689894,
219,sim_219,88,0.026903087740752063,0.0006692301469759356,0.4672857142857143,0.024294231061953015,0.29205851619644724,0.20141910631689894,
587,sim_587,88,0.026903087740752063,0.0007446626495744001,0.4623975120158326,0.02286817180738961,0.27037617554858934,0.20141910631689894,
366,sim_366,87,0.026597370834607153,0.0007426709286943878,0.4528589228852277,0.020716347877402876,0.23282544774124567,0.20141910631689894,
915,sim_915,87,0.026597370834607153,0.0008606912828902047,0.456461066145688,0.020730474008063913,0.23362737236033146,0.20141910631689894,
1057,sim_1057,86,0.026291653928462243,0.0006903860344252389,0.46595441595441595,0.023122496775579666,0.2746922024623803,0.20141910631689894,
936,sim_936,86,0.026291653928462243,0.0008854823268167884,0.45179558011049725,0.018999663438508754,0.21367989056087552,0.20141910631689894,
1359,sim_1359,86,0.026291653928462243,0.0007420144386386388,0.4641032917139614,0.0228533179088995,0.2725034199726402,0.20141910631689894,
289,sim_289,86,0.026291653928462243,0.0006460937091841689,0.46949906703028566,0.025700233346267327,0.32886456908344736,0.20141910631689894,
364,sim_364,86,0.026291653928462243,0.0006764192447742831,0.4653578033859724,0.024617963600063367,0.31272229822161424,0.20141910631689894,
383,sim_383,85,0.025985937022317333,0.0006125465401798802,0.4653578033859724,0.0243843298281022,0.3092436974789916,0.20141910631689894,
347,sim_347,85,0.025985937022317333,0.0007993449444291308,0.46141910001410635,0.02229330395733711,0.2689075630252101,0.20141910631689894,
534,sim_534,85,0.025985937022317333,0.0007210330462535204,0.46889334862385323,0.02400161064723611,0.30168067226890755,0.20141910631689894,
499,sim_499,85,0.025985937022317333,0.0007337321191999347,0.45627005161110334,0.021185156566393002,0.25098039215686274,0.20141910631689894,
466,sim_466,85,0.025985937022317333,0.0006620644440918527,0.4574825174825175,0.0209554076791568,0.24565826330532212,0.20141910631689894,
729,sim_729,84,0.025680220116172423,0.0004732755658910303,0.463840045377198,0.022969701370978476,0.2874354561101549,0.20141910631689894,
239,sim_239,84,0.025680220116172423,0.0006463598545797894,0.4618751765038125,0.023652444946140307,0.30608146873207115,0.20141910631689894,
609,sim_609,84,0.025680220116172423,0.0006937691138190088,0.4633800821646126,0.02346089918273159,0.30665519219736087,0.20141910631689894,
182,sim_182,83,0.025374503210027512,0.0006636320864753967,0.4603152265690965,0.022375263635696186,0.2862180429033206,0.20141910631689894,
568,sim_568,82,0.025068786303882602,0.0007225849991267796,0.4684233137619934,0.023880867201762523,0.31586871424269797,0.20141910631689894,
846,sim_846,82,0.025068786303882602,0.0007074324583488557,0.46194040389775454,0.02193912102941251,0.28425173140620297,0.20141910631689894,
229,sim_229,82,0.025068786303882602,0.0009438713838037276,0.46828919112383677,0.025314154184841745,0.35320686540198737,0.20141910631689894,
412,sim_412,81,0.024763069397737692,0.00046308942084791963,0.4623321554770318,0.02343107994351829,0.3228395061728395,0.20141910631689894,
344,sim_344,81,0.024763069397737692,0.0007058823406586946,0.45614279737832936,0.019979113060920973,0.25277777777777777,0.20141910631689894,
757,sim_757,81,0.024763069397737692,0.0006190999206201408,0.45812324929971987,0.021061673564699814,0.2682098765432099,0.20141910631689894,
683,sim_683,81,0.024763069397737692,0.0006990408760466724,0.44125185484958857,0.017267992502907236,0.20277777777777778,0.20141910631689894,
423,sim_423,80,0.024457352491592782,0.000485292691608733,0.4592166222097431,0.021450989563812202,0.28037974683544303,0.20141910631689894,
530,sim_530,80,0.024457352491592782,0.0005152348980367493,0.45831581897155665,0.021830515871806403,0.28955696202531644,0.20141910631689894,
438,sim_438,80,0.024457352491592782,0.00047413322133920115,0.4603152265690965,0.022106123267136502,0.2949367088607595,0.20141910631689894,
740,sim_740,80,0.024457352491592782,0.000637638836607273,0.4539272828198723,0.01894105150555898,0.22151898734177214,0.20141910631689894,
1023,sim_1023,80,0.024457352491592782,0.0005538074677279478,0.45805909536479483,0.02176658457458967,0.29430379746835444,0.20141910631689894,
333,sim_333,79,0.024151635585447875,0.0004314478866289042,0.4642350269656543,0.02308431256068668,0.33041220382992537,0.20141910631689894,
300,sim_300,79,0.024151635585447875,0.0005412196979884396,0.4616796047988709,0.022524404532665444,0.31126257708536187,0.20141910631689894,
232,sim_232,79,0.024151635585447875,0.000516397021063002,0.46207091397089983,0.022493405849722384,0.30249918857513797,0.20141910631689894,
431,sim_431,79,0.024151635585447875,0.00044634619173394635,0.4627245720752582,0.02254769552886642,0.308666017526777,0.20141910631689894,
258,sim_258,79,0.024151635585447875,0.0003511635840571329,0.4689605734767025,0.025123338781734027,0.3761765660499838,0.20141910631689894,
195,sim_195,78,0.023845918679302965,0.000571060369370605,0.4578667413213886,0.021385412865952382,0.29037629037629037,0.20141910631689894,
675,sim_675,78,0.023845918679302965,0.0005637303753839868,0.45462126476719944,0.01999165472184189,0.2644022644022644,0.20141910631689894,
382,sim_382,77,0.023540201773158055,0.00046632881605539894,0.4631832342112716,0.02326851165763932,0.3472317156527683,0.20141910631689894,
494,sim_494,77,0.023540201773158055,0.0005727573722453616,0.45248305436436576,0.020018677082324913,0.2737525632262474,0.20141910631689894,
491,sim_491,77,0.023540201773158055,0.0005640552736284154,0.4622014978098064,0.022884612509810057,0.33561175666438825,0.20141910631689894,
570,sim_570,77,0.023540201773158055,0.0006514109561192477,0.4494366584226436,0.01805403807564283,0.23274094326725905,0.20141910631689894,
916,sim_916,77,0.023540201773158055,0.0006353098514578024,0.4629865534324133,0.021879398833698046,0.31954887218045114,0.20141910631689894,
332,sim_332,77,0.023540201773158055,0.0005155365704268029,0.45563448948321494,0.02056305794065985,0.28298017771701983,0.20141910631689894,
484,sim_484,76,0.023234484867013145,0.0007805667733701069,0.45639737686619225,0.020751345373916815,0.29368421052631577,0.20141910631689894,
1011,sim_1011,76,0.023234484867013145,0.0005604233369048776,0.45876577840112204,0.021145348359617507,0.30526315789473685,0.20141910631689894,
699,sim_699,76,0.023234484867013145,0.0007380075323104248,0.4497456345387048,0.018251717467900976,0.24421052631578946,0.20141910631689894,
705,sim_705,76,0.023234484867013145,0.0006614532595463284,0.4536754507628294,0.01913165831128542,0.2543859649122807,0.20141910631689894,
843,sim_843,76,0.023234484867013145,0.000573458237731458,0.45582497212931994,0.019931836101127375,0.2771929824561403,0.20141910631689894,
753,sim_753,75,0.022928767960868235,0.0006582081018664973,0.4498074807480748,0.017746822559451286,0.22882882882882882,0.20141910631689894,
682,sim_682,75,0.022928767960868235,0.00048726528621535726,0.4555710306406685,0.01999088844292624,0.28792792792792793,0.20141910631689894,
764,sim_764,75,0.022928767960868235,0.0007022768757620562,0.443044832723825,0.01632482745362384,0.20396396396396396,0.20141910631689894,
1047,sim_1047,75,0.022928767960868235,0.0006593372135234314,0.44310484963424546,0.01714653930398434,0.22990990990990992,0.20141910631689894,
619,sim_619,75,0.022928767960868235,0.0005831992484821497,0.45142147391664367,0.018636481054976423,0.2572972972972973,0.20141910631689894,
356,sim_356,75,0.022928767960868235,0.0005110401678870703,0.4541163404137165,0.019919408075787844,0.2803603603603604,0.20141910631689894,
323,sim_323,74,0.022623051054723325,0.00048564143435047066,0.4531098490095581,0.020260581091810476,0.2991484635320252,0.20141910631689894,
335,sim_335,74,0.022623051054723325,0.0005502077332677476,0.4543055555555556,0.01967631205392659,0.28619029988893,0.20141910631689894,
490,sim_490,74,0.022623051054723325,0.0004997390691030519,0.44777549623545515,0.018948107635025867,0.2724916697519437,0.20141910631689894,
597,sim_597,74,0.022623051054723325,0.00035761078268823206,0.46449872195399033,0.023909849084016385,0.3798593113661607,0.20141910631689894,
122,sim_122,73,0.022317334148578415,0.0003953090823288815,0.45544416597048176,0.021406438587822648,0.3470319634703196,0.20141910631689894,
277,sim_277,73,0.022317334148578415,0.000496588481415275,0.4550006955070246,0.019840520309494004,0.2926179604261796,0.20141910631689894,
751,sim_751,71,0.021705900336288594,0.0006786308135923536,0.44047939671424724,0.015583265094492182,0.2209255533199195,0.20141910631689894,
465,sim_465,71,0.021705900336288594,0.0005270560861432258,0.45405330372015545,0.018971029687521488,0.29295774647887324,0.20141910631689894,
95,sim_95,70,0.021400183430143684,0.0005169826945795815,0.4482049876678542,0.01882182525770262,0.2927536231884058,0.20141910631689894,
767,sim_767,70,0.021400183430143684,0.0004514182594904321,0.4459441036128153,0.01817040803938966,0.2919254658385093,0.20141910631689894,
621,sim_621,70,0.021400183430143684,0.0005367823496603193,0.4463091826988675,0.017766759342249534,0.26749482401656316,0.20141910631689894,
631,sim_631,70,0.021400183430143684,0.0004994579204873966,0.44906644700713894,0.018279171244041,0.27867494824016564,0.20141910631689894,
774,sim_774,70,0.021400183430143684,0.0006618748803055776,0.43584277148567624,0.014892789633501382,0.210351966873706,0.20141910631689894,
420,sim_420,70,0.021400183430143684,0.0005194792863463218,0.44089499932605475,0.016203934163161057,0.23519668737060043,0.20141910631689894,
678,sim_678,69,0.021094466523998778,0.0004278645434733704,0.44918978302664103,0.019002439193866225,0.3115942028985507,0.20141910631689894,
778,sim_778,69,0.021094466523998778,0.0004958555504213719,0.45079933847850057,0.01811601650368262,0.2753623188405797,0.20141910631689894,
695,sim_695,69,0.021094466523998778,0.0003671833670322963,0.4553807601280802,0.020162098156044993,0.3350383631713555,0.20141910631689894,
726,sim_726,69,0.021094466523998778,0.0006913631918070702,0.4355525965379494,0.015127024376800429,0.2144075021312873,0.20141910631689894,
325,sim_325,69,0.021094466523998778,0.0005647273706627185,0.44968380533406654,0.017629575206393404,0.26044330775788577,0.20141910631689894,
255,sim_255,69,0.021094466523998778,0.0003283753577118041,0.4544949284424066,0.01978690754304561,0.3213981244671782,0.20141910631689894,
216,sim_216,69,0.021094466523998778,0.0003668846614461492,0.4535496394897393,0.01968105557273334,0.3192668371696505,0.20141910631689894,
819,sim_819,69,0.021094466523998778,0.00044440783454185187,0.4539902845246357,0.01918085484351394,0.3111679454390452,0.20141910631689894,
380,sim_380,69,0.021094466523998778,0.0005595324255105761,0.4357847055688782,0.014417910928007644,0.20545609548167093,0.20141910631689894,
393,sim_393,69,0.021094466523998778,0.0005504772008256534,0.4551906484831617,0.01951028964024475,0.309462915601023,0.20141910631689894,
452,sim_452,68,0.020788749617853867,0.0003373842403878922,0.4495601979109401,0.019261197464757084,0.32133450395083407,0.20141910631689894,
233,sim_233,68,0.020788749617853867,0.0004436987730856612,0.4460049086446687,0.017072055051382925,0.26163301141352063,0.20141910631689894,
760,sim_760,68,0.020788749617853867,0.0003308322388316198,0.45142147391664367,0.02009320356316257,0.3358208955223881,0.20141910631689894,
301,sim_301,68,0.020788749617853867,0.00044779491245020556,0.4499312242090784,0.01865768007980378,0.2932396839332748,0.20141910631689894,
334,sim_334,67,0.020483032711708957,0.00035702447844459525,0.44740801531938174,0.017589967670575468,0.2876526458616011,0.20141910631689894,
224,sim_224,67,0.020483032711708957,0.0004600780470352846,0.4522328217890225,0.019090114039520868,0.3175033921302578,0.20141910631689894,
439,sim_439,67,0.020483032711708957,0.0004190629536886663,0.4531098490095581,0.019470483087728065,0.32700135685210313,0.20141910631689894,
656,sim_656,67,0.020483032711708957,0.00033408588004770303,0.44771420750068436,0.019057069209947167,0.3283582089552239,0.20141910631689894,
214,sim_214,66,0.020177315805564047,0.00037198154390272225,0.45160844953748447,0.018755192083212843,0.3123543123543124,0.20141910631689894,
443,sim_443,66,0.020177315805564047,0.00029814019554245556,0.4579949593951274,0.02123680364056005,0.3939393939393939,0.20141910631689894,
718,sim_718,66,0.020177315805564047,0.0003571616967433843,0.4510479867622725,0.019303266193224707,0.34685314685314683,0.20141910631689894,
378,sim_378,66,0.020177315805564047,0.00044305429342715753,0.4492514764455432,0.018162491091827264,0.303962703962704,0.20141910631689894,
349,sim_349,66,0.020177315805564047,0.00038113386740363153,0.4543686623142103,0.018902938642780403,0.31934731934731936,0.20141910631689894,
741,sim_741,66,0.020177315805564047,0.00044211733262225315,0.4449734729968712,0.01730384799230429,0.2881118881118881,0.20141910631689894,
116,sim_116,65,0.019871598899419137,0.00037122824597939086,0.45198286582838193,0.018649088337253403,0.32884615384615384,0.20141910631689894,
754,sim_754,65,0.019871598899419137,0.00048808290661191166,0.4482049876678542,0.017546554448115263,0.2932692307692308,0.20141910631689894,
426,sim_426,65,0.019871598899419137,0.000368429398211161,0.4493749141365572,0.018238119335202075,0.3105769230769231,0.20141910631689894,
211,sim_211,65,0.019871598899419137,0.00034870124710741383,0.45966835300730746,0.020443033850839433,0.3697115384615385,0.20141910631689894,
953,sim_953,65,0.019871598899419137,0.0004826736603652008,0.4385894341646554,0.01508632345196603,0.2403846153846154,0.20141910631689894,
868,sim_868,65,0.019871598899419137,0.00046567269840699585,0.4479594631607779,0.01760079314702966,0.30817307692307694,0.20141910631689894,
1088,sim_1088,64,0.019565881993274227,0.00030648568290538876,0.45067511711215213,0.019319796283647425,0.35714285714285715,0.20141910631689894,
966,sim_966,64,0.019565881993274227,0.00047409013063247883,0.4492514764455432,0.017545496589223334,0.3010912698412698,0.20141910631689894,
190,sim_190,64,0.019565881993274227,0.00035515062961494914,0.457738595018192,0.020871466445299025,0.4037698412698413,0.20141910631689894,
731,sim_731,63,0.019260165087129317,0.0004461692083001755,0.4350312541561378,0.01436280129346397,0.22990271377368152,0.20141910631689894,
866,sim_866,63,0.019260165087129317,0.0004530425759174618,0.4336470900172345,0.014027568430246242,0.2304147465437788,0.20141910631689894,
276,sim_276,63,0.019260165087129317,0.00038521217590369565,0.45042687964748,0.018650382980748392,0.3389656938044035,0.20141910631689894,
163,sim_163,63,0.019260165087129317,0.0005479258665006051,0.44154967602591794,0.01551186232272911,0.26472094214029696,0.20141910631689894,
1071,sim_1071,63,0.019260165087129317,0.000453528417951454,0.4499931214747558,0.01803837987252121,0.33282130056323606,0.20141910631689894,
625,sim_625,63,0.019260165087129317,0.00048424154929355964,0.44406733641053486,0.016157385105720314,0.27598566308243727,0.20141910631689894,
811,sim_811,63,0.019260165087129317,0.0003174193990640068,0.45067511711215213,0.018832705044947638,0.3548387096774194,0.20141910631689894,
410,sim_410,63,0.019260165087129317,0.0002967737452621263,0.45048891337281366,0.018561361821589163,0.3374295954941116,0.20141910631689894,
417,sim_417,63,0.019260165087129317,0.0002872916033175937,0.4548109010011123,0.01915347155323886,0.36507936507936506,0.20141910631689894,
888,sim_888,62,0.018954448180984407,0.0003186590944409042,0.44137093509647823,0.01626971914811696,0.28873611845584346,0.20141910631689894,
327,sim_327,62,0.018954448180984407,0.00043747925756400604,0.45048891337281366,0.018755595876608643,0.34584875727128506,0.20141910631689894,
404,sim_404,62,0.018954448180984407,0.00037905567302679586,0.44316488280720767,0.016393288398169913,0.29085140137493387,0.20141910631689894,
823,sim_823,62,0.018954448180984407,0.00030608946694575474,0.4535496394897393,0.019719422628353803,0.39079851930195664,0.20141910631689894,
451,sim_451,62,0.018954448180984407,0.0003232414424102741,0.4498074807480748,0.01767664175843099,0.3262823902696986,0.20141910631689894,
884,sim_884,61,0.018648731274839497,0.0003939865301129124,0.4501789154968346,0.018544678584236654,0.37103825136612023,0.20141910631689894,
196,sim_196,61,0.018648731274839497,0.0003322371544005544,0.4481435813125086,0.018477715032849153,0.3590163934426229,0.20141910631689894,
453,sim_453,61,0.018648731274839497,0.00047395092163233404,0.44364573443645733,0.016654121539920505,0.31366120218579235,0.20141910631689894,
714,sim_714,61,0.018648731274839497,0.00028189862158743424,0.44334507996747086,0.01654663023692882,0.307103825136612,0.20141910631689894,
50,sim_50,61,0.018648731274839497,0.00035504268899845315,0.4488199780461032,0.01736922751936859,0.32786885245901637,0.20141910631689894,
408,sim_408,61,0.018648731274839497,0.0003834909005173025,0.44491294885745375,0.017309028565153477,0.32349726775956283,0.20141910631689894,
397,sim_397,61,0.018648731274839497,0.0004367654163093623,0.44000538068334677,0.015225908210665958,0.26994535519125684,0.20141910631689894,
521,sim_521,60,0.018343014368694587,0.0003596591269166702,0.4459441036128153,0.016472500417740434,0.31468926553672316,0.20141910631689894,
523,sim_523,60,0.018343014368694587,0.0003046219563622223,0.4441276306856755,0.01684235750248122,0.3327683615819209,0.20141910631689894,
1192,sim_1192,60,0.018343014368694587,0.00044067622208291047,0.4360170621167689,0.015198798662506226,0.2824858757062147,0.20141910631689894,
486,sim_486,60,0.018343014368694587,0.00034204986049640837,0.44394679695982625,0.016829336485046253,0.3248587570621469,0.20141910631689894,
422,sim_422,60,0.018343014368694587,0.00025141726232399346,0.44358557092487116,0.01705244141720357,0.32655367231638416,0.20141910631689894,
611,sim_611,60,0.018343014368694587,0.00028757506500642075,0.4423857181498512,0.016367019426254778,0.3112994350282486,0.20141910631689894,
318,sim_318,60,0.018343014368694587,0.0003356841445817842,0.4518579914352811,0.01800481777944355,0.3553672316384181,0.20141910631689894,
206,sim_206,60,0.018343014368694587,0.00018637227849414983,0.44857377948436644,0.018573185055562214,0.36892655367231636,0.20141910631689894,
317,sim_317,59,0.018037297462549676,0.00026472279705841623,0.4416689170942479,0.01654602328492868,0.31443600233781416,0.20141910631689894,
292,sim_292,59,0.018037297462549676,0.00024388548163589423,0.4545580878265703,0.019677432395900935,0.4155464640561075,0.20141910631689894,
1495,sim_1495,59,0.018037297462549676,0.0005217975937184131,0.4380608008571046,0.014318783142627519,0.26066627703097606,0.20141910631689894,
554,sim_554,59,0.018037297462549676,0.0003927534168383638,0.43624966657775405,0.014559429307220931,0.2548217416715371,0.20141910631689894,
840,sim_840,59,0.018037297462549676,0.0003688344909983604,0.4367739351048204,0.01401048672254035,0.2577440093512566,0.20141910631689894,
1237,sim_1237,59,0.018037297462549676,0.0004070582610049418,0.4403015210660923,0.015205615750916543,0.2863822326125073,0.20141910631689894,
375,sim_375,59,0.018037297462549676,0.0003603539111120584,0.4356686201385189,0.014715745047330751,0.26709526592635885,0.20141910631689894,
808,sim_808,59,0.018037297462549676,0.00038932685264964794,0.43084826132771337,0.013231420048852726,0.23436586791350086,0.20141910631689894,
560,sim_560,59,0.018037297462549676,0.0003524004022571536,0.4367156208277704,0.015245921406292072,0.2969023962594974,0.20141910631689894,
338,sim_338,59,0.018037297462549676,0.0003043683620518993,0.4486353037992045,0.018186872074413846,0.3705435417884278,0.20141910631689894,
508,sim_508,59,0.018037297462549676,0.00031173083033655556,0.43619149219895986,0.015335643227609446,0.2963179427235535,0.20141910631689894,
735,sim_735,58,0.01773158055640477,0.00031386177049288886,0.44364573443645733,0.01620157057835351,0.3248638838475499,0.20141910631689894,
205,sim_205,58,0.01773158055640477,0.00036062886228073996,0.43935527199462726,0.014866531269175852,0.28735632183908044,0.20141910631689894,
295,sim_295,58,0.01773158055640477,0.00014854182262428973,0.45117241379310347,0.018846157259255918,0.4029038112522686,0.20141910631689894,
376,sim_376,58,0.01773158055640477,0.00037710281575793666,0.4403607969843834,0.014982728576459202,0.28735632183908044,0.20141910631689894,
1412,sim_1412,58,0.01773158055640477,0.0004379756989527825,0.4323859881031064,0.013898610657803318,0.26255293405928615,0.20141910631689894,
507,sim_507,58,0.01773158055640477,0.0003795957506889733,0.4458833151581243,0.016611038606775305,0.3254688445251059,0.20141910631689894,
613,sim_613,57,0.01742586365025986,0.0002887574293183219,0.4391783029001074,0.01601289016615697,0.3233082706766917,0.20141910631689894,
162,sim_162,57,0.01742586365025986,0.0002477655507736365,0.44771420750068436,0.016895871399539405,0.3483709273182957,0.20141910631689894,
1343,sim_1343,57,0.01742586365025986,0.0003972692943432132,0.4382955915851534,0.014322580799792442,0.28132832080200504,0.20141910631689894,
1171,sim_1171,57,0.01742586365025986,0.0003165338478526523,0.4423857181498512,0.016042744195059657,0.32205513784461154,0.20141910631689894,
99,sim_99,56,0.01712014674411495,0.00017801074140428132,0.44250541125541126,0.017748058437889087,0.40844155844155844,0.20141910631689894,
488,sim_488,56,0.01712014674411495,0.00030032756461767686,0.43028150486714023,0.013710352559739293,0.2753246753246753,0.20141910631689894,
274,sim_274,56,0.01712014674411495,0.0002646577771876051,0.443044832723825,0.016284789179456437,0.34415584415584416,0.20141910631689894,
321,sim_321,56,0.01712014674411495,0.0003104096316815873,0.43876592890677396,0.015521388649780846,0.3103896103896104,0.20141910631689894,
1419,sim_1419,56,0.01712014674411495,0.00035933654901718044,0.4317012010030355,0.01373969783517527,0.2714285714285714,0.20141910631689894,
640,sim_640,56,0.01712014674411495,0.00041844953133784996,0.4232112821839824,0.012266001880461947,0.23116883116883116,0.20141910631689894,
581,sim_581,56,0.01712014674411495,0.00035664413795582757,0.44334507996747086,0.015783429750418302,0.3194805194805195,0.20141910631689894,
989,sim_989,56,0.01712014674411495,0.0003316518165149464,0.4294341604306157,0.013320793148285263,0.2603896103896104,0.20141910631689894,
898,sim_898,56,0.01712014674411495,0.00033162173817804396,0.4346843853820598,0.014301588118743014,0.2896103896103896,0.20141910631689894,
2061,sim_2061,56,0.01712014674411495,0.0003538322009829999,0.42949054621848737,0.013541960849489991,0.2785714285714286,0.20141910631689894,
730,sim_730,55,0.01681442983797004,0.0002457193379910144,0.4464919464919465,0.01717979581192494,0.3872053872053872,0.20141910631689894,
664,sim_664,55,0.01681442983797004,0.0005012498576614267,0.43084826132771337,0.012757108783932877,0.25521885521885523,0.20141910631689894,
363,sim_363,55,0.01681442983797004,0.0002444150638276858,0.44059806034482757,0.014641288801863552,0.30707070707070705,0.20141910631689894,
389,sim_389,55,0.01681442983797004,0.00019414468331492143,0.44352542372881354,0.017139644408451143,0.3851851851851852,0.20141910631689894,
743,sim_743,55,0.01681442983797004,0.00029794497892328306,0.4441879413362303,0.016623412968002696,0.36902356902356903,0.20141910631689894,
833,sim_833,55,0.01681442983797004,0.00021233876099696538,0.44316488280720767,0.016807825949584108,0.37104377104377106,0.20141910631689894,
872,sim_872,55,0.01681442983797004,0.000220803422355476,0.4334746885767294,0.013526460736295234,0.2767676767676768,0.20141910631689894,
617,sim_617,54,0.01650871293182513,0.00023383153026741016,0.4377676659528908,0.01563946510430514,0.34521313766596784,0.20141910631689894,
173,sim_173,53,0.01620299602568022,0.00030343353052973124,0.44018301709056656,0.015241188954634307,0.3374455732946299,0.20141910631689894,
401,sim_401,53,0.01620299602568022,0.00039146203919965505,0.44406733641053486,0.0160177850986152,0.3584905660377358,0.20141910631689894,
548,sim_548,53,0.01620299602568022,0.00026334682485025583,0.4312458800263678,0.013703915649778159,0.3033381712626996,0.20141910631689894,
149,sim_149,53,0.01620299602568022,0.000327173452323563,0.43894256575415996,0.015800914997761095,0.37155297532656023,0.20141910631689894,
538,sim_538,53,0.01620299602568022,0.0002619420152511477,0.4356686201385189,0.014712634288671263,0.32728592162554426,0.20141910631689894,
771,sim_771,53,0.01620299602568022,0.00024738357310381684,0.4298856617163885,0.012934463434708098,0.2728592162554427,0.20141910631689894,
238,sim_238,53,0.01620299602568022,0.0002091844072126945,0.43835432859823104,0.015209428844603395,0.3374455732946299,0.20141910631689894,
504,sim_504,53,0.01620299602568022,0.00027944592663139436,0.4359008528784648,0.014230380728178086,0.3047895500725689,0.20141910631689894,
722,sim_722,53,0.01620299602568022,0.0002989036650801579,0.44364573443645733,0.01640560194555321,0.3788098693759071,0.20141910631689894,
284,sim_284,52,0.01589727911953531,0.00026046941861006744,0.43584277148567624,0.014254358458325041,0.3114630467571644,0.20141910631689894,
1691,sim_1691,52,0.01589727911953531,0.00033933230459159334,0.4250259875259875,0.012246014258605904,0.26998491704374056,0.20141910631689894,
795,sim_795,52,0.01589727911953531,0.00027866315993570114,0.43894256575415996,0.014865480243665423,0.3288084464555053,0.20141910631689894,
563,sim_563,52,0.01589727911953531,0.00026607620990525785,0.43079151850388514,0.01290585810473543,0.2722473604826546,0.20141910631689894,
627,sim_627,52,0.01589727911953531,0.00021379510617144362,0.4364242828552368,0.015223552672818453,0.3491704374057315,0.20141910631689894,
354,sim_354,52,0.01589727911953531,0.0002679170523611947,0.4441276306856755,0.015984612584856492,0.38235294117647056,0.20141910631689894,
81,sim_81,51,0.015591562213390399,0.0001509507069075191,0.4486353037992045,0.01804696563116255,0.4619607843137255,0.20141910631689894,
1635,sim_1635,51,0.015591562213390399,0.0001871508223200926,0.44053872053872056,0.014944444522007511,0.3474509803921569,0.20141910631689894,
310,sim_310,51,0.015591562213390399,0.00025088423254308705,0.4398870360408822,0.015771475063316314,0.3631372549019608,0.20141910631689894,
286,sim_286,50,0.01528584530724549,0.00010193223256431813,0.4478981240586061,0.016898501194585216,0.43183673469387757,0.20141910631689894,
298,sim_298,50,0.01528584530724549,0.00015664636150817266,0.4447919499592059,0.0161941735804172,0.3942857142857143,0.20141910631689894,
1426,sim_1426,50,0.01528584530724549,0.00024015513599703826,0.42702349869451695,0.011835127232555077,0.2816326530612245,0.20141910631689894,
852,sim_852,50,0.01528584530724549,0.0002081968761734281,0.430961791831357,0.013226506972748681,0.30612244897959184,0.20141910631689894,
1241,sim_1241,49,0.01498012840110058,0.0002148776871246446,0.4365407713866275,0.014253509951796518,0.34778911564625853,0.20141910631689894,
172,sim_172,49,0.01498012840110058,0.000207590132353718,0.4425652820998512,0.016339919323074246,0.4192176870748299,0.20141910631689894,
117,sim_117,49,0.01498012840110058,0.00025999142080504776,0.4400645768868559,0.015376733910067532,0.3869047619047619,0.20141910631689894,
230,sim_230,49,0.01498012840110058,0.00018264387055670167,0.4392962664517862,0.01514861643498395,0.3792517006802721,0.20141910631689894,
231,sim_231,49,0.01498012840110058,0.0001629651280777871,0.43624966657775405,0.014457632706417983,0.3681972789115646,0.20141910631689894,
1238,sim_1238,48,0.01467441149495567,0.00018186010632358258,0.42977269741164104,0.013508173333163332,0.3528368794326241,0.20141910631689894,
802,sim_802,48,0.01467441149495567,0.00029736539569899685,0.41833994116894746,0.011276438400005322,0.2703900709219858,0.20141910631689894,
1692,sim_1692,48,0.01467441149495567,0.00029310680843291437,0.42674494455316375,0.012223934941854536,0.28634751773049644,0.20141910631689894,
339,sim_339,48,0.01467441149495567,0.0001998061800715863,0.4287024901703801,0.012451306411613954,0.29609929078014185,0.20141910631689894,
721,sim_721,48,0.01467441149495567,0.0002149421447226788,0.42668927732846335,0.013042095360270489,0.32358156028368795,0.20141910631689894,
929,sim_929,48,0.01467441149495567,0.00021793225628769178,0.422719048849832,0.012022851438836876,0.2872340425531915,0.20141910631689894,
1423,sim_1423,48,0.01467441149495567,0.000284621353817276,0.427749444226494,0.01192683858816804,0.28368794326241137,0.20141910631689894,
1086,sim_1086,48,0.01467441149495567,0.00015552707759521517,0.42222795921001677,0.01153739375763705,0.2712765957446808,0.20141910631689894,
1827,sim_1827,47,0.01436869458881076,0.0002597641057686372,0.421086508753862,0.010791127592128323,0.24976873265494912,0.20141910631689894,
972,sim_972,47,0.01436869458881076,0.00023704218382028186,0.41721938775510203,0.010809328727724974,0.2608695652173913,0.20141910631689894,
474,sim_474,47,0.01436869458881076,0.00017929170084967684,0.4350312541561378,0.014662595509897689,0.39222941720629045,0.20141910631689894,
458,sim_458,47,0.01436869458881076,0.00024313995902518624,0.4270792531662097,0.012773446502041241,0.31637372802960223,0.20141910631689894,
755,sim_755,47,0.01436869458881076,0.00031220235757518114,0.4235949235949236,0.01145818183507503,0.2738205365402405,0.20141910631689894,
626,sim_626,47,0.01436869458881076,0.00044939720647938256,0.4337045876425351,0.012744399644160997,0.3089731729879741,0.20141910631689894,
350,sim_350,47,0.01436869458881076,0.00023048530533676878,0.4375334403424291,0.014102613853871347,0.37650323774283073,0.20141910631689894,
765,sim_765,47,0.01436869458881076,0.00013383622924377687,0.43817816476892163,0.01496705536344196,0.4107308048103608,0.20141910631689894,
643,sim_643,47,0.01436869458881076,0.00024938243054681156,0.42508122157244965,0.012215913183468268,0.30619796484736356,0.20141910631689894,
545,sim_545,47,0.01436869458881076,0.0002256266322394401,0.42830954563310203,0.012519754859359255,0.31637372802960223,0.20141910631689894,
1014,sim_1014,47,0.01436869458881076,0.000129365875177552,0.4400645768868559,0.015320420147808836,0.41905642923219244,0.20141910631689894,
1496,sim_1496,46,0.01406297768266585,0.00018301719858008982,0.42086978898610394,0.01046631995846755,0.2599033816425121,0.20141910631689894,
1053,sim_1053,46,0.01406297768266585,0.00032164631959419283,0.43079151850388514,0.01268989576836039,0.3188405797101449,0.20141910631689894,
647,sim_647,46,0.01406297768266585,0.00018279643196414944,0.43404989384288745,0.013607616162857739,0.35555555555555557,0.20141910631689894,
804,sim_804,46,0.01406297768266585,0.00020018958761169946,0.4170066292707802,0.009956764759682605,0.24057971014492754,0.20141910631689894,
696,sim_696,46,0.01406297768266585,0.0002664056544440588,0.4152596166053066,0.01033034617982509,0.2531400966183575,0.20141910631689894,
470,sim_470,46,0.01406297768266585,0.00013092624727241943,0.42713502219900756,0.012543705431037827,0.3217391304347826,0.20141910631689894,
1187,sim_1187,46,0.01406297768266585,0.00016288596664819867,0.4195203283314095,0.01082673923272154,0.26763285024154587,0.20141910631689894,
124,sim_124,46,0.01406297768266585,0.00022037738477635044,0.4281413612565445,0.012944276534554563,0.34106280193236715,0.20141910631689894,
968,sim_968,45,0.013757260776520942,0.0001771289061857617,0.43335983041865395,0.012985661545687428,0.35555555555555557,0.20141910631689894,
213,sim_213,45,0.013757260776520942,0.00014329020763408217,0.43221458773784355,0.013070753847268036,0.35555555555555557,0.20141910631689894,
679,sim_679,44,0.013451543870376031,0.00019159155800217153,0.4235949235949236,0.01174342484904687,0.33509513742071884,0.20141910631689894,
141,sim_141,42,0.012840110058086211,0.00017608066078880563,0.4334746885767294,0.012913299847069747,0.3914053426248548,0.20141910631689894,
550,sim_550,42,0.012840110058086211,0.00014497480533343316,0.42293767778639774,0.011439976340475992,0.3333333333333333,0.20141910631689894,
342,sim_342,42,0.012840110058086211,0.0001449248788424174,0.4355525965379494,0.013509864395625898,0.4181184668989547,0.20141910631689894,
930,sim_930,42,0.012840110058086211,0.0001632275572310716,0.41844697454266344,0.010429550975530102,0.29500580720092917,0.20141910631689894,
881,sim_881,42,0.012840110058086211,0.00015475991173528148,0.421249195106246,0.011360837806473607,0.3403019744483159,0.20141910631689894,
997,sim_997,42,0.012840110058086211,0.0001774424995827075,0.42326604554865427,0.011501802305266689,0.3437862950058072,0.20141910631689894,
1310,sim_1310,42,0.012840110058086211,0.00020542053899866641,0.41290078263064883,0.009492747773151785,0.26364692218350755,0.20141910631689894,
1253,sim_1253,42,0.012840110058086211,0.00019284524314291824,0.4113430583501006,0.009372594819043917,0.2578397212543554,0.20141910631689894,
1364,sim_1364,42,0.012840110058086211,0.00019143908109463378,0.4204910656896773,0.010554726232934533,0.29849012775842043,0.20141910631689894,
1059,sim_1059,42,0.012840110058086211,0.00021505522847192873,0.42769351464435146,0.011796116823183609,0.3519163763066202,0.20141910631689894,
1270,sim_1270,42,0.012840110058086211,0.00016821070970599663,0.42190119953566363,0.01163316739596632,0.3356562137049942,0.20141910631689894,
814,sim_814,42,0.012840110058086211,0.0001283642631089006,0.4239792611795204,0.011268904481260862,0.3228803716608595,0.20141910631689894,
848,sim_848,42,0.012840110058086211,0.00014084597400269757,0.4281413612565445,0.012470481011724058,0.3716608594657375,0.20141910631689894,
371,sim_371,42,0.012840110058086211,0.0001933301775641284,0.42441935902426364,0.011793232328524583,0.3333333333333333,0.20141910631689894,
827,sim_827,42,0.012840110058086211,0.00021459949786652302,0.4232112821839824,0.011545539382928486,0.3437862950058072,0.20141910631689894,
669,sim_669,42,0.012840110058086211,0.00015628869118407133,0.4312458800263678,0.012967803535518017,0.40185830429732866,0.20141910631689894,
652,sim_652,41,0.012534393151941301,0.00019733541414115966,0.4228829993535876,0.011569373250624107,0.35853658536585364,0.20141910631689894,
1152,sim_1152,41,0.012534393151941301,0.0002942963491845035,0.42081564389553583,0.010466396982564598,0.3182926829268293,0.20141910631689894,
973,sim_973,41,0.012534393151941301,0.00015763679504306337,0.4205992027774206,0.010974423058023394,0.3353658536585366,0.20141910631689894,
1346,sim_1346,41,0.012534393151941301,0.00019166273180603018,0.4240342234897589,0.011152823070787281,0.33414634146341465,0.20141910631689894,
986,sim_986,41,0.012534393151941301,0.00019065363942182676,0.4169534735500319,0.009998984372955759,0.2951219512195122,0.20141910631689894,
1268,sim_1268,41,0.012534393151941301,0.00017972727616812466,0.42375955434641793,0.011322071120480502,0.3353658536585366,0.20141910631689894,
1012,sim_1012,41,0.012534393151941301,0.000170816045195553,0.4191440287032291,0.010404608162531036,0.3207317073170732,0.20141910631689894,
139,sim_139,41,0.012534393151941301,0.0002379295216131309,0.4287024901703801,0.011893418314981521,0.3426829268292683,0.20141910631689894,
1250,sim_1250,41,0.012534393151941301,0.00011411940043110227,0.40964308077645584,0.008806727784919142,0.2780487804878049,0.20141910631689894,
1061,sim_1061,41,0.012534393151941301,0.0001536675126173214,0.41368407739977237,0.010345824851955877,0.29878048780487804,0.20141910631689894,
1079,sim_1079,41,0.012534393151941301,0.000176484943605468,0.40867066466766616,0.008671413100397754,0.24390243902439024,0.20141910631689894,
759,sim_759,41,0.012534393151941301,0.00016742230108490104,0.4275816993464052,0.011754364842988587,0.374390243902439,0.20141910631689894,
272,sim_272,41,0.012534393151941301,0.00013184364444833503,0.42530230139123654,0.012164995686761096,0.3853658536585366,0.20141910631689894,
1120,sim_1120,41,0.012534393151941301,0.00023209660416346635,0.42201006321764933,0.010473180864002424,0.32195121951219513,0.20141910631689894,
1177,sim_1177,41,0.012534393151941301,0.00014357286405667076,0.4178589678078692,0.0104437617280825,0.30609756097560975,0.20141910631689894,
663,sim_663,41,0.012534393151941301,0.00021685406029551917,0.4224460803306212,0.010892297242176625,0.3121951219512195,0.20141910631689894,
320,sim_320,41,0.012534393151941301,0.00013177589084330377,0.42364978629711175,0.01192387226324968,0.34512195121951217,0.20141910631689894,
1567,sim_1567,41,0.012534393151941301,0.00016484512756552956,0.4186612056828363,0.010308287032871013,0.3097560975609756,0.20141910631689894,
775,sim_775,41,0.012534393151941301,0.0001364178058724867,0.41978952772073924,0.010798890368000195,0.3182926829268293,0.20141910631689894,
933,sim_933,41,0.012534393151941301,0.00013709497936305386,0.41123962786019613,0.00945987344854222,0.2841463414634146,0.20141910631689894,
595,sim_595,41,0.012534393151941301,0.00014365537874895155,0.43130274261603374,0.012589078419692814,0.3975609756097561,0.20141910631689894,
1595,sim_1595,41,0.012534393151941301,0.00016649634631341368,0.4178589678078692,0.010067920836814038,0.3024390243902439,0.20141910631689894,
850,sim_850,41,0.012534393151941301,0.00014032000054971572,0.4176455566905005,0.009744518901437347,0.27682926829268295,0.20141910631689894,
908,sim_908,41,0.012534393151941301,9.084112813573863e-05,0.42580057276750843,0.012101440467639543,0.36097560975609755,0.20141910631689894,
1421,sim_1421,41,0.012534393151941301,0.00016975093502371878,0.41243222796620854,0.00957138705422218,0.275609756097561,0.20141910631689894,
658,sim_658,41,0.012534393151941301,0.0001531092454386058,0.4164226607256524,0.009680225235180747,0.2731707317073171,0.20141910631689894,
694,sim_694,41,0.012534393151941301,0.00019366236211213682,0.422282468370772,0.011235717217825163,0.348780487804878,0.20141910631689894,
576,sim_576,40,0.012228676245796391,0.0001191657863600756,0.43497340425531916,0.013439800258157593,0.44743589743589746,0.20141910631689894,
358,sim_358,40,0.012228676245796391,0.0001324054277479105,0.42853399711777806,0.01269352307769427,0.42948717948717946,0.20141910631689894,
473,sim_473,40,0.012228676245796391,0.00014839843624466024,0.420113023375289,0.010572148707770885,0.33589743589743587,0.20141910631689894,
352,sim_352,40,0.012228676245796391,0.00012715023930355053,0.4263555787278415,0.01153692642762325,0.3641025641025641,0.20141910631689894,
685,sim_685,40,0.012228676245796391,8.012023591458583e-05,0.4238144597045867,0.012225924173581303,0.3935897435897436,0.20141910631689894,
630,sim_630,40,0.012228676245796391,0.0001504422879872666,0.4197356602078789,0.010599230116223993,0.3435897435897436,0.20141910631689894,
287,sim_287,40,0.012228676245796391,0.00012957861799295936,0.4255789747593026,0.011401929222006484,0.3628205128205128,0.20141910631689894,
612,sim_612,40,0.012228676245796391,8.488712551125745e-05,0.4345111583421892,0.013949383601710861,0.5038461538461538,0.20141910631689894,
871,sim_871,40,0.012228676245796391,0.00017437018024029345,0.42173800928313565,0.011084546130641193,0.3474358974358974,0.20141910631689894,
496,sim_496,40,0.012228676245796391,0.0002051461235146144,0.4170066292707802,0.009910998634293016,0.2987179487179487,0.20141910631689894,
516,sim_516,40,0.012228676245796391,0.00013657067636066125,0.43244315177154946,0.013369771326069185,0.4371794871794872,0.20141910631689894,
1022,sim_1022,40,0.012228676245796391,0.00023180915769507952,0.4164226607256524,0.00957934130252779,0.2858974358974359,0.20141910631689894,
402,sim_402,40,0.012228676245796391,0.00011034543900262298,0.42999868542132247,0.012479169737475999,0.40897435897435896,0.20141910631689894,
167,sim_167,40,0.012228676245796391,0.0001722600080538837,0.42674494455316375,0.01222594649181826,0.3871794871794872,0.20141910631689894,
945,sim_945,40,0.012228676245796391,0.00015912590194172137,0.43033811340613076,0.012520562712124301,0.391025641025641,0.20141910631689894,
877,sim_877,40,0.012228676245796391,0.00012831401444257236,0.4241441908713693,0.011882784510421842,0.38076923076923075,0.20141910631689894,
1103,sim_1103,40,0.012228676245796391,0.0001552887777528029,0.42076151273475687,0.010364778936255498,0.3269230769230769,0.20141910631689894,
913,sim_913,39,0.011922959339651483,0.00014408005873792952,0.4040266798418972,0.008101429100024933,0.25775978407557354,0.20141910631689894,
210,sim_210,39,0.011922959339651483,0.00015050130455075746,0.4240892000518605,0.011762288577869498,0.3940620782726046,0.20141910631689894,
577,sim_577,39,0.011922959339651483,0.00012568021746920107,0.4286463110994627,0.012076887718107561,0.3940620782726046,0.20141910631689894,
623,sim_623,39,0.011922959339651483,0.00013240521923620635,0.42293767778639774,0.011409306611923386,0.3805668016194332,0.20141910631689894,
1119,sim_1119,39,0.011922959339651483,0.00011675134860796866,0.4162107138312762,0.010844588013509017,0.34547908232118757,0.20141910631689894,
166,sim_166,39,0.011922959339651483,0.00012374857137936716,0.4305646965907595,0.012610426457513544,0.42375168690958165,0.20141910631689894,
1362,sim_1362,39,0.011922959339651483,0.00012448085743087275,0.41462796298643684,0.00907852785745244,0.27800269905533065,0.20141910631689894,
918,sim_918,39,0.011922959339651483,0.00011466980477258196,0.4237046632124352,0.010907019073078141,0.3724696356275304,0.20141910631689894,
1542,sim_1542,39,0.011922959339651483,0.00014733516625634244,0.42146630588841644,0.010507051363787122,0.32388663967611336,0.20141910631689894,
367,sim_367,39,0.011922959339651483,0.00014357203649242726,0.42713502219900756,0.012187798762456428,0.4008097165991903,0.20141910631689894,
336,sim_336,39,0.011922959339651483,0.00012027801169246666,0.418554062699936,0.010401538168148119,0.3360323886639676,0.20141910631689894,
251,sim_251,39,0.011922959339651483,0.00014134010701927454,0.4204370179948586,0.010217024276685296,0.3292847503373819,0.20141910631689894,
398,sim_398,37,0.011311525527361662,0.00015470665859779447,0.4139982280723959,0.009735750324028682,0.34234234234234234,0.20141910631689894,
433,sim_433,36,0.011005808621216752,8.935535183887267e-05,0.4325575244644274,0.012470047564001788,0.46190476190476193,0.20141910631689894,
1207,sim_1207,36,0.011005808621216752,0.0001535252642992317,0.41175730110775427,0.009238198753899505,0.34444444444444444,0.20141910631689894,
464,sim_464,36,0.011005808621216752,0.00010730290474802243,0.41584032545130944,0.01000469176070671,0.35714285714285715,0.20141910631689894,
442,sim_442,36,0.011005808621216752,0.000123679969339668,0.41978952772073924,0.010177709704661527,0.38095238095238093,0.20141910631689894,
1202,sim_1202,36,0.011005808621216752,0.00010795259026814246,0.41807259713701433,0.009336767073224225,0.319047619047619,0.20141910631689894,
883,sim_883,36,0.011005808621216752,0.0001513296255236808,0.41175730110775427,0.009191159923716108,0.31746031746031744,0.20141910631689894,
1400,sim_1400,36,0.011005808621216752,0.00017489084977029547,0.4062849335486275,0.00819107377793943,0.2873015873015873,0.20141910631689894,
1286,sim_1286,36,0.011005808621216752,0.00010516010335661129,0.41222432262129804,0.009066160102255274,0.30634920634920637,0.20141910631689894,
1029,sim_1029,36,0.011005808621216752,9.798663765694051e-05,0.4228829993535876,0.010699014887268994,0.39365079365079364,0.20141910631689894,
1107,sim_1107,36,0.011005808621216752,0.00011130251548902267,0.41652871514071055,0.010004732798632551,0.35873015873015873,0.20141910631689894,
1326,sim_1326,36,0.011005808621216752,0.00018770188874852125,0.40790622272103755,0.0076392991686209475,0.2714285714285714,0.20141910631689894,
1001,sim_1001,36,0.011005808621216752,0.0001164286468620099,0.40964308077645584,0.009275509185327019,0.32063492063492066,0.20141910631689894,
1082,sim_1082,36,0.011005808621216752,0.0001633556211471621,0.40608317815021727,0.008250919600800115,0.29523809523809524,0.20141910631689894,
1246,sim_1246,36,0.011005808621216752,0.00014939816714582016,0.41415548240060773,0.008875446623762343,0.31746031746031744,0.20141910631689894,
1283,sim_1283,36,0.011005808621216752,0.00012821820814472906,0.41636965376782076,0.009720776811027333,0.35714285714285715,0.20141910631689894,
165,sim_165,36,0.011005808621216752,0.00010461872664954892,0.42563435263500327,0.011657702116796145,0.4396825396825397,0.20141910631689894,
575,sim_575,36,0.011005808621216752,0.00014930697248431902,0.40714463529997513,0.008888590927522064,0.3111111111111111,0.20141910631689894,
1307,sim_1307,36,0.011005808621216752,0.00019772321886470093,0.4058816230301526,0.008455157128458266,0.3,0.20141910631689894,
459,sim_459,36,0.011005808621216752,0.00011776165155146493,0.4195203283314095,0.00969560734771608,0.34444444444444444,0.20141910631689894,
455,sim_455,36,0.011005808621216752,0.00012262499873576187,0.42201006321764933,0.01073435702702057,0.36984126984126986,0.20141910631689894,
1173,sim_1173,36,0.011005808621216752,8.476392607665289e-05,0.40134969325153375,0.008397870355299085,0.30317460317460315,0.20141910631689894,
361,sim_361,36,0.011005808621216752,7.566103052139198e-05,0.4280293116985082,0.012143831866151322,0.4523809523809524,0.20141910631689894,
690,sim_690,36,0.011005808621216752,9.069076900475976e-05,0.41887565629401974,0.010616110417916583,0.3873015873015873,0.20141910631689894,
476,sim_476,36,0.011005808621216752,0.00012682091229199147,0.422719048849832,0.01079905049494144,0.40793650793650793,0.20141910631689894,
905,sim_905,36,0.011005808621216752,0.00011971067509457569,0.39865935405240704,0.007503941161028123,0.273015873015873,0.20141910631689894,
857,sim_857,36,0.011005808621216752,0.00012661816593725997,0.4114983016731664,0.009057097091309687,0.31587301587301586,0.20141910631689894,
739,sim_739,36,0.011005808621216752,0.0001471400857959093,0.421249195106246,0.010255535973643377,0.3523809523809524,0.20141910631689894,
654,sim_654,36,0.011005808621216752,0.00012869312635888493,0.41557616567145217,0.010017259126095633,0.35873015873015873,0.20141910631689894,
711,sim_711,36,0.011005808621216752,0.00021174780091959725,0.41056859545625707,0.009097007716540765,0.3,0.20141910631689894,
1656,sim_1656,36,0.011005808621216752,0.00014954997070823432,0.40164538310412573,0.007636202192809366,0.2619047619047619,0.20141910631689894,
1522,sim_1522,36,0.011005808621216752,0.00012896948392663815,0.4168472027526443,0.009708017042508682,0.346031746031746,0.20141910631689894,
1539,sim_1539,36,0.011005808621216752,0.0001107828347844329,0.407246015936255,0.008589322555226757,0.3047619047619048,0.20141910631689894,
858,sim_858,36,0.011005808621216752,0.00017831372556295638,0.40928428428428426,0.008328048724991304,0.28253968253968254,0.20141910631689894,
836,sim_836,36,0.011005808621216752,0.0001684175299131221,0.41557616567145217,0.009312820455740795,0.32063492063492066,0.20141910631689894,
582,sim_582,36,0.011005808621216752,0.0001242474062033943,0.4257451516334765,0.011734516663170814,0.4253968253968254,0.20141910631689894,
1110,sim_1110,35,0.010700091715071842,0.00010536285485215007,0.41056859545625707,0.008748672824145933,0.33277310924369746,0.20141910631689894,
1156,sim_1156,35,0.010700091715071842,0.00016447992404948402,0.4115500754906895,0.008590964849826296,0.3126050420168067,0.20141910631689894,
1147,sim_1147,35,0.010700091715071842,0.00012761163698756992,0.40923307894407607,0.009007673317491619,0.32100840336134456,0.20141910631689894,
485,sim_485,35,0.010700091715071842,0.00013812169157709586,0.40861961274203623,0.008634430977879618,0.32100840336134456,0.20141910631689894,
463,sim_463,35,0.010700091715071842,9.957193602793914e-05,0.40846653346653344,0.009040125716973779,0.3411764705882353,0.20141910631689894,
645,sim_645,35,0.010700091715071842,0.0001327196628257229,0.41316155109258557,0.009029680196688213,0.3126050420168067,0.20141910631689894,
539,sim_539,35,0.010700091715071842,0.0001235755395217847,0.4257451516334765,0.011388282679105697,0.43529411764705883,0.20141910631689894,
429,sim_429,35,0.010700091715071842,8.253200346931467e-05,0.4220645161290323,0.01143601394769674,0.453781512605042,0.20141910631689894,
424,sim_424,35,0.010700091715071842,0.00012114699597446719,0.41727261130246207,0.010003590766417346,0.3563025210084034,0.20141910631689894,
522,sim_522,35,0.010700091715071842,0.00010526866392179106,0.4218467887541914,0.011081562289924591,0.4218487394957983,0.20141910631689894,
518,sim_518,35,0.010700091715071842,0.0001248288770635474,0.41871479774705583,0.009961008843592313,0.37815126050420167,0.20141910631689894,
1281,sim_1281,35,0.010700091715071842,0.0001564694000664673,0.41295290998611284,0.009220072974880863,0.3445378151260504,0.20141910631689894,
1031,sim_1031,35,0.010700091715071842,0.00011450476822743281,0.4041764487828988,0.00850727982109226,0.31092436974789917,0.20141910631689894,
957,sim_957,35,0.010700091715071842,0.00015667576272904334,0.4087728067983004,0.008748811340954349,0.30084033613445377,0.20141910631689894,
962,sim_962,35,0.010700091715071842,7.874365290050786e-05,0.41690033137904664,0.009717791394770199,0.373109243697479,0.20141910631689894,
454,sim_454,35,0.010700091715071842,0.000139701294845826,0.42668927732846335,0.011135541018559297,0.4151260504201681,0.20141910631689894,
1751,sim_1751,35,0.010700091715071842,0.00010109712817113001,0.40846653346653344,0.008208771736706083,0.2991596638655462,0.20141910631689894,
467,sim_467,35,0.010700091715071842,7.523799251692462e-05,0.41316155109258557,0.00947333996949374,0.35294117647058826,0.20141910631689894,
932,sim_932,35,0.010700091715071842,9.381748608092773e-05,0.41882202304737515,0.009450585490354758,0.32941176470588235,0.20141910631689894,
644,sim_644,35,0.010700091715071842,0.00012090443910422342,0.41222432262129804,0.009042398786971682,0.3277310924369748,0.20141910631689894,
633,sim_633,35,0.010700091715071842,7.316814630647968e-05,0.41860762733555157,0.010510336161924448,0.3915966386554622,0.20141910631689894,
742,sim_742,35,0.010700091715071842,0.00010305095876817005,0.42086978898610394,0.011164810332396833,0.4470588235294118,0.20141910631689894,
713,sim_713,35,0.010700091715071842,0.00013972117720247973,0.4168472027526443,0.009659950183184185,0.3680672268907563,0.20141910631689894,
391,sim_391,35,0.010700091715071842,0.00016174911530015965,0.4143653407651381,0.00941866080170588,0.33613445378151263,0.20141910631689894,
784,sim_784,35,0.010700091715071842,0.0002025865174894028,0.40618403079597665,0.00789571114688635,0.2773109243697479,0.20141910631689894,
1580,sim_1580,35,0.010700091715071842,0.00016547034244831135,0.4152596166053066,0.009668222513110383,0.35126050420168065,0.20141910631689894,
649,sim_649,35,0.010700091715071842,8.426348497359057e-05,0.4186612056828363,0.010793765754451057,0.40672268907563025,0.20141910631689894,
1189,sim_1189,34,0.010394374808926934,0.0001559873543764516,0.4007105230920005,0.007339177228823077,0.29233511586452765,0.20141910631689894,
462,sim_462,34,0.010394374808926934,7.949716747951565e-05,0.4192514739810305,0.009758605747629524,0.39572192513368987,0.20141910631689894,
1106,sim_1106,34,0.010394374808926934,0.00011419295329401716,0.4037274746976055,0.007592503304760304,0.2905525846702317,0.20141910631689894,
1212,sim_1212,34,0.010394374808926934,6.995741947126634e-05,0.4218467887541914,0.010582212846186791,0.40998217468805703,0.20141910631689894,
1306,sim_1306,34,0.010394374808926934,0.00010962719296736454,0.4130050505050505,0.008918877167326937,0.3672014260249554,0.20141910631689894,
2002,sim_2002,34,0.010394374808926934,0.00014712974014684802,0.4069926589523454,0.0077543866957209195,0.2887700534759358,0.20141910631689894,
1263,sim_1263,34,0.010394374808926934,8.156491137704282e-05,0.4175389328567781,0.010020203721545422,0.40106951871657753,0.20141910631689894,
1555,sim_1555,34,0.010394374808926934,0.0001052885481229444,0.408875,0.008510058409009726,0.3137254901960784,0.20141910631689894,
604,sim_604,34,0.010394374808926934,0.00011146391117912851,0.41352718078381795,0.008848357996180141,0.35650623885918004,0.20141910631689894,
574,sim_574,34,0.010394374808926934,6.853890774335077e-05,0.40477663655488183,0.00797547063964318,0.28520499108734404,0.20141910631689894,
392,sim_392,34,0.010394374808926934,0.00014909261316220255,0.41483830057070387,0.009594240028581101,0.36363636363636365,0.20141910631689894,
225,sim_225,34,0.010394374808926934,8.884834102248766e-05,0.42293767778639774,0.011136643479769285,0.44206773618538325,0.20141910631689894,
758,sim_758,34,0.010394374808926934,0.00012024775310250682,0.4089772443110778,0.009176549981969043,0.34581105169340465,0.20141910631689894,
854,sim_854,34,0.010394374808926934,0.00010058580514362376,0.41919774445726005,0.010273412127885443,0.40463458110516937,0.20141910631689894,
838,sim_838,34,0.010394374808926934,8.861801654231514e-05,0.4011036174126303,0.007632546229688785,0.2994652406417112,0.20141910631689894,
282,sim_282,34,0.010394374808926934,9.655243387801684e-05,0.4224460803306212,0.010733579504001004,0.41711229946524064,0.20141910631689894,
309,sim_309,34,0.010394374808926934,9.547916694504325e-05,0.42441935902426364,0.010928952884132022,0.44385026737967914,0.20141910631689894,
686,sim_686,34,0.010394374808926934,8.234502131590572e-05,0.4252470098803952,0.01176522075539734,0.48128342245989303,0.20141910631689894,
331,sim_331,34,0.010394374808926934,0.00012634032941796167,0.41705979854647457,0.010419667958128391,0.40641711229946526,0.20141910631689894,
324,sim_324,34,0.010394374808926934,6.182519796459731e-05,0.4245846313603323,0.011979920658986079,0.5080213903743316,0.20141910631689894,
421,sim_421,33,0.010088657902782024,5.4586410561841505e-05,0.427749444226494,0.011985348518177959,0.5340909090909091,0.20141910631689894,
171,sim_171,33,0.010088657902782024,6.450664421531428e-05,0.4366573221198772,0.013697706578756307,0.6117424242424242,0.20141910631689894,
831,sim_831,33,0.010088657902782024,7.338009987647911e-05,0.41919774445726005,0.010687087769802619,0.44886363636363635,0.20141910631689894,
83,sim_83,33,0.010088657902782024,0.00018654521973499705,0.4117054751415985,0.00890608150071572,0.3409090909090909,0.20141910631689894,
1089,sim_1089,30,0.009171507184347293,6.913935370998908e-05,0.3891268141803474,0.005923061925471229,0.2896551724137931,0.20141910631689894,
308,sim_308,30,0.009171507184347293,4.1872577685026464e-05,0.41305720419244857,0.00895898845797652,0.4068965517241379,0.20141910631689894,
724,sim_724,30,0.009171507184347293,0.00010941520939035191,0.4088238970128734,0.008325334935458988,0.3701149425287356,0.20141910631689894,
1665,sim_1665,30,0.009171507184347293,9.298177323688957e-05,0.4003671970624235,0.007202191694156247,0.3563218390804598,0.20141910631689894,
1675,sim_1675,30,0.009171507184347293,8.071269033429047e-05,0.4094892338507762,0.00821097582120043,0.36551724137931035,0.20141910631689894,
1055,sim_1055,30,0.009171507184347293,8.25057480371036e-05,0.3998777506112469,0.007313249938225872,0.3264367816091954,0.20141910631689894,
719,sim_719,30,0.009171507184347293,0.00012863388481021236,0.39865935405240704,0.007528873644311625,0.34942528735632183,0.20141910631689894,
1041,sim_1041,30,0.009171507184347293,8.623569714219821e-05,0.40357803824799504,0.007207669686686182,0.3310344827586207,0.20141910631689894,
330,sim_330,30,0.009171507184347293,7.64346610940268e-05,0.420113023375289,0.010290139554208832,0.4804597701149425,0.20141910631689894,
1709,sim_1709,30,0.009171507184347293,6.23123732649395e-05,0.4025846153846154,0.007393626918740545,0.335632183908046,0.20141910631689894,
501,sim_501,30,0.009171507184347293,4.531653824187078e-05,0.4061335982120685,0.008328956680858262,0.3839080459770115,0.20141910631689894,
527,sim_527,30,0.009171507184347293,6.272625464248667e-05,0.4203289642765356,0.010041837210460501,0.4689655172413793,0.20141910631689894,
1819,sim_1819,30,0.009171507184347293,9.445089043039228e-05,0.4051275699777062,0.0073454557323983875,0.3264367816091954,0.20141910631689894,
493,sim_493,30,0.009171507184347293,5.837905147085431e-05,0.4023370233702337,0.007538240100016064,0.3563218390804598,0.20141910631689894,
1784,sim_1784,30,0.009171507184347293,0.00010050189360104763,0.41092964824120604,0.008485510821897718,0.4114942528735632,0.20141910631689894,
1076,sim_1076,30,0.009171507184347293,4.789789100373646e-05,0.4179657551750575,0.009582461450987134,0.4436781609195402,0.20141910631689894,
954,sim_954,30,0.009171507184347293,6.697492622673496e-05,0.4083135688428411,0.007916692127689386,0.367816091954023,0.20141910631689894,
1389,sim_1389,30,0.009171507184347293,6.175024831160114e-05,0.4054288547347546,0.007805397425868156,0.367816091954023,0.20141910631689894,
605,sim_605,30,0.009171507184347293,9.733568702916582e-05,0.4052279484638256,0.007662563878414305,0.33793103448275863,0.20141910631689894,
923,sim_923,30,0.009171507184347293,0.00011982005706634248,0.40532837670384136,0.008227016117387242,0.367816091954023,0.20141910631689894,
1534,sim_1534,30,0.009171507184347293,7.253240742080784e-05,0.4093355024402453,0.008801193784227083,0.4298850574712644,0.20141910631689894,
1521,sim_1521,30,0.009171507184347293,7.668239063479626e-05,0.40517775300383996,0.00802159007459,0.37471264367816093,0.20141910631689894,
860,sim_860,30,0.009171507184347293,0.00011295830254169086,0.4109812790551577,0.008784015681794252,0.3931034482758621,0.20141910631689894,
1178,sim_1178,30,0.009171507184347293,6.675070811381492e-05,0.4164226607256524,0.009298947789267337,0.4160919540229885,0.20141910631689894,
1168,sim_1168,30,0.009171507184347293,0.00010959452513424308,0.40785536159601,0.007551103933063073,0.3425287356321839,0.20141910631689894,
1161,sim_1161,30,0.009171507184347293,9.435850680197545e-05,0.39595690594359034,0.007010060419980813,0.31264367816091954,0.20141910631689894,
851,sim_851,30,0.009171507184347293,6.422852450718144e-05,0.4010544384502207,0.007233335523495866,0.3218390804597701,0.20141910631689894,
572,sim_572,30,0.009171507184347293,4.2308860750628476e-05,0.41232824908609605,0.009302325059765361,0.432183908045977,0.20141910631689894,
573,sim_573,30,0.009171507184347293,0.00010526744661661593,0.40552938259360277,0.008091673284902345,0.3586206896551724,0.20141910631689894,
1874,sim_1874,30,0.009171507184347293,0.00010808776280505451,0.4115500754906895,0.008260042097565826,0.3586206896551724,0.20141910631689894,
1007,sim_1007,30,0.009171507184347293,8.707790276024882e-05,0.4118091401233791,0.008604296154358482,0.3816091954022989,0.20141910631689894,
798,sim_798,30,0.009171507184347293,7.086728625811404e-05,0.4116018623379892,0.008913546293917725,0.3954022988505747,0.20141910631689894,
772,sim_772,30,0.009171507184347293,7.27880214799806e-05,0.4098483899260744,0.008143344779638234,0.3793103448275862,0.20141910631689894,
975,sim_975,30,0.009171507184347293,7.895372104235586e-05,0.41946652987945626,0.010005497388138392,0.4666666666666667,0.20141910631689894,
1992,sim_1992,30,0.009171507184347293,9.231032353281495e-05,0.39653291308037336,0.00660261273219676,0.296551724137931,0.20141910631689894,
547,sim_547,30,0.009171507184347293,0.00012691169350131947,0.4102596262385551,0.008653335798848177,0.36551724137931035,0.20141910631689894,
1962,sim_1962,30,0.009171507184347293,9.231242425312003e-05,0.39667717681300024,0.006812567196508691,0.30344827586206896,0.20141910631689894,
950,sim_950,30,0.009171507184347293,6.249859784750872e-05,0.4140506329113924,0.009700267447603201,0.45057471264367815,0.20141910631689894,
738,sim_738,30,0.009171507184347293,0.00010344057076129017,0.4072967251898892,0.008164913312107567,0.3701149425287356,0.20141910631689894,
540,sim_540,30,0.009171507184347293,7.279486352581045e-05,0.418554062699936,0.009680107209374584,0.47126436781609193,0.20141910631689894,
1594,sim_1594,30,0.009171507184347293,8.279443708900875e-05,0.40472655283345704,0.007909027084392586,0.367816091954023,0.20141910631689894,
1592,sim_1592,30,0.009171507184347293,8.317453878376088e-05,0.40744892874937716,0.008150766435967856,0.36551724137931035,0.20141910631689894,
737,sim_737,30,0.009171507184347293,0.00011055647022450796,0.40472655283345704,0.007841643621950426,0.35402298850574715,0.20141910631689894,
715,sim_715,30,0.009171507184347293,0.0001062506145420843,0.4174323634507402,0.00944935303880722,0.41839080459770117,0.20141910631689894,
1211,sim_1211,30,0.009171507184347293,9.806925599117922e-05,0.39978000488878024,0.00659779770587955,0.30114942528735633,0.20141910631689894,
440,sim_440,30,0.009171507184347293,5.8889068140782064e-05,0.4041265134667655,0.008000930962785037,0.35172413793103446,0.20141910631689894,
1316,sim_1316,29,0.008865790278202385,6.052213884842123e-05,0.41452287416043593,0.00922166361566509,0.43596059113300495,0.20141910631689894,
790,sim_790,29,0.008865790278202385,7.748295958404494e-05,0.4051275699777062,0.007816080121819082,0.3768472906403941,0.20141910631689894,
1054,sim_1054,29,0.008865790278202385,4.6838236355680404e-05,0.404876841193217,0.008118224007968404,0.3793103448275862,0.20141910631689894,
734,sim_734,29,0.008865790278202385,4.545701945751895e-05,0.40573058794343836,0.007988529116789564,0.3793103448275862,0.20141910631689894,
646,sim_646,29,0.008865790278202385,0.00016459005392729,0.39740007289515245,0.00650448544282711,0.29802955665024633,0.20141910631689894,
642,sim_642,29,0.008865790278202385,6.996631784806274e-05,0.4098997493734336,0.008945258097184777,0.4482758620689655,0.20141910631689894,
1282,sim_1282,29,0.008865790278202385,7.679634472108572e-05,0.40179339147524873,0.006956702685978759,0.3078817733990148,0.20141910631689894,
1275,sim_1275,29,0.008865790278202385,8.144231070020252e-05,0.4061335982120685,0.007940646445168195,0.3891625615763547,0.20141910631689894,
1083,sim_1083,29,0.008865790278202385,7.159256230792393e-05,0.4040266798418972,0.007726048518354184,0.39655172413793105,0.20141910631689894,
1267,sim_1267,29,0.008865790278202385,0.00011287670160335325,0.4004652301665034,0.0069416534771142655,0.34236453201970446,0.20141910631689894,
661,sim_661,29,0.008865790278202385,2.993409305813705e-05,0.41108457961543293,0.008916169083749972,0.41625615763546797,0.20141910631689894,
665,sim_665,29,0.008865790278202385,4.063352513271994e-05,0.4049269621193365,0.008164917492356384,0.3817733990147783,0.20141910631689894,
479,sim_479,29,0.008865790278202385,8.747162910231655e-05,0.4042763564454332,0.007455786132830656,0.3522167487684729,0.20141910631689894,
450,sim_450,29,0.008865790278202385,8.18061274740629e-05,0.41243222796620854,0.00867013116292511,0.4014778325123153,0.20141910631689894,
2771,sim_2771,29,0.008865790278202385,8.174911781225276e-05,0.400073385518591,0.007299910465958577,0.3497536945812808,0.20141910631689894,
723,sim_723,29,0.008865790278202385,7.426795437212634e-05,0.4252470098803952,0.01066885971453206,0.5172413793103449,0.20141910631689894,
2147,sim_2147,29,0.008865790278202385,0.00012688991766446496,0.4024360236220472,0.006813924597587944,0.312807881773399,0.20141910631689894,
1050,sim_1050,29,0.008865790278202385,5.340192632557408e-05,0.41801916932907346,0.009882019868704134,0.49014778325123154,0.20141910631689894,
879,sim_879,29,0.008865790278202385,4.851881217537127e-05,0.40755046100174436,0.008535597016366516,0.41379310344827586,0.20141910631689894,
873,sim_873,29,0.008865790278202385,7.001016083933431e-05,0.3944290365368383,0.006629562374634452,0.3078817733990148,0.20141910631689894,
1138,sim_1138,29,0.008865790278202385,7.190862248313268e-05,0.41020817657386505,0.007869187159388346,0.3472906403940887,0.20141910631689894,
487,sim_487,29,0.008865790278202385,0.00013843042576191887,0.41378874130297283,0.00885419424057064,0.4211822660098522,0.20141910631689894,
1474,sim_1474,29,0.008865790278202385,6.710665446833896e-05,0.38705478641580876,0.0054800695380602905,0.27832512315270935,0.20141910631689894,
1151,sim_1151,29,0.008865790278202385,8.775113865784734e-05,0.40002445884798826,0.006618265821576446,0.33497536945812806,0.20141910631689894,
876,sim_876,29,0.008865790278202385,5.660846802763411e-05,0.4165817626082527,0.009007248589871213,0.4211822660098522,0.20141910631689894,
585,sim_585,29,0.008865790278202385,8.806164415409908e-05,0.4082116560589043,0.008193574186363196,0.3866995073891626,0.20141910631689894,
596,sim_596,29,0.008865790278202385,2.7932679065379844e-05,0.41321374431531077,0.009457711964929982,0.45566502463054187,0.20141910631689894,
935,sim_935,29,0.008865790278202385,6.279872585433065e-05,0.41568178929978394,0.009024465913503914,0.45073891625615764,0.20141910631689894,
834,sim_834,29,0.008865790278202385,8.508614921885837e-05,0.39798028957294074,0.007174163084553883,0.3448275862068966,0.20141910631689894,
394,sim_394,29,0.008865790278202385,9.756043544913242e-05,0.41191285732275534,0.008772334316791416,0.4088669950738916,0.20141910631689894,
958,sim_958,29,0.008865790278202385,7.574608475053183e-05,0.40775367738718526,0.008271117251801331,0.39901477832512317,0.20141910631689894,
260,sim_260,29,0.008865790278202385,6.237893445684311e-05,0.41206853111615016,0.00878966405691231,0.43349753694581283,0.20141910631689894,
1127,sim_1127,29,0.008865790278202385,5.656870764172124e-05,0.41092964824120604,0.008772382858580455,0.41625615763546797,0.20141910631689894,
1386,sim_1386,29,0.008865790278202385,6.11894499566929e-05,0.40125122669283614,0.008017913855044828,0.3916256157635468,0.20141910631689894,
817,sim_817,29,0.008865790278202385,0.00011459332603833773,0.39924325643842307,0.007039900743604613,0.3522167487684729,0.20141910631689894,
373,sim_373,29,0.008865790278202385,7.455419012440177e-05,0.40851754714624705,0.008124357004325075,0.39655172413793105,0.20141910631689894,
370,sim_370,29,0.008865790278202385,5.024997515783421e-05,0.4171129813823004,0.010033761706532677,0.49507389162561577,0.20141910631689894,
557,sim_557,29,0.008865790278202385,6.138341071721273e-05,0.4169534735500319,0.009856064636053668,0.49507389162561577,0.20141910631689894,
552,sim_552,29,0.008865790278202385,8.501512813219013e-05,0.40643638170974156,0.007861193301543013,0.35714285714285715,0.20141910631689894,
749,sim_749,29,0.008865790278202385,7.975331279968906e-05,0.4097970433475319,0.007811482142091357,0.3522167487684729,0.20141910631689894,
756,sim_756,29,0.008865790278202385,6.291564709870221e-05,0.4068914044035328,0.008085211628327652,0.3793103448275862,0.20141910631689894,
780,sim_780,29,0.008865790278202385,6.660181022012356e-05,0.40139894465578596,0.007491204366470296,0.3448275862068966,0.20141910631689894,
776,sim_776,29,0.008865790278202385,7.328392786094938e-05,0.4087217293514932,0.008152331815945798,0.4014778325123153,0.20141910631689894,
1323,sim_1323,29,0.008865790278202385,5.7389162116140074e-05,0.40213916892058027,0.007814163535257714,0.4014778325123153,0.20141910631689894,
537,sim_537,29,0.008865790278202385,6.211394764915102e-05,0.40382716049382716,0.007438129793247575,0.33251231527093594,0.20141910631689894,
415,sim_415,29,0.008865790278202385,2.0800882756601616e-05,0.41737909914508103,0.010277883184062645,0.5295566502463054,0.20141910631689894,
1197,sim_1197,29,0.008865790278202385,7.649286739313576e-05,0.4073474470734745,0.008192957215452113,0.3916256157635468,0.20141910631689894,
183,sim_183,29,0.008865790278202385,6.483456494437322e-05,0.4132659507264687,0.009349199904594879,0.45566502463054187,0.20141910631689894,
910,sim_910,29,0.008865790278202385,0.0001070252245573837,0.39571739656423904,0.00608405472503204,0.30049261083743845,0.20141910631689894,
1449,sim_1449,29,0.008865790278202385,0.0001136662255862381,0.39390655105973027,0.006575784220562387,0.3251231527093596,0.20141910631689894,
191,sim_191,29,0.008865790278202385,0.00011791276010948297,0.4147856961704286,0.009333117363230546,0.45073891625615764,0.20141910631689894,
2185,sim_2185,29,0.008865790278202385,8.88866968337049e-05,0.3956695294544575,0.006166843706392016,0.29802955665024633,0.20141910631689894,
2219,sim_2219,29,0.008865790278202385,8.149580707382015e-05,0.4091818864148111,0.00789149449652221,0.3866995073891626,0.20141910631689894,
762,sim_762,28,0.008560073372057475,7.43796593878007e-05,0.3961487222962335,0.006540054150882695,0.32275132275132273,0.20141910631689894,
1006,sim_1006,28,0.008560073372057475,7.522228766073775e-05,0.4045263418253772,0.007621327999148025,0.373015873015873,0.20141910631689894,
1439,sim_1439,28,0.008560073372057475,3.685978700362968e-05,0.4087217293514932,0.008543846325232732,0.43386243386243384,0.20141910631689894,
500,sim_500,28,0.008560073372057475,7.415023234372744e-05,0.3968215455538032,0.006284602819414347,0.335978835978836,0.20141910631689894,
1294,sim_1294,28,0.008560073372057475,6.99221220288875e-05,0.4022875415078096,0.007436179960139512,0.37037037037037035,0.20141910631689894,
1037,sim_1037,28,0.008560073372057475,7.829219191424471e-05,0.4006123698714023,0.0075043987505141255,0.37037037037037035,0.20141910631689894,
1278,sim_1278,28,0.008560073372057475,4.6571915260007844e-05,0.4079570965328012,0.008179823050151174,0.3941798941798942,0.20141910631689894,
637,sim_637,28,0.008560073372057475,9.967829606306816e-05,0.40457637600494745,0.0077884893414666215,0.42063492063492064,0.20141910631689894,
1659,sim_1659,28,0.008560073372057475,9.875968084081613e-05,0.39759329038531666,0.006242244284154971,0.30687830687830686,0.20141910631689894,
1640,sim_1640,28,0.008560073372057475,6.0355832070291595e-05,0.4062849335486275,0.008179819184165953,0.4126984126984127,0.20141910631689894,
1277,sim_1277,28,0.008560073372057475,4.857951908228116e-05,0.41668789808917195,0.009572302527904804,0.5105820105820106,0.20141910631689894,
449,sim_449,27,0.008254356465912565,2.556437154014328e-05,0.4204910656896773,0.009998996291048431,0.5527065527065527,0.20141910631689894,
2108,sim_2108,24,0.007337205747477835,5.22443117768765e-05,0.3969660194174757,0.005912680728353323,0.3804347826086957,0.20141910631689894,
434,sim_434,24,0.007337205747477835,0.00013017928126564854,0.39277137367915466,0.005820634889825706,0.34057971014492755,0.20141910631689894,
446,sim_446,24,0.007337205747477835,3.099601316482421e-05,0.39419137141479876,0.006551543184469432,0.4166666666666667,0.20141910631689894,
1097,sim_1097,24,0.007337205747477835,5.26453547809286e-05,0.40739818159172997,0.007799714737540996,0.4782608695652174,0.20141910631689894,
2080,sim_2080,24,0.007337205747477835,6.276807279209838e-05,0.38003950273033577,0.004451748582655692,0.3115942028985507,0.20141910631689894,
2088,sim_2088,24,0.007337205747477835,4.0037376853652406e-05,0.3852314215051231,0.00539859726315308,0.34057971014492755,0.20141910631689894,
514,sim_514,24,0.007337205747477835,3.072061797712286e-05,0.40382716049382716,0.007749027662366143,0.4891304347826087,0.20141910631689894,
1799,sim_1799,24,0.007337205747477835,5.9080683096968384e-05,0.3858676418544296,0.004966410500150467,0.30434782608695654,0.20141910631689894,
1676,sim_1676,24,0.007337205747477835,4.858768493683439e-05,0.39126794258373204,0.005704382877480877,0.358695652173913,0.20141910631689894,
306,sim_306,24,0.007337205747477835,3.2824527958532615e-05,0.40184275184275187,0.00760340564123983,0.4891304347826087,0.20141910631689894,
1690,sim_1690,24,0.007337205747477835,5.003651018765718e-05,0.3949529099251389,0.006058678200357686,0.3695652173913043,0.20141910631689894,
1792,sim_1792,24,0.007337205747477835,4.177651090793042e-05,0.40923307894407607,0.007994273192831596,0.5,0.20141910631689894,
1220,sim_1220,24,0.007337205747477835,5.5336272116900166e-05,0.39934073983640583,0.006703576588302031,0.4166666666666667,0.20141910631689894,
1043,sim_1043,24,0.007337205747477835,3.18566341321277e-05,0.4041265134667655,0.007864740302050902,0.5144927536231884,0.20141910631689894,
2686,sim_2686,24,0.007337205747477835,6.348745732895892e-05,0.38065867566623995,0.004335010943281115,0.27898550724637683,0.20141910631689894,
480,sim_480,24,0.007337205747477835,3.9572746231682885e-05,0.4023865174068151,0.007540379719301186,0.4855072463768116,0.20141910631689894,
1730,sim_1730,24,0.007337205747477835,4.543783829211669e-05,0.39490522757455027,0.006382819965209028,0.37681159420289856,0.20141910631689894,
1726,sim_1726,24,0.007337205747477835,0.00012693413023195718,0.3874674247808576,0.0052917094060037145,0.322463768115942,0.20141910631689894,
1724,sim_1724,24,0.007337205747477835,5.674073871995413e-05,0.38482352941176473,0.004734934959386417,0.3007246376811594,0.20141910631689894,
717,sim_717,24,0.007337205747477835,4.0217153328128675e-05,0.4088238970128734,0.007893305707074782,0.4927536231884058,0.20141910631689894,
670,sim_670,24,0.007337205747477835,3.8183381334802314e-05,0.3929129129129129,0.005552612034913287,0.358695652173913,0.20141910631689894,
506,sim_506,24,0.007337205747477835,2.5785354886986813e-05,0.4097970433475319,0.008211978713385373,0.5036231884057971,0.20141910631689894,
2052,sim_2052,24,0.007337205747477835,3.786981403758194e-05,0.3852767962308598,0.005260231141701001,0.358695652173913,0.20141910631689894,
1261,sim_1261,24,0.007337205747477835,3.299023400841534e-05,0.38003950273033577,0.0044487371773945005,0.30434782608695654,0.20141910631689894,
1063,sim_1063,24,0.007337205747477835,5.522221003255972e-05,0.392065204362939,0.005606523375874223,0.322463768115942,0.20141910631689894,
1058,sim_1058,24,0.007337205747477835,4.1976067368893056e-05,0.3973517978620019,0.006188033759798215,0.36231884057971014,0.20141910631689894,
1243,sim_1243,24,0.007337205747477835,4.0695701662944695e-05,0.3915489585827149,0.005923763392953267,0.35144927536231885,0.20141910631689894,
1078,sim_1078,24,0.007337205747477835,7.425117704086877e-05,0.37451339592397526,0.0035542214721893907,0.2717391304347826,0.20141910631689894,
2078,sim_2078,24,0.007337205747477835,6.227014129759351e-05,0.3782377428307123,0.004043880901361901,0.29347826086956524,0.20141910631689894,
1734,sim_1734,24,0.007337205747477835,4.2827944010691945e-05,0.40134969325153375,0.006676324977359678,0.42028985507246375,0.20141910631689894,
1102,sim_1102,24,0.007337205747477835,3.5968337917176505e-05,0.4082626060908637,0.008298937427932928,0.5036231884057971,0.20141910631689894,
1847,sim_1847,24,0.007337205747477835,6.595579050195293e-05,0.4032794969794107,0.007067819726121821,0.39492753623188404,0.20141910631689894,
628,sim_628,24,0.007337205747477835,5.015522926662236e-05,0.40583126550868487,0.007591837957539956,0.4673913043478261,0.20141910631689894,
1016,sim_1016,24,0.007337205747477835,3.3721563869983526e-05,0.4009561166952684,0.006861787193551964,0.41304347826086957,0.20141910631689894,
1814,sim_1814,24,0.007337205747477835,5.235956053625725e-05,0.39452418284887225,0.0060716994929476435,0.36231884057971014,0.20141910631689894,
1027,sim_1027,24,0.007337205747477835,0.00011775492406610463,0.39052053486150906,0.005359883749382399,0.3007246376811594,0.20141910631689894,
1280,sim_1280,24,0.007337205747477835,2.9619251297449113e-05,0.3961967054263566,0.006764005625132856,0.40217391304347827,0.20141910631689894,
2025,sim_2025,24,0.007337205747477835,7.778611452718307e-05,0.39024099260319733,0.005245069427992105,0.35144927536231885,0.20141910631689894,
949,sim_949,24,0.007337205747477835,4.356322780637521e-05,0.39362214199759327,0.006234434517946954,0.4057971014492754,0.20141910631689894,
960,sim_960,24,0.007337205747477835,5.185337606887845e-05,0.4028821283409287,0.007355544598638444,0.43478260869565216,0.20141910631689894,
1345,sim_1345,24,0.007337205747477835,5.463503855316747e-05,0.38659732892093135,0.004898748421214007,0.322463768115942,0.20141910631689894,
1342,sim_1342,24,0.007337205747477835,5.300739658555623e-05,0.39978000488878024,0.006911014133081891,0.4492753623188406,0.20141910631689894,
818,sim_818,24,0.007337205747477835,4.7738289523123665e-05,0.40658794282162836,0.00766937017248118,0.4673913043478261,0.20141910631689894,
1997,sim_1997,24,0.007337205747477835,5.3409534796174586e-05,0.39112758579457135,0.00552692706835946,0.358695652173913,0.20141910631689894,
1340,sim_1340,24,0.007337205747477835,7.39203969615003e-05,0.4045263418253772,0.0068373308613850015,0.41304347826086957,0.20141910631689894,
1337,sim_1337,24,0.007337205747477835,3.304111500071627e-05,0.38968310698117703,0.005870824986864518,0.3695652173913043,0.20141910631689894,
1336,sim_1336,24,0.007337205747477835,6.300402586635913e-05,0.3973517978620019,0.006882557376183007,0.41304347826086957,0.20141910631689894,
2010,sim_2010,24,0.007337205747477835,4.75771132510282e-05,0.38728392138290313,0.005299241112873078,0.36594202898550726,0.20141910631689894,
993,sim_993,24,0.007337205747477835,4.234791828378918e-05,0.38861827254366166,0.0057829411489175786,0.35144927536231885,0.20141910631689894,
999,sim_999,24,0.007337205747477835,2.5989678489085764e-05,0.3969660194174757,0.006785610949375643,0.4384057971014493,0.20141910631689894,
1000,sim_1000,24,0.007337205747477835,5.216875631781943e-05,0.39759329038531666,0.0064561057863036005,0.4166666666666667,0.20141910631689894,
1317,sim_1317,24,0.007337205747477835,6.06148980353422e-05,0.3904273096204345,0.005722764101102088,0.37681159420289856,0.20141910631689894,
1019,sim_1019,24,0.007337205747477835,2.1117575532996333e-05,0.40816071874220117,0.008718019819021221,0.5615942028985508,0.20141910631689894,
1303,sim_1303,24,0.007337205747477835,4.591752515116992e-05,0.3952870090634441,0.006416235869292742,0.39492753623188404,0.20141910631689894,
1300,sim_1300,24,0.007337205747477835,6.214633733811524e-05,0.3963407245849994,0.006171138541453848,0.3804347826086957,0.20141910631689894,
1333,sim_1333,24,0.007337205747477835,6.352695731481711e-05,0.39590898087630116,0.006296851874384177,0.41304347826086957,0.20141910631689894,
1324,sim_1324,24,0.007337205747477835,3.266744531947396e-05,0.40213916892058027,0.007235397533777852,0.463768115942029,0.20141910631689894,
793,sim_793,24,0.007337205747477835,3.8787735860324416e-05,0.3939539925328195,0.00625160999559286,0.37318840579710144,0.20141910631689894,
1361,sim_1361,24,0.007337205747477835,3.988349926996629e-05,0.4013004539320329,0.00733239924758189,0.4601449275362319,0.20141910631689894,
2316,sim_2316,24,0.007337205747477835,4.1121057524003534e-05,0.4024360236220472,0.0072480262759290785,0.4782608695652174,0.20141910631689894,
2308,sim_2308,24,0.007337205747477835,5.588907502705736e-05,0.3931962976319269,0.005864396159766839,0.39492753623188404,0.20141910631689894,
1851,sim_1851,24,0.007337205747477835,6.42171359551024e-05,0.3880650136433741,0.005091398694177772,0.3442028985507246,0.20141910631689894,
544,sim_544,24,0.007337205747477835,3.762348425875601e-05,0.39861077260541067,0.006980258907384718,0.4166666666666667,0.20141910631689894,
264,sim_264,24,0.007337205747477835,4.1161088596189095e-05,0.41056859545625707,0.00840077547366484,0.5253623188405797,0.20141910631689894,
947,sim_947,24,0.007337205747477835,4.615845970097659e-05,0.40322978303747536,0.0075548656784764695,0.47101449275362317,0.20141910631689894,
186,sim_186,24,0.007337205747477835,3.687591812686321e-05,0.412536259301299,0.009064761399230537,0.5543478260869565,0.20141910631689894,
594,sim_594,24,0.007337205747477835,3.248085700208532e-05,0.38986889153754467,0.005518119759153497,0.3333333333333333,0.20141910631689894,
567,sim_567,24,0.007337205747477835,5.957684321190031e-05,0.3916427203065134,0.0058977665970253905,0.37681159420289856,0.20141910631689894,
926,sim_926,24,0.007337205747477835,3.8474148049953574e-05,0.4021886142874708,0.0072731436574088055,0.4384057971014493,0.20141910631689894,
1409,sim_1409,24,0.007337205747477835,5.9962184324699065e-05,0.38468775726214277,0.0045614213084157395,0.3115942028985507,0.20141910631689894,
1410,sim_1410,24,0.007337205747477835,5.3536600760136086e-05,0.39793187347931874,0.006252422396180668,0.35507246376811596,0.20141910631689894,
2546,sim_2546,24,0.007337205747477835,3.948662920885876e-05,0.3831107987819161,0.004666941270647429,0.29347826086956524,0.20141910631689894,
941,sim_941,24,0.007337205747477835,2.3309147297567996e-05,0.3975449684005834,0.007069068785026712,0.43478260869565216,0.20141910631689894,
1379,sim_1379,24,0.007337205747477835,5.619927472408212e-05,0.3974483596597813,0.006231240945540132,0.37681159420289856,0.20141910631689894,
242,sim_242,24,0.007337205747477835,6.181271047719403e-05,0.4087728067983004,0.007683212640699873,0.45652173913043476,0.20141910631689894,
1533,sim_1533,24,0.007337205747477835,7.326111008571024e-05,0.3926770708283313,0.005792534729946356,0.3695652173913043,0.20141910631689894,
246,sim_246,24,0.007337205747477835,1.7629625734417037e-05,0.4005633112907176,0.007188002985924069,0.40942028985507245,0.20141910631689894,
943,sim_943,24,0.007337205747477835,3.375852759687049e-05,0.39112758579457135,0.006405344099927453,0.40217391304347827,0.20141910631689894,
1395,sim_1395,24,0.007337205747477835,8.369121697918693e-05,0.4029813970678822,0.006601252238125501,0.39855072463768115,0.20141910631689894,
863,sim_863,24,0.007337205747477835,3.7245725132000174e-05,0.39084717409487396,0.005692952205053929,0.35144927536231885,0.20141910631689894,
2291,sim_2291,24,0.007337205747477835,4.667073166617113e-05,0.3932908500661296,0.006075470875444769,0.37318840579710144,0.20141910631689894,
869,sim_869,24,0.007337205747477835,3.119247572372201e-05,0.39836804286932165,0.006721802692864227,0.40942028985507245,0.20141910631689894,
887,sim_887,24,0.007337205747477835,4.901340650735561e-05,0.3941438727557537,0.006129502329675073,0.39492753623188404,0.20141910631689894,
895,sim_895,24,0.007337205747477835,3.782666804887896e-05,0.3996334758704948,0.007155537998199357,0.4673913043478261,0.20141910631689894,
1468,sim_1468,24,0.007337205747477835,5.71632687149141e-05,0.3999755441428222,0.006514213046198697,0.391304347826087,0.20141910631689894,
1901,sim_1901,24,0.007337205747477835,7.288182792964663e-05,0.3852767962308598,0.005321456240947349,0.32608695652173914,0.20141910631689894,
2235,sim_2235,24,0.007337205747477835,5.5468944713473037e-05,0.3964848484848485,0.006224088636272532,0.391304347826087,0.20141910631689894,
882,sim_882,24,0.007337205747477835,4.217349574541461e-05,0.3963407245849994,0.00688153447849826,0.427536231884058,0.20141910631689894,
892,sim_892,24,0.007337205747477835,4.979204078444025e-05,0.4071953193078551,0.0077809233159844655,0.4927536231884058,0.20141910631689894,
1148,sim_1148,24,0.007337205747477835,4.1253131133180906e-05,0.40382716049382716,0.007375684030631293,0.4528985507246377,0.20141910631689894,
1105,sim_1105,24,0.007337205747477835,3.886931607529736e-05,0.41415548240060773,0.00950707224767121,0.6268115942028986,0.20141910631689894,
1194,sim_1194,24,0.007337205747477835,3.355544323175674e-05,0.4090795397698849,0.008376129712018251,0.5217391304347826,0.20141910631689894,
1158,sim_1158,24,0.007337205747477835,3.281603370332226e-05,0.39662907724020857,0.006228008474131756,0.4057971014492754,0.20141910631689894,
1165,sim_1165,24,0.007337205747477835,4.374441508120698e-05,0.4027829085088043,0.007394415102236033,0.47101449275362317,0.20141910631689894,
468,sim_468,24,0.007337205747477835,5.299017002570074e-05,0.4083645443196005,0.007765560700032852,0.4782608695652174,0.20141910631689894,
849,sim_849,23,0.007031488841332925,3.184918720020507e-05,0.3938117023838189,0.006359797776583405,0.42292490118577075,0.20141910631689894,
681,sim_681,23,0.007031488841332925,4.680631532007136e-05,0.3958610674089314,0.006107749068730551,0.4031620553359684,0.20141910631689894,
444,sim_444,23,0.007031488841332925,2.386962966006426e-05,0.4062849335486275,0.007807373120254701,0.541501976284585,0.20141910631689894,
2329,sim_2329,23,0.007031488841332925,4.8208982796269236e-05,0.3815467164353202,0.004421864246771088,0.30434782608695654,0.20141910631689894,
586,sim_586,23,0.007031488841332925,6.167279489717334e-05,0.39836804286932165,0.006262276539599552,0.391304347826087,0.20141910631689894,
688,sim_688,23,0.007031488841332925,2.6646294523631553e-05,0.4004652301665034,0.0065862896399629094,0.41106719367588934,0.20141910631689894,
1728,sim_1728,23,0.007031488841332925,4.609410769897223e-05,0.3961967054263566,0.006084601266554799,0.3952569169960474,0.20141910631689894,
1075,sim_1075,23,0.007031488841332925,1.9503635407118353e-05,0.39653291308037336,0.0064584656032208605,0.4031620553359684,0.20141910631689894,
1242,sim_1242,23,0.007031488841332925,5.3078790409975944e-05,0.3987079473427596,0.00676002643669531,0.4268774703557312,0.20141910631689894,
296,sim_296,23,0.007031488841332925,4.3202115245601295e-05,0.4009561166952684,0.007196872971339888,0.48616600790513836,0.20141910631689894,
1795,sim_1795,23,0.007031488841332925,3.799630973570547e-05,0.39667717681300024,0.006233686185768855,0.43478260869565216,0.20141910631689894,
525,sim_525,23,0.007031488841332925,3.538818219182398e-05,0.3954781767621811,0.0062880083350223305,0.4189723320158103,0.20141910631689894,
416,sim_416,23,0.007031488841332925,3.571059885597098e-05,0.3988537983172784,0.006838386977992178,0.4782608695652174,0.20141910631689894,
1276,sim_1276,23,0.007031488841332925,3.7346188359730683e-05,0.39500060379181257,0.006539099796502421,0.47035573122529645,0.20141910631689894,
1290,sim_1290,23,0.007031488841332925,4.941846320800806e-05,0.38755924170616113,0.005219198321815069,0.37549407114624506,0.20141910631689894,
750,sim_750,23,0.007031488841332925,3.9568554458534605e-05,0.3920182166826462,0.00586197382822894,0.4031620553359684,0.20141910631689894,
1646,sim_1646,23,0.007031488841332925,3.721728341841113e-05,0.39310179065016226,0.006371070414909744,0.4189723320158103,0.20141910631689894,
273,sim_273,23,0.007031488841332925,4.232245588502501e-05,0.41036256429557144,0.00821271361351598,0.5217391304347826,0.20141910631689894,
1309,sim_1309,23,0.007031488841332925,6.11014889844973e-05,0.39720704310868243,0.006065513713356105,0.42292490118577075,0.20141910631689894,
1329,sim_1329,23,0.007031488841332925,3.829187051775979e-05,0.3914552417424605,0.006247275298246611,0.4150197628458498,0.20141910631689894,
599,sim_599,23,0.007031488841332925,5.717577747253726e-05,0.39948705422569614,0.006764323926560871,0.4268774703557312,0.20141910631689894,
894,sim_894,23,0.007031488841332925,6.866888653170373e-05,0.3862777515351913,0.005214590927547059,0.3715415019762846,0.20141910631689894,
984,sim_984,23,0.007031488841332925,4.7451876271576943e-05,0.3850500294290759,0.005265631664968506,0.3557312252964427,0.20141910631689894,
155,sim_155,23,0.007031488841332925,4.6971100731497765e-06,0.4118091401233791,0.008507668567572766,0.5573122529644269,0.20141910631689894,
269,sim_269,23,0.007031488841332925,2.9429412124599352e-05,0.41144654088050314,0.008827424709962148,0.5968379446640316,0.20141910631689894,
368,sim_368,23,0.007031488841332925,5.709216754261911e-05,0.39500060379181257,0.005744599331343855,0.38735177865612647,0.20141910631689894,
372,sim_372,23,0.007031488841332925,2.859407019585211e-05,0.4025846153846154,0.007174882596594563,0.4782608695652174,0.20141910631689894,
1374,sim_1374,23,0.007031488841332925,2.524109077179778e-05,0.3938117023838189,0.006176713811009138,0.37549407114624506,0.20141910631689894,
1552,sim_1552,23,0.007031488841332925,5.5487412608932704e-05,0.3805258259655654,0.003997676648829517,0.3241106719367589,0.20141910631689894,
1561,sim_1561,23,0.007031488841332925,5.4889180564879206e-05,0.38564017920301813,0.0041418895445343405,0.308300395256917,0.20141910631689894,
1578,sim_1578,23,0.007031488841332925,8.218118419690217e-05,0.38623214074861256,0.004921746680973089,0.3557312252964427,0.20141910631689894,
1485,sim_1485,23,0.007031488841332925,4.412234119086108e-05,0.4007105230920005,0.00703577610134738,0.47035573122529645,0.20141910631689894,
839,sim_839,23,0.007031488841332925,4.3110117844318565e-05,0.4069420253794476,0.00774929142815647,0.5059288537549407,0.20141910631689894,
2578,sim_2578,23,0.007031488841332925,2.7240914583439147e-05,0.3838300868340765,0.0050717248538139715,0.34782608695652173,0.20141910631689894,
241,sim_241,23,0.007031488841332925,1.4570088528995062e-05,0.4025846153846154,0.007654482844344729,0.541501976284585,0.20141910631689894,
1910,sim_1910,23,0.007031488841332925,3.187614053610139e-05,0.37589059986210066,0.003940576784079924,0.30434782608695654,0.20141910631689894,
566,sim_566,23,0.007031488841332925,2.4360436774721633e-05,0.39768996960486325,0.006658089444694624,0.43873517786561267,0.20141910631689894,
1401,sim_1401,23,0.007031488841332925,4.244365717072378e-05,0.394001445434835,0.00613544568334493,0.383399209486166,0.20141910631689894,
924,sim_924,23,0.007031488841332925,4.23233535592876e-05,0.3975449684005834,0.00636185249154057,0.4031620553359684,0.20141910631689894,
902,sim_902,23,0.007031488841332925,3.9548303378695593e-05,0.39024099260319733,0.005796153264189795,0.4150197628458498,0.20141910631689894,
1117,sim_1117,23,0.007031488841332925,3.518986754589535e-05,0.40608317815021727,0.007394720786899719,0.466403162055336,0.20141910631689894,
460,sim_460,23,0.007031488841332925,2.4037830294798658e-05,0.4102596262385551,0.008808319542431572,0.6126482213438735,0.20141910631689894,
2105,sim_2105,23,0.007031488841332925,5.2934701006596885e-05,0.3920182166826462,0.005435755611799803,0.37549407114624506,0.20141910631689894,
341,sim_341,23,0.007031488841332925,2.27277878397613e-05,0.4006123698714023,0.007102289805765723,0.4624505928853755,0.20141910631689894,
2034,sim_2034,23,0.007031488841332925,3.8983850327880126e-05,0.39523924601256644,0.0060690503031088005,0.3675889328063241,0.20141910631689894,
510,sim_510,23,0.007031488841332925,6.313989802543496e-05,0.40184275184275187,0.006774217873497784,0.43873517786561267,0.20141910631689894,
489,sim_489,22,0.006725771935188016,2.4055936836304e-05,0.4097457096329701,0.008061148209119767,0.5670995670995671,0.20141910631689894,
822,sim_822,22,0.006725771935188016,2.9282015053975023e-05,0.39667717681300024,0.006701256197441163,0.46320346320346323,0.20141910631689894,
592,sim_592,22,0.006725771935188016,3.598709444886932e-05,0.3969178497755127,0.006567557824905002,0.47186147186147187,0.20141910631689894,
1371,sim_1371,22,0.006725771935188016,2.623222249396771e-05,0.39740007289515245,0.0066681246285994426,0.44155844155844154,0.20141910631689894,
1215,sim_1215,22,0.006725771935188016,3.152133318230647e-05,0.39504830917874395,0.0062384663949814605,0.42424242424242425,0.20141910631689894,
1096,sim_1096,22,0.006725771935188016,4.4270156712069816e-05,0.4004652301665034,0.006231328399588513,0.4329004329004329,0.20141910631689894,
786,sim_786,22,0.006725771935188016,3.903061636070483e-05,0.3938591210114389,0.005891723399881735,0.41125541125541126,0.20141910631689894,
655,sim_655,22,0.006725771935188016,1.7191964761373412e-05,0.3968215455538032,0.007029591644188537,0.5238095238095238,0.20141910631689894,
937,sim_937,21,0.006420055029043106,3.1010081164471936e-05,0.3982225468711955,0.006217629089158909,0.5333333333333333,0.20141910631689894,
2746,sim_2746,18,0.005502904310608376,2.9658479829012074e-05,0.39005485332697354,0.004808948528655333,0.45751633986928103,0.20141910631689894,
2035,sim_2035,18,0.005502904310608376,2.1619630340928357e-05,0.3904739166766145,0.005142984120475053,0.45751633986928103,0.20141910631689894,
505,sim_505,18,0.005502904310608376,2.0075484077797693e-05,0.38655164263767433,0.004970682709568929,0.46405228758169936,0.20141910631689894,
497,sim_497,18,0.005502904310608376,7.683880478794284e-06,0.4015960712093309,0.006632440666015742,0.5686274509803921,0.20141910631689894,
1204,sim_1204,18,0.005502904310608376,2.694227542328941e-05,0.37959846814436576,0.00419343921672294,0.39869281045751637,0.20141910631689894,
1162,sim_1162,18,0.005502904310608376,2.6141584036689168e-05,0.38284176029962547,0.004911537628484514,0.45098039215686275,0.20141910631689894,
1124,sim_1124,18,0.005502904310608376,4.491162338340377e-05,0.38079161816065193,0.004030089473855452,0.39215686274509803,0.20141910631689894,
1159,sim_1159,18,0.005502904310608376,2.481096720845571e-05,0.38655164263767433,0.004696310607302996,0.43137254901960786,0.20141910631689894,
1766,sim_1766,18,0.005502904310608376,2.0291262048773132e-05,0.37863178608635256,0.004196539568196987,0.45751633986928103,0.20141910631689894,
1745,sim_1745,18,0.005502904310608376,2.4673636049502383e-05,0.3826626111371081,0.0043642855261399535,0.41830065359477125,0.20141910631689894,
1206,sim_1206,18,0.005502904310608376,1.877076263731054e-05,0.39371689937409726,0.005659383266983642,0.5098039215686274,0.20141910631689894,
1205,sim_1205,18,0.005502904310608376,1.356136737610565e-05,0.3940963855421687,0.005351103749489605,0.49673202614379086,0.20141910631689894,
2780,sim_2780,18,0.005502904310608376,5.7283565699111503e-05,0.36551570007822104,0.0026000806168393633,0.3202614379084967,0.20141910631689894,
1160,sim_1160,18,0.005502904310608376,1.5242006608012481e-05,0.39595690594359034,0.0060298832540849135,0.5555555555555556,0.20141910631689894,
1142,sim_1142,18,0.005502904310608376,1.4372202481891465e-05,0.39490522757455027,0.006342273769232774,0.5947712418300654,0.20141910631689894,
1180,sim_1180,18,0.005502904310608376,1.3159511215207455e-05,0.382796957284962,0.005043447164549339,0.5032679738562091,0.20141910631689894,
1118,sim_1118,18,0.005502904310608376,6.248024468160756e-05,0.3799953531598513,0.003434191266953358,0.3464052287581699,0.20141910631689894,
1184,sim_1184,18,0.005502904310608376,1.5302142743591063e-05,0.37666973744818055,0.003892690125545684,0.38562091503267976,0.20141910631689894,
1863,sim_1863,18,0.005502904310608376,1.7980930136682367e-05,0.39720704310868243,0.006016123816864222,0.5686274509803921,0.20141910631689894,
1862,sim_1862,18,0.005502904310608376,2.60217824807622e-05,0.3894047619047619,0.004947443846853927,0.45098039215686275,0.20141910631689894,
477,sim_477,18,0.005502904310608376,2.248941881917882e-05,0.40472655283345704,0.00696308380414944,0.6209150326797386,0.20141910631689894,
1146,sim_1146,18,0.005502904310608376,1.9047424300981315e-05,0.37387129957709453,0.0036238748521338227,0.35947712418300654,0.20141910631689894,
1476,sim_1476,18,0.005502904310608376,2.2547895676633596e-05,0.3858676418544296,0.004660027986627217,0.41830065359477125,0.20141910631689894,
1475,sim_1475,18,0.005502904310608376,2.0483861092308548e-05,0.384281015037594,0.004650031058666114,0.4444444444444444,0.20141910631689894,
2651,sim_2651,18,0.005502904310608376,1.82052175428359e-05,0.372806017779804,0.003733274602205656,0.37254901960784315,0.20141910631689894,
909,sim_909,18,0.005502904310608376,2.318946167380963e-05,0.39028755518434555,0.005254566157889821,0.48366013071895425,0.20141910631689894,
901,sim_901,18,0.005502904310608376,1.4756492542898515e-05,0.38387513202675744,0.004782339143431847,0.47058823529411764,0.20141910631689894,
1429,sim_1429,18,0.005502904310608376,1.560914245889329e-05,0.39890243902439027,0.006316595138934235,0.5555555555555556,0.20141910631689894,
1858,sim_1858,18,0.005502904310608376,1.7806090198179965e-05,0.3691456946168604,0.003167588092004819,0.3660130718954248,0.20141910631689894,
1472,sim_1472,18,0.005502904310608376,2.5924163157504974e-05,0.37039972823009853,0.0035163253819461937,0.39869281045751637,0.20141910631689894,
927,sim_927,18,0.005502904310608376,1.0059399916984497e-05,0.3846425211665099,0.004700429650356494,0.43137254901960786,0.20141910631689894,
925,sim_925,18,0.005502904310608376,2.1841190119039916e-05,0.3852767962308598,0.004396137072070388,0.45098039215686275,0.20141910631689894,
1944,sim_1944,18,0.005502904310608376,2.239054332450672e-05,0.3932435681654244,0.005685463440848339,0.49019607843137253,0.20141910631689894,
922,sim_922,18,0.005502904310608376,1.2585300956531388e-05,0.401744043232621,0.0067775738884543755,0.6078431372549019,0.20141910631689894,
1924,sim_1924,18,0.005502904310608376,2.0968019510918048e-05,0.37959846814436576,0.00422039740847121,0.47058823529411764,0.20141910631689894,
1922,sim_1922,18,0.005502904310608376,2.0279254389667402e-05,0.38212616822429907,0.004069361580143605,0.39869281045751637,0.20141910631689894,
1908,sim_1908,18,0.005502904310608376,3.17370169087234e-05,0.38252835925622736,0.00463722196788131,0.41830065359477125,0.20141910631689894,
1942,sim_1942,18,0.005502904310608376,2.459835961954585e-05,0.38986889153754467,0.005355103531353034,0.48366013071895425,0.20141910631689894,
591,sim_591,18,0.005502904310608376,9.396097307907052e-06,0.3891268141803474,0.005360621666738021,0.49673202614379086,0.20141910631689894,
1394,sim_1394,18,0.005502904310608376,1.2100262811079498e-05,0.38306593277901396,0.004576093320207994,0.46405228758169936,0.20141910631689894,
842,sim_842,18,0.005502904310608376,1.5517940011653105e-05,0.3944766039556199,0.006077706559722877,0.5098039215686274,0.20141910631689894,
1537,sim_1537,18,0.005502904310608376,3.6591567172926425e-05,0.37753924284395196,0.004161285888609319,0.3790849673202614,0.20141910631689894,
1507,sim_1507,18,0.005502904310608376,2.129720381728768e-05,0.3831107987819161,0.004659025435651453,0.43790849673202614,0.20141910631689894,
1487,sim_1487,18,0.005502904310608376,2.5271209772828488e-05,0.3792024113146302,0.004266584158502691,0.4117647058823529,0.20141910631689894,
1428,sim_1428,18,0.005502904310608376,2.394285711301676e-05,0.4005633112907176,0.00657811844631857,0.6013071895424836,0.20141910631689894,
1483,sim_1483,18,0.005502904310608376,2.4382946353612876e-05,0.3940963855421687,0.0056767598664390455,0.5424836601307189,0.20141910631689894,
931,sim_931,18,0.005502904310608376,1.1073880737028691e-05,0.3948575567358764,0.005752875012689483,0.5228758169934641,0.20141910631689894,
940,sim_940,18,0.005502904310608376,1.3168411196606228e-05,0.3867344525892646,0.004841980948075232,0.48366013071895425,0.20141910631689894,
951,sim_951,18,0.005502904310608376,1.8120188146104666e-05,0.3938117023838189,0.0055189776915405536,0.5098039215686274,0.20141910631689894,
1385,sim_1385,18,0.005502904310608376,1.2572131918627368e-05,0.39258281325012,0.005837940245886214,0.5490196078431373,0.20141910631689894,
1572,sim_1572,18,0.005502904310608376,2.95918471238724e-05,0.384778261381014,0.004296622743087537,0.39869281045751637,0.20141910631689894,
807,sim_807,18,0.005502904310608376,9.297737123948937e-06,0.3982225468711955,0.0058887514099133734,0.5359477124183006,0.20141910631689894,
1563,sim_1563,18,0.005502904310608376,2.9460966097665557e-05,0.3816357484540894,0.004295814884010059,0.39869281045751637,0.20141910631689894,
1377,sim_1377,18,0.005502904310608376,3.0012069368545142e-05,0.392065204362939,0.005311338875007312,0.48366013071895425,0.20141910631689894,
1558,sim_1558,18,0.005502904310608376,2.0285296948176412e-05,0.38423587454481384,0.004713828889813153,0.43137254901960786,0.20141910631689894,
1553,sim_1553,18,0.005502904310608376,2.018219577384697e-05,0.38847980997624704,0.0048366567694923335,0.41830065359477125,0.20141910631689894,
826,sim_826,18,0.005502904310608376,1.3752043056935866e-05,0.3827073827073827,0.00503460790199541,0.49019607843137253,0.20141910631689894,
820,sim_820,18,0.005502904310608376,2.9923887473287138e-05,0.38284176029962547,0.004736650037154738,0.47058823529411764,0.20141910631689894,
1999,sim_1999,18,0.005502904310608376,1.6105314443805008e-05,0.38190309398715705,0.0044526765356968385,0.477124183006536,0.20141910631689894,
1984,sim_1984,18,0.005502904310608376,1.5218192112332923e-05,0.39244151169766045,0.005450470004839494,0.49673202614379086,0.20141910631689894,
1983,sim_1983,18,0.005502904310608376,1.6414146012390613e-05,0.3740423098913665,0.003459022726828404,0.39869281045751637,0.20141910631689894,
262,sim_262,18,0.005502904310608376,1.9815103302567132e-05,0.3914552417424605,0.005882283003992688,0.5620915032679739,0.20141910631689894,
1982,sim_1982,18,0.005502904310608376,2.4292038631341545e-05,0.3801720130172013,0.0038645291366900506,0.4117647058823529,0.20141910631689894,
1972,sim_1972,18,0.005502904310608376,2.3204010764077546e-05,0.3897295365185273,0.0058324390314514404,0.5359477124183006,0.20141910631689894,
1581,sim_1581,18,0.005502904310608376,1.2108284588946288e-05,0.3908004778972521,0.0051254099565858306,0.4444444444444444,0.20141910631689894,
2307,sim_2307,18,0.005502904310608376,2.8429815402259902e-05,0.3832903679400047,0.0045062638244567155,0.40522875816993464,0.20141910631689894,
2304,sim_2304,18,0.005502904310608376,2.1456130733740805e-05,0.39019444113086005,0.004912773443251496,0.4444444444444444,0.20141910631689894,
622,sim_622,18,0.005502904310608376,2.172369096052185e-05,0.3910808225729316,0.005456848153065629,0.49673202614379086,0.20141910631689894,
620,sim_620,18,0.005502904310608376,1.865407827888288e-05,0.39476224957760075,0.005699976653567709,0.45751633986928103,0.20141910631689894,
610,sim_610,18,0.005502904310608376,2.3347637537812217e-05,0.3964848484848485,0.0060247917222616245,0.5620915032679739,0.20141910631689894,
608,sim_608,18,0.005502904310608376,1.4632805232969392e-05,0.40051426472388885,0.0062609132367266295,0.5555555555555556,0.20141910631689894,
270,sim_270,18,0.005502904310608376,2.4769637095638614e-05,0.39706239378489927,0.006023747107432896,0.5228758169934641,0.20141910631689894,
2661,sim_2661,18,0.005502904310608376,2.1848785069697956e-05,0.390008346250149,0.005298825569135508,0.5098039215686274,0.20141910631689894,
963,sim_963,18,0.005502904310608376,1.5482914213783485e-05,0.37801918409800067,0.004187072713195413,0.43137254901960786,0.20141910631689894,
1697,sim_1697,18,0.005502904310608376,2.0952749755001877e-05,0.378368999421631,0.004150722780226309,0.45098039215686275,0.20141910631689894,
710,sim_710,18,0.005502904310608376,2.8273923259279357e-05,0.38423587454481384,0.00478347819895068,0.45751633986928103,0.20141910631689894,
509,sim_509,18,0.005502904310608376,1.654038663756447e-05,0.397738326848249,0.006488101171082014,0.5686274509803921,0.20141910631689894,
1170,sim_1170,18,0.005502904310608376,2.965167152506559e-05,0.37310368427056007,0.003573715091579592,0.3660130718954248,0.20141910631689894,
991,sim_991,18,0.005502904310608376,1.2694376509763653e-05,0.3931962976319269,0.005811302870625299,0.5098039215686274,0.20141910631689894,
1348,sim_1348,18,0.005502904310608376,2.403985375050894e-05,0.3906138046333891,0.005563785544701581,0.5228758169934641,0.20141910631689894,
1352,sim_1352,18,0.005502904310608376,2.6939798433420346e-05,0.39019444113086005,0.004923068205875094,0.43790849673202614,0.20141910631689894,
1353,sim_1353,18,0.005502904310608376,2.0018220741694045e-05,0.39740007289515245,0.00618975321938461,0.5359477124183006,0.20141910631689894,
1457,sim_1457,18,0.005502904310608376,1.4844007469863573e-05,0.39225326777791103,0.006138379636531938,0.5751633986928104,0.20141910631689894,
1626,sim_1626,18,0.005502904310608376,1.7643916817785868e-05,0.38459729570840684,0.004862675186509756,0.43137254901960786,0.20141910631689894,
1461,sim_1461,18,0.005502904310608376,2.1374522936225425e-05,0.3962927065665132,0.005895361706899894,0.5359477124183006,0.20141910631689894,
1462,sim_1462,18,0.005502904310608376,2.5848169839618813e-05,0.39028755518434555,0.004661125631121592,0.43790849673202614,0.20141910631689894,
1441,sim_1441,18,0.005502904310608376,2.4471460141596626e-05,0.3831556752957713,0.00470873300490773,0.46405228758169936,0.20141910631689894,
188,sim_188,18,0.005502904310608376,2.3240677512839838e-05,0.408875,0.007653322375278122,0.6993464052287581,0.20141910631689894,
178,sim_178,18,0.005502904310608376,1.7291764582370667e-05,0.40744892874937716,0.0073098336663059114,0.6405228758169934,0.20141910631689894,
1886,sim_1886,18,0.005502904310608376,4.9495944941751006e-05,0.37955442097934555,0.003927322248369226,0.41830065359477125,0.20141910631689894,
1877,sim_1877,18,0.005502904310608376,1.5501625482514313e-05,0.38288657380311364,0.00431342535017601,0.4444444444444444,0.20141910631689894,
891,sim_891,18,0.005502904310608376,7.448578384378452e-06,0.39798028957294074,0.006524384009249687,0.5686274509803921,0.20141910631689894,
886,sim_886,18,0.005502904310608376,2.3547115961134348e-05,0.38532218164683707,0.004757623299032113,0.45098039215686275,0.20141910631689894,
1458,sim_1458,18,0.005502904310608376,1.7421525939720887e-05,0.38541298456462825,0.00498637712769399,0.43137254901960786,0.20141910631689894,
1622,sim_1622,18,0.005502904310608376,4.175024961275325e-05,0.3797306710006965,0.004232730137635393,0.40522875816993464,0.20141910631689894,
1608,sim_1608,18,0.005502904310608376,1.6199635476127566e-05,0.38482352941176473,0.005067726373523093,0.477124183006536,0.20141910631689894,
799,sim_799,18,0.005502904310608376,2.698276921417364e-05,0.3843713278495887,0.004503881001009811,0.43790849673202614,0.20141910631689894,
1601,sim_1601,18,0.005502904310608376,3.160882317711712e-05,0.39338544798556824,0.00580628559237971,0.5294117647058824,0.20141910631689894,
788,sim_788,18,0.005502904310608376,1.6489912072775718e-05,0.39759329038531666,0.006722126393428621,0.6078431372549019,0.20141910631689894,
1599,sim_1599,18,0.005502904310608376,7.742066602882417e-06,0.3835150662445773,0.004696414332210381,0.46405228758169936,0.20141910631689894,
1584,sim_1584,18,0.005502904310608376,2.5848476819561964e-05,0.3933381433381433,0.005361894443254348,0.48366013071895425,0.20141910631689894,
1583,sim_1583,18,0.005502904310608376,2.4102321123710336e-05,0.38070297951582865,0.004331224322755389,0.4444444444444444,0.20141910631689894,
1321,sim_1321,18,0.005502904310608376,2.5460502586748637e-05,0.38423587454481384,0.0049444086830876775,0.46405228758169936,0.20141910631689894,
1318,sim_1318,18,0.005502904310608376,1.0054826386806249e-05,0.4010052715459115,0.0066548143537745515,0.5816993464052288,0.20141910631689894,
1005,sim_1005,18,0.005502904310608376,1.4369505213277616e-05,0.38861827254366166,0.00510679620412802,0.5032679738562091,0.20141910631689894,
1002,sim_1002,18,0.005502904310608376,2.7669879266199487e-05,0.39239443378119004,0.005600745734193861,0.49019607843137253,0.20141910631689894,
1804,sim_1804,18,0.005502904310608376,2.1423897533756475e-05,0.3910340705319785,0.005720747163259859,0.5424836601307189,0.20141910631689894,
1873,sim_1873,18,0.005502904310608376,2.485179232876204e-05,0.39005485332697354,0.005401789964581544,0.5098039215686274,0.20141910631689894,
607,sim_607,18,0.005502904310608376,1.1898141987496712e-05,0.39305455419370344,0.005835053736237014,0.5359477124183006,0.20141910631689894,
1442,sim_1442,18,0.005502904310608376,2.9696916193009295e-05,0.38769704871399785,0.005123692025386189,0.477124183006536,0.20141910631689894,
279,sim_279,18,0.005502904310608376,2.0460262118718702e-05,0.40263417035942883,0.007069477019641966,0.6666666666666666,0.20141910631689894,
1642,sim_1642,18,0.005502904310608376,1.296027300586666e-05,0.3897759771210677,0.005037866506969666,0.5098039215686274,0.20141910631689894,
1639,sim_1639,18,0.005502904310608376,2.9211250940383563e-05,0.3855947188494636,0.004389487158972248,0.45751633986928103,0.20141910631689894,
782,sim_782,18,0.005502904310608376,4.991303838432274e-06,0.3944290365368383,0.006355472477230074,0.6078431372549019,0.20141910631689894,
779,sim_779,18,0.005502904310608376,1.5799090981647765e-05,0.39005485332697354,0.005574062258655962,0.5228758169934641,0.20141910631689894,
2013,sim_2013,18,0.005502904310608376,3.4081287889182045e-05,0.37784451888645026,0.00351770671431533,0.3790849673202614,0.20141910631689894,
2012,sim_2012,18,0.005502904310608376,2.1430321617691277e-05,0.3871005917159763,0.0048365053087505395,0.4444444444444444,0.20141910631689894,
403,sim_403,18,0.005502904310608376,4.535626022200316e-05,0.3881571140382105,0.004820510758223331,0.45098039215686275,0.20141910631689894,
2159,sim_2159,18,0.005502904310608376,1.765408555724445e-05,0.382796957284962,0.004487339013768445,0.41830065359477125,0.20141910631689894,
2154,sim_2154,18,0.005502904310608376,1.8648524412949116e-05,0.3888954939959577,0.005143981236981444,0.45751633986928103,0.20141910631689894,
1299,sim_1299,18,0.005502904310608376,3.1868667732940074e-05,0.38532218164683707,0.004442647687979933,0.4117647058823529,0.20141910631689894,
1021,sim_1021,18,0.005502904310608376,2.3286367467759946e-05,0.39667717681300024,0.006205628554540022,0.5751633986928104,0.20141910631689894,
1661,sim_1661,18,0.005502904310608376,3.656390643121552e-05,0.37434195468070497,0.003191312865284373,0.35294117647058826,0.20141910631689894,
1846,sim_1846,18,0.005502904310608376,1.9422022525926265e-05,0.3805258259655654,0.004410533525888091,0.43790849673202614,0.20141910631689894,
1837,sim_1837,18,0.005502904310608376,7.26113058116772e-05,0.3750716660933379,0.003490459197617665,0.3660130718954248,0.20141910631689894,
1830,sim_1830,18,0.005502904310608376,2.7865268489958546e-05,0.38034883720930235,0.004202036987108595,0.39869281045751637,0.20141910631689894,
1829,sim_1829,18,0.005502904310608376,3.423744752937837e-05,0.39310179065016226,0.0054043210471100105,0.5032679738562091,0.20141910631689894,
1805,sim_1805,18,0.005502904310608376,2.3200333656464045e-05,0.37995121384597513,0.004110651682086774,0.39215686274509803,0.20141910631689894,
1009,sim_1009,18,0.005502904310608376,1.785532454738549e-05,0.3940963855421687,0.005414105715749581,0.47058823529411764,0.20141910631689894,
1293,sim_1293,18,0.005502904310608376,2.1423450282019815e-05,0.39419137141479876,0.005221512658806678,0.47058823529411764,0.20141910631689894,
1284,sim_1284,18,0.005502904310608376,1.555445680744262e-05,0.3921592135235583,0.005464618640205122,0.5032679738562091,0.20141910631689894,
1034,sim_1034,18,0.005502904310608376,2.980705072707581e-05,0.3858221278603444,0.004589415463006169,0.45751633986928103,0.20141910631689894,
1032,sim_1032,18,0.005502904310608376,8.708551518264816e-06,0.3929129129129129,0.005992249639034962,0.5555555555555556,0.20141910631689894,
1030,sim_1030,18,0.005502904310608376,1.2011021206836152e-05,0.38360501935029906,0.0048209830611481465,0.45098039215686275,0.20141910631689894,
1274,sim_1274,18,0.005502904310608376,2.0588614683939094e-05,0.3911743602009089,0.005446908948029812,0.47058823529411764,0.20141910631689894,
428,sim_428,18,0.005502904310608376,4.4620070803514645e-05,0.39543036750483557,0.005445115788416995,0.45751633986928103,0.20141910631689894,
419,sim_419,18,0.005502904310608376,1.041020599502078e-05,0.40382716049382716,0.0073528296256341556,0.6797385620915033,0.20141910631689894,
517,sim_517,18,0.005502904310608376,1.628882220179203e-05,0.3932908500661296,0.005815010245307678,0.5163398692810458,0.20141910631689894,
512,sim_512,18,0.005502904310608376,1.2060394016785997e-05,0.3927242165926282,0.005848254922376977,0.5163398692810458,0.20141910631689894,
1657,sim_1657,18,0.005502904310608376,1.3467576604391365e-05,0.3964848484848485,0.006202570108210441,0.5620915032679739,0.20141910631689894,
1650,sim_1650,18,0.005502904310608376,9.265994965843517e-06,0.4023865174068151,0.007046720262913927,0.6535947712418301,0.20141910631689894,
281,sim_281,18,0.005502904310608376,2.002859444520527e-05,0.3987565524807997,0.006214157652243623,0.5751633986928104,0.20141910631689894,
140,sim_140,18,0.005502904310608376,2.8502838617746036e-05,0.401941508970263,0.006704965160896628,0.5686274509803921,0.20141910631689894,
1272,sim_1272,18,0.005502904310608376,3.179519656079894e-05,0.3762364849321371,0.0034679090368995203,0.37254901960784315,0.20141910631689894,
2024,sim_2024,18,0.005502904310608376,2.2566130448358902e-05,0.38678018209767057,0.005140725944657102,0.48366013071895425,0.20141910631689894,
648,sim_648,18,0.005502904310608376,2.5294671394317145e-05,0.38824925816023736,0.005138179174187587,0.5098039215686274,0.20141910631689894,
2534,sim_2534,18,0.005502904310608376,2.0257680654313425e-05,0.3710720363017584,0.003413215886416623,0.3790849673202614,0.20141910631689894,
2526,sim_2526,18,0.005502904310608376,1.427468082131651e-05,0.37898273664697024,0.004210865132413718,0.42483660130718953,0.20141910631689894,
2515,sim_2515,18,0.005502904310608376,2.1465877063592683e-05,0.3764963167587477,0.003827892062987507,0.39869281045751637,0.20141910631689894,
2732,sim_2732,18,0.005502904310608376,1.769354210445689e-05,0.3921122033085591,0.005623622308562689,0.5032679738562091,0.20141910631689894,
706,sim_706,18,0.005502904310608376,2.208818458601286e-05,0.3961487222962335,0.005777123156139605,0.5228758169934641,0.20141910631689894,
316,sim_316,18,0.005502904310608376,2.9857712775302826e-05,0.3915958338321561,0.0053771843372206595,0.477124183006536,0.20141910631689894,
2447,sim_2447,18,0.005502904310608376,2.6792920493903936e-05,0.3820815325312463,0.004168543335521587,0.40522875816993464,0.20141910631689894,
2443,sim_2443,18,0.005502904310608376,2.425450587606279e-05,0.38719223484848486,0.005073406205138372,0.47058823529411764,0.20141910631689894,
1670,sim_1670,18,0.005502904310608376,1.167627390426943e-05,0.3778008778008778,0.004200336892692226,0.43790849673202614,0.20141910631689894,
1668,sim_1668,18,0.005502904310608376,2.2378010658814656e-05,0.3995358495175278,0.006623361925216043,0.6013071895424836,0.20141910631689894,
1667,sim_1667,18,0.005502904310608376,1.2005802793312427e-05,0.38039306896150715,0.004716010948066995,0.47058823529411764,0.20141910631689894,
1783,sim_1783,18,0.005502904310608376,4.671513771088331e-05,0.384733003999059,0.0044276837799447424,0.39869281045751637,0.20141910631689894,
1664,sim_1664,18,0.005502904310608376,1.9689884820468173e-05,0.38039306896150715,0.004053806658723559,0.43790849673202614,0.20141910631689894,
728,sim_728,18,0.005502904310608376,2.61940445319671e-05,0.3904273096204345,0.004923556678016417,0.48366013071895425,0.20141910631689894,
1248,sim_1248,18,0.005502904310608376,2.955308030379785e-05,0.38008366256100395,0.004050336991771077,0.4117647058823529,0.20141910631689894,
2674,sim_2674,18,0.005502904310608376,2.8589731530799488e-05,0.36514847064076805,0.0023468767257040467,0.3333333333333333,0.20141910631689894,
1247,sim_1247,18,0.005502904310608376,2.1176741384132087e-05,0.4010544384502207,0.0065947329310178295,0.5555555555555556,0.20141910631689894,
1234,sim_1234,18,0.005502904310608376,1.378378461282866e-05,0.39010137149672036,0.005252914810848553,0.477124183006536,0.20141910631689894,
1233,sim_1233,18,0.005502904310608376,1.7244077456215588e-05,0.39471461324966817,0.00608093379262771,0.5686274509803921,0.20141910631689894,
1056,sim_1056,18,0.005502904310608376,2.3946936671373118e-05,0.39605279089478146,0.005775328677973754,0.5228758169934641,0.20141910631689894,
1085,sim_1085,18,0.005502904310608376,3.6373359708385994e-05,0.38221547090441693,0.00417587530378786,0.4117647058823529,0.20141910631689894,
1084,sim_1084,18,0.005502904310608376,2.1427712355750542e-05,0.3881571140382105,0.00527282058548165,0.5032679738562091,0.20141910631689894,
1073,sim_1073,18,0.005502904310608376,2.010482368458461e-05,0.3903341288782816,0.00541710407655342,0.49673202614379086,0.20141910631689894,
1223,sim_1223,18,0.005502904310608376,2.9995682630645722e-05,0.3933381433381433,0.005786355474941686,0.5098039215686274,0.20141910631689894,
1213,sim_1213,18,0.005502904310608376,1.669597551597351e-05,0.392865721835215,0.005407342905677556,0.477124183006536,0.20141910631689894,
481,sim_481,18,0.005502904310608376,1.3821312059416333e-05,0.39428640308582447,0.005879994616151094,0.5686274509803921,0.20141910631689894,
2056,sim_2056,18,0.005502904310608376,2.6445450378580047e-05,0.38034883720930235,0.003919686542754725,0.37254901960784315,0.20141910631689894,
2454,sim_2454,18,0.005502904310608376,2.6004375408678096e-05,0.3781065772743035,0.0035134864025608502,0.39869281045751637,0.20141910631689894,
689,sim_689,18,0.005502904310608376,3.534039307755678e-05,0.4015960712093309,0.0066569169574374155,0.5751633986928104,0.20141910631689894,
2392,sim_2392,18,0.005502904310608376,2.132521764266663e-05,0.3805258259655654,0.004354978591487578,0.4117647058823529,0.20141910631689894,
1130,sim_1130,18,0.005502904310608376,3.901144436317633e-05,0.3879729569446092,0.004660443705126035,0.43137254901960786,0.20141910631689894,
2366,sim_2366,18,0.005502904310608376,2.521071504485791e-05,0.37898273664697024,0.0038272639191407306,0.42483660130718953,0.20141910631689894,
2604,sim_2604,18,0.005502904310608376,2.2768104639462456e-05,0.3885259532010928,0.005249449401359458,0.48366013071895425,0.20141910631689894,
865,sim_865,18,0.005502904310608376,2.2618316776423885e-05,0.38714640785891824,0.0049873438907430175,0.45751633986928103,0.20141910631689894,
387,sim_387,18,0.005502904310608376,7.674720684561124e-05,0.384733003999059,0.004466936063867139,0.41830065359477125,0.20141910631689894,
2625,sim_2625,18,0.005502904310608376,2.250198860031042e-05,0.390008346250149,0.005488169708823149,0.49673202614379086,0.20141910631689894,
2238,sim_2238,18,0.005502904310608376,2.011803843218669e-05,0.3791145108947612,0.003922045739980415,0.39215686274509803,0.20141910631689894,
583,sim_583,18,0.005502904310608376,1.622147294987133e-05,0.39010137149672036,0.005537347920306267,0.49019607843137253,0.20141910631689894,
580,sim_580,18,0.005502904310608376,1.830869292798046e-05,0.38659732892093135,0.005115660941148464,0.47058823529411764,0.20141910631689894,
1900,sim_1900,18,0.005502904310608376,1.5547822936976493e-05,0.4020403146509341,0.006327276103393282,0.5555555555555556,0.20141910631689894,
1899,sim_1899,18,0.005502904310608376,2.254252214756222e-05,0.3969660194174757,0.006166924890608306,0.5163398692810458,0.20141910631689894,
1464,sim_1464,18,0.005502904310608376,1.9705800497337452e-05,0.3914084001435922,0.0053232043624627445,0.47058823529411764,0.20141910631689894,
1463,sim_1463,18,0.005502904310608376,2.6508895745342843e-05,0.3917365269461078,0.005452884979918825,0.49673202614379086,0.20141910631689894,
2239,sim_2239,18,0.005502904310608376,2.8520963524663923e-05,0.37880718008106545,0.003952635443683484,0.38562091503267976,0.20141910631689894,
1721,sim_1721,18,0.005502904310608376,1.7541966579992725e-05,0.37893883225208524,0.004005608136017503,0.41830065359477125,0.20141910631689894,
1711,sim_1711,18,0.005502904310608376,2.7614383385759097e-05,0.3932908500661296,0.0054277885868720885,0.5228758169934641,0.20141910631689894,
1134,sim_1134,18,0.005502904310608376,2.0551468868308352e-05,0.37124049483600047,0.0032075307899990667,0.35294117647058826,0.20141910631689894,
1699,sim_1699,18,0.005502904310608376,1.5462777516553266e-05,0.3832005623242737,0.00474145280872092,0.43137254901960786,0.20141910631689894,
2335,sim_2335,18,0.005502904310608376,2.9392770457456242e-05,0.38392018779342724,0.004132435785568992,0.43137254901960786,0.20141910631689894,
1782,sim_1782,18,0.005502904310608376,2.063152766123113e-05,0.3877889745109662,0.004819662034470334,0.45751633986928103,0.20141910631689894,
671,sim_671,18,0.005502904310608376,1.3651309172674428e-05,0.3909873296677026,0.005491346295820331,0.5490196078431373,0.20141910631689894,
357,sim_357,18,0.005502904310608376,2.067448905364597e-05,0.3957652752571083,0.006179474877844429,0.6078431372549019,0.20141910631689894,
668,sim_668,18,0.005502904310608376,3.410469157847906e-05,0.3917834471194155,0.00522124561617793,0.4117647058823529,0.20141910631689894,
1742,sim_1742,18,0.005502904310608376,1.9327981709311004e-05,0.3837400281557954,0.004390782833562057,0.45098039215686275,0.20141910631689894,
1101,sim_1101,18,0.005502904310608376,2.0656310914386833e-05,0.3908004778972521,0.005412419223998406,0.48366013071895425,0.20141910631689894,
2077,sim_2077,18,0.005502904310608376,3.2936908927528604e-05,0.3897295365185273,0.005093791357781402,0.45751633986928103,0.20141910631689894,
2130,sim_2130,18,0.005502904310608376,2.0818381171956208e-05,0.3832454598711189,0.004163818783443826,0.40522875816993464,0.20141910631689894,
862,sim_862,18,0.005502904310608376,2.316364537621621e-05,0.38459729570840684,0.0049239779624832575,0.48366013071895425,0.20141910631689894,
856,sim_856,18,0.005502904310608376,6.542184841287953e-06,0.3932908500661296,0.006234725193307445,0.5686274509803921,0.20141910631689894,
684,sim_684,18,0.005502904310608376,2.4779177364604064e-05,0.39024099260319733,0.004985334084048209,0.48366013071895425,0.20141910631689894,
1140,sim_1140,17,0.005197187404463467,2.647819726332295e-05,0.3884336777104857,0.005095807270355816,0.5073529411764706,0.20141910631689894,
1380,sim_1380,17,0.005197187404463467,1.4742679171280676e-05,0.38039306896150715,0.004333308203551214,0.5,0.20141910631689894,
1378,sim_1378,17,0.005197187404463467,1.2015486908500343e-05,0.37619321449108684,0.003482290127425979,0.36764705882352944,0.20141910631689894,
998,sim_998,17,0.005197187404463467,8.249659832504226e-06,0.39471461324966817,0.00549313696064733,0.5661764705882353,0.20141910631689894,
983,sim_983,17,0.005197187404463467,1.57920287045259e-05,0.39357478041150284,0.005322168114235621,0.5147058823529411,0.20141910631689894,
1287,sim_1287,17,0.005197187404463467,1.6541744785093675e-05,0.3944766039556199,0.00592440094896235,0.5955882352941176,0.20141910631689894,
1036,sim_1036,17,0.005197187404463467,1.683614874083772e-05,0.3884336777104857,0.005109782127235269,0.4852941176470588,0.20141910631689894,
1108,sim_1108,17,0.005197187404463467,3.621896818394587e-05,0.39357478041150284,0.005526453507188404,0.5367647058823529,0.20141910631689894,
992,sim_992,17,0.005197187404463467,9.040477150769467e-06,0.3968696918223732,0.006413692373205206,0.6764705882352942,0.20141910631689894,
939,sim_939,17,0.005197187404463467,1.6767244875225742e-05,0.3888954939959577,0.00496671747352735,0.5,0.20141910631689894,
1226,sim_1226,17,0.005197187404463467,2.0844603583142135e-05,0.3989510915965362,0.006098006778941347,0.625,0.20141910631689894,
1273,sim_1273,17,0.005197187404463467,1.654956187320028e-05,0.3938117023838189,0.00586845923810776,0.6102941176470589,0.20141910631689894,
979,sim_979,17,0.005197187404463467,2.1500729456226628e-05,0.3877889745109662,0.004640267670149219,0.4411764705882353,0.20141910631689894,
1264,sim_1264,17,0.005197187404463467,1.698808901158319e-05,0.3862777515351913,0.0047370242465076765,0.47058823529411764,0.20141910631689894,
1045,sim_1045,17,0.005197187404463467,3.6944188443735053e-05,0.38646030245746693,0.004354767757117989,0.41911764705882354,0.20141910631689894,
2563,sim_2563,17,0.005197187404463467,2.68074905740327e-05,0.38003950273033577,0.0038509326297423594,0.4411764705882353,0.20141910631689894,
1040,sim_1040,17,0.005197187404463467,2.3769191137168734e-05,0.37863178608635256,0.0037228263633886202,0.4411764705882353,0.20141910631689894,
1174,sim_1174,17,0.005197187404463467,1.2012696850554612e-05,0.38600424828888363,0.004995291955379302,0.47794117647058826,0.20141910631689894,
1702,sim_1702,17,0.005197187404463467,1.885947813524052e-05,0.4023865174068151,0.0062068738888750846,0.5882352941176471,0.20141910631689894,
299,sim_299,17,0.005197187404463467,1.9638062225892595e-05,0.388387556399905,0.005316413983854999,0.5441176470588235,0.20141910631689894,
1070,sim_1070,17,0.005197187404463467,1.3151251195499405e-05,0.39024099260319733,0.005031394106714279,0.5073529411764706,0.20141910631689894,
1216,sim_1216,17,0.005197187404463467,2.669146957721967e-05,0.37981885740826754,0.004070406805605321,0.4411764705882353,0.20141910631689894,
2236,sim_2236,17,0.005197187404463467,2.0744851083463856e-05,0.38365001172882945,0.004249929686445728,0.4485294117647059,0.20141910631689894,
1373,sim_1373,17,0.005197187404463467,2.0120141218306953e-05,0.3931490384615385,0.0055688648044043745,0.5808823529411765,0.20141910631689894,
1186,sim_1186,17,0.005197187404463467,1.635386993811972e-05,0.3735724074920055,0.003671806224127474,0.4338235294117647,0.20141910631689894,
919,sim_919,17,0.005197187404463467,1.009549375524327e-05,0.38986889153754467,0.005301761816655054,0.5588235294117647,0.20141910631689894,
1325,sim_1325,17,0.005197187404463467,2.0507157611916176e-05,0.3948098974049487,0.005463802763359977,0.5147058823529411,0.20141910631689894,
482,sim_482,17,0.005197187404463467,1.4967249810535541e-05,0.3908938814531549,0.005502931603691319,0.5147058823529411,0.20141910631689894,
965,sim_965,17,0.005197187404463467,6.632935619620873e-06,0.394001445434835,0.006055186953064543,0.6323529411764706,0.20141910631689894,
2138,sim_2138,17,0.005197187404463467,3.933517513740172e-05,0.38986889153754467,0.004830550158467425,0.5073529411764706,0.20141910631689894,
880,sim_880,17,0.005197187404463467,1.6301101042752418e-05,0.38514070410926643,0.004935322345951405,0.47794117647058826,0.20141910631689894,
2099,sim_2099,17,0.005197187404463467,5.701713334077683e-05,0.39658098933074687,0.005444697220379382,0.5294117647058824,0.20141910631689894,
457,sim_457,17,0.005197187404463467,1.4542338463042858e-05,0.40026921194322074,0.006488457655096405,0.6397058823529411,0.20141910631689894,
1479,sim_1479,17,0.005197187404463467,2.0645537695079443e-05,0.3921122033085591,0.005251668844407693,0.5294117647058824,0.20141910631689894,
2058,sim_2058,17,0.005197187404463467,3.070670736769677e-05,0.35523457862728064,0.0016662467109938622,0.33088235294117646,0.20141910631689894,
1499,sim_1499,17,0.005197187404463467,1.563724952609797e-05,0.3907537928562896,0.005490914622622755,0.5367647058823529,0.20141910631689894,
1498,sim_1498,17,0.005197187404463467,1.5221478680975924e-05,0.3794663573085847,0.003996138948054683,0.47058823529411764,0.20141910631689894,
502,sim_502,17,0.005197187404463467,1.8604421356292458e-05,0.39759329038531666,0.0064062558432900416,0.6323529411764706,0.20141910631689894,
524,sim_524,17,0.005197187404463467,2.3855151367238443e-05,0.38982242879275414,0.005047182751954075,0.4852941176470588,0.20141910631689894,
1517,sim_1517,17,0.005197187404463467,1.5160604852134128e-05,0.38459729570840684,0.004738184583623361,0.5073529411764706,0.20141910631689894,
543,sim_543,17,0.005197187404463467,3.061820864496769e-05,0.3905671641791045,0.005096687681914163,0.49264705882352944,0.20141910631689894,
528,sim_528,17,0.005197187404463467,1.3646615785670667e-05,0.3895438847207336,0.005290974511564521,0.5220588235294118,0.20141910631689894,
1543,sim_1543,17,0.005197187404463467,3.1827408338322e-05,0.38514070410926643,0.004759473114764118,0.5073529411764706,0.20141910631689894,
1540,sim_1540,17,0.005197187404463467,1.7377723050213097e-05,0.37915845601020054,0.004115582752423649,0.4852941176470588,0.20141910631689894,
1530,sim_1530,17,0.005197187404463467,1.4290428762246326e-05,0.39070711896798854,0.005553918343071473,0.5661764705882353,0.20141910631689894,
549,sim_549,17,0.005197187404463467,3.38138991206656e-05,0.3915489585827149,0.005404803618013556,0.5073529411764706,0.20141910631689894,
1976,sim_1976,17,0.005197187404463467,2.0710932791671425e-05,0.3725936894862741,0.0036702860895360514,0.36764705882352944,0.20141910631689894,
1550,sim_1550,17,0.005197187404463467,2.6207720626961642e-05,0.3785441499826409,0.003913926518468234,0.4117647058823529,0.20141910631689894,
1955,sim_1955,17,0.005197187404463467,1.2188188251496418e-05,0.38119100337955947,0.004249515534533068,0.45588235294117646,0.20141910631689894,
1935,sim_1935,17,0.005197187404463467,2.121922860645832e-05,0.39310179065016226,0.004933507995720825,0.5,0.20141910631689894,
1568,sim_1568,17,0.005197187404463467,8.088949081383638e-06,0.38751332780476244,0.00496099188905165,0.49264705882352944,0.20141910631689894,
1593,sim_1593,17,0.005197187404463467,1.0382680006390698e-05,0.392065204362939,0.005592276656272306,0.5661764705882353,0.20141910631689894,
603,sim_603,17,0.005197187404463467,9.751323393865859e-06,0.39899975603805804,0.006211690161974703,0.5441176470588235,0.20141910631689894,
598,sim_598,17,0.005197187404463467,1.168626009147606e-05,0.3968696918223732,0.006035558879205147,0.6029411764705882,0.20141910631689894,
1680,sim_1680,17,0.005197187404463467,1.1086472774306346e-05,0.3864146485528647,0.004746038152535124,0.4852941176470588,0.20141910631689894,
1740,sim_1740,17,0.005197187404463467,1.1328132802878309e-05,0.39899975603805804,0.006118961428301323,0.5735294117647058,0.20141910631689894,
691,sim_691,17,0.005197187404463467,2.293643359113289e-05,0.38181393720088713,0.004442219996604169,0.45588235294117646,0.20141910631689894,
2560,sim_2560,16,0.004891470498318557,1.993065022036796e-05,0.3897295365185273,0.0046993377317329004,0.5,0.20141910631689894,
1855,sim_1855,16,0.004891470498318557,1.2334698572192567e-05,0.39028755518434555,0.005261537247428816,0.5916666666666667,0.20141910631689894,
2909,sim_2909,12,0.0036686028737389176,4.464592345181923e-06,0.37472791843281017,0.0033315627825166593,0.6363636363636364,0.20141910631689894,
1115,sim_1115,12,0.0036686028737389176,1.388397405213355e-06,0.37959846814436576,0.0038435488747692904,0.6666666666666666,0.20141910631689894,
1109,sim_1109,12,0.0036686028737389176,8.016409808051437e-06,0.37459917544663307,0.0033281357873380774,0.6666666666666666,0.20141910631689894,
1183,sim_1183,12,0.0036686028737389176,6.740622860036674e-06,0.37942234079573134,0.0037447332232445653,0.6212121212121212,0.20141910631689894,
1181,sim_1181,12,0.0036686028737389176,1.4183747428552787e-06,0.37468499427262314,0.0034878091272496246,0.5757575757575758,0.20141910631689894,
2899,sim_2899,12,0.0036686028737389176,6.054793491017334e-06,0.38705478641580876,0.004214267113534581,0.6363636363636364,0.20141910631689894,
2888,sim_2888,12,0.0036686028737389176,7.523005641342464e-06,0.3695210122006326,0.00258433376203703,0.5606060606060606,0.20141910631689894,
2876,sim_2876,12,0.0036686028737389176,6.764463928268355e-06,0.37327399292479746,0.0031568948301395902,0.5606060606060606,0.20141910631689894,
2860,sim_2860,12,0.0036686028737389176,8.27778865064029e-06,0.3597668279806423,0.001857598472370183,0.5303030303030303,0.20141910631689894,
2851,sim_2851,12,0.0036686028737389176,7.357619941301852e-06,0.3821708143474705,0.004202768637241761,0.696969696969697,0.20141910631689894,
2842,sim_2842,12,0.0036686028737389176,7.181379884132719e-06,0.37327399292479746,0.0029771448223009102,0.5454545454545454,0.20141910631689894,
2840,sim_2840,12,0.0036686028737389176,7.687048553397464e-06,0.3665807463857447,0.0022861111754023306,0.5151515151515151,0.20141910631689894,
2839,sim_2839,12,0.0036686028737389176,8.218634301944873e-06,0.36740424575985625,0.0025900506813009098,0.5,0.20141910631689894,
2836,sim_2836,12,0.0036686028737389176,7.451513998939761e-06,0.37889493802849533,0.003434357798587193,0.5909090909090909,0.20141910631689894,
2834,sim_2834,12,0.0036686028737389176,6.153213176123395e-06,0.3820815325312463,0.004324903038770241,0.696969696969697,0.20141910631689894,
2832,sim_2832,12,0.0036686028737389176,3.87282758866751e-06,0.38261785004094045,0.004170711177926302,0.6212121212121212,0.20141910631689894,
1095,sim_1095,12,0.0036686028737389176,3.4694516331152255e-06,0.36328298533984893,0.0022659593912514294,0.5,0.20141910631689894,
1198,sim_1198,12,0.0036686028737389176,6.5793454703891615e-06,0.3797306710006965,0.0034692088556040495,0.6515151515151515,0.20141910631689894,
2818,sim_2818,12,0.0036686028737389176,5.954902207239611e-06,0.37044167610419027,0.002657263265880784,0.5454545454545454,0.20141910631689894,
2812,sim_2812,12,0.0036686028737389176,6.345747863806441e-06,0.37216975765161,0.0031232231272472575,0.5909090909090909,0.20141910631689894,
2800,sim_2800,12,0.0036686028737389176,4.11873941193177e-06,0.37784451888645026,0.0034003808472289386,0.5757575757575758,0.20141910631689894,
2792,sim_2792,12,0.0036686028737389176,6.513138991537233e-06,0.3701063589047296,0.0027379219416425265,0.5757575757575758,0.20141910631689894,
2779,sim_2779,12,0.0036686028737389176,9.355894114215352e-06,0.36935411020776876,0.002899452189362627,0.5303030303030303,0.20141910631689894,
2774,sim_2774,12,0.0036686028737389176,7.123377720326473e-06,0.37784451888645026,0.0031573330249588393,0.5454545454545454,0.20141910631689894,
2759,sim_2759,12,0.0036686028737389176,5.1726410926402856e-06,0.37995121384597513,0.0037973686264079123,0.6363636363636364,0.20141910631689894,
2747,sim_2747,12,0.0036686028737389176,1.6288084647011254e-05,0.3733592055701404,0.002949001648926716,0.5303030303030303,0.20141910631689894,
2745,sim_2745,12,0.0036686028737389176,1.343917994187389e-05,0.3839652541378096,0.004074991313912762,0.6515151515151515,0.20141910631689894,
2739,sim_2739,12,0.0036686028737389176,1.1525860579124307e-05,0.3723816029143898,0.003063679178422293,0.5909090909090909,0.20141910631689894,
2735,sim_2735,12,0.0036686028737389176,3.7105443927859576e-06,0.38026040455707977,0.0040823340570568896,0.6666666666666666,0.20141910631689894,
2733,sim_2733,12,0.0036686028737389176,5.977662085107804e-06,0.37880718008106545,0.003402051041662016,0.5606060606060606,0.20141910631689894,
2723,sim_2723,12,0.0036686028737389176,5.5200741244105734e-06,0.384281015037594,0.0042170754185259845,0.696969696969697,0.20141910631689894,
2722,sim_2722,12,0.0036686028737389176,1.1848337853401697e-05,0.3611571160428398,0.0020743195906229583,0.5,0.20141910631689894,
2720,sim_2720,12,0.0036686028737389176,1.1614953065016875e-05,0.3612767837419925,0.0020544367967620094,0.5,0.20141910631689894,
2719,sim_2719,12,0.0036686028737389176,4.3917435864454785e-06,0.37297605473204104,0.0032314573402943128,0.6060606060606061,0.20141910631689894,
2718,sim_2718,12,0.0036686028737389176,8.462331724696243e-06,0.373188819167142,0.0029888553587121584,0.5757575757575758,0.20141910631689894,
2711,sim_2711,12,0.0036686028737389176,7.794306772803487e-06,0.3784127718648774,0.0032295791715114355,0.5757575757575758,0.20141910631689894,
1222,sim_1222,12,0.0036686028737389176,7.611509489957174e-06,0.3779318313113807,0.0034508394299465244,0.6212121212121212,0.20141910631689894,
1219,sim_1219,12,0.0036686028737389176,6.272902781806225e-06,0.37327399292479746,0.0031078812135737497,0.5303030303030303,0.20141910631689894,
1218,sim_1218,12,0.0036686028737389176,1.246359538530479e-06,0.38623214074861256,0.00458222527139985,0.7424242424242424,0.20141910631689894,
1217,sim_1217,12,0.0036686028737389176,2.9615158502292293e-07,0.3878809439108265,0.005182422672073323,0.8333333333333334,0.20141910631689894,
1214,sim_1214,12,0.0036686028737389176,1.2566260521892782e-06,0.3791145108947612,0.003906733884183612,0.6060606060606061,0.20141910631689894,
1209,sim_1209,12,0.0036686028737389176,1.8648431549771842e-06,0.3774521117009001,0.003913005527247435,0.6515151515151515,0.20141910631689894,
1200,sim_1200,12,0.0036686028737389176,8.22183969984269e-06,0.37679990784471834,0.003231538252509225,0.5454545454545454,0.20141910631689894,
2701,sim_2701,12,0.0036686028737389176,3.556247215494152e-06,0.36856338028169017,0.0029708532593981027,0.5909090909090909,0.20141910631689894,
2694,sim_2694,12,0.0036686028737389176,2.6372031469012885e-06,0.37627976532842516,0.0037402811154702087,0.6060606060606061,0.20141910631689894,
2685,sim_2685,12,0.0036686028737389176,7.188618488126447e-06,0.37340182648401826,0.0030568587023170873,0.5757575757575758,0.20141910631689894,
2677,sim_2677,12,0.0036686028737389176,6.4651682765141304e-06,0.37477085242896424,0.003250583124489166,0.5757575757575758,0.20141910631689894,
1087,sim_1087,12,0.0036686028737389176,3.847103713239372e-06,0.3683143790113726,0.0028965261722851384,0.5606060606060606,0.20141910631689894,
1081,sim_1081,12,0.0036686028737389176,2.685959477670823e-06,0.3815022160018661,0.003972685834881192,0.5757575757575758,0.20141910631689894,
1080,sim_1080,12,0.0036686028737389176,4.695361899716552e-06,0.3736150770988007,0.003195612794796638,0.5757575757575758,0.20141910631689894,
1077,sim_1077,12,0.0036686028737389176,5.546895426938956e-06,0.3820369072646578,0.004203557052752691,0.6515151515151515,0.20141910631689894,
1231,sim_1231,12,0.0036686028737389176,4.963271800106371e-06,0.37679990784471834,0.0035840580113709023,0.5757575757575758,0.20141910631689894,
1229,sim_1229,12,0.0036686028737389176,1.863518894696871e-05,0.3676106990334907,0.0026863926116928553,0.48484848484848486,0.20141910631689894,
1228,sim_1228,12,0.0036686028737389176,4.751590402284467e-06,0.38119100337955947,0.003992988248791692,0.6363636363636364,0.20141910631689894,
151,sim_151,12,0.0036686028737389176,1.7540622260299567e-07,0.39899975603805804,0.005787871771715394,0.8939393939393939,0.20141910631689894,
146,sim_146,12,0.0036686028737389176,2.4756598841709935e-06,0.38861827254366166,0.00485606086110138,0.6818181818181818,0.20141910631689894,
2671,sim_2671,12,0.0036686028737389176,1.039134935137083e-05,0.3594110537303593,0.00196802343836161,0.5,0.20141910631689894,
2670,sim_2670,12,0.0036686028737389176,4.1188674598034746e-06,0.36547486033519555,0.0025481068306216015,0.5151515151515151,0.20141910631689894,
2664,sim_2664,12,0.0036686028737389176,1.0110774139235308e-05,0.35984598459845984,0.0015357269726369506,0.45454545454545453,0.20141910631689894,
2662,sim_2662,12,0.0036686028737389176,8.129585586830426e-06,0.36608841634023503,0.002697606538861915,0.48484848484848486,0.20141910631689894,
2659,sim_2659,12,0.0036686028737389176,8.141079850583338e-06,0.37863178608635256,0.003657618975019304,0.6060606060606061,0.20141910631689894,
1252,sim_1252,12,0.0036686028737389176,7.672770928992252e-06,0.3858221278603444,0.004286153305547755,0.7121212121212122,0.20141910631689894,
1069,sim_1069,12,0.0036686028737389176,3.7929084589640604e-06,0.3806143821270654,0.004146848952681415,0.7272727272727273,0.20141910631689894,
1067,sim_1067,12,0.0036686028737389176,7.112841572244734e-06,0.37898273664697024,0.0039214631506551585,0.6515151515151515,0.20141910631689894,
1062,sim_1062,12,0.0036686028737389176,7.177240779294519e-06,0.3832005623242737,0.004282739423970642,0.6515151515151515,0.20141910631689894,
1244,sim_1244,12,0.0036686028737389176,7.351582448784789e-06,0.3692707157371867,0.003081744377221328,0.5454545454545454,0.20141910631689894,
2658,sim_2658,12,0.0036686028737389176,7.113591065349596e-06,0.3778008778008778,0.0035233561720095607,0.5909090909090909,0.20141910631689894,
2654,sim_2654,12,0.0036686028737389176,1.1268510387263172e-05,0.38949749940462014,0.004202035808997591,0.6818181818181818,0.20141910631689894,
2652,sim_2652,12,0.0036686028737389176,4.936942187693844e-06,0.3693958215697346,0.003027480960880339,0.5757575757575758,0.20141910631689894,
2647,sim_2647,12,0.0036686028737389176,5.171759527061105e-06,0.3727210574293528,0.003060616791431159,0.6060606060606061,0.20141910631689894,
2646,sim_2646,12,0.0036686028737389176,4.6670090637277655e-06,0.38405541857461545,0.0040603881973042865,0.696969696969697,0.20141910631689894,
2640,sim_2640,12,0.0036686028737389176,1.5702674159209895e-05,0.37494268684089865,0.003194220323840835,0.5606060606060606,0.20141910631689894,
234,sim_234,12,0.0036686028737389176,1.3079794690868505e-05,0.3858221278603444,0.004338231584022272,0.6212121212121212,0.20141910631689894,
2627,sim_2627,12,0.0036686028737389176,4.828556260739248e-06,0.3785003471418653,0.003799768401619891,0.6212121212121212,0.20141910631689894,
2610,sim_2610,12,0.0036686028737389176,6.9864412753858325e-06,0.3762364849321371,0.003064652103868359,0.5757575757575758,0.20141910631689894,
2609,sim_2609,12,0.0036686028737389176,4.87727615901035e-06,0.3664575397714542,0.0026807192762311974,0.4696969696969697,0.20141910631689894,
2608,sim_2608,12,0.0036686028737389176,5.5637607124615345e-06,0.37959846814436576,0.003983336067640568,0.6666666666666666,0.20141910631689894,
2600,sim_2600,12,0.0036686028737389176,9.560317480928752e-06,0.36392968402314196,0.002023817975756185,0.5151515151515151,0.20141910631689894,
2598,sim_2598,12,0.0036686028737389176,4.029935697850524e-06,0.37845655443711673,0.0037174554557940893,0.6212121212121212,0.20141910631689894,
1042,sim_1042,12,0.0036686028737389176,5.868339545367369e-06,0.37327399292479746,0.003249068721883866,0.5454545454545454,0.20141910631689894,
1262,sim_1262,12,0.0036686028737389176,5.113879524449826e-06,0.3696045197740113,0.002654839937563378,0.5454545454545454,0.20141910631689894,
1258,sim_1258,12,0.0036686028737389176,4.365400359153292e-06,0.3674867992360409,0.00259803178927273,0.5757575757575758,0.20141910631689894,
2592,sim_2592,12,0.0036686028737389176,1.8115337124446108e-05,0.3688543076229138,0.0025263743262263338,0.5151515151515151,0.20141910631689894,
248,sim_248,12,0.0036686028737389176,1.1195653418074387e-05,0.38646030245746693,0.004307176055536914,0.6515151515151515,0.20141910631689894,
240,sim_240,12,0.0036686028737389176,2.645032836687529e-06,0.39005485332697354,0.005255536671256427,0.803030303030303,0.20141910631689894,
2591,sim_2591,12,0.0036686028737389176,6.850875508330718e-06,0.382796957284962,0.003962461718896623,0.6515151515151515,0.20141910631689894,
2588,sim_2588,12,0.0036686028737389176,6.3294050730911695e-06,0.37006448693291094,0.0026155592988518607,0.48484848484848486,0.20141910631689894,
2583,sim_2583,12,0.0036686028737389176,7.693295434115044e-06,0.37382857142857145,0.0028443780934463477,0.5454545454545454,0.20141910631689894,
2580,sim_2580,12,0.0036686028737389176,1.9182977580731728e-05,0.37429911889232176,0.0032369005289768515,0.5454545454545454,0.20141910631689894,
2574,sim_2574,12,0.0036686028737389176,8.206955160743343e-06,0.3713669391462307,0.0029178828658713313,0.5,0.20141910631689894,
2573,sim_2573,12,0.0036686028737389176,8.83320343461686e-06,0.37494268684089865,0.0034372482593137224,0.6060606060606061,0.20141910631689894,
2567,sim_2567,12,0.0036686028737389176,8.989226016062738e-06,0.35854433848514744,0.0016766999123362775,0.5151515151515151,0.20141910631689894,
2565,sim_2565,12,0.0036686028737389176,1.0717484226736339e-05,0.3659246000671216,0.002342373527196051,0.5,0.20141910631689894,
1033,sim_1033,12,0.0036686028737389176,4.853038381499985e-06,0.3771039889324418,0.0038326510855920762,0.6666666666666666,0.20141910631689894,
1026,sim_1026,12,0.0036686028737389176,9.65917377964857e-06,0.37863178608635256,0.003437395165026777,0.6212121212121212,0.20141910631689894,
1269,sim_1269,12,0.0036686028737389176,1.850355491547355e-05,0.37293353095428117,0.0029215176707064706,0.5,0.20141910631689894,
2558,sim_2558,12,0.0036686028737389176,8.810837805490243e-06,0.36523001339883876,0.0022619879136527702,0.5151515151515151,0.20141910631689894,
2556,sim_2556,12,0.0036686028737389176,8.069516514784943e-06,0.37297605473204104,0.0033101030136925046,0.5909090909090909,0.20141910631689894,
2554,sim_2554,12,0.0036686028737389176,5.685320896178779e-06,0.3615962856511165,0.0021133382000020503,0.48484848484848486,0.20141910631689894,
2553,sim_2553,12,0.0036686028737389176,9.186209326910743e-06,0.3696462877161261,0.002972976963631214,0.48484848484848486,0.20141910631689894,
2548,sim_2548,12,0.0036686028737389176,6.845973046012633e-06,0.36255819108845044,0.0024125135580642613,0.5303030303030303,0.20141910631689894,
1020,sim_1020,12,0.0036686028737389176,7.478453228583067e-06,0.3756747444584817,0.0033262243839258655,0.6060606060606061,0.20141910631689894,
1018,sim_1018,12,0.0036686028737389176,4.894376976502935e-06,0.3841005166744951,0.004103455322776876,0.6363636363636364,0.20141910631689894,
1017,sim_1017,12,0.0036686028737389176,4.8534584448668686e-06,0.3801720130172013,0.00401107864179102,0.6515151515151515,0.20141910631689894,
1010,sim_1010,12,0.0036686028737389176,6.359923752010458e-07,0.3894047619047619,0.005157916583858719,0.8181818181818182,0.20141910631689894,
1295,sim_1295,12,0.0036686028737389176,5.747539229362936e-06,0.36666293016477974,0.0026332231734920264,0.5606060606060606,0.20141910631689894,
1288,sim_1288,12,0.0036686028737389176,7.067825953673289e-06,0.37382857142857145,0.003044947444174245,0.5454545454545454,0.20141910631689894,
1285,sim_1285,12,0.0036686028737389176,4.9895521999475965e-06,0.37412787372755346,0.0032648618153959127,0.6060606060606061,0.20141910631689894,
1039,sim_1039,12,0.0036686028737389176,3.686229955065582e-06,0.3841005166744951,0.004370820130538268,0.6666666666666666,0.20141910631689894,
2547,sim_2547,12,0.0036686028737389176,4.639474320167e-06,0.36765201753400023,0.002391543880301513,0.5151515151515151,0.20141910631689894,
294,sim_294,12,0.0036686028737389176,2.6937434815615106e-06,0.3961487222962335,0.005528445588586001,0.8484848484848485,0.20141910631689894,
2539,sim_2539,12,0.0036686028737389176,9.143588571179104e-06,0.38365001172882945,0.0038275837921067433,0.6363636363636364,0.20141910631689894,
2531,sim_2531,12,0.0036686028737389176,7.677084052508026e-06,0.3607587956325135,0.001975401219380622,0.5,0.20141910631689894,
2522,sim_2522,12,0.0036686028737389176,9.619913618816027e-06,0.37200045490731265,0.0031859842198486577,0.5606060606060606,0.20141910631689894,
2516,sim_2516,12,0.0036686028737389176,8.293773800737312e-06,0.37955442097934555,0.003472707740937419,0.5757575757575758,0.20141910631689894,
2505,sim_2505,12,0.0036686028737389176,1.1383468280791721e-05,0.3663344159480345,0.0026243122276452075,0.5151515151515151,0.20141910631689894,
1004,sim_1004,12,0.0036686028737389176,2.9965836487167756e-06,0.38568565027708995,0.004206086673763609,0.6818181818181818,0.20141910631689894,
1003,sim_1003,12,0.0036686028737389176,7.711007674607841e-06,0.3797747590851039,0.0035831782696854925,0.6515151515151515,0.20141910631689894,
996,sim_996,12,0.0036686028737389176,2.753230563560445e-06,0.37502866315065353,0.0034806249745646203,0.5606060606060606,0.20141910631689894,
1304,sim_1304,12,0.0036686028737389176,3.389058650299912e-06,0.38751332780476244,0.004500668783079677,0.6515151515151515,0.20141910631689894,
2489,sim_2489,12,0.0036686028737389176,1.4668444208575624e-05,0.37310368427056007,0.002905147128493547,0.5757575757575758,0.20141910631689894,
2487,sim_2487,12,0.0036686028737389176,4.381716613087257e-06,0.3797306710006965,0.0037454215322664792,0.6666666666666666,0.20141910631689894,
2486,sim_2486,12,0.0036686028737389176,1.607696951416894e-06,0.3781065772743035,0.00380400220521208,0.6818181818181818,0.20141910631689894,
2482,sim_2482,12,0.0036686028737389176,8.057269691414682e-06,0.3688543076229138,0.0027591455622354593,0.5303030303030303,0.20141910631689894,
2475,sim_2475,12,0.0036686028737389176,4.680884682895224e-06,0.37023203169213353,0.0026262102279684973,0.5303030303030303,0.20141910631689894,
2473,sim_2473,12,0.0036686028737389176,5.468911943973484e-06,0.36629339305711084,0.002506778893149211,0.5303030303030303,0.20141910631689894,
2470,sim_2470,12,0.0036686028737389176,1.2561054836331489e-05,0.36584274689632035,0.002064753968914843,0.4696969696969697,0.20141910631689894,
2468,sim_2468,12,0.0036686028737389176,2.9193246368785038e-06,0.37863178608635256,0.0038923749403920326,0.6818181818181818,0.20141910631689894,
2450,sim_2450,12,0.0036686028737389176,1.0800299458999124e-05,0.3576426853269189,0.0016025449884968061,0.48484848484848486,0.20141910631689894,
305,sim_305,12,0.0036686028737389176,3.3304423775446106e-06,0.3885259532010928,0.0048389662109399705,0.6818181818181818,0.20141910631689894,
2440,sim_2440,12,0.0036686028737389176,7.040639749304486e-06,0.36868800721370604,0.002846892925778279,0.5151515151515151,0.20141910631689894,
2437,sim_2437,12,0.0036686028737389176,5.640052094348336e-06,0.37653965695867386,0.0032921951499976934,0.5909090909090909,0.20141910631689894,
1339,sim_1339,12,0.0036686028737389176,1.0290234130802605e-05,0.37732149036797785,0.0036136809759149827,0.5606060606060606,0.20141910631689894,
1331,sim_1331,12,0.0036686028737389176,7.1930551934798715e-06,0.3825730994152047,0.003651890818555229,0.5909090909090909,0.20141910631689894,
1327,sim_1327,12,0.0036686028737389176,1.1518968014779075e-05,0.3740423098913665,0.0031098509277025835,0.5606060606060606,0.20141910631689894,
1320,sim_1320,12,0.0036686028737389176,5.5417159712315825e-06,0.3650262247517018,0.0028019487042680344,0.5454545454545454,0.20141910631689894,
1315,sim_1315,12,0.0036686028737389176,3.863495631755368e-06,0.3784127718648774,0.003854371137309864,0.6666666666666666,0.20141910631689894,
351,sim_351,12,0.0036686028737389176,1.667888538030858e-06,0.3860498052637791,0.00486887539147594,0.7878787878787878,0.20141910631689894,
2428,sim_2428,12,0.0036686028737389176,1.3011827117191593e-05,0.3570960698689956,0.0017026092254865542,0.4696969696969697,0.20141910631689894,
2426,sim_2426,12,0.0036686028737389176,1.125038994616518e-05,0.37576105686387135,0.0031198204163351887,0.5454545454545454,0.20141910631689894,
2425,sim_2425,12,0.0036686028737389176,5.398665962660271e-06,0.37212741751990897,0.0028388394464131015,0.5303030303030303,0.20141910631689894,
2424,sim_2424,12,0.0036686028737389176,4.017886406412135e-06,0.3885259532010928,0.004600524918554936,0.7424242424242424,0.20141910631689894,
2423,sim_2423,12,0.0036686028737389176,5.113328485057009e-06,0.36756938981908077,0.0028286080925622767,0.5757575757575758,0.20141910631689894,
2410,sim_2410,12,0.0036686028737389176,6.432052953736402e-06,0.3724664085629697,0.003328184437825947,0.6212121212121212,0.20141910631689894,
2409,sim_2409,12,0.0036686028737389176,5.036476705851865e-06,0.3731462468628793,0.0031275625988634614,0.6212121212121212,0.20141910631689894,
2406,sim_2406,12,0.0036686028737389176,8.099380629074893e-06,0.3742562929061785,0.003236275097357663,0.5606060606060606,0.20141910631689894,
1349,sim_1349,12,0.0036686028737389176,5.6560168298269164e-06,0.37382857142857145,0.0032970550270715417,0.5909090909090909,0.20141910631689894,
1347,sim_1347,12,0.0036686028737389176,1.547165180299859e-05,0.37459917544663307,0.0034652066837843765,0.6060606060606061,0.20141910631689894,
990,sim_990,12,0.0036686028737389176,1.5539850883995156e-06,0.3819922924208805,0.0038193474341719023,0.6515151515151515,0.20141910631689894,
982,sim_982,12,0.0036686028737389176,2.9463252612697373e-06,0.3774521117009001,0.0037759641459336277,0.6363636363636364,0.20141910631689894,
978,sim_978,12,0.0036686028737389176,1.919857046806191e-06,0.3695210122006326,0.0031196216868057177,0.6515151515151515,0.20141910631689894,
977,sim_977,12,0.0036686028737389176,4.1563664958746045e-06,0.3767565077171159,0.0036766793527685288,0.5606060606060606,0.20141910631689894,
2396,sim_2396,12,0.0036686028737389176,1.478570380825621e-05,0.37157787118027946,0.0028944617543066203,0.5757575757575758,0.20141910631689894,
2394,sim_2394,12,0.0036686028737389176,1.3056361048067008e-05,0.37863178608635256,0.0035060173016229486,0.5606060606060606,0.20141910631689894,
2378,sim_2378,12,0.0036686028737389176,7.568848927411785e-06,0.3826626111371081,0.0037334479959228,0.5909090909090909,0.20141910631689894,
2375,sim_2375,12,0.0036686028737389176,1.8727778483029314e-05,0.3682729115064175,0.0025905828816152558,0.48484848484848486,0.20141910631689894,
2374,sim_2374,12,0.0036686028737389176,5.5768509550700284e-06,0.3786756193563325,0.0036371960426510087,0.6212121212121212,0.20141910631689894,
2370,sim_2370,12,0.0036686028737389176,6.89229304474854e-06,0.3706095626557897,0.0029102791435812315,0.5151515151515151,0.20141910631689894,
2357,sim_2357,12,0.0036686028737389176,5.480018749245443e-06,0.36864645553927644,0.0026952430058516472,0.5151515151515151,0.20141910631689894,
1363,sim_1363,12,0.0036686028737389176,5.682072936707688e-06,0.37023203169213353,0.0029328224158549072,0.5303030303030303,0.20141910631689894,
1360,sim_1360,12,0.0036686028737389176,4.707643120575171e-06,0.3835150662445773,0.004030038426753929,0.6212121212121212,0.20141910631689894,
961,sim_961,12,0.0036686028737389176,9.887030488405614e-06,0.3781065772743035,0.0032343919902272397,0.6060606060606061,0.20141910631689894,
1357,sim_1357,12,0.0036686028737389176,6.4429900161017805e-06,0.3918773211932431,0.005431952206545193,0.8333333333333334,0.20141910631689894,
1354,sim_1354,12,0.0036686028737389176,3.872786854834319e-06,0.37438480027469384,0.0033571028668508245,0.5303030303030303,0.20141910631689894,
2351,sim_2351,12,0.0036686028737389176,5.917308678822584e-06,0.369062394223175,0.002728460057354486,0.5757575757575758,0.20141910631689894,
2349,sim_2349,12,0.0036686028737389176,1.5982192863955977e-05,0.367693345323741,0.002448234844808469,0.5151515151515151,0.20141910631689894,
2344,sim_2344,12,0.0036686028737389176,8.644035907327298e-06,0.3664575397714542,0.0022745442457722106,0.48484848484848486,0.20141910631689894,
2343,sim_2343,12,0.0036686028737389176,5.064333917629881e-06,0.36470063552235477,0.0024279342293718423,0.5303030303030303,0.20141910631689894,
2340,sim_2340,12,0.0036686028737389176,5.544476947015504e-06,0.3657200357781753,0.002567202814044669,0.5303030303030303,0.20141910631689894,
2336,sim_2336,12,0.0036686028737389176,3.611664415153928e-06,0.3759770114942529,0.003244994764442517,0.5909090909090909,0.20141910631689894,
2333,sim_2333,12,0.0036686028737389176,1.22575436506933e-05,0.37002262443438916,0.0026535174380493977,0.5151515151515151,0.20141910631689894,
2322,sim_2322,12,0.0036686028737389176,4.954642933765644e-06,0.3806143821270654,0.003934884227705491,0.6515151515151515,0.20141910631689894,
2320,sim_2320,12,0.0036686028737389176,3.3259319928964453e-06,0.37524377652862223,0.003602665637523617,0.5757575757575758,0.20141910631689894,
379,sim_379,12,0.0036686028737389176,2.1003743384577287e-06,0.38387513202675744,0.004735250556249153,0.7121212121212122,0.20141910631689894,
369,sim_369,12,0.0036686028737389176,4.494465788921451e-06,0.3841456253669994,0.004534284066425771,0.7575757575757576,0.20141910631689894,
2319,sim_2319,12,0.0036686028737389176,5.93285720410349e-06,0.3664985994397759,0.0025760834051813167,0.5757575757575758,0.20141910631689894,
2315,sim_2315,12,0.0036686028737389176,6.966509950442223e-06,0.37815028901734105,0.0036030928620749128,0.6060606060606061,0.20141910631689894,
2313,sim_2313,12,0.0036686028737389176,7.410076793515123e-06,0.3627592325607186,0.0021633149457487635,0.5151515151515151,0.20141910631689894,
2311,sim_2311,12,0.0036686028737389176,6.997727893154977e-06,0.3710720363017584,0.0031631882680284553,0.6060606060606061,0.20141910631689894,
1376,sim_1376,12,0.0036686028737389176,4.376057291576534e-06,0.37421347671891086,0.003523585685564099,0.6060606060606061,0.20141910631689894,
948,sim_948,12,0.0036686028737389176,6.115064772671718e-06,0.38043731100255873,0.004086375804501792,0.6212121212121212,0.20141910631689894,
946,sim_946,12,0.0036686028737389176,2.8938975686713884e-06,0.39052053486150906,0.0051119639651894325,0.7575757575757576,0.20141910631689894,
1375,sim_1375,12,0.0036686028737389176,2.4907045726817584e-06,0.36699203410748343,0.002747415997524802,0.5454545454545454,0.20141910631689894,
1368,sim_1368,12,0.0036686028737389176,8.644622003980005e-06,0.3761499540018399,0.0030195601528917263,0.5606060606060606,0.20141910631689894,
1367,sim_1367,12,0.0036686028737389176,1.1102504209578596e-05,0.3745562807740753,0.00312141928876687,0.5757575757575758,0.20141910631689894,
399,sim_399,12,0.0036686028737389176,3.930418820097488e-06,0.3759770114942529,0.0036822750887858867,0.5909090909090909,0.20141910631689894,
396,sim_396,12,0.0036686028737389176,2.4139411513363704e-07,0.39225326777791103,0.005409235759017967,0.803030303030303,0.20141910631689894,
2303,sim_2303,12,0.0036686028737389176,6.0037082496385014e-06,0.37632305568338703,0.003419407555110389,0.5454545454545454,0.20141910631689894,
2299,sim_2299,12,0.0036686028737389176,4.317671773257433e-06,0.37149346961953433,0.0028337044051725655,0.5303030303030303,0.20141910631689894,
2294,sim_2294,12,0.0036686028737389176,6.8611494415335735e-06,0.3885721073889285,0.004874886854984362,0.7575757575757576,0.20141910631689894,
1392,sim_1392,12,0.0036686028737389176,3.765198274449169e-06,0.3771474691571544,0.0037189626056393587,0.5909090909090909,0.20141910631689894,
938,sim_938,12,0.0036686028737389176,8.263454332124438e-06,0.37606346286502645,0.0037709599163222394,0.5303030303030303,0.20141910631689894,
1390,sim_1390,12,0.0036686028737389176,8.987528648764449e-06,0.3768433179723502,0.003180614032398451,0.5606060606060606,0.20141910631689894,
1388,sim_1388,12,0.0036686028737389176,3.916376736809317e-06,0.37284851248147727,0.0029738436000770687,0.5606060606060606,0.20141910631689894,
1387,sim_1387,12,0.0036686028737389176,1.0725193240970515e-05,0.3740423098913665,0.003172256838320366,0.5606060606060606,0.20141910631689894,
1382,sim_1382,12,0.0036686028737389176,6.9518747913811056e-06,0.37429911889232176,0.0033084776766835974,0.5757575757575758,0.20141910631689894,
1381,sim_1381,12,0.0036686028737389176,1.2933335532004905e-05,0.38026040455707977,0.0037013069328641775,0.5606060606060606,0.20141910631689894,
2287,sim_2287,12,0.0036686028737389176,8.756763798177902e-06,0.36674515080165937,0.002486068576651208,0.5151515151515151,0.20141910631689894,
2282,sim_2282,12,0.0036686028737389176,3.4810801745568135e-06,0.3829762322913008,0.0037090965133582177,0.5909090909090909,0.20141910631689894,
2281,sim_2281,12,0.0036686028737389176,1.0644228863022944e-05,0.3664164893021172,0.0024195288739836114,0.5606060606060606,0.20141910631689894,
2280,sim_2280,12,0.0036686028737389176,5.031605079426653e-06,0.37589059986210066,0.0034900978310877908,0.5606060606060606,0.20141910631689894,
2278,sim_2278,12,0.0036686028737389176,2.9554309807423717e-06,0.3817248220329093,0.004262552503402895,0.7121212121212122,0.20141910631689894,
921,sim_921,12,0.0036686028737389176,2.261373261535093e-06,0.3797306710006965,0.00407302630602293,0.7121212121212122,0.20141910631689894,
920,sim_920,12,0.0036686028737389176,4.363863906910496e-06,0.3805258259655654,0.003997401738328185,0.6212121212121212,0.20141910631689894,
914,sim_914,12,0.0036686028737389176,1.889943002266528e-06,0.3814132462686567,0.004118479950258724,0.6666666666666666,0.20141910631689894,
1393,sim_1393,12,0.0036686028737389176,6.625934620071124e-06,0.3816802800466744,0.0040671145559996345,0.6212121212121212,0.20141910631689894,
2275,sim_2275,12,0.0036686028737389176,4.320717371074478e-06,0.37429911889232176,0.0031253678063841686,0.5757575757575758,0.20141910631689894,
2274,sim_2274,12,0.0036686028737389176,5.251246473805911e-06,0.38079161816065193,0.004083065295625655,0.6666666666666666,0.20141910631689894,
2268,sim_2268,12,0.0036686028737389176,5.503870827280235e-06,0.37636635600046026,0.0032848572970709624,0.6363636363636364,0.20141910631689894,
2263,sim_2263,12,0.0036686028737389176,1.1138256281881161e-05,0.3758474089394462,0.00326841045883642,0.5909090909090909,0.20141910631689894,
2262,sim_2262,12,0.0036686028737389176,7.878558771526683e-06,0.35945054945054944,0.0019759599608428088,0.5303030303030303,0.20141910631689894,
2256,sim_2256,12,0.0036686028737389176,4.608818521415906e-06,0.37753924284395196,0.003819609540973844,0.6818181818181818,0.20141910631689894,
2254,sim_2254,12,0.0036686028737389176,9.158659668169156e-06,0.37740856120918426,0.0030198055399743282,0.5303030303030303,0.20141910631689894,
2247,sim_2247,12,0.0036686028737389176,6.827704650192779e-06,0.3841456253669994,0.0042911581241536646,0.6515151515151515,0.20141910631689894,
2240,sim_2240,12,0.0036686028737389176,4.807001851959939e-06,0.3792463768115942,0.0038913085369133922,0.6060606060606061,0.20141910631689894,
2229,sim_2229,12,0.0036686028737389176,8.23253133005089e-06,0.36765201753400023,0.0027593346192842684,0.5303030303030303,0.20141910631689894,
1431,sim_1431,12,0.0036686028737389176,6.5969398958592335e-06,0.37477085242896424,0.00321998681979116,0.5606060606060606,0.20141910631689894,
1418,sim_1418,12,0.0036686028737389176,4.632552622715378e-06,0.39019444113086005,0.004982910342246636,0.7272727272727273,0.20141910631689894,
1417,sim_1417,12,0.0036686028737389176,7.529823852037613e-06,0.37344445712980934,0.002961546608683446,0.5454545454545454,0.20141910631689894,
411,sim_411,12,0.0036686028737389176,5.209472896186926e-06,0.37438480027469384,0.0036495896078288783,0.6515151515151515,0.20141910631689894,
405,sim_405,12,0.0036686028737389176,2.8549077960535773e-06,0.3791145108947612,0.0039541525839178445,0.6666666666666666,0.20141910631689894,
2223,sim_2223,12,0.0036686028737389176,9.199310593938892e-06,0.3771909594095941,0.0033589374410829187,0.5757575757575758,0.20141910631689894,
2217,sim_2217,12,0.0036686028737389176,7.625181271394725e-06,0.36328298533984893,0.002026631934328698,0.48484848484848486,0.20141910631689894,
969,sim_969,12,0.0036686028737389176,7.186494526971785e-06,0.3869174355334753,0.004331925622613624,0.6515151515151515,0.20141910631689894,
2203,sim_2203,12,0.0036686028737389176,4.2759773713015865e-06,0.3758474089394462,0.003604479829220975,0.6818181818181818,0.20141910631689894,
2200,sim_2200,12,0.0036686028737389176,6.86004016505693e-06,0.37937833449315705,0.003403905598546199,0.5909090909090909,0.20141910631689894,
2199,sim_2199,12,0.0036686028737389176,1.4719168453195772e-05,0.3674867992360409,0.0024667437128713236,0.5454545454545454,0.20141910631689894,
2195,sim_2195,12,0.0036686028737389176,7.1163024744879005e-06,0.3749856700676373,0.003055532387304312,0.5757575757575758,0.20141910631689894,
2187,sim_2187,12,0.0036686028737389176,8.894138658084624e-06,0.37468499427262314,0.0033378657881615657,0.5606060606060606,0.20141910631689894,
2184,sim_2184,12,0.0036686028737389176,5.498724154828646e-06,0.38765110215690923,0.004428243475369932,0.6818181818181818,0.20141910631689894,
2182,sim_2182,12,0.0036686028737389176,3.4957107230009727e-06,0.36765201753400023,0.0027722535621803996,0.5606060606060606,0.20141910631689894,
1440,sim_1440,12,0.0036686028737389176,2.936622242697916e-06,0.3837400281557954,0.004366418241581182,0.6666666666666666,0.20141910631689894,
907,sim_907,12,0.0036686028737389176,1.4792832638292632e-05,0.37723445969323033,0.003368426829202502,0.5303030303030303,0.20141910631689894,
903,sim_903,12,0.0036686028737389176,1.3886170982722784e-06,0.384733003999059,0.004314799916516396,0.6515151515151515,0.20141910631689894,
897,sim_897,12,0.0036686028737389176,4.503855188968246e-06,0.3909405999760966,0.004600836087862518,0.696969696969697,0.20141910631689894,
896,sim_896,12,0.0036686028737389176,2.542976538623632e-06,0.3888492629576795,0.004587746851949122,0.7121212121212122,0.20141910631689894,
1438,sim_1438,12,0.0036686028737389176,1.92619061762755e-05,0.37212741751990897,0.0026045960394625645,0.5,0.20141910631689894,
1437,sim_1437,12,0.0036686028737389176,4.945501199270156e-06,0.3831556752957713,0.00430138652373696,0.6363636363636364,0.20141910631689894,
1434,sim_1434,12,0.0036686028737389176,4.003883800892208e-06,0.37995121384597513,0.003907647104135401,0.6212121212121212,0.20141910631689894,
1433,sim_1433,12,0.0036686028737389176,6.427227077551721e-06,0.37225446682599295,0.003305535216103663,0.6060606060606061,0.20141910631689894,
2172,sim_2172,12,0.0036686028737389176,7.581955746225142e-06,0.36781738445968737,0.002537099403629339,0.48484848484848486,0.20141910631689894,
2170,sim_2170,12,0.0036686028737389176,9.302127018319104e-06,0.37740856120918426,0.0035763582544766862,0.5909090909090909,0.20141910631689894,
2168,sim_2168,12,0.0036686028737389176,8.095942037297527e-06,0.3663344159480345,0.0027559517947456217,0.5151515151515151,0.20141910631689894,
2166,sim_2166,12,0.0036686028737389176,3.7795192628745744e-06,0.37395678518349146,0.003069605331602716,0.5909090909090909,0.20141910631689894,
2146,sim_2146,12,0.0036686028737389176,7.665027133546503e-06,0.37340182648401826,0.0029465169819706508,0.5454545454545454,0.20141910631689894,
418,sim_418,12,0.0036686028737389176,3.6485430619098734e-07,0.3861409514815252,0.004791282313758657,0.7424242424242424,0.20141910631689894,
435,sim_435,12,0.0036686028737389176,1.682665903856883e-05,0.3724240009108505,0.0032105059194811074,0.5151515151515151,0.20141910631689894,
2139,sim_2139,12,0.0036686028737389176,7.23729835026725e-06,0.3625983815541514,0.0019432764498421937,0.5,0.20141910631689894,
3210,sim_3210,12,0.0036686028737389176,1.0036251830554489e-05,0.3723816029143898,0.002914041601510713,0.5454545454545454,0.20141910631689894,
2133,sim_2133,12,0.0036686028737389176,6.404234072192376e-06,0.38618654073199526,0.00422180464750823,0.6666666666666666,0.20141910631689894,
893,sim_893,12,0.0036686028737389176,1.135667093106535e-05,0.3836950146627566,0.003841675287195272,0.6212121212121212,0.20141910631689894,
1157,sim_1157,12,0.0036686028737389176,1.4318687211988218e-05,0.3778008778008778,0.0033497447811712596,0.5909090909090909,0.20141910631689894,
1455,sim_1455,12,0.0036686028737389176,4.700244965822881e-06,0.37666973744818055,0.003307865953086417,0.5606060606060606,0.20141910631689894,
1454,sim_1454,12,0.0036686028737389176,1.157553493813942e-06,0.38360501935029906,0.004380312861485271,0.7272727272727273,0.20141910631689894,
1450,sim_1450,12,0.0036686028737389176,1.1937905122034134e-05,0.3714512832159891,0.0029913807988696923,0.5454545454545454,0.20141910631689894,
2131,sim_2131,12,0.0036686028737389176,6.369762922384066e-06,0.37959846814436576,0.0039016382079274598,0.6515151515151515,0.20141910631689894,
2129,sim_2129,12,0.0036686028737389176,8.122549127621888e-06,0.36740424575985625,0.002521241744323323,0.5606060606060606,0.20141910631689894,
2123,sim_2123,12,0.0036686028737389176,1.0115684765983576e-05,0.37502866315065353,0.003463406678584223,0.5757575757575758,0.20141910631689894,
2122,sim_2122,12,0.0036686028737389176,3.4411087876840183e-06,0.3666218336695808,0.002388850833948053,0.5151515151515151,0.20141910631689894,
2119,sim_2119,12,0.0036686028737389176,4.420922805457639e-06,0.36608841634023503,0.0025383651800652677,0.5303030303030303,0.20141910631689894,
2118,sim_2118,12,0.0036686028737389176,7.945954752095515e-06,0.3665396683101748,0.002276655344567244,0.5151515151515151,0.20141910631689894,
2114,sim_2114,12,0.0036686028737389176,8.752311789451638e-06,0.3829313977991103,0.004029697801573842,0.6212121212121212,0.20141910631689894,
2113,sim_2113,12,0.0036686028737389176,5.837390841378015e-06,0.37863178608635256,0.003900943165659128,0.6212121212121212,0.20141910631689894,
2110,sim_2110,12,0.0036686028737389176,1.1183352646510432e-05,0.3692707157371867,0.0026483887314642336,0.5,0.20141910631689894,
2109,sim_2109,12,0.0036686028737389176,7.218263055715409e-06,0.36690970274817725,0.0026410932160512756,0.5151515151515151,0.20141910631689894,
1145,sim_1145,12,0.0036686028737389176,8.904102078336994e-06,0.3780628756356912,0.0034507852362997736,0.5909090909090909,0.20141910631689894,
875,sim_875,12,0.0036686028737389176,5.004214506056105e-06,0.3816802800466744,0.003980928995595889,0.7121212121212122,0.20141910631689894,
870,sim_870,12,0.0036686028737389176,2.584666522896608e-05,0.3816357484540894,0.0036696286760126034,0.5757575757575758,0.20141910631689894,
1470,sim_1470,12,0.0036686028737389176,7.443803017794687e-06,0.3808359529630923,0.004083610218980028,0.6515151515151515,0.20141910631689894,
1467,sim_1467,12,0.0036686028737389176,5.0342079493673005e-06,0.3690207581227437,0.002402798558448277,0.5454545454545454,0.20141910631689894,
1466,sim_1466,12,0.0036686028737389176,5.2309832808651e-06,0.38650596715112845,0.004492884595488073,0.696969696969697,0.20141910631689894,
1459,sim_1459,12,0.0036686028737389176,4.3213336209180186e-06,0.3860498052637791,0.004315040702189867,0.696969696969697,0.20141910631689894,
1456,sim_1456,12,0.0036686028737389176,1.4119572177219592e-05,0.3625983815541514,0.0022573929152517698,0.5,0.20141910631689894,
3145,sim_3145,12,0.0036686028737389176,8.531279895163919e-06,0.37200045490731265,0.0027552734657842757,0.5454545454545454,0.20141910631689894,
2094,sim_2094,12,0.0036686028737389176,7.839873262365149e-06,0.36860491322965966,0.0026761918938358878,0.6060606060606061,0.20141910631689894,
2093,sim_2093,12,0.0036686028737389176,3.3146622098659354e-05,0.36300077682832094,0.0021737508891880196,0.4696969696969697,0.20141910631689894,
2085,sim_2085,12,0.0036686028737389176,7.056332029408159e-06,0.3771474691571544,0.0035347172168891444,0.6060606060606061,0.20141910631689894,
2081,sim_2081,12,0.0036686028737389176,5.190616648031125e-06,0.37863178608635256,0.003971210051754925,0.6666666666666666,0.20141910631689894,
478,sim_478,12,0.0036686028737389176,4.213099885101817e-06,0.3863690054334987,0.004916920710516841,0.7727272727272727,0.20141910631689894,
475,sim_475,12,0.0036686028737389176,6.189303056141654e-06,0.3814132462686567,0.004283723371578542,0.696969696969697,0.20141910631689894,
2075,sim_2075,12,0.0036686028737389176,3.2065923521250967e-06,0.3671568077225278,0.0028089427109998506,0.5454545454545454,0.20141910631689894,
2073,sim_2073,12,0.0036686028737389176,3.6433158253188525e-06,0.3833802156586967,0.003674578083320677,0.6212121212121212,0.20141910631689894,
2072,sim_2072,12,0.0036686028737389176,4.450124027817138e-06,0.37468499427262314,0.0032554529680803705,0.6363636363636364,0.20141910631689894,
2070,sim_2070,12,0.0036686028737389176,5.856424814433015e-06,0.38514070410926643,0.004104152470851087,0.6212121212121212,0.20141910631689894,
2068,sim_2068,12,0.0036686028737389176,5.809295606511239e-06,0.3683973420430229,0.002954653607600522,0.5303030303030303,0.20141910631689894,
1491,sim_1491,12,0.0036686028737389176,4.403604269557412e-06,0.3753729630479688,0.003755556254988149,0.6363636363636364,0.20141910631689894,
1490,sim_1490,12,0.0036686028737389176,4.28943419227967e-06,0.37907057596476995,0.0035305979276001155,0.5757575757575758,0.20141910631689894,
1489,sim_1489,12,0.0036686028737389176,2.5025882716150703e-06,0.3748997134670487,0.0032117497000204503,0.5757575757575758,0.20141910631689894,
1488,sim_1488,12,0.0036686028737389176,5.100558082522181e-06,0.3726785917739547,0.003221529209150383,0.6363636363636364,0.20141910631689894,
1480,sim_1480,12,0.0036686028737389176,1.3073495751762951e-05,0.3805700988947062,0.003509432053330782,0.6363636363636364,0.20141910631689894,
1698,sim_1698,12,0.0036686028737389176,6.583198698829294e-06,0.3619163531754813,0.0021875427025988864,0.5303030303030303,0.20141910631689894,
1478,sim_1478,12,0.0036686028737389176,9.106096271882875e-06,0.37019013128112266,0.0028686108241743388,0.5606060606060606,0.20141910631689894,
859,sim_859,12,0.0036686028737389176,1.1698478462625216e-05,0.37374314442413165,0.0028953481475141015,0.5757575757575758,0.20141910631689894,
2215,sim_2215,12,0.0036686028737389176,6.14961299177685e-06,0.36283971159179146,0.002208849315796553,0.5151515151515151,0.20141910631689894,
3135,sim_3135,12,0.0036686028737389176,6.051118485480901e-06,0.38039306896150715,0.0036340150528292488,0.6060606060606061,0.20141910631689894,
2057,sim_2057,12,0.0036686028737389176,6.766605431879601e-06,0.3740850869167429,0.0033744017813330278,0.5757575757575758,0.20141910631689894,
1510,sim_1510,12,0.0036686028737389176,6.704229035025575e-06,0.3817693744164332,0.004109888738467678,0.6666666666666666,0.20141910631689894,
1504,sim_1504,12,0.0036686028737389176,4.267454556956803e-06,0.37094579269675665,0.0026184437640983226,0.5,0.20141910631689894,
1503,sim_1503,12,0.0036686028737389176,1.2016856316809968e-05,0.3781065772743035,0.003465094075044524,0.5757575757575758,0.20141910631689894,
1502,sim_1502,12,0.0036686028737389176,4.40958637088997e-06,0.3771474691571544,0.003706443076563957,0.6212121212121212,0.20141910631689894,
3124,sim_3124,12,0.0036686028737389176,5.273224865020269e-06,0.37819401086830845,0.0035280054178609926,0.6060606060606061,0.20141910631689894,
3117,sim_3117,12,0.0036686028737389176,5.72556115770417e-06,0.37955442097934555,0.0034675700218299668,0.5909090909090909,0.20141910631689894,
2048,sim_2048,12,0.0036686028737389176,1.2592637700561183e-05,0.3689791314156796,0.002710410855891933,0.5,0.20141910631689894,
511,sim_511,12,0.0036686028737389176,5.131103912491407e-06,0.38145772594752186,0.0040854411397253645,0.6666666666666666,0.20141910631689894,
3076,sim_3076,12,0.0036686028737389176,1.573670605850907e-05,0.36535239584496815,0.002391718675807104,0.5151515151515151,0.20141910631689894,
2040,sim_2040,12,0.0036686028737389176,1.8331264616700725e-05,0.3719158612848209,0.002922339815742903,0.5303030303030303,0.20141910631689894,
2038,sim_2038,12,0.0036686028737389176,1.700078089050376e-05,0.371029945553539,0.0030000412247815442,0.5303030303030303,0.20141910631689894,
2036,sim_2036,12,0.0036686028737389176,9.925660413531335e-06,0.37679990784471834,0.0033723432034095855,0.6060606060606061,0.20141910631689894,
2032,sim_2032,12,0.0036686028737389176,6.033080026263227e-06,0.38221547090441693,0.00391372594591597,0.6212121212121212,0.20141910631689894,
3075,sim_3075,12,0.0036686028737389176,5.993981538677377e-06,0.3793343383973095,0.003757048543266123,0.6666666666666666,0.20141910631689894,
2028,sim_2028,12,0.0036686028737389176,1.3369450779838396e-05,0.3704836334805754,0.002901024609759012,0.5303030303030303,0.20141910631689894,
2023,sim_2023,12,0.0036686028737389176,9.16731572355848e-06,0.3852767962308598,0.004186097717312711,0.6363636363636364,0.20141910631689894,
2022,sim_2022,12,0.0036686028737389176,8.301671746700776e-06,0.3698970937464661,0.002821157297964909,0.5454545454545454,0.20141910631689894,
2021,sim_2021,12,0.0036686028737389176,1.555159598860044e-05,0.3736150770988007,0.0032048326850460567,0.5909090909090909,0.20141910631689894,
2020,sim_2020,12,0.0036686028737389176,1.0704470037371817e-05,0.36032165675258865,0.0018723148033313742,0.5151515151515151,0.20141910631689894,
847,sim_847,12,0.0036686028737389176,1.1424744042546119e-05,0.3725512528473804,0.0033914987320610413,0.5909090909090909,0.20141910631689894,
1519,sim_1519,12,0.0036686028737389176,5.534278977105467e-06,0.3808359529630923,0.003636348709088458,0.6363636363636364,0.20141910631689894,
3066,sim_3066,12,0.0036686028737389176,2.6582618864746877e-05,0.359292618629174,0.0017923894439506802,0.48484848484848486,0.20141910631689894,
1514,sim_1514,12,0.0036686028737389176,6.00763220681897e-06,0.380924653546058,0.0037358960943586245,0.6060606060606061,0.20141910631689894,
1513,sim_1513,12,0.0036686028737389176,7.468031046366055e-06,0.3778008778008778,0.0037242377130593985,0.6212121212121212,0.20141910631689894,
1512,sim_1512,12,0.0036686028737389176,2.692212615047816e-06,0.3845520808840818,0.004510920981515569,0.7424242424242424,0.20141910631689894,
2014,sim_2014,12,0.0036686028737389176,4.057189428699633e-06,0.3689791314156796,0.0030737464819325312,0.5909090909090909,0.20141910631689894,
2009,sim_2009,12,0.0036686028737389176,7.67043419659117e-06,0.36539320822162646,0.0024317222291998226,0.5303030303030303,0.20141910631689894,
2006,sim_2006,12,0.0036686028737389176,6.620090362903078e-06,0.38026040455707977,0.00395301112374088,0.6363636363636364,0.20141910631689894,
3055,sim_3055,12,0.0036686028737389176,6.450832718203776e-06,0.36401068328511016,0.0023449868077231634,0.5303030303030303,0.20141910631689894,
542,sim_542,12,0.0036686028737389176,6.603622101935311e-06,0.38564017920301813,0.003960467908680728,0.5909090909090909,0.20141910631689894,
535,sim_535,12,0.0036686028737389176,1.446998430894093e-06,0.3861409514815252,0.00482831170863836,0.7727272727272727,0.20141910631689894,
3042,sim_3042,12,0.0036686028737389176,9.22650182442819e-06,0.3723816029143898,0.002979125643008408,0.5454545454545454,0.20141910631689894,
1996,sim_1996,12,0.0036686028737389176,1.6384087887761485e-05,0.3607190119100132,0.0021036495872317853,0.5,0.20141910631689894,
1995,sim_1995,12,0.0036686028737389176,6.6563216608991555e-06,0.377277970011534,0.0034206381647726276,0.6363636363636364,0.20141910631689894,
1993,sim_1993,12,0.0036686028737389176,4.983635283914612e-06,0.37563160312356453,0.0037539714354116933,0.6515151515151515,0.20141910631689894,
1988,sim_1988,12,0.0036686028737389176,7.186632185683898e-06,0.377365020766036,0.0033532246833786997,0.5454545454545454,0.20141910631689894,
3030,sim_3030,12,0.0036686028737389176,6.550877511047328e-06,0.35725207514198337,0.001621500704543474,0.5,0.20141910631689894,
3024,sim_3024,12,0.0036686028737389176,3.900483093360492e-06,0.37679990784471834,0.003538500025417644,0.6363636363636364,0.20141910631689894,
2986,sim_2986,12,0.0036686028737389176,6.894725278674114e-06,0.35206113443116993,0.0013656282072760215,0.48484848484848486,0.20141910631689894,
1529,sim_1529,12,0.0036686028737389176,9.945732958957058e-06,0.3696880650994575,0.002937522708789188,0.5454545454545454,0.20141910631689894,
1527,sim_1527,12,0.0036686028737389176,2.818134087578833e-06,0.3567455556767368,0.0017044283613787531,0.5151515151515151,0.20141910631689894,
1526,sim_1526,12,0.0036686028737389176,5.618715989210583e-06,0.3777136258660508,0.0035370457153241735,0.5606060606060606,0.20141910631689894,
1523,sim_1523,12,0.0036686028737389176,4.426089876961585e-06,0.37412787372755346,0.0034819481754753464,0.6212121212121212,0.20141910631689894,
1135,sim_1135,12,0.0036686028737389176,5.295655332306581e-06,0.3844165001762839,0.0041818894596299455,0.5909090909090909,0.20141910631689894,
546,sim_546,12,0.0036686028737389176,7.428664204546643e-06,0.39028755518434555,0.0047967786283939235,0.7424242424242424,0.20141910631689894,
1981,sim_1981,12,0.0036686028737389176,2.7000608816514813e-05,0.3587409519631498,0.0019498838091023994,0.48484848484848486,0.20141910631689894,
1978,sim_1978,12,0.0036686028737389176,9.21846787892639e-06,0.36935411020776876,0.0029909382366067423,0.5454545454545454,0.20141910631689894,
1133,sim_1133,12,0.0036686028737389176,3.341950951064155e-06,0.3904739166766145,0.004584873150800554,0.6666666666666666,0.20141910631689894,
1974,sim_1974,12,0.0036686028737389176,2.5678662175699365e-06,0.3928185420919899,0.005057008155532284,0.7727272727272727,0.20141910631689894,
829,sim_829,12,0.0036686028737389176,6.851904722010965e-06,0.3792024113146302,0.003719562674440722,0.5909090909090909,0.20141910631689894,
828,sim_828,12,0.0036686028737389176,9.60647441651394e-06,0.36608841634023503,0.0024404953526212005,0.5303030303030303,0.20141910631689894,
824,sim_824,12,0.0036686028737389176,5.444317801506351e-06,0.3793343383973095,0.0036588580923932767,0.6212121212121212,0.20141910631689894,
821,sim_821,12,0.0036686028737389176,4.961796587772434e-07,0.38760516648892046,0.004901472448037481,0.7575757575757576,0.20141910631689894,
1754,sim_1754,12,0.0036686028737389176,5.3783382556185265e-06,0.3753298909925416,0.0033987725764616315,0.5757575757575758,0.20141910631689894,
1549,sim_1549,12,0.0036686028737389176,4.767023872100319e-06,0.370525600362483,0.0026196264280941082,0.5151515151515151,0.20141910631689894,
1544,sim_1544,12,0.0036686028737389176,8.727202993287542e-06,0.3716200863440127,0.002809929251659012,0.5454545454545454,0.20141910631689894,
1968,sim_1968,12,0.0036686028737389176,4.795190263310106e-06,0.37632305568338703,0.00371151816027835,0.6515151515151515,0.20141910631689894,
1964,sim_1964,12,0.0036686028737389176,9.469459818550884e-06,0.371324781473493,0.0026988892148337613,0.5303030303030303,0.20141910631689894,
1963,sim_1963,12,0.0036686028737389176,4.180208121711762e-06,0.3696880650994575,0.002906078199460656,0.5303030303030303,0.20141910631689894,
1959,sim_1959,12,0.0036686028737389176,4.581709579615516e-06,0.378587962962963,0.003830892222256528,0.6060606060606061,0.20141910631689894,
1128,sim_1128,12,0.0036686028737389176,3.818837289450665e-06,0.364213339271796,0.0025540739624135152,0.5,0.20141910631689894,
1952,sim_1952,12,0.0036686028737389176,4.593149048955241e-06,0.364213339271796,0.0025707329669422897,0.5606060606060606,0.20141910631689894,
569,sim_569,12,0.0036686028737389176,3.4303981197654263e-06,0.3931962976319269,0.004990662637085464,0.7272727272727273,0.20141910631689894,
564,sim_564,12,0.0036686028737389176,5.211681194423033e-06,0.3910340705319785,0.004985671631426234,0.7272727272727273,0.20141910631689894,
562,sim_562,12,0.0036686028737389176,8.910478207463072e-06,0.38861827254366166,0.004679189177164992,0.696969696969697,0.20141910631689894,
1950,sim_1950,12,0.0036686028737389176,5.687717685902224e-06,0.3776700150098141,0.0035516103297333662,0.6212121212121212,0.20141910631689894,
1947,sim_1947,12,0.0036686028737389176,4.165244012005318e-06,0.378719462776427,0.0034887936873561724,0.6363636363636364,0.20141910631689894,
809,sim_809,12,0.0036686028737389176,1.5621165748525753e-06,0.3740850869167429,0.0032162022377338374,0.5757575757575758,0.20141910631689894,
800,sim_800,12,0.0036686028737389176,3.586228129669853e-06,0.3839652541378096,0.004283907827431814,0.6666666666666666,0.20141910631689894,
1566,sim_1566,12,0.0036686028737389176,7.546162436036958e-06,0.3693958215697346,0.002594974781750263,0.5454545454545454,0.20141910631689894,
1565,sim_1565,12,0.0036686028737389176,3.418488419244806e-06,0.3749856700676373,0.0032216560442063684,0.5454545454545454,0.20141910631689894,
1564,sim_1564,12,0.0036686028737389176,4.452548137590071e-06,0.36457868925546144,0.002233056050870609,0.5151515151515151,0.20141910631689894,
1562,sim_1562,12,0.0036686028737389176,9.317084464252635e-06,0.36674515080165937,0.0022419337390992213,0.5303030303030303,0.20141910631689894,
1943,sim_1943,12,0.0036686028737389176,8.491375988891697e-06,0.3611969964664311,0.001950784129063621,0.48484848484848486,0.20141910631689894,
1941,sim_1941,12,0.0036686028737389176,6.603500561435409e-06,0.37995121384597513,0.003856252712538104,0.6212121212121212,0.20141910631689894,
1938,sim_1938,12,0.0036686028737389176,3.872700751160621e-06,0.38714640785891824,0.004452542169921327,0.6515151515151515,0.20141910631689894,
1166,sim_1166,12,0.0036686028737389176,6.911468321110059e-06,0.36384872080088987,0.00210208108827462,0.5151515151515151,0.20141910631689894,
1933,sim_1933,12,0.0036686028737389176,9.007728643446703e-06,0.37417067032715623,0.003308632735100232,0.6060606060606061,0.20141910631689894,
1931,sim_1931,12,0.0036686028737389176,7.859037755478159e-06,0.371324781473493,0.002804135475758851,0.5454545454545454,0.20141910631689894,
1929,sim_1929,12,0.0036686028737389176,5.2294386850688976e-06,0.37524377652862223,0.0032532956663256624,0.6060606060606061,0.20141910631689894,
1582,sim_1582,12,0.0036686028737389176,5.434692169721824e-06,0.37434195468070497,0.0030625951087693264,0.5303030303030303,0.20141910631689894,
1577,sim_1577,12,0.0036686028737389176,3.887526229434641e-06,0.3710720363017584,0.0030710358915119664,0.5454545454545454,0.20141910631689894,
1576,sim_1576,12,0.0036686028737389176,7.2279147044160285e-06,0.3832903679400047,0.003841266824303981,0.5909090909090909,0.20141910631689894,
1571,sim_1571,12,0.0036686028737389176,1.4802316107925698e-05,0.36401068328511016,0.0022366490210334886,0.48484848484848486,0.20141910631689894,
2975,sim_2975,12,0.0036686028737389176,9.304967300654283e-06,0.36736298292902064,0.002604314423788353,0.5303030303030303,0.20141910631689894,
1926,sim_1926,12,0.0036686028737389176,5.378487508840099e-06,0.3793343383973095,0.0037626646607444286,0.6363636363636364,0.20141910631689894,
1925,sim_1925,12,0.0036686028737389176,9.819809204719027e-06,0.3755022385489611,0.0032727566450027053,0.5454545454545454,0.20141910631689894,
1921,sim_1921,12,0.0036686028737389176,1.0035616671071515e-05,0.3793343383973095,0.0038628838552099195,0.6212121212121212,0.20141910631689894,
1915,sim_1915,12,0.0036686028737389176,8.756962806918382e-06,0.3650262247517018,0.002672736848898029,0.5,0.20141910631689894,
1914,sim_1914,12,0.0036686028737389176,1.0817400460143595e-05,0.3832454598711189,0.004345993699281826,0.6818181818181818,0.20141910631689894,
1907,sim_1907,12,0.0036686028737389176,1.9673213701457553e-06,0.37140910639264224,0.0033264870753801096,0.5909090909090909,0.20141910631689894,
579,sim_579,12,0.0036686028737389176,5.852526849347502e-07,0.39234736715845026,0.005167428942279367,0.7575757575757576,0.20141910631689894,
1903,sim_1903,12,0.0036686028737389176,5.914955996273088e-06,0.37119836586472993,0.0027287123169120607,0.5454545454545454,0.20141910631689894,
1902,sim_1902,12,0.0036686028737389176,5.7682187749475425e-06,0.3614764062327329,0.0024219646020541604,0.5,0.20141910631689894,
1897,sim_1897,12,0.0036686028737389176,2.724702723868222e-06,0.3829762322913008,0.00409753350502118,0.6515151515151515,0.20141910631689894,
1896,sim_1896,12,0.0036686028737389176,5.7340027023928525e-06,0.3731462468628793,0.0031045193576654043,0.5757575757575758,0.20141910631689894,
1602,sim_1602,12,0.0036686028737389176,5.8503218038449816e-06,0.36802430243024303,0.0029070822278218058,0.5,0.20141910631689894,
796,sim_796,12,0.0036686028737389176,9.055760696412506e-06,0.37701705855232825,0.003366319463788857,0.6060606060606061,0.20141910631689894,
785,sim_785,12,0.0036686028737389176,2.344855142106401e-06,0.3911743602009089,0.005035268912129987,0.7121212121212122,0.20141910631689894,
1597,sim_1597,12,0.0036686028737389176,1.171123375034253e-05,0.3655565489494859,0.002311957876962189,0.48484848484848486,0.20141910631689894,
2968,sim_2968,12,0.0036686028737389176,8.732708981614835e-06,0.3733592055701404,0.0030243788287580005,0.5454545454545454,0.20141910631689894,
1889,sim_1889,12,0.0036686028737389176,3.901030765283048e-06,0.3855947188494636,0.004232836313584004,0.6363636363636364,0.20141910631689894,
1885,sim_1885,12,0.0036686028737389176,3.45896995519384e-06,0.37563160312356453,0.003561194645741533,0.5757575757575758,0.20141910631689894,
1883,sim_1883,12,0.0036686028737389176,2.543598813992533e-06,0.3834251553159067,0.0041411990317099965,0.6818181818181818,0.20141910631689894,
1882,sim_1882,12,0.0036686028737389176,5.809716802675682e-06,0.3665807463857447,0.0023565364270393607,0.5,0.20141910631689894,
1879,sim_1879,12,0.0036686028737389176,4.516720994270081e-06,0.38070297951582865,0.003725624420672722,0.6666666666666666,0.20141910631689894,
1875,sim_1875,12,0.0036686028737389176,7.595131259272223e-06,0.36251800953119806,0.0020986813049296564,0.5303030303030303,0.20141910631689894,
1872,sim_1872,12,0.0036686028737389176,5.048592032957311e-06,0.36588366890380314,0.0025561918677653563,0.5303030303030303,0.20141910631689894,
606,sim_606,12,0.0036686028737389176,8.846295189007474e-06,0.37344445712980934,0.0032653402175838453,0.5606060606060606,0.20141910631689894,
2961,sim_2961,12,0.0036686028737389176,7.879540009369066e-06,0.35996478485748873,0.0020185871819292773,0.48484848484848486,0.20141910631689894,
602,sim_602,12,0.0036686028737389176,1.6907122505278053e-05,0.38190309398715705,0.003824499841888974,0.5909090909090909,0.20141910631689894,
600,sim_600,12,0.0036686028737389176,4.663586692295921e-06,0.38252835925622736,0.004131216335817339,0.6666666666666666,0.20141910631689894,
2949,sim_2949,12,0.0036686028737389176,5.464822776667901e-06,0.37602023221059894,0.003554937438985215,0.6515151515151515,0.20141910631689894,
593,sim_593,12,0.0036686028737389176,1.529046205401776e-06,0.394333936106088,0.005665340721789279,0.8484848484848485,0.20141910631689894,
1870,sim_1870,12,0.0036686028737389176,4.375803810941854e-06,0.36580183404160144,0.002714087293613942,0.5454545454545454,0.20141910631689894,
1869,sim_1869,12,0.0036686028737389176,6.151934805972906e-06,0.37697360838999655,0.0036453353740459925,0.6363636363636364,0.20141910631689894,
1868,sim_1868,12,0.0036686028737389176,8.424868186899524e-06,0.3727210574293528,0.0029765684174518914,0.5606060606060606,0.20141910631689894,
1867,sim_1867,12,0.0036686028737389176,7.501462450179909e-06,0.3736150770988007,0.002833313116761194,0.5909090909090909,0.20141910631689894,
1864,sim_1864,12,0.0036686028737389176,3.4166404129774266e-06,0.38423587454481384,0.004513099252852946,0.696969696969697,0.20141910631689894,
1860,sim_1860,12,0.0036686028737389176,6.393744083344282e-06,0.3739140374942844,0.0030904798827716302,0.6060606060606061,0.20141910631689894,
1620,sim_1620,12,0.0036686028737389176,1.2805689825894545e-05,0.37170454545454545,0.0028889265802401207,0.5303030303030303,0.20141910631689894,
1615,sim_1615,12,0.0036686028737389176,2.7160189044078086e-06,0.3864146485528647,0.004590979438713964,0.696969696969697,0.20141910631689894,
1613,sim_1613,12,0.0036686028737389176,4.305801821135372e-06,0.37502866315065353,0.002998938528006343,0.5757575757575758,0.20141910631689894,
1605,sim_1605,12,0.0036686028737389176,2.6409537116032895e-05,0.35945054945054944,0.0019717583950783855,0.4696969696969697,0.20141910631689894,
1857,sim_1857,12,0.0036686028737389176,1.3935235796695876e-05,0.37602023221059894,0.0031520300808188803,0.5454545454545454,0.20141910631689894,
2944,sim_2944,12,0.0036686028737389176,1.3935992083204134e-05,0.3733592055701404,0.0028447669265375293,0.5454545454545454,0.20141910631689894,
1849,sim_1849,12,0.0036686028737389176,7.760327861459148e-06,0.3661293933288561,0.002580572101492852,0.5,0.20141910631689894,
1845,sim_1845,12,0.0036686028737389176,2.2802950758159088e-06,0.37753924284395196,0.0034350360783140664,0.5909090909090909,0.20141910631689894,
781,sim_781,12,0.0036686028737389176,5.349485720626735e-06,0.38221547090441693,0.003862510862879963,0.5909090909090909,0.20141910631689894,
773,sim_773,12,0.0036686028737389176,4.752147197059609e-06,0.390008346250149,0.004837374620588555,0.7575757575757576,0.20141910631689894,
770,sim_770,12,0.0036686028737389176,6.491048255432981e-06,0.3868259224219489,0.004209314287057614,0.6060606060606061,0.20141910631689894,
769,sim_769,12,0.0036686028737389176,1.1049864670791595e-05,0.37119836586472993,0.003013556023693967,0.5606060606060606,0.20141910631689894,
1631,sim_1631,12,0.0036686028737389176,7.002244835398778e-06,0.3745562807740753,0.0031089569418757566,0.5757575757575758,0.20141910631689894,
1843,sim_1843,12,0.0036686028737389176,3.6306969140638238e-06,0.37898273664697024,0.0040532656294263005,0.6515151515151515,0.20141910631689894,
1842,sim_1842,12,0.0036686028737389176,5.10559716547941e-06,0.382796957284962,0.004214880845661513,0.7121212121212122,0.20141910631689894,
1841,sim_1841,12,0.0036686028737389176,1.0906904739413274e-05,0.37666973744818055,0.003286522325040335,0.5757575757575758,0.20141910631689894,
1840,sim_1840,12,0.0036686028737389176,2.026018413713469e-06,0.38145772594752186,0.0038626708618584716,0.6515151515151515,0.20141910631689894,
1839,sim_1839,12,0.0036686028737389176,1.6790453605840237e-05,0.37959846814436576,0.0037269423700309586,0.5454545454545454,0.20141910631689894,
1836,sim_1836,12,0.0036686028737389176,8.351599342777041e-06,0.3543110918544194,0.001536466832274423,0.5,0.20141910631689894,
1833,sim_1833,12,0.0036686028737389176,1.394957891882301e-06,0.3778008778008778,0.003972770710174836,0.6666666666666666,0.20141910631689894,
1831,sim_1831,12,0.0036686028737389176,7.792715739305525e-06,0.3756747444584817,0.0036353762587524006,0.6060606060606061,0.20141910631689894,
1824,sim_1824,12,0.0036686028737389176,4.77477462067833e-06,0.37541604499024445,0.0030389453919202726,0.5909090909090909,0.20141910631689894,
763,sim_763,12,0.0036686028737389176,7.081188383578082e-06,0.38742153263058154,0.004767567103510032,0.7727272727272727,0.20141910631689894,
1645,sim_1645,12,0.0036686028737389176,1.7288815544449326e-05,0.3709878643529545,0.0027131367031803205,0.5606060606060606,0.20141910631689894,
1643,sim_1643,12,0.0036686028737389176,7.499117730501282e-06,0.38550383028874485,0.003967886799307481,0.6363636363636364,0.20141910631689894,
1641,sim_1641,12,0.0036686028737389176,1.1662731351071498e-05,0.3711562464541019,0.0030549176790249347,0.5757575757575758,0.20141910631689894,
632,sim_632,12,0.0036686028737389176,2.6864931869440933e-06,0.37937833449315705,0.0038150622869214793,0.6515151515151515,0.20141910631689894,
1816,sim_1816,12,0.0036686028737389176,4.088393860278339e-06,0.3739140374942844,0.0032133893287001896,0.6212121212121212,0.20141910631689894,
1812,sim_1812,12,0.0036686028737389176,6.290241225120005e-06,0.3736150770988007,0.0031614508672038904,0.5454545454545454,0.20141910631689894,
1810,sim_1810,12,0.0036686028737389176,3.562881760907898e-06,0.38252835925622736,0.003875843644296581,0.6363636363636364,0.20141910631689894,
1808,sim_1808,12,0.0036686028737389176,8.318543823571272e-06,0.3780628756356912,0.003740407942600981,0.6363636363636364,0.20141910631689894,
1807,sim_1807,12,0.0036686028737389176,4.497793193373613e-06,0.3689791314156796,0.0028268425244982855,0.6060606060606061,0.20141910631689894,
1803,sim_1803,12,0.0036686028737389176,6.061999230012247e-06,0.36935411020776876,0.0025331683686293537,0.5454545454545454,0.20141910631689894,
1797,sim_1797,12,0.0036686028737389176,5.61302175819494e-06,0.38065867566623995,0.0038132610640864164,0.5606060606060606,0.20141910631689894,
1793,sim_1793,12,0.0036686028737389176,1.92816683910783e-05,0.37697360838999655,0.003251902584826698,0.5303030303030303,0.20141910631689894,
1791,sim_1791,12,0.0036686028737389176,7.89412176956758e-06,0.3816357484540894,0.003910304173886546,0.6212121212121212,0.20141910631689894,
1790,sim_1790,12,0.0036686028737389176,2.3151317082909053e-06,0.3832903679400047,0.004391874856642699,0.6818181818181818,0.20141910631689894,
1788,sim_1788,12,0.0036686028737389176,3.2897713065579547e-06,0.37297605473204104,0.003205960414459566,0.5757575757575758,0.20141910631689894,
1781,sim_1781,12,0.0036686028737389176,7.089417622483208e-06,0.36868800721370604,0.002916833787167809,0.5757575757575758,0.20141910631689894,
1780,sim_1780,12,0.0036686028737389176,4.502909868005097e-06,0.3894047619047619,0.0044296340419696075,0.6818181818181818,0.20141910631689894,
1778,sim_1778,12,0.0036686028737389176,6.1950596084476385e-06,0.37002262443438916,0.0024273744935792226,0.5303030303030303,0.20141910631689894,
1777,sim_1777,12,0.0036686028737389176,1.3825151826441682e-05,0.377277970011534,0.00316916421705039,0.5606060606060606,0.20141910631689894,
725,sim_725,12,0.0036686028737389176,1.8138599353139566e-05,0.3792903525046382,0.0037441616019320305,0.6060606060606061,0.20141910631689894,
746,sim_746,12,0.0036686028737389176,7.403367545007703e-06,0.38043731100255873,0.0038584199929458875,0.6212121212121212,0.20141910631689894,
744,sim_744,12,0.0036686028737389176,7.231024894408814e-06,0.378719462776427,0.003731201158188515,0.5909090909090909,0.20141910631689894,
1658,sim_1658,12,0.0036686028737389176,6.957412765656319e-06,0.37031586097588587,0.0030403427512223076,0.5606060606060606,0.20141910631689894,
1655,sim_1655,12,0.0036686028737389176,6.576475652315172e-06,0.3923003118253778,0.004988511996311054,0.7272727272727273,0.20141910631689894,
667,sim_667,12,0.0036686028737389176,5.199565923615185e-06,0.3891268141803474,0.004610529103212958,0.7272727272727273,0.20141910631689894,
660,sim_660,12,0.0036686028737389176,8.630616420531095e-06,0.37732149036797785,0.003681373208193213,0.5757575757575758,0.20141910631689894,
657,sim_657,12,0.0036686028737389176,1.3001809187161228e-05,0.38423587454481384,0.004093710497360474,0.6818181818181818,0.20141910631689894,
1774,sim_1774,12,0.0036686028737389176,2.0885344899570015e-05,0.3792463768115942,0.003530056292390716,0.5151515151515151,0.20141910631689894,
1771,sim_1771,12,0.0036686028737389176,5.894723762075352e-06,0.3820369072646578,0.0038427340238350286,0.6818181818181818,0.20141910631689894,
1768,sim_1768,12,0.0036686028737389176,5.575707912823852e-06,0.36860491322965966,0.002670777874111149,0.5606060606060606,0.20141910631689894,
1764,sim_1764,12,0.0036686028737389176,2.3300197878082867e-06,0.3797306710006965,0.0036463919295895673,0.6363636363636364,0.20141910631689894,
1682,sim_1682,12,0.0036686028737389176,2.037023596054776e-05,0.37276353276353275,0.003029626872480975,0.5151515151515151,0.20141910631689894,
2937,sim_2937,12,0.0036686028737389176,1.0012981618903576e-05,0.35901657337284604,0.0019705943023062816,0.5,0.20141910631689894,
733,sim_733,12,0.0036686028737389176,8.527006833038394e-06,0.369479272562973,0.002822037400154612,0.5757575757575758,0.20141910631689894,
727,sim_727,12,0.0036686028737389176,9.856419915295924e-07,0.38847980997624704,0.004713507341509067,0.7121212121212122,0.20141910631689894,
3144,sim_3144,12,0.0036686028737389176,6.576960300896585e-06,0.37284851248147727,0.0029613205502407374,0.5909090909090909,0.20141910631689894,
1752,sim_1752,12,0.0036686028737389176,1.3121365461442186e-05,0.3655565489494859,0.002005420322042258,0.5151515151515151,0.20141910631689894,
1747,sim_1747,12,0.0036686028737389176,3.6321994040797783e-06,0.37429911889232176,0.0033708026033987225,0.5606060606060606,0.20141910631689894,
676,sim_676,12,0.0036686028737389176,6.404320660881589e-06,0.37477085242896424,0.003373243053333873,0.5454545454545454,0.20141910631689894,
674,sim_674,12,0.0036686028737389176,3.2219676988833124e-06,0.3909405999760966,0.004795281473462733,0.7878787878787878,0.20141910631689894,
1743,sim_1743,12,0.0036686028737389176,7.414101719654933e-06,0.3664164893021172,0.002337802793586965,0.5303030303030303,0.20141910631689894,
2924,sim_2924,12,0.0036686028737389176,1.1843738327794268e-05,0.378719462776427,0.0033074851035720418,0.5757575757575758,0.20141910631689894,
1732,sim_1732,12,0.0036686028737389176,4.706054392297643e-06,0.36682740832118427,0.0025756242348255365,0.5303030303030303,0.20141910631689894,
1731,sim_1731,12,0.0036686028737389176,5.974601026944742e-06,0.37340182648401826,0.0032083517796257445,0.5757575757575758,0.20141910631689894,
703,sim_703,12,0.0036686028737389176,1.4699173153600181e-06,0.38212616822429907,0.004008525269164678,0.6060606060606061,0.20141910631689894,
702,sim_702,12,0.0036686028737389176,2.3141891222591193e-05,0.37955442097934555,0.0036268960641115144,0.5606060606060606,0.20141910631689894,
2915,sim_2915,12,0.0036686028737389176,7.683134810937454e-06,0.3671568077225278,0.002612488690412572,0.5606060606060606,0.20141910631689894,
1727,sim_1727,12,0.0036686028737389176,6.463931288944648e-06,0.38401033106363,0.004068408836891697,0.696969696969697,0.20141910631689894,
1723,sim_1723,12,0.0036686028737389176,8.446391667964613e-06,0.37140910639264224,0.0028932914983934256,0.5606060606060606,0.20141910631689894,
1719,sim_1719,12,0.0036686028737389176,6.4331698103740845e-06,0.3857766246019578,0.004034314815509102,0.6212121212121212,0.20141910631689894,
716,sim_716,12,0.0036686028737389176,6.5873623704017455e-06,0.3776700150098141,0.00351270147710084,0.6818181818181818,0.20141910631689894,
1131,sim_1131,12,0.0036686028737389176,4.9705647662043516e-06,0.3730185882084616,0.002968342015236832,0.5606060606060606,0.20141910631689894,
709,sim_709,12,0.0036686028737389176,1.2468019949181509e-05,0.37636635600046026,0.003364147721609979,0.5757575757575758,0.20141910631689894,
707,sim_707,12,0.0036686028737389176,7.690949364225751e-06,0.3739995426480677,0.003488364321399309,0.5909090909090909,0.20141910631689894,
1694,sim_1694,12,0.0036686028737389176,8.175503983181845e-06,0.37225446682599295,0.002985758711879479,0.5303030303030303,0.20141910631689894,
1693,sim_1693,12,0.0036686028737389176,7.655631663141827e-06,0.37031586097588587,0.003084038953320213,0.5606060606060606,0.20141910631689894,
1688,sim_1688,12,0.0036686028737389176,1.699709259159447e-05,0.3671568077225278,0.0024676701533074795,0.5,0.20141910631689894,
1687,sim_1687,12,0.0036686028737389176,2.876631358880805e-05,0.3818585103899136,0.003871285763070355,0.5757575757575758,0.20141910631689894,
1686,sim_1686,12,0.0036686028737389176,6.283067932875788e-06,0.38261785004094045,0.004338963948332124,0.6666666666666666,0.20141910631689894,
1684,sim_1684,12,0.0036686028737389176,2.6737436590270265e-05,0.3815022160018661,0.0038758944403384644,0.5909090909090909,0.20141910631689894,
1716,sim_1716,12,0.0036686028737389176,6.552426357629871e-06,0.39038071368898436,0.004627837963226297,0.6515151515151515,0.20141910631689894,
1713,sim_1713,12,0.0036686028737389176,2.213246451299658e-05,0.37485674994269996,0.002907326002963663,0.5,0.20141910631689894,
1707,sim_1707,12,0.0036686028737389176,2.161382427164478e-06,0.39234736715845026,0.005065938486229949,0.7727272727272727,0.20141910631689894,
1705,sim_1705,12,0.0036686028737389176,6.565844205897962e-06,0.3739140374942844,0.003412792142268872,0.5909090909090909,0.20141910631689894,
1704,sim_1704,12,0.0036686028737389176,1.1046576013064793e-05,0.36340406621486504,0.002488377206434773,0.5,0.20141910631689894,
2911,sim_2911,12,0.0036686028737389176,5.852056936388642e-06,0.3774521117009001,0.003410990148686865,0.6060606060606061,0.20141910631689894,
3143,sim_3143,12,0.0036686028737389176,1.0433498872718324e-05,0.35461838681699914,0.001422811235842232,0.4696969696969697,0.20141910631689894,
2302,sim_2302,11,0.003362885967594008,2.1801039764978035e-06,0.37464207994502347,0.00339050500838281,0.6363636363636364,0.20141910631689894,
1991,sim_1991,11,0.003362885967594008,4.6161388461759815e-06,0.364822663395048,0.0025139715160919533,0.5636363636363636,0.20141910631689894,
636,sim_636,11,0.003362885967594008,3.768934156496871e-06,0.38401033106363,0.004349685406564915,0.7636363636363637,0.20141910631689894,
2367,sim_2367,11,0.003362885967594008,3.954811865565277e-06,0.379026651216686,0.0035541386354938686,0.7090909090909091,0.20141910631689894,
789,sim_789,11,0.003362885967594008,3.735811343983904e-06,0.3724240009108505,0.003174765777901448,0.6909090909090909,0.20141910631689894,
2360,sim_2360,11,0.003362885967594008,7.885670852573774e-06,0.3757178957041121,0.003345928177657087,0.6,0.20141910631689894,
832,sim_832,11,0.003362885967594008,5.337876672694471e-06,0.377582823502251,0.0034417091650966163,0.6545454545454545,0.20141910631689894,
653,sim_653,11,0.003362885967594008,3.3405641335213755e-06,0.37880718008106545,0.0039499512505897115,0.7272727272727273,0.20141910631689894,
1396,sim_1396,11,0.003362885967594008,8.796085555443909e-07,0.37819401086830845,0.0037963400559229837,0.7818181818181819,0.20141910631689894,
853,sim_853,11,0.003362885967594008,6.169162034279153e-06,0.38127986944865366,0.0037690843642250436,0.6545454545454545,0.20141910631689894,
2350,sim_2350,11,0.003362885967594008,8.688174105694457e-06,0.3766263672999424,0.0031752352357678447,0.6545454545454545,0.20141910631689894,
1430,sim_1430,11,0.003362885967594008,1.558268167858198e-06,0.3806143821270654,0.003967475156814849,0.7272727272727273,0.20141910631689894,
381,sim_381,11,0.003362885967594008,6.275335697926821e-06,0.378719462776427,0.003538300439802639,0.6181818181818182,0.20141910631689894,
353,sim_353,11,0.003362885967594008,5.268023603870766e-06,0.3919242751018452,0.0049553638034131745,0.8,0.20141910631689894,
761,sim_761,11,0.003362885967594008,2.8751165034970657e-06,0.3928185420919899,0.005142291552871204,0.8181818181818182,0.20141910631689894,
2026,sim_2026,11,0.003362885967594008,3.2825201388072973e-06,0.36943754235373844,0.0027558610059659782,0.6,0.20141910631689894,
813,sim_813,11,0.003362885967594008,3.7559357822204487e-06,0.38875683384834797,0.004532701224380745,0.7636363636363637,0.20141910631689894,
967,sim_967,11,0.003362885967594008,4.495238532112809e-06,0.3690207581227437,0.0025619004016055923,0.6727272727272727,0.20141910631689894,
2060,sim_2060,11,0.003362885967594008,4.218926920199842e-06,0.3708616780045351,0.0031038514296140743,0.6181818181818182,0.20141910631689894,
2071,sim_2071,11,0.003362885967594008,2.1721618423507902e-06,0.3774521117009001,0.0036346943274243333,0.7090909090909091,0.20141910631689894,
2218,sim_2218,11,0.003362885967594008,3.2469264291157172e-06,0.37589059986210066,0.0032766118150356362,0.6909090909090909,0.20141910631689894,
2135,sim_2135,11,0.003362885967594008,4.310339211188486e-06,0.37421347671891086,0.0031627806263102203,0.6545454545454545,0.20141910631689894,
1928,sim_1928,11,0.003362885967594008,2.821868996363161e-06,0.3638891979085549,0.0024971675232590843,0.6363636363636364,0.20141910631689894,
1330,sim_1330,11,0.003362885967594008,4.732055519582178e-06,0.3753298909925416,0.003221812995265645,0.6545454545454545,0.20141910631689894,
745,sim_745,11,0.003362885967594008,7.567069870734607e-07,0.3841005166744951,0.004598362437573451,0.8,0.20141910631689894,
974,sim_974,11,0.003362885967594008,1.1226154497725219e-06,0.3784127718648774,0.003715223846890753,0.6727272727272727,0.20141910631689894,
830,sim_830,11,0.003362885967594008,1.825866268094234e-06,0.384733003999059,0.004297265455738098,0.7272727272727273,0.20141910631689894,
2112,sim_2112,11,0.003362885967594008,4.252893824090667e-06,0.3709878643529545,0.002886565650049141,0.6727272727272727,0.20141910631689894,
1297,sim_1297,11,0.003362885967594008,2.7001576324897664e-06,0.36535239584496815,0.002239064676017698,0.6,0.20141910631689894,
2525,sim_2525,11,0.003362885967594008,2.5479430636334983e-06,0.38043731100255873,0.0035453150257694806,0.6909090909090909,0.20141910631689894,
1291,sim_1291,11,0.003362885967594008,5.416811871374869e-06,0.3659246000671216,0.002296025689073869,0.6,0.20141910631689894,
1008,sim_1008,11,0.003362885967594008,5.046584291277718e-06,0.38288657380311364,0.004419098783271543,0.7272727272727273,0.20141910631689894,
1046,sim_1046,11,0.003362885967594008,3.1478763087772345e-06,0.37149346961953433,0.0029735052053642534,0.5818181818181818,0.20141910631689894,
2644,sim_2644,11,0.003362885967594008,4.2821006837503375e-06,0.3672804850662475,0.002656829716702059,0.6,0.20141910631689894,
2678,sim_2678,11,0.003362885967594008,6.179128991574474e-06,0.36666293016477974,0.0025528360500424864,0.6,0.20141910631689894,
1179,sim_1179,11,0.003362885967594008,5.285580252726716e-06,0.3801278326554329,0.0034065449347603837,0.6,0.20141910631689894,
1182,sim_1182,11,0.003362885967594008,3.3707026885943594e-06,0.3885721073889285,0.004530694521848594,0.7636363636363637,0.20141910631689894,
1121,sim_1121,11,0.003362885967594008,1.7091731448030413e-06,0.3730611313868613,0.002904678435121212,0.5818181818181818,0.20141910631689894,
1129,sim_1129,11,0.003362885967594008,4.73139757805784e-06,0.37942234079573134,0.003590255212914095,0.7090909090909091,0.20141910631689894,
3115,sim_3115,11,0.003362885967594008,5.1580566268969865e-06,0.37149346961953433,0.002621132159805567,0.5818181818181818,0.20141910631689894,
1153,sim_1153,11,0.003362885967594008,5.194909563697565e-06,0.37276353276353275,0.003066610128817669,0.6363636363636364,0.20141910631689894,
3251,sim_3251,6,0.0018343014368694588,0.0,0.36535239584496815,0.0019576992877586587,1.0,0.20141910631689894,
3224,sim_3224,6,0.0018343014368694588,0.0,0.3543878656554713,0.0012050072889474774,1.0,0.20141910631689894,
3244,sim_3244,6,0.0018343014368694588,0.0,0.36111724442481785,0.0016007911960888843,1.0,0.20141910631689894,
1137,sim_1137,6,0.0018343014368694588,0.0,0.35776003499945314,0.0017481181602731703,1.0,0.20141910631689894,
1139,sim_1139,6,0.0018343014368694588,0.0,0.36139653077008066,0.0017265194107059032,1.0,0.20141910631689894,
3271,sim_3271,6,0.0018343014368694588,0.0,0.3472767809746258,0.0008548486334041402,1.0,0.20141910631689894,
3252,sim_3252,6,0.0018343014368694588,0.0,0.3598855759709539,0.0017695795465984341,1.0,0.20141910631689894,
3225,sim_3225,6,0.0018343014368694588,0.0,0.369729851927207,0.0021797095427973793,1.0,0.20141910631689894,
3226,sim_3226,6,0.0018343014368694588,0.0,0.3543110918544194,0.0014429267836429725,1.0,0.20141910631689894,
3227,sim_3227,6,0.0018343014368694588,0.0,0.3605997133722853,0.0017050979901111624,1.0,0.20141910631689894,
3228,sim_3228,6,0.0018343014368694588,0.0,0.3549647314161693,0.0013991538353257198,1.0,0.20141910631689894,
3229,sim_3229,6,0.0018343014368694588,0.0,0.3630813630813631,0.0021507207142652633,1.0,0.20141910631689894,
3230,sim_3230,6,0.0018343014368694588,0.0,0.34783071033602725,0.0009830959199493324,1.0,0.20141910631689894,
3231,sim_3231,6,0.0018343014368694588,0.0,0.3657609303365761,0.002004380885143573,1.0,0.20141910631689894,
3232,sim_3232,6,0.0018343014368694588,0.0,0.35134264232008594,0.0011298470968919563,1.0,0.20141910631689894,
3233,sim_3233,6,0.0018343014368694588,0.0,0.3643350412118512,0.001782187477763268,1.0,0.20141910631689894,
3234,sim_3234,6,0.0018343014368694588,0.0,0.3602026208567338,0.0019495297773352946,1.0,0.20141910631689894,
3241,sim_3241,6,0.0018343014368694588,0.0,0.35408096990690624,0.0011663045896880319,1.0,0.20141910631689894,
1701,sim_1701,6,0.0018343014368694588,0.0,0.3607190119100132,0.0017785701744760542,1.0,0.20141910631689894,
1703,sim_1703,6,0.0018343014368694588,0.0,0.369062394223175,0.0023131847434916743,1.0,0.20141910631689894,
1706,sim_1706,6,0.0018343014368694588,0.0,0.3635252278284063,0.002128541644551659,1.0,0.20141910631689894,
1708,sim_1708,6,0.0018343014368694588,0.0,0.370525600362483,0.002468766007415052,1.0,0.20141910631689894,
1710,sim_1710,6,0.0018343014368694588,0.0,0.3671568077225278,0.002136906450595378,1.0,0.20141910631689894,
1712,sim_1712,6,0.0018343014368694588,0.0,0.3638891979085549,0.001966816843855445,1.0,0.20141910631689894,
1714,sim_1714,6,0.0018343014368694588,0.0,0.354579945799458,0.0016357305940913796,1.0,0.20141910631689894,
1715,sim_1715,6,0.0018343014368694588,0.0,0.36678627494954025,0.0022373927308187262,1.0,0.20141910631689894,
1717,sim_1717,6,0.0018343014368694588,0.0,0.36703321364452424,0.0020759384143793484,1.0,0.20141910631689894,
1718,sim_1718,6,0.0018343014368694588,0.0,0.3627592325607186,0.00183805820741796,1.0,0.20141910631689894,
1685,sim_1685,6,0.0018343014368694588,0.0,0.3620365246264527,0.001893585298657943,1.0,0.20141910631689894,
1689,sim_1689,6,0.0018343014368694588,0.0,0.3587016120188617,0.0015485189840004651,1.0,0.20141910631689894,
1695,sim_1695,6,0.0018343014368694588,0.0,0.368895906168941,0.0024514076821770293,1.0,0.20141910631689894,
712,sim_712,6,0.0018343014368694588,0.0,0.37374314442413165,0.002734067902827873,1.0,0.20141910631689894,
1696,sim_1696,6,0.0018343014368694588,0.0,0.369729851927207,0.002348786200339689,1.0,0.20141910631689894,
1700,sim_1700,6,0.0018343014368694588,0.0,0.36629339305711084,0.002032434762006875,1.0,0.20141910631689894,
1720,sim_1720,6,0.0018343014368694588,0.0,0.3655565489494859,0.0020787228582111253,1.0,0.20141910631689894,
1722,sim_1722,6,0.0018343014368694588,0.0,0.35058949624866026,0.0011787968040074238,1.0,0.20141910631689894,
1725,sim_1725,6,0.0018343014368694588,0.0,0.3688543076229138,0.002337302618853672,1.0,0.20141910631689894,
692,sim_692,6,0.0018343014368694588,0.0,0.3749856700676373,0.0031232617653695325,1.0,0.20141910631689894,
693,sim_693,6,0.0018343014368694588,0.0,0.3663344159480345,0.0024951606943679956,1.0,0.20141910631689894,
697,sim_697,6,0.0018343014368694588,0.0,0.3717890429643101,0.0027795786550490003,1.0,0.20141910631689894,
700,sim_700,6,0.0018343014368694588,0.0,0.36843883757603063,0.0024186625487129555,1.0,0.20141910631689894,
701,sim_701,6,0.0018343014368694588,0.0,0.36877113866967304,0.002576269776636798,1.0,0.20141910631689894,
1729,sim_1729,6,0.0018343014368694588,0.0,0.37174678940788725,0.002584161641385357,1.0,0.20141910631689894,
1733,sim_1733,6,0.0018343014368694588,0.0,0.36977164820257746,0.0025301432221126953,1.0,0.20141910631689894,
1735,sim_1735,6,0.0018343014368694588,0.0,0.3577209098862642,0.0017490514403795381,1.0,0.20141910631689894,
1736,sim_1736,6,0.0018343014368694588,0.0,0.3613566062748564,0.001692438900122122,1.0,0.20141910631689894,
1737,sim_1737,6,0.0018343014368694588,0.0,0.3570181183147784,0.001622236530409612,1.0,0.20141910631689894,
1738,sim_1738,6,0.0018343014368694588,0.0,0.3768867381034681,0.002844292858074966,1.0,0.20141910631689894,
1739,sim_1739,6,0.0018343014368694588,0.0,0.3684803424580376,0.002634497019135869,1.0,0.20141910631689894,
1741,sim_1741,6,0.0018343014368694588,0.0,0.35862295800899024,0.0017524736034945617,1.0,0.20141910631689894,
673,sim_673,6,0.0018343014368694588,0.0,0.369729851927207,0.002515465144120073,1.0,0.20141910631689894,
687,sim_687,6,0.0018343014368694588,0.0,0.3649040606871932,0.002101040786287617,1.0,0.20141910631689894,
1744,sim_1744,6,0.0018343014368694588,0.0,0.3650669642857143,0.002051263861434948,1.0,0.20141910631689894,
1746,sim_1746,6,0.0018343014368694588,0.0,0.3672392500280678,0.00209353237083731,1.0,0.20141910631689894,
1748,sim_1748,6,0.0018343014368694588,0.0,0.36163626312880043,0.0018712125214461026,1.0,0.20141910631689894,
1749,sim_1749,6,0.0018343014368694588,0.0,0.34823804961141275,0.000953682691152939,1.0,0.20141910631689894,
1750,sim_1750,6,0.0018343014368694588,0.0,0.3607587956325135,0.0018607680000469148,1.0,0.20141910631689894,
1753,sim_1753,6,0.0018343014368694588,0.0,0.36864645553927644,0.0023880188166458425,1.0,0.20141910631689894,
1755,sim_1755,6,0.0018343014368694588,0.0,0.359174261557044,0.0016306697462952233,1.0,0.20141910631689894,
1756,sim_1756,6,0.0018343014368694588,0.0,0.3585050416483998,0.0015813127747300703,1.0,0.20141910631689894,
1757,sim_1757,6,0.0018343014368694588,0.0,0.3527825711820535,0.0012855151852737463,1.0,0.20141910631689894,
1758,sim_1758,6,0.0018343014368694588,0.0,0.36111724442481785,0.002033685397212798,1.0,0.20141910631689894,
1759,sim_1759,6,0.0018343014368694588,0.0,0.37077760145091815,0.0025633061768973327,1.0,0.20141910631689894,
1760,sim_1760,6,0.0018343014368694588,0.0,0.3720427661510464,0.0026521549558721587,1.0,0.20141910631689894,
1761,sim_1761,6,0.0018343014368694588,0.0,0.3691040397201535,0.0024811489811824047,1.0,0.20141910631689894,
1762,sim_1762,6,0.0018343014368694588,0.0,0.3596877061798988,0.0018923189223065007,1.0,0.20141910631689894,
1763,sim_1763,6,0.0018343014368694588,0.0,0.36364647026125624,0.002085298737858547,1.0,0.20141910631689894,
732,sim_732,6,0.0018343014368694588,0.0,0.3684803424580376,0.0027603471764682387,1.0,0.20141910631689894,
1666,sim_1666,6,0.0018343014368694588,0.0,0.37451339592397526,0.0028201705950838076,1.0,0.20141910631689894,
1669,sim_1669,6,0.0018343014368694588,0.0,0.34905559705474337,0.0010444627629901126,1.0,0.20141910631689894,
1671,sim_1671,6,0.0018343014368694588,0.0,0.354579945799458,0.0014229032046648277,1.0,0.20141910631689894,
1672,sim_1672,6,0.0018343014368694588,0.0,0.3677760287834495,0.0021507396536359982,1.0,0.20141910631689894,
1673,sim_1673,6,0.0018343014368694588,0.0,0.366252379352816,0.002091711312106772,1.0,0.20141910631689894,
1674,sim_1674,6,0.0018343014368694588,0.0,0.3676106990334907,0.002232902874004627,1.0,0.20141910631689894,
1677,sim_1677,6,0.0018343014368694588,0.0,0.34779372674109515,0.0009816035649416921,1.0,0.20141910631689894,
1678,sim_1678,6,0.0018343014368694588,0.0,0.3708616780045351,0.0021432049034939686,1.0,0.20141910631689894,
1679,sim_1679,6,0.0018343014368694588,0.0,0.36877113866967304,0.0025289300988133507,1.0,0.20141910631689894,
1681,sim_1681,6,0.0018343014368694588,0.0,0.3538511466897447,0.0012844899523249667,1.0,0.20141910631689894,
1683,sim_1683,6,0.0018343014368694588,0.0,0.3767565077171159,0.003039994052683477,1.0,0.20141910631689894,
1765,sim_1765,6,0.0018343014368694588,0.0,0.3543878656554713,0.0015178416980584555,1.0,0.20141910631689894,
1767,sim_1767,6,0.0018343014368694588,0.0,0.3619564014606617,0.0021042798836686544,1.0,0.20141910631689894,
1769,sim_1769,6,0.0018343014368694588,0.0,0.35984598459845984,0.001650785856618566,1.0,0.20141910631689894,
1770,sim_1770,6,0.0018343014368694588,0.0,0.3690207581227437,0.002217830450113869,1.0,0.20141910631689894,
1772,sim_1772,6,0.0018343014368694588,0.0,0.36998077140594954,0.0025446034244895554,1.0,0.20141910631689894,
1773,sim_1773,6,0.0018343014368694588,0.0,0.3612368856985091,0.0016069931795232857,1.0,0.20141910631689894,
1775,sim_1775,6,0.0018343014368694588,0.0,0.3767565077171159,0.0030099450620760452,1.0,0.20141910631689894,
659,sim_659,6,0.0018343014368694588,0.0,0.37348709751084724,0.002805778245425548,1.0,0.20141910631689894,
1776,sim_1776,6,0.0018343014368694588,0.0,0.3670744024239704,0.002236230019312952,1.0,0.20141910631689894,
1652,sim_1652,6,0.0018343014368694588,0.0,0.3648633575013943,0.0022244039459426556,1.0,0.20141910631689894,
1653,sim_1653,6,0.0018343014368694588,0.0,0.3534687702615085,0.0015676938684747606,1.0,0.20141910631689894,
1654,sim_1654,6,0.0018343014368694588,0.0,0.35901657337284604,0.0016059311106715005,1.0,0.20141910631689894,
1660,sim_1660,6,0.0018343014368694588,0.0,0.36139653077008066,0.001975039126397202,1.0,0.20141910631689894,
1662,sim_1662,6,0.0018343014368694588,0.0,0.36401068328511016,0.001890936032933494,1.0,0.20141910631689894,
1663,sim_1663,6,0.0018343014368694588,0.0,0.3750716660933379,0.0026527251813572143,1.0,0.20141910631689894,
736,sim_736,6,0.0018343014368694588,0.0,0.36810713481881613,0.0024320901192426162,1.0,0.20141910631689894,
747,sim_747,6,0.0018343014368694588,0.0,0.37323140118667275,0.0026140047987766547,1.0,0.20141910631689894,
748,sim_748,6,0.0018343014368694588,0.0,0.3714512832159891,0.0025487763779937786,1.0,0.20141910631689894,
720,sim_720,6,0.0018343014368694588,0.0,0.36510771291438776,0.002198089461983432,1.0,0.20141910631689894,
1779,sim_1779,6,0.0018343014368694588,0.0,0.36409171861086376,0.002039438326278547,1.0,0.20141910631689894,
1785,sim_1785,6,0.0018343014368694588,0.0,0.35952956693778854,0.0015141065780500014,1.0,0.20141910631689894,
1786,sim_1786,6,0.0018343014368694588,0.0,0.36802430243024303,0.0024728417096951776,1.0,0.20141910631689894,
1787,sim_1787,6,0.0018343014368694588,0.0,0.36478197836511655,0.0019914073435423263,1.0,0.20141910631689894,
1789,sim_1789,6,0.0018343014368694588,0.0,0.3522886375875067,0.0013083122771209883,1.0,0.20141910631689894,
641,sim_641,6,0.0018343014368694588,0.0,0.371324781473493,0.002646504400012075,1.0,0.20141910631689894,
650,sim_650,6,0.0018343014368694588,0.0,0.37576105686387135,0.0031468561051574938,1.0,0.20141910631689894,
1794,sim_1794,6,0.0018343014368694588,0.0,0.3690207581227437,0.0021786734263256474,1.0,0.20141910631689894,
1796,sim_1796,6,0.0018343014368694588,0.0,0.36409171861086376,0.0019757535608158697,1.0,0.20141910631689894,
1798,sim_1798,6,0.0018343014368694588,0.0,0.3629202263397315,0.001846005135240268,1.0,0.20141910631689894,
1800,sim_1800,6,0.0018343014368694588,0.0,0.3629202263397315,0.002260083178682164,1.0,0.20141910631689894,
1801,sim_1801,6,0.0018343014368694588,0.0,0.3708616780045351,0.0025647832187433452,1.0,0.20141910631689894,
1802,sim_1802,6,0.0018343014368694588,0.0,0.3541959935029778,0.0012543557420824638,1.0,0.20141910631689894,
1806,sim_1806,6,0.0018343014368694588,0.0,0.3666218336695808,0.002539646994252963,1.0,0.20141910631689894,
1809,sim_1809,6,0.0018343014368694588,0.0,0.36559740695205095,0.002107297825605997,1.0,0.20141910631689894,
1811,sim_1811,6,0.0018343014368694588,0.0,0.3755884716959467,0.002708135274041768,1.0,0.20141910631689894,
1813,sim_1813,6,0.0018343014368694588,0.0,0.3573691685786081,0.001658697021801752,1.0,0.20141910631689894,
1815,sim_1815,6,0.0018343014368694588,0.0,0.3526304441569642,0.001289244169147964,1.0,0.20141910631689894,
1817,sim_1817,6,0.0018343014368694588,0.0,0.35854433848514744,0.0015951328003946138,1.0,0.20141910631689894,
1818,sim_1818,6,0.0018343014368694588,0.0,0.35933208832253105,0.0016935463694338231,1.0,0.20141910631689894,
1820,sim_1820,6,0.0018343014368694588,0.0,0.359174261557044,0.0014569966345567339,1.0,0.20141910631689894,
1821,sim_1821,6,0.0018343014368694588,0.0,0.35519600390921924,0.0014615005251850106,1.0,0.20141910631689894,
1822,sim_1822,6,0.0018343014368694588,0.0,0.3639701791476577,0.0019191436137243761,1.0,0.20141910631689894,
1823,sim_1823,6,0.0018343014368694588,0.0,0.36588366890380314,0.0019677381185677174,1.0,0.20141910631689894,
624,sim_624,6,0.0018343014368694588,0.0,0.3753729630479688,0.002900510791639527,1.0,0.20141910631689894,
629,sim_629,6,0.0018343014368694588,0.0,0.38101339545719276,0.0032205009911914985,1.0,0.20141910631689894,
634,sim_634,6,0.0018343014368694588,0.0,0.3707355774679814,0.0027848629281603783,1.0,0.20141910631689894,
635,sim_635,6,0.0018343014368694588,0.0,0.36207659951295107,0.0020451476653272614,1.0,0.20141910631689894,
638,sim_638,6,0.0018343014368694588,0.0,0.37417067032715623,0.0028148690954282515,1.0,0.20141910631689894,
639,sim_639,6,0.0018343014368694588,0.0,0.37701705855232825,0.002971487298903763,1.0,0.20141910631689894,
1633,sim_1633,6,0.0018343014368694588,0.0,0.36103752759381896,0.001716332953304123,1.0,0.20141910631689894,
1634,sim_1634,6,0.0018343014368694588,0.0,0.366047448522829,0.0021662093503876834,1.0,0.20141910631689894,
1636,sim_1636,6,0.0018343014368694588,0.0,0.3725936894862741,0.0025649736132009812,1.0,0.20141910631689894,
1637,sim_1637,6,0.0018343014368694588,0.0,0.36922903262219214,0.0025393668708707687,1.0,0.20141910631689894,
1638,sim_1638,6,0.0018343014368694588,0.0,0.3576426853269189,0.0015241132960473738,1.0,0.20141910631689894,
1644,sim_1644,6,0.0018343014368694588,0.0,0.3706515580736544,0.002302113542586863,1.0,0.20141910631689894,
1647,sim_1647,6,0.0018343014368694588,0.0,0.3596877061798988,0.0015557821281472854,1.0,0.20141910631689894,
752,sim_752,6,0.0018343014368694588,0.0,0.37276353276353275,0.002537684261315142,1.0,0.20141910631689894,
1648,sim_1648,6,0.0018343014368694588,0.0,0.3618362831858407,0.00178426474172557,1.0,0.20141910631689894,
1649,sim_1649,6,0.0018343014368694588,0.0,0.3591348265261309,0.001789045380688934,1.0,0.20141910631689894,
1651,sim_1651,6,0.0018343014368694588,0.0,0.3754591368227732,0.0027771045416697367,1.0,0.20141910631689894,
1825,sim_1825,6,0.0018343014368694588,0.0,0.36247783687943264,0.002035259459410895,1.0,0.20141910631689894,
1826,sim_1826,6,0.0018343014368694588,0.0,0.35297291464335817,0.0013135175239978342,1.0,0.20141910631689894,
1828,sim_1828,6,0.0018343014368694588,0.0,0.35945054945054944,0.0016167543720073006,1.0,0.20141910631689894,
1832,sim_1832,6,0.0018343014368694588,0.0,0.3687295682561154,0.002309694087539557,1.0,0.20141910631689894,
1834,sim_1834,6,0.0018343014368694588,0.0,0.3588196577446248,0.0015239661819371024,1.0,0.20141910631689894,
1835,sim_1835,6,0.0018343014368694588,0.0,0.3619964586100044,0.001991722193430078,1.0,0.20141910631689894,
1838,sim_1838,6,0.0018343014368694588,0.0,0.3698134539287733,0.0023996737202588814,1.0,0.20141910631689894,
1621,sim_1621,6,0.0018343014368694588,0.0,0.3699389278443791,0.0022263608086107805,1.0,0.20141910631689894,
1623,sim_1623,6,0.0018343014368694588,0.0,0.370148240353061,0.0024203568173656676,1.0,0.20141910631689894,
1624,sim_1624,6,0.0018343014368694588,0.0,0.3536598551194724,0.0011494532777649505,1.0,0.20141910631689894,
1625,sim_1625,6,0.0018343014368694588,0.0,0.36765201753400023,0.0021493101738170157,1.0,0.20141910631689894,
1627,sim_1627,6,0.0018343014368694588,0.0,0.363686902379364,0.0022110960209274755,1.0,0.20141910631689894,
1628,sim_1628,6,0.0018343014368694588,0.0,0.35826944140197153,0.0017755315895094197,1.0,0.20141910631689894,
1629,sim_1629,6,0.0018343014368694588,0.0,0.3558142064614381,0.0015782253403476723,1.0,0.20141910631689894,
1630,sim_1630,6,0.0018343014368694588,0.0,0.3666218336695808,0.0021591857246990556,1.0,0.20141910631689894,
777,sim_777,6,0.0018343014368694588,0.0,0.3674867992360409,0.0024935608282204325,1.0,0.20141910631689894,
783,sim_783,6,0.0018343014368694588,0.0,0.36703321364452424,0.002451981604395547,1.0,0.20141910631689894,
1632,sim_1632,6,0.0018343014368694588,0.0,0.3628799644996672,0.0020033561912363874,1.0,0.20141910631689894,
1844,sim_1844,6,0.0018343014368694588,0.0,0.3664164893021172,0.0024413062126982044,1.0,0.20141910631689894,
1848,sim_1848,6,0.0018343014368694588,0.0,0.37378585304536627,0.002469808610813851,1.0,0.20141910631689894,
1850,sim_1850,6,0.0018343014368694588,0.0,0.36674515080165937,0.0022125258004307624,1.0,0.20141910631689894,
1852,sim_1852,6,0.0018343014368694588,0.0,0.36584274689632035,0.0022122371368955293,1.0,0.20141910631689894,
1853,sim_1853,6,0.0018343014368694588,0.0,0.33425301451052525,0.00041562167714299383,1.0,0.20141910631689894,
1854,sim_1854,6,0.0018343014368694588,0.0,0.3650669642857143,0.0020657857808123467,1.0,0.20141910631689894,
614,sim_614,6,0.0018343014368694588,0.0,0.37666973744818055,0.0027804739506867206,1.0,0.20141910631689894,
615,sim_615,6,0.0018343014368694588,0.0,0.3623975182805229,0.002261705529904059,1.0,0.20141910631689894,
616,sim_616,6,0.0018343014368694588,0.0,0.3748997134670487,0.0029869004373645094,1.0,0.20141910631689894,
618,sim_618,6,0.0018343014368694588,0.0,0.3669508638097375,0.002492522520947335,1.0,0.20141910631689894,
1856,sim_1856,6,0.0018343014368694588,0.0,0.3522506999784622,0.0011745918717408444,1.0,0.20141910631689894,
1859,sim_1859,6,0.0018343014368694588,0.0,0.3683973420430229,0.002302634981822331,1.0,0.20141910631689894,
1604,sim_1604,6,0.0018343014368694588,0.0,0.3602026208567338,0.0017272847467769178,1.0,0.20141910631689894,
1606,sim_1606,6,0.0018343014368694588,0.0,0.3604010577346849,0.0019432239281647647,1.0,0.20141910631689894,
1607,sim_1607,6,0.0018343014368694588,0.0,0.3696880650994575,0.0021227936741337315,1.0,0.20141910631689894,
1609,sim_1609,6,0.0018343014368694588,0.0,0.37006448693291094,0.002412912133612123,1.0,0.20141910631689894,
1610,sim_1610,6,0.0018343014368694588,0.0,0.357799168672063,0.001508115684686789,1.0,0.20141910631689894,
1611,sim_1611,6,0.0018343014368694588,0.0,0.35984598459845984,0.001672713437745573,1.0,0.20141910631689894,
1612,sim_1612,6,0.0018343014368694588,0.0,0.35331605098293367,0.0012231962336293504,1.0,0.20141910631689894,
1614,sim_1614,6,0.0018343014368694588,0.0,0.36000440237728376,0.0019401465040092935,1.0,0.20141910631689894,
1616,sim_1616,6,0.0018343014368694588,0.0,0.36380825269714157,0.002369860552798163,1.0,0.20141910631689894,
1617,sim_1617,6,0.0018343014368694588,0.0,0.35733012890539656,0.0017180489905981012,1.0,0.20141910631689894,
1618,sim_1618,6,0.0018343014368694588,0.0,0.3604804937183161,0.0020037710178355803,1.0,0.20141910631689894,
1619,sim_1619,6,0.0018343014368694588,0.0,0.3619564014606617,0.0020047542215329097,1.0,0.20141910631689894,
1861,sim_1861,6,0.0018343014368694588,0.0,0.3676106990334907,0.0025198250290949715,1.0,0.20141910631689894,
1865,sim_1865,6,0.0018343014368694588,0.0,0.3600440286186021,0.0019690041194661075,1.0,0.20141910631689894,
1866,sim_1866,6,0.0018343014368694588,0.0,0.36510771291438776,0.002254697239853377,1.0,0.20141910631689894,
1871,sim_1871,6,0.0018343014368694588,0.0,0.3590559824368825,0.0015675581089201315,1.0,0.20141910631689894,
1876,sim_1876,6,0.0018343014368694588,0.0,0.3597668279806423,0.0018337252630129532,1.0,0.20141910631689894,
1878,sim_1878,6,0.0018343014368694588,0.0,0.3570181183147784,0.0016995027468060927,1.0,0.20141910631689894,
1880,sim_1880,6,0.0018343014368694588,0.0,0.34183300240359493,0.0006296528552522956,1.0,0.20141910631689894,
1881,sim_1881,6,0.0018343014368694588,0.0,0.3682729115064175,0.002258657063220296,1.0,0.20141910631689894,
1884,sim_1884,6,0.0018343014368694588,0.0,0.3460277160689728,0.0007257490754735339,1.0,0.20141910631689894,
1887,sim_1887,6,0.0018343014368694588,0.0,0.3566288704753598,0.0013502193380766812,1.0,0.20141910631689894,
1888,sim_1888,6,0.0018343014368694588,0.0,0.36699203410748343,0.0024899500200621853,1.0,0.20141910631689894,
1890,sim_1890,6,0.0018343014368694588,0.0,0.3562792724104128,0.001465661611410341,1.0,0.20141910631689894,
1891,sim_1891,6,0.0018343014368694588,0.0,0.3488694539249147,0.0011687061096461574,1.0,0.20141910631689894,
1590,sim_1590,6,0.0018343014368694588,0.0,0.36457868925546144,0.001967801384995883,1.0,0.20141910631689894,
1591,sim_1591,6,0.0018343014368694588,0.0,0.36584274689632035,0.00222565260602064,1.0,0.20141910631689894,
1596,sim_1596,6,0.0018343014368694588,0.0,0.36453805862030536,0.002184229305478409,1.0,0.20141910631689894,
1598,sim_1598,6,0.0018343014368694588,0.0,0.35725207514198337,0.00142324239120472,1.0,0.20141910631689894,
787,sim_787,6,0.0018343014368694588,0.0,0.37212741751990897,0.002674890652345431,1.0,0.20141910631689894,
792,sim_792,6,0.0018343014368694588,0.0,0.35504178877672854,0.0013491596626502987,1.0,0.20141910631689894,
794,sim_794,6,0.0018343014368694588,0.0,0.35949005385207167,0.0020750128686035257,1.0,0.20141910631689894,
797,sim_797,6,0.0018343014368694588,0.0,0.36935411020776876,0.002520326983525618,1.0,0.20141910631689894,
1600,sim_1600,6,0.0018343014368694588,0.0,0.3588196577446248,0.0016239290716207715,1.0,0.20141910631689894,
1603,sim_1603,6,0.0018343014368694588,0.0,0.3618362831858407,0.002127219538133738,1.0,0.20141910631689894,
1892,sim_1892,6,0.0018343014368694588,0.0,0.36670403587443945,0.0023569357801950497,1.0,0.20141910631689894,
1893,sim_1893,6,0.0018343014368694588,0.0,0.3538128718226068,0.0013734899541253402,1.0,0.20141910631689894,
1894,sim_1894,6,0.0018343014368694588,0.0,0.35624047048573293,0.0016086887998949838,1.0,0.20141910631689894,
1895,sim_1895,6,0.0018343014368694588,0.0,0.3548492080711651,0.0014370237498703435,1.0,0.20141910631689894,
1898,sim_1898,6,0.0018343014368694588,0.0,0.37365775645419236,0.002716789969072886,1.0,0.20141910631689894,
578,sim_578,6,0.0018343014368694588,0.0,0.3601233072773313,0.0019541059583337273,1.0,0.20141910631689894,
588,sim_588,6,0.0018343014368694588,0.0,0.3618763137515212,0.001927508764832239,1.0,0.20141910631689894,
589,sim_589,6,0.0018343014368694588,0.0,0.37297605473204104,0.0029507276934293493,1.0,0.20141910631689894,
1904,sim_1904,6,0.0018343014368694588,0.0,0.35134264232008594,0.0011115746773462452,1.0,0.20141910631689894,
1905,sim_1905,6,0.0018343014368694588,0.0,0.3607190119100132,0.0018832048164129608,1.0,0.20141910631689894,
1906,sim_1906,6,0.0018343014368694588,0.0,0.35209903121636166,0.000898548354122214,1.0,0.20141910631689894,
1909,sim_1909,6,0.0018343014368694588,0.0,0.366252379352816,0.001972600326540387,1.0,0.20141910631689894,
1911,sim_1911,6,0.0018343014368694588,0.0,0.3608781994704325,0.0017723121538659205,1.0,0.20141910631689894,
1912,sim_1912,6,0.0018343014368694588,0.0,0.3684803424580376,0.0023312672649437307,1.0,0.20141910631689894,
1913,sim_1913,6,0.0018343014368694588,0.0,0.34954050010686044,0.0010576804787279428,1.0,0.20141910631689894,
1916,sim_1916,6,0.0018343014368694588,0.0,0.36985526910900046,0.0025922352101877496,1.0,0.20141910631689894,
1917,sim_1917,6,0.0018343014368694588,0.0,0.35846575342465753,0.0016303958116031764,1.0,0.20141910631689894,
1918,sim_1918,6,0.0018343014368694588,0.0,0.3639701791476577,0.0021224081564146235,1.0,0.20141910631689894,
1919,sim_1919,6,0.0018343014368694588,0.0,0.34976475620188197,0.0011946330334587985,1.0,0.20141910631689894,
1920,sim_1920,6,0.0018343014368694588,0.0,0.36943754235373844,0.0025095309209797094,1.0,0.20141910631689894,
1923,sim_1923,6,0.0018343014368694588,0.0,0.350139156497538,0.0010947455075390642,1.0,0.20141910631689894,
1569,sim_1569,6,0.0018343014368694588,0.0,0.3664985994397759,0.0020083808264062496,1.0,0.20141910631689894,
1570,sim_1570,6,0.0018343014368694588,0.0,0.3597272627295722,0.001680934244632142,1.0,0.20141910631689894,
1573,sim_1573,6,0.0018343014368694588,0.0,0.36535239584496815,0.0020889955369049365,1.0,0.20141910631689894,
1574,sim_1574,6,0.0018343014368694588,0.0,0.3560853472675811,0.0012140775681669484,1.0,0.20141910631689894,
1575,sim_1575,6,0.0018343014368694588,0.0,0.3622771070993466,0.0017983540529188124,1.0,0.20141910631689894,
1579,sim_1579,6,0.0018343014368694588,0.0,0.34753506162345943,0.0009896143169000277,1.0,0.20141910631689894,
1585,sim_1585,6,0.0018343014368694588,0.0,0.36328298533984893,0.0019520042265962652,1.0,0.20141910631689894,
1586,sim_1586,6,0.0018343014368694588,0.0,0.3443520370565323,0.0008065894187895581,1.0,0.20141910631689894,
1587,sim_1587,6,0.0018343014368694588,0.0,0.35111635895234006,0.0010862771450208472,1.0,0.20141910631689894,
1588,sim_1588,6,0.0018343014368694588,0.0,0.3598855759709539,0.0018484050174573008,1.0,0.20141910631689894,
1589,sim_1589,6,0.0018343014368694588,0.0,0.34995185621054886,0.0010896343990898906,1.0,0.20141910631689894,
1927,sim_1927,6,0.0018343014368694588,0.0,0.3631216696269982,0.002010318392751068,1.0,0.20141910631689894,
1930,sim_1930,6,0.0018343014368694588,0.0,0.35952956693778854,0.0016702637953846654,1.0,0.20141910631689894,
1932,sim_1932,6,0.0018343014368694588,0.0,0.35465683617044347,0.001493222006477531,1.0,0.20141910631689894,
1934,sim_1934,6,0.0018343014368694588,0.0,0.35830868660313286,0.0016745388952617542,1.0,0.20141910631689894,
1936,sim_1936,6,0.0018343014368694588,0.0,0.3666218336695808,0.002002987668660904,1.0,0.20141910631689894,
1937,sim_1937,6,0.0018343014368694588,0.0,0.3649040606871932,0.002065222746667227,1.0,0.20141910631689894,
1939,sim_1939,6,0.0018343014368694588,0.0,0.3612368856985091,0.0018394365529026356,1.0,0.20141910631689894,
1940,sim_1940,6,0.0018343014368694588,0.0,0.3619163531754813,0.0017361171430924534,1.0,0.20141910631689894,
1556,sim_1556,6,0.0018343014368694588,0.0,0.35320159809955726,0.0011852456666095138,1.0,0.20141910631689894,
1557,sim_1557,6,0.0018343014368694588,0.0,0.37429911889232176,0.0026014170241625183,1.0,0.20141910631689894,
1559,sim_1559,6,0.0018343014368694588,0.0,0.36584274689632035,0.002122862596363509,1.0,0.20141910631689894,
1560,sim_1560,6,0.0018343014368694588,0.0,0.36703321364452424,0.002342320003806869,1.0,0.20141910631689894,
803,sim_803,6,0.0018343014368694588,0.0,0.36328298533984893,0.0018599310134206697,1.0,0.20141910631689894,
805,sim_805,6,0.0018343014368694588,0.0,0.3849593974343886,0.0036263979465479155,1.0,0.20141910631689894,
806,sim_806,6,0.0018343014368694588,0.0,0.36547486033519555,0.002082752991054487,1.0,0.20141910631689894,
810,sim_810,6,0.0018343014368694588,0.0,0.3606792369610762,0.0019723755418556144,1.0,0.20141910631689894,
812,sim_812,6,0.0018343014368694588,0.0,0.3657200357781753,0.002376213322571555,1.0,0.20141910631689894,
1945,sim_1945,6,0.0018343014368694588,0.0,0.35156921754084264,0.0009815549754857373,1.0,0.20141910631689894,
1946,sim_1946,6,0.0018343014368694588,0.0,0.3587016120188617,0.0015712633406400488,1.0,0.20141910631689894,
1948,sim_1948,6,0.0018343014368694588,0.0,0.35577550576462913,0.0014994640236410182,1.0,0.20141910631689894,
1949,sim_1949,6,0.0018343014368694588,0.0,0.36044077134986224,0.0018825682998762417,1.0,0.20141910631689894,
1951,sim_1951,6,0.0018343014368694588,0.0,0.36510771291438776,0.0019782869654908085,1.0,0.20141910631689894,
561,sim_561,6,0.0018343014368694588,0.0,0.3731462468628793,0.002675984000136029,1.0,0.20141910631689894,
565,sim_565,6,0.0018343014368694588,0.0,0.37174678940788725,0.002576302009864753,1.0,0.20141910631689894,
571,sim_571,6,0.0018343014368694588,0.0,0.3586622807017544,0.0016812935561968136,1.0,0.20141910631689894,
1953,sim_1953,6,0.0018343014368694588,0.0,0.3691456946168604,0.0025555991250548007,1.0,0.20141910631689894,
1954,sim_1954,6,0.0018343014368694588,0.0,0.3618362831858407,0.0019630953087788994,1.0,0.20141910631689894,
1956,sim_1956,6,0.0018343014368694588,0.0,0.372212107419208,0.002476406349566312,1.0,0.20141910631689894,
1957,sim_1957,6,0.0018343014368694588,0.0,0.36300077682832094,0.001870286874903856,1.0,0.20141910631689894,
1958,sim_1958,6,0.0018343014368694588,0.0,0.36868800721370604,0.0020670414983845215,1.0,0.20141910631689894,
1960,sim_1960,6,0.0018343014368694588,0.0,0.36247783687943264,0.0018220614206742244,1.0,0.20141910631689894,
1961,sim_1961,6,0.0018343014368694588,0.0,0.36111724442481785,0.0018011629550390227,1.0,0.20141910631689894,
1965,sim_1965,6,0.0018343014368694588,0.0,0.36510771291438776,0.002289402415341803,1.0,0.20141910631689894,
1966,sim_1966,6,0.0018343014368694588,0.0,0.371029945553539,0.0025689520316624186,1.0,0.20141910631689894,
1967,sim_1967,6,0.0018343014368694588,0.0,0.35858364393773295,0.001817881459677093,1.0,0.20141910631689894,
1969,sim_1969,6,0.0018343014368694588,0.0,0.35925315760571114,0.0014900712314679708,1.0,0.20141910631689894,
1970,sim_1970,6,0.0018343014368694588,0.0,0.3619564014606617,0.001976951874771804,1.0,0.20141910631689894,
1971,sim_1971,6,0.0018343014368694588,0.0,0.3614364640883978,0.0017618185476685232,1.0,0.20141910631689894,
1545,sim_1545,6,0.0018343014368694588,0.0,0.3487578633116537,0.0009293692131752005,1.0,0.20141910631689894,
1546,sim_1546,6,0.0018343014368694588,0.0,0.359608619173263,0.0014710782225913796,1.0,0.20141910631689894,
1547,sim_1547,6,0.0018343014368694588,0.0,0.3716200863440127,0.0027335820455358004,1.0,0.20141910631689894,
1548,sim_1548,6,0.0018343014368694588,0.0,0.36131669059980115,0.002053918318037946,1.0,0.20141910631689894,
1551,sim_1551,6,0.0018343014368694588,0.0,0.35141813493768803,0.0013197001288612533,1.0,0.20141910631689894,
816,sim_816,6,0.0018343014368694588,0.0,0.368895906168941,0.0026914984480051972,1.0,0.20141910631689894,
825,sim_825,6,0.0018343014368694588,0.0,0.3682729115064175,0.0023215580335722535,1.0,0.20141910631689894,
1554,sim_1554,6,0.0018343014368694588,0.0,0.35996478485748873,0.001680856453766543,1.0,0.20141910631689894,
1973,sim_1973,6,0.0018343014368694588,0.0,0.35327789178096985,0.0011671892625641875,1.0,0.20141910631689894,
1975,sim_1975,6,0.0018343014368694588,0.0,0.3757178957041121,0.0029374175478721646,1.0,0.20141910631689894,
1977,sim_1977,6,0.0018343014368694588,0.0,0.3556981296215746,0.0014887360640869144,1.0,0.20141910631689894,
1979,sim_1979,6,0.0018343014368694588,0.0,0.343303946263644,0.0007199071606760349,1.0,0.20141910631689894,
1980,sim_1980,6,0.0018343014368694588,0.0,0.36998077140594954,0.0025394226773947644,1.0,0.20141910631689894,
555,sim_555,6,0.0018343014368694588,0.0,0.3698970937464661,0.0026607620479712642,1.0,0.20141910631689894,
559,sim_559,6,0.0018343014368694588,0.0,0.370525600362483,0.0026934562463605013,1.0,0.20141910631689894,
1985,sim_1985,6,0.0018343014368694588,0.0,0.3691040397201535,0.002327336991008158,1.0,0.20141910631689894,
1986,sim_1986,6,0.0018343014368694588,0.0,0.35744727352201944,0.0013478912599579227,1.0,0.20141910631689894,
1987,sim_1987,6,0.0018343014368694588,0.0,0.36765201753400023,0.0024781059836328882,1.0,0.20141910631689894,
1524,sim_1524,6,0.0018343014368694588,0.0,0.35658999236890876,0.001633665178855057,1.0,0.20141910631689894,
1525,sim_1525,6,0.0018343014368694588,0.0,0.3612368856985091,0.0018427260193270838,1.0,0.20141910631689894,
1528,sim_1528,6,0.0018343014368694588,0.0,0.3696045197740113,0.002382625342017625,1.0,0.20141910631689894,
1531,sim_1531,6,0.0018343014368694588,0.0,0.3638891979085549,0.0021316851339905655,1.0,0.20141910631689894,
1532,sim_1532,6,0.0018343014368694588,0.0,0.37331659438484366,0.002648574964067668,1.0,0.20141910631689894,
1535,sim_1535,6,0.0018343014368694588,0.0,0.36810713481881613,0.0023781073540386504,1.0,0.20141910631689894,
1536,sim_1536,6,0.0018343014368694588,0.0,0.35937156668863984,0.0016544437899197464,1.0,0.20141910631689894,
1538,sim_1538,6,0.0018343014368694588,0.0,0.3619564014606617,0.0017977154037744627,1.0,0.20141910631689894,
1541,sim_1541,6,0.0018343014368694588,0.0,0.3618362831858407,0.0020059482477988444,1.0,0.20141910631689894,
1989,sim_1989,6,0.0018343014368694588,0.0,0.36943754235373844,0.0025704446635262373,1.0,0.20141910631689894,
1990,sim_1990,6,0.0018343014368694588,0.0,0.35377460523469606,0.0012905322575594775,1.0,0.20141910631689894,
1994,sim_1994,6,0.0018343014368694588,0.0,0.3660064898735594,0.0021075497794158598,1.0,0.20141910631689894,
1998,sim_1998,6,0.0018343014368694588,0.0,0.37174678940788725,0.002749173466687643,1.0,0.20141910631689894,
529,sim_529,6,0.0018343014368694588,0.0,0.3610773816094492,0.00204616481368328,1.0,0.20141910631689894,
531,sim_531,6,0.0018343014368694588,0.0,0.3684803424580376,0.0023400378423962874,1.0,0.20141910631689894,
533,sim_533,6,0.0018343014368694588,0.0,0.3696880650994575,0.0027587844771618597,1.0,0.20141910631689894,
2000,sim_2000,6,0.0018343014368694588,0.0,0.3589771729587357,0.0014972511077671375,1.0,0.20141910631689894,
2001,sim_2001,6,0.0018343014368694588,0.0,0.3611571160428398,0.0018095278916877965,1.0,0.20141910631689894,
2003,sim_2003,6,0.0018343014368694588,0.0,0.3555821284922274,0.0015421719519455087,1.0,0.20141910631689894,
2004,sim_2004,6,0.0018343014368694588,0.0,0.3683973420430229,0.002075325396906602,1.0,0.20141910631689894,
2005,sim_2005,6,0.0018343014368694588,0.0,0.37225446682599295,0.0026610829719100706,1.0,0.20141910631689894,
2007,sim_2007,6,0.0018343014368694588,0.0,0.3644568245125348,0.0020867899267775075,1.0,0.20141910631689894,
2008,sim_2008,6,0.0018343014368694588,0.0,0.3569012547735952,0.0016863356928373142,1.0,0.20141910631689894,
2011,sim_2011,6,0.0018343014368694588,0.0,0.36376779359430605,0.002121075425342271,1.0,0.20141910631689894,
2015,sim_2015,6,0.0018343014368694588,0.0,0.3705675767531438,0.002641596079232363,1.0,0.20141910631689894,
2016,sim_2016,6,0.0018343014368694588,0.0,0.35803415061295973,0.0013795768207307327,1.0,0.20141910631689894,
2017,sim_2017,6,0.0018343014368694588,0.0,0.36036135286989096,0.001711332755366105,1.0,0.20141910631689894,
2018,sim_2018,6,0.0018343014368694588,0.0,0.35562078712763645,0.0012614774064308738,1.0,0.20141910631689894,
2019,sim_2019,6,0.0018343014368694588,0.0,0.37619321449108684,0.0029066622524017175,1.0,0.20141910631689894,
1515,sim_1515,6,0.0018343014368694588,0.0,0.3497273602052817,0.0010944804179779195,1.0,0.20141910631689894,
1516,sim_1516,6,0.0018343014368694588,0.0,0.37006448693291094,0.0021203610561573508,1.0,0.20141910631689894,
1518,sim_1518,6,0.0018343014368694588,0.0,0.36580183404160144,0.0022569647149869965,1.0,0.20141910631689894,
835,sim_835,6,0.0018343014368694588,0.0,0.3683143790113726,0.0026931086198163667,1.0,0.20141910631689894,
837,sim_837,6,0.0018343014368694588,0.0,0.3811021787253874,0.0033163214488149007,1.0,0.20141910631689894,
841,sim_841,6,0.0018343014368694588,0.0,0.36690970274817725,0.0023641092294483883,1.0,0.20141910631689894,
844,sim_844,6,0.0018343014368694588,0.0,0.37554535017221585,0.0028773524430663116,1.0,0.20141910631689894,
845,sim_845,6,0.0018343014368694588,0.0,0.36922903262219214,0.002417210948818394,1.0,0.20141910631689894,
1520,sim_1520,6,0.0018343014368694588,0.0,0.36711560044893377,0.002359096116931898,1.0,0.20141910631689894,
2027,sim_2027,6,0.0018343014368694588,0.0,0.36547486033519555,0.0022449850320838834,1.0,0.20141910631689894,
2029,sim_2029,6,0.0018343014368694588,0.0,0.36494477295548367,0.00207923073793053,1.0,0.20141910631689894,
2030,sim_2030,6,0.0018343014368694588,0.0,0.36372734348938063,0.0021196074531660094,1.0,0.20141910631689894,
2031,sim_2031,6,0.0018343014368694588,0.0,0.3730185882084616,0.0030200988299576045,1.0,0.20141910631689894,
515,sim_515,6,0.0018343014368694588,0.0,0.3701063589047296,0.002602109912750263,1.0,0.20141910631689894,
520,sim_520,6,0.0018343014368694588,0.0,0.35511887960047767,0.0014961596528659344,1.0,0.20141910631689894,
526,sim_526,6,0.0018343014368694588,0.0,0.3659246000671216,0.0025010825727646156,1.0,0.20141910631689894,
2033,sim_2033,6,0.0018343014368694588,0.0,0.3533923941227312,0.00111675530266885,1.0,0.20141910631689894,
2037,sim_2037,6,0.0018343014368694588,0.0,0.359608619173263,0.001895441705098632,1.0,0.20141910631689894,
2039,sim_2039,6,0.0018343014368694588,0.0,0.3605202248429406,0.0015912306627833093,1.0,0.20141910631689894,
2041,sim_2041,6,0.0018343014368694588,0.0,0.3617562486175625,0.001519943245361845,1.0,0.20141910631689894,
2042,sim_2042,6,0.0018343014368694588,0.0,0.3630813630813631,0.002146098322722108,1.0,0.20141910631689894,
2043,sim_2043,6,0.0018343014368694588,0.0,0.3598064019359806,0.0016497718067007355,1.0,0.20141910631689894,
2044,sim_2044,6,0.0018343014368694588,0.0,0.3526304441569642,0.0011773537482504693,1.0,0.20141910631689894,
2045,sim_2045,6,0.0018343014368694588,0.0,0.35434947459646843,0.001522823673600999,1.0,0.20141910631689894,
2046,sim_2046,6,0.0018343014368694588,0.0,0.3481268624946786,0.0009367947833093236,1.0,0.20141910631689894,
2047,sim_2047,6,0.0018343014368694588,0.0,0.36781738445968737,0.002395892872911794,1.0,0.20141910631689894,
503,sim_503,6,0.0018343014368694588,0.0,0.37323140118667275,0.0030004586102752254,1.0,0.20141910631689894,
1492,sim_1492,6,0.0018343014368694588,0.0,0.37023203169213353,0.002555575457022776,1.0,0.20141910631689894,
1493,sim_1493,6,0.0018343014368694588,0.0,0.3636060471320587,0.002114122645437103,1.0,0.20141910631689894,
1494,sim_1494,6,0.0018343014368694588,0.0,0.36111724442481785,0.0017655565879956935,1.0,0.20141910631689894,
1497,sim_1497,6,0.0018343014368694588,0.0,0.36263858093126383,0.0017908469391615738,1.0,0.20141910631689894,
1500,sim_1500,6,0.0018343014368694588,0.0,0.356318082788671,0.0016404573644133553,1.0,0.20141910631689894,
1501,sim_1501,6,0.0018343014368694588,0.0,0.3609180183162308,0.002026779746098132,1.0,0.20141910631689894,
1505,sim_1505,6,0.0018343014368694588,0.0,0.37485674994269996,0.0030673274708355345,1.0,0.20141910631689894,
1506,sim_1506,6,0.0018343014368694588,0.0,0.3600440286186021,0.0018555876090011855,1.0,0.20141910631689894,
1508,sim_1508,6,0.0018343014368694588,0.0,0.3450058010758359,0.0008404592924298996,1.0,0.20141910631689894,
1509,sim_1509,6,0.0018343014368694588,0.0,0.371324781473493,0.002771504869643567,1.0,0.20141910631689894,
2049,sim_2049,6,0.0018343014368694588,0.0,0.3463941544000847,0.0010538404734942433,1.0,0.20141910631689894,
2050,sim_2050,6,0.0018343014368694588,0.0,0.34694526941026727,0.0009323955694531859,1.0,0.20141910631689894,
2051,sim_2051,6,0.0018343014368694588,0.0,0.3623172352680549,0.0015956208888495305,1.0,0.20141910631689894,
2053,sim_2053,6,0.0018343014368694588,0.0,0.37094579269675665,0.002457644390313804,1.0,0.20141910631689894,
2054,sim_2054,6,0.0018343014368694588,0.0,0.36856338028169017,0.0025383305447891106,1.0,0.20141910631689894,
2055,sim_2055,6,0.0018343014368694588,0.0,0.36719802424786707,0.002060575671145263,1.0,0.20141910631689894,
2059,sim_2059,6,0.0018343014368694588,0.0,0.3597668279806423,0.0019277258753316391,1.0,0.20141910631689894,
2062,sim_2062,6,0.0018343014368694588,0.0,0.3627190064315813,0.0017659484276987682,1.0,0.20141910631689894,
2063,sim_2063,6,0.0018343014368694588,0.0,0.35423435131037473,0.001185275492740378,1.0,0.20141910631689894,
492,sim_492,6,0.0018343014368694588,0.0,0.3597668279806423,0.0017629805155322045,1.0,0.20141910631689894,
2064,sim_2064,6,0.0018343014368694588,0.0,0.35141813493768803,0.001199642079450266,1.0,0.20141910631689894,
2065,sim_2065,6,0.0018343014368694588,0.0,0.3709878643529545,0.0027657727143580594,1.0,0.20141910631689894,
855,sim_855,6,0.0018343014368694588,0.0,0.3619964586100044,0.0017770556486403502,1.0,0.20141910631689894,
861,sim_861,6,0.0018343014368694588,0.0,0.36699203410748343,0.002246516557331169,1.0,0.20141910631689894,
1473,sim_1473,6,0.0018343014368694588,0.0,0.3690207581227437,0.0023677636209300584,1.0,0.20141910631689894,
1477,sim_1477,6,0.0018343014368694588,0.0,0.36935411020776876,0.002314790524977185,1.0,0.20141910631689894,
1481,sim_1481,6,0.0018343014368694588,0.0,0.35017664061663634,0.0009987607275307403,1.0,0.20141910631689894,
1482,sim_1482,6,0.0018343014368694588,0.0,0.3698134539287733,0.0023988835841609853,1.0,0.20141910631689894,
1484,sim_1484,6,0.0018343014368694588,0.0,0.35446467273515386,0.0014442616374772063,1.0,0.20141910631689894,
1486,sim_1486,6,0.0018343014368694588,0.0,0.3613566062748564,0.0019445585788590875,1.0,0.20141910631689894,
2066,sim_2066,6,0.0018343014368694588,0.0,0.36028196937988766,0.0017709618122164763,1.0,0.20141910631689894,
2067,sim_2067,6,0.0018343014368694588,0.0,0.3662113748320645,0.0021229079469787726,1.0,0.20141910631689894,
2069,sim_2069,6,0.0018343014368694588,0.0,0.36044077134986224,0.001765120262260568,1.0,0.20141910631689894,
2074,sim_2074,6,0.0018343014368694588,0.0,0.355157437567861,0.0015887354767531493,1.0,0.20141910631689894,
2076,sim_2076,6,0.0018343014368694588,0.0,0.35454151311510945,0.0014150580834159804,1.0,0.20141910631689894,
2079,sim_2079,6,0.0018343014368694588,0.0,0.36036135286989096,0.0018565159939276197,1.0,0.20141910631689894,
2082,sim_2082,6,0.0018343014368694588,0.0,0.3475719902242057,0.0009965530814211544,1.0,0.20141910631689894,
2083,sim_2083,6,0.0018343014368694588,0.0,0.3426925091671032,0.0006798945489527971,1.0,0.20141910631689894,
2084,sim_2084,6,0.0018343014368694588,0.0,0.36856338028169017,0.00217102597926771,1.0,0.20141910631689894,
2086,sim_2086,6,0.0018343014368694588,0.0,0.36922903262219214,0.0023508172278359505,1.0,0.20141910631689894,
2087,sim_2087,6,0.0018343014368694588,0.0,0.360838389409818,0.0018844568823687283,1.0,0.20141910631689894,
2089,sim_2089,6,0.0018343014368694588,0.0,0.3598855759709539,0.0015880248846516752,1.0,0.20141910631689894,
2090,sim_2090,6,0.0018343014368694588,0.0,0.36235737232746207,0.0020482291107864216,1.0,0.20141910631689894,
2091,sim_2091,6,0.0018343014368694588,0.0,0.364213339271796,0.0020166008160441545,1.0,0.20141910631689894,
2092,sim_2092,6,0.0018343014368694588,0.0,0.36531159258431983,0.0018722021152102048,1.0,0.20141910631689894,
2095,sim_2095,6,0.0018343014368694588,0.0,0.36682740832118427,0.002259510396050085,1.0,0.20141910631689894,
448,sim_448,6,0.0018343014368694588,0.0,0.3730611313868613,0.0028686206379855334,1.0,0.20141910631689894,
2096,sim_2096,6,0.0018343014368694588,0.0,0.36551570007822104,0.0022097646726991706,1.0,0.20141910631689894,
2097,sim_2097,6,0.0018343014368694588,0.0,0.36551570007822104,0.0023111659345219256,1.0,0.20141910631689894,
1460,sim_1460,6,0.0018343014368694588,0.0,0.36437562660131445,0.0019768120889279116,1.0,0.20141910631689894,
1465,sim_1465,6,0.0018343014368694588,0.0,0.3687295682561154,0.0021902053092791593,1.0,0.20141910631689894,
1469,sim_1469,6,0.0018343014368694588,0.0,0.3771909594095941,0.00292951846066267,1.0,0.20141910631689894,
1471,sim_1471,6,0.0018343014368694588,0.0,0.3784127718648774,0.0029526599185052205,1.0,0.20141910631689894,
864,sim_864,6,0.0018343014368694588,0.0,0.3639701791476577,0.0022527120121245085,1.0,0.20141910631689894,
867,sim_867,6,0.0018343014368694588,0.0,0.367693345323741,0.002111938668249716,1.0,0.20141910631689894,
874,sim_874,6,0.0018343014368694588,0.0,0.3621968774222124,0.0020666821979061526,1.0,0.20141910631689894,
878,sim_878,6,0.0018343014368694588,0.0,0.3661293933288561,0.002244476500639061,1.0,0.20141910631689894,
2098,sim_2098,6,0.0018343014368694588,0.0,0.3526304441569642,0.0012281646313015448,1.0,0.20141910631689894,
2100,sim_2100,6,0.0018343014368694588,0.0,0.35388942983879695,0.0014118407757566782,1.0,0.20141910631689894,
2101,sim_2101,6,0.0018343014368694588,0.0,0.35984598459845984,0.0015105909232532853,1.0,0.20141910631689894,
2102,sim_2102,6,0.0018343014368694588,0.0,0.3542727174266219,0.00126351416745889,1.0,0.20141910631689894,
2103,sim_2103,6,0.0018343014368694588,0.0,0.3652707984366276,0.0022759551396373404,1.0,0.20141910631689894,
2104,sim_2104,6,0.0018343014368694588,0.0,0.3484606370512411,0.0009960392757911566,1.0,0.20141910631689894,
2106,sim_2106,6,0.0018343014368694588,0.0,0.356318082788671,0.001442598382579765,1.0,0.20141910631689894,
2107,sim_2107,6,0.0018343014368694588,0.0,0.3558916331193559,0.001464513749243599,1.0,0.20141910631689894,
2111,sim_2111,6,0.0018343014368694588,0.0,0.35729109776078644,0.0014675479048072361,1.0,0.20141910631689894,
2115,sim_2115,6,0.0018343014368694588,0.0,0.35600783630822813,0.0015819321182456239,1.0,0.20141910631689894,
2116,sim_2116,6,0.0018343014368694588,0.0,0.3621968774222124,0.0017578154136943436,1.0,0.20141910631689894,
2117,sim_2117,6,0.0018343014368694588,0.0,0.37149346961953433,0.0024393965283618477,1.0,0.20141910631689894,
2120,sim_2120,6,0.0018343014368694588,0.0,0.35454151311510945,0.0013327603830793405,1.0,0.20141910631689894,
2121,sim_2121,6,0.0018343014368694588,0.0,0.37174678940788725,0.002774012052485903,1.0,0.20141910631689894,
2124,sim_2124,6,0.0018343014368694588,0.0,0.35473375989588984,0.0015242321353875982,1.0,0.20141910631689894,
2125,sim_2125,6,0.0018343014368694588,0.0,0.36409171861086376,0.0018655438515557715,1.0,0.20141910631689894,
2126,sim_2126,6,0.0018343014368694588,0.0,0.3627994676131322,0.002108317779059341,1.0,0.20141910631689894,
2127,sim_2127,6,0.0018343014368694588,0.0,0.3720427661510464,0.0025196671625879754,1.0,0.20141910631689894,
2128,sim_2128,6,0.0018343014368694588,0.0,0.35312533736370505,0.0014023684941490615,1.0,0.20141910631689894,
2132,sim_2132,6,0.0018343014368694588,0.0,0.3589771729587357,0.0019432643957938683,1.0,0.20141910631689894,
1444,sim_1444,6,0.0018343014368694588,0.0,0.3509656652360515,0.001164935605881218,1.0,0.20141910631689894,
1445,sim_1445,6,0.0018343014368694588,0.0,0.36079858813148025,0.0019108170300939484,1.0,0.20141910631689894,
1446,sim_1446,6,0.0018343014368694588,0.0,0.3569012547735952,0.0013877715967682016,1.0,0.20141910631689894,
1447,sim_1447,6,0.0018343014368694588,0.0,0.3688543076229138,0.0023816587800648847,1.0,0.20141910631689894,
1448,sim_1448,6,0.0018343014368694588,0.0,0.35854433848514744,0.0017392064812653827,1.0,0.20141910631689894,
1451,sim_1451,6,0.0018343014368694588,0.0,0.3555821284922274,0.001354466748129349,1.0,0.20141910631689894,
1452,sim_1452,6,0.0018343014368694588,0.0,0.35206113443116993,0.0013227501715711663,1.0,0.20141910631689894,
1453,sim_1453,6,0.0018343014368694588,0.0,0.37044167610419027,0.0025935668386194754,1.0,0.20141910631689894,
885,sim_885,6,0.0018343014368694588,0.0,0.37606346286502645,0.002852278027396439,1.0,0.20141910631689894,
889,sim_889,6,0.0018343014368694588,0.0,0.36678627494954025,0.002545831830039434,1.0,0.20141910631689894,
890,sim_890,6,0.0018343014368694588,0.0,0.3735724074920055,0.0027163869941707313,1.0,0.20141910631689894,
2134,sim_2134,6,0.0018343014368694588,0.0,0.36756938981908077,0.0023843445689105346,1.0,0.20141910631689894,
2136,sim_2136,6,0.0018343014368694588,0.0,0.3611969964664311,0.0018142767098621717,1.0,0.20141910631689894,
2137,sim_2137,6,0.0018343014368694588,0.0,0.35247844827586206,0.0011900791088154388,1.0,0.20141910631689894,
2140,sim_2140,6,0.0018343014368694588,0.0,0.3577209098862642,0.0016233746430933062,1.0,0.20141910631689894,
2141,sim_2141,6,0.0018343014368694588,0.0,0.3662113748320645,0.0024293406309907574,1.0,0.20141910631689894,
2142,sim_2142,6,0.0018343014368694588,0.0,0.36235737232746207,0.0021505616301128014,1.0,0.20141910631689894,
2143,sim_2143,6,0.0018343014368694588,0.0,0.372212107419208,0.0026400982331252136,1.0,0.20141910631689894,
437,sim_437,6,0.0018343014368694588,0.0,0.37627976532842516,0.003208249561814324,1.0,0.20141910631689894,
425,sim_425,6,0.0018343014368694588,0.0,0.37477085242896424,0.0030074387458015033,1.0,0.20141910631689894,
2144,sim_2144,6,0.0018343014368694588,0.0,0.34417087542087543,0.0007886725728274828,1.0,0.20141910631689894,
2145,sim_2145,6,0.0018343014368694588,0.0,0.3602422907488987,0.0019798362664628496,1.0,0.20141910631689894,
2148,sim_2148,6,0.0018343014368694588,0.0,0.3656791503633315,0.0024601897474027003,1.0,0.20141910631689894,
2149,sim_2149,6,0.0018343014368694588,0.0,0.35830868660313286,0.001397459780611847,1.0,0.20141910631689894,
2150,sim_2150,6,0.0018343014368694588,0.0,0.35862295800899024,0.0018470361086572922,1.0,0.20141910631689894,
2151,sim_2151,6,0.0018343014368694588,0.0,0.35945054945054944,0.0016574622548158162,1.0,0.20141910631689894,
2152,sim_2152,6,0.0018343014368694588,0.0,0.35531175320443187,0.0015421407696728142,1.0,0.20141910631689894,
2153,sim_2153,6,0.0018343014368694588,0.0,0.35815175736340743,0.0016987585064973045,1.0,0.20141910631689894,
2155,sim_2155,6,0.0018343014368694588,0.0,0.3595690887105639,0.001770559582661088,1.0,0.20141910631689894,
2156,sim_2156,6,0.0018343014368694588,0.0,0.35323974082073434,0.0013602625578003698,1.0,0.20141910631689894,
2157,sim_2157,6,0.0018343014368694588,0.0,0.3607587956325135,0.002013131825463499,1.0,0.20141910631689894,
2158,sim_2158,6,0.0018343014368694588,0.0,0.36095784595012137,0.0016847103653388163,1.0,0.20141910631689894,
2160,sim_2160,6,0.0018343014368694588,0.0,0.35209903121636166,0.001010858572997636,1.0,0.20141910631689894,
2161,sim_2161,6,0.0018343014368694588,0.0,0.3563569016232705,0.0014941963114177886,1.0,0.20141910631689894,
2162,sim_2162,6,0.0018343014368694588,0.0,0.3484235193864508,0.0010411118585918141,1.0,0.20141910631689894,
2163,sim_2163,6,0.0018343014368694588,0.0,0.37438480027469384,0.002779608546438967,1.0,0.20141910631689894,
2164,sim_2164,6,0.0018343014368694588,0.0,0.36584274689632035,0.0018311488633982879,1.0,0.20141910631689894,
2165,sim_2165,6,0.0018343014368694588,0.0,0.3524404697769637,0.0012554975850359437,1.0,0.20141910631689894,
2167,sim_2167,6,0.0018343014368694588,0.0,0.3502516329371453,0.0011419502479246711,1.0,0.20141910631689894,
2169,sim_2169,6,0.0018343014368694588,0.0,0.3426925091671032,0.0007230614855753942,1.0,0.20141910631689894,
2171,sim_2171,6,0.0018343014368694588,0.0,0.35028914114371384,0.0010379987678146528,1.0,0.20141910631689894,
2173,sim_2173,6,0.0018343014368694588,0.0,0.35461838681699914,0.0012894024879502404,1.0,0.20141910631689894,
2174,sim_2174,6,0.0018343014368694588,0.0,0.36523001339883876,0.001987954370965479,1.0,0.20141910631689894,
2175,sim_2175,6,0.0018343014368694588,0.0,0.37327399292479746,0.0025303814227762705,1.0,0.20141910631689894,
2176,sim_2176,6,0.0018343014368694588,0.0,0.363686902379364,0.001963605709741002,1.0,0.20141910631689894,
2177,sim_2177,6,0.0018343014368694588,0.0,0.37263613579403054,0.0025774369020822112,1.0,0.20141910631689894,
2178,sim_2178,6,0.0018343014368694588,0.0,0.3479047011274197,0.0010180004911364273,1.0,0.20141910631689894,
2179,sim_2179,6,0.0018343014368694588,0.0,0.36453805862030536,0.0022441410022730275,1.0,0.20141910631689894,
1435,sim_1435,6,0.0018343014368694588,0.0,0.36131669059980115,0.0018521632136942307,1.0,0.20141910631689894,
1436,sim_1436,6,0.0018343014368694588,0.0,0.37023203169213353,0.002504000677101967,1.0,0.20141910631689894,
899,sim_899,6,0.0018343014368694588,0.0,0.36425389755011134,0.002219702514119182,1.0,0.20141910631689894,
904,sim_904,6,0.0018343014368694588,0.0,0.362678789222752,0.0021383056516474466,1.0,0.20141910631689894,
906,sim_906,6,0.0018343014368694588,0.0,0.3581909767849321,0.0015958491935960826,1.0,0.20141910631689894,
911,sim_911,6,0.0018343014368694588,0.0,0.3718735788994998,0.002587809843964173,1.0,0.20141910631689894,
1443,sim_1443,6,0.0018343014368694588,0.0,0.3561628919860627,0.0015732495735454172,1.0,0.20141910631689894,
2180,sim_2180,6,0.0018343014368694588,0.0,0.35508033000434214,0.0012269937140492611,1.0,0.20141910631689894,
2181,sim_2181,6,0.0018343014368694588,0.0,0.3617962614755005,0.0018093881110588612,1.0,0.20141910631689894,
2183,sim_2183,6,0.0018343014368694588,0.0,0.3479047011274197,0.0010314044763152994,1.0,0.20141910631689894,
2186,sim_2186,6,0.0018343014368694588,0.0,0.3656382740889783,0.0019266877631370573,1.0,0.20141910631689894,
2188,sim_2188,6,0.0018343014368694588,0.0,0.3381577587098108,0.0005477690588538693,1.0,0.20141910631689894,
2189,sim_2189,6,0.0018343014368694588,0.0,0.356979155298483,0.0016296520762328775,1.0,0.20141910631689894,
2190,sim_2190,6,0.0018343014368694588,0.0,0.36539320822162646,0.0020116659704569584,1.0,0.20141910631689894,
2191,sim_2191,6,0.0018343014368694588,0.0,0.3567844677137871,0.0016365695522071956,1.0,0.20141910631689894,
2192,sim_2192,6,0.0018343014368694588,0.0,0.35791662107451583,0.0013709089042547946,1.0,0.20141910631689894,
2193,sim_2193,6,0.0018343014368694588,0.0,0.3524404697769637,0.001042491659784371,1.0,0.20141910631689894,
2194,sim_2194,6,0.0018343014368694588,0.0,0.3664985994397759,0.002096918699507766,1.0,0.20141910631689894,
2196,sim_2196,6,0.0018343014368694588,0.0,0.37027394158931404,0.002569706031113761,1.0,0.20141910631689894,
2197,sim_2197,6,0.0018343014368694588,0.0,0.37297605473204104,0.0026332625372940503,1.0,0.20141910631689894,
2198,sim_2198,6,0.0018343014368694588,0.0,0.354579945799458,0.0011256307468600682,1.0,0.20141910631689894,
2201,sim_2201,6,0.0018343014368694588,0.0,0.3508527298080017,0.0011791146963133865,1.0,0.20141910631689894,
2202,sim_2202,6,0.0018343014368694588,0.0,0.35901657337284604,0.0014301742764245256,1.0,0.20141910631689894,
2204,sim_2204,6,0.0018343014368694588,0.0,0.3622771070993466,0.0019716214326999447,1.0,0.20141910631689894,
2205,sim_2205,6,0.0018343014368694588,0.0,0.3680657139642174,0.0024958917144564585,1.0,0.20141910631689894,
2206,sim_2206,6,0.0018343014368694588,0.0,0.3622771070993466,0.001610343890655023,1.0,0.20141910631689894,
2207,sim_2207,6,0.0018343014368694588,0.0,0.35925315760571114,0.0017261048623619334,1.0,0.20141910631689894,
2208,sim_2208,6,0.0018343014368694588,0.0,0.3500267522739433,0.0010777109816096275,1.0,0.20141910631689894,
2209,sim_2209,6,0.0018343014368694588,0.0,0.3683143790113726,0.0023568804542419453,1.0,0.20141910631689894,
2210,sim_2210,6,0.0018343014368694588,0.0,0.3689791314156796,0.0023846679278620277,1.0,0.20141910631689894,
2211,sim_2211,6,0.0018343014368694588,0.0,0.36699203410748343,0.002265454227245255,1.0,0.20141910631689894,
2212,sim_2212,6,0.0018343014368694588,0.0,0.3769301682415303,0.0026853748298687093,1.0,0.20141910631689894,
2213,sim_2213,6,0.0018343014368694588,0.0,0.35952956693778854,0.0016822154674859915,1.0,0.20141910631689894,
2214,sim_2214,6,0.0018343014368694588,0.0,0.35194749300624056,0.0011659441092969035,1.0,0.20141910631689894,
2216,sim_2216,6,0.0018343014368694588,0.0,0.3628799644996672,0.0017721894441167475,1.0,0.20141910631689894,
2220,sim_2220,6,0.0018343014368694588,0.0,0.3714512832159891,0.0024414608914842917,1.0,0.20141910631689894,
2221,sim_2221,6,0.0018343014368694588,0.0,0.3590559824368825,0.0017875602491012963,1.0,0.20141910631689894,
2222,sim_2222,6,0.0018343014368694588,0.0,0.3513803845740681,0.0011023473342275608,1.0,0.20141910631689894,
409,sim_409,6,0.0018343014368694588,0.0,0.3709878643529545,0.0027109589353672314,1.0,0.20141910631689894,
413,sim_413,6,0.0018343014368694588,0.0,0.3698134539287733,0.00259652426528348,1.0,0.20141910631689894,
2224,sim_2224,6,0.0018343014368694588,0.0,0.35297291464335817,0.0011148186131019818,1.0,0.20141910631689894,
2225,sim_2225,6,0.0018343014368694588,0.0,0.35323974082073434,0.0011324506122300645,1.0,0.20141910631689894,
1408,sim_1408,6,0.0018343014368694588,0.0,0.36103752759381896,0.0019851897541560658,1.0,0.20141910631689894,
1411,sim_1411,6,0.0018343014368694588,0.0,0.35937156668863984,0.0017100888011917325,1.0,0.20141910631689894,
1413,sim_1413,6,0.0018343014368694588,0.0,0.3606792369610762,0.0020742478470661845,1.0,0.20141910631689894,
1414,sim_1414,6,0.0018343014368694588,0.0,0.36584274689632035,0.002005056387875711,1.0,0.20141910631689894,
1415,sim_1415,6,0.0018343014368694588,0.0,0.35562078712763645,0.001649243590432638,1.0,0.20141910631689894,
1416,sim_1416,6,0.0018343014368694588,0.0,0.37293353095428117,0.0028182537061318853,1.0,0.20141910631689894,
1420,sim_1420,6,0.0018343014368694588,0.0,0.3764963167587477,0.0031496225581761146,1.0,0.20141910631689894,
1422,sim_1422,6,0.0018343014368694588,0.0,0.36283971159179146,0.0020467954297216507,1.0,0.20141910631689894,
1424,sim_1424,6,0.0018343014368694588,0.0,0.366047448522829,0.0022297486974068668,1.0,0.20141910631689894,
1425,sim_1425,6,0.0018343014368694588,0.0,0.3609976823750138,0.0018392853277906436,1.0,0.20141910631689894,
1427,sim_1427,6,0.0018343014368694588,0.0,0.3639701791476577,0.0020593834955400896,1.0,0.20141910631689894,
1432,sim_1432,6,0.0018343014368694588,0.0,0.3548492080711651,0.0012679144894993132,1.0,0.20141910631689894,
2226,sim_2226,6,0.0018343014368694588,0.0,0.3671568077225278,0.0023242378784132456,1.0,0.20141910631689894,
2227,sim_2227,6,0.0018343014368694588,0.0,0.3533923941227312,0.0013340354065707507,1.0,0.20141910631689894,
2228,sim_2228,6,0.0018343014368694588,0.0,0.354004329004329,0.0009228207117708361,1.0,0.20141910631689894,
2230,sim_2230,6,0.0018343014368694588,0.0,0.35077747989276137,0.000982028974338187,1.0,0.20141910631689894,
2231,sim_2231,6,0.0018343014368694588,0.0,0.35316346361477,0.0010783770678124108,1.0,0.20141910631689894,
2232,sim_2232,6,0.0018343014368694588,0.0,0.3608781994704325,0.0019175531841458295,1.0,0.20141910631689894,
2233,sim_2233,6,0.0018343014368694588,0.0,0.3655565489494859,0.0020028455892257715,1.0,0.20141910631689894,
2234,sim_2234,6,0.0018343014368694588,0.0,0.35826944140197153,0.0017234843021848925,1.0,0.20141910631689894,
2237,sim_2237,6,0.0018343014368694588,0.0,0.3664575397714542,0.0018999874610446741,1.0,0.20141910631689894,
2241,sim_2241,6,0.0018343014368694588,0.0,0.35077747989276137,0.0011495197588315574,1.0,0.20141910631689894,
2242,sim_2242,6,0.0018343014368694588,0.0,0.3644568245125348,0.001997866695146339,1.0,0.20141910631689894,
2243,sim_2243,6,0.0018343014368694588,0.0,0.3621166832724455,0.001912193819779505,1.0,0.20141910631689894,
2244,sim_2244,6,0.0018343014368694588,0.0,0.3657609303365761,0.0023275058083743667,1.0,0.20141910631689894,
2245,sim_2245,6,0.0018343014368694588,0.0,0.3596877061798988,0.0015588811160993968,1.0,0.20141910631689894,
2246,sim_2246,6,0.0018343014368694588,0.0,0.3476828231292517,0.0009292323170809674,1.0,0.20141910631689894,
2248,sim_2248,6,0.0018343014368694588,0.0,0.37174678940788725,0.0025702817330365206,1.0,0.20141910631689894,
2249,sim_2249,6,0.0018343014368694588,0.0,0.35834794040315515,0.001733586091729174,1.0,0.20141910631689894,
2250,sim_2250,6,0.0018343014368694588,0.0,0.3565511227381731,0.0016753193561653502,1.0,0.20141910631689894,
2251,sim_2251,6,0.0018343014368694588,0.0,0.3555821284922274,0.0011788131590043343,1.0,0.20141910631689894,
2252,sim_2252,6,0.0018343014368694588,0.0,0.35266846361185983,0.0012880771097753248,1.0,0.20141910631689894,
2253,sim_2253,6,0.0018343014368694588,0.0,0.3656791503633315,0.0022226064927889193,1.0,0.20141910631689894,
2255,sim_2255,6,0.0018343014368694588,0.0,0.3650262247517018,0.002208209565316717,1.0,0.20141910631689894,
2257,sim_2257,6,0.0018343014368694588,0.0,0.35760358587515034,0.0016017603437243435,1.0,0.20141910631689894,
2258,sim_2258,6,0.0018343014368694588,0.0,0.36417279002449343,0.0018812930187107333,1.0,0.20141910631689894,
2259,sim_2259,6,0.0018343014368694588,0.0,0.3576426853269189,0.001512218802089264,1.0,0.20141910631689894,
2260,sim_2260,6,0.0018343014368694588,0.0,0.35247844827586206,0.0011485793898659002,1.0,0.20141910631689894,
2261,sim_2261,6,0.0018343014368694588,0.0,0.3585050416483998,0.001465175706275184,1.0,0.20141910631689894,
2264,sim_2264,6,0.0018343014368694588,0.0,0.37183130612708876,0.0027786603358262675,1.0,0.20141910631689894,
2265,sim_2265,6,0.0018343014368694588,0.0,0.3527064912659047,0.0013010482038984417,1.0,0.20141910631689894,
2266,sim_2266,6,0.0018343014368694588,0.0,0.3594110537303593,0.001830095670853159,1.0,0.20141910631689894,
2267,sim_2267,6,0.0018343014368694588,0.0,0.3573691685786081,0.001612871339441557,1.0,0.20141910631689894,
2269,sim_2269,6,0.0018343014368694588,0.0,0.3600440286186021,0.0014537088297302242,1.0,0.20141910631689894,
2270,sim_2270,6,0.0018343014368694588,0.0,0.35546620299934795,0.0011992066578659605,1.0,0.20141910631689894,
2271,sim_2271,6,0.0018343014368694588,0.0,0.36819000450247635,0.002261563264469445,1.0,0.20141910631689894,
2272,sim_2272,6,0.0018343014368694588,0.0,0.36449743704033877,0.0021335458040858068,1.0,0.20141910631689894,
2273,sim_2273,6,0.0018343014368694588,0.0,0.36251800953119806,0.002019129052053352,1.0,0.20141910631689894,
2276,sim_2276,6,0.0018343014368694588,0.0,0.35255442983401597,0.001229826930820843,1.0,0.20141910631689894,
1397,sim_1397,6,0.0018343014368694588,0.0,0.36336369695623194,0.0018271105396862094,1.0,0.20141910631689894,
1398,sim_1398,6,0.0018343014368694588,0.0,0.36470063552235477,0.002091087496851454,1.0,0.20141910631689894,
1399,sim_1399,6,0.0018343014368694588,0.0,0.3576426853269189,0.0016424415804311844,1.0,0.20141910631689894,
1402,sim_1402,6,0.0018343014368694588,0.0,0.36523001339883876,0.0021228396305228016,1.0,0.20141910631689894,
1403,sim_1403,6,0.0018343014368694588,0.0,0.36139653077008066,0.0016716843190885179,1.0,0.20141910631689894,
1404,sim_1404,6,0.0018343014368694588,0.0,0.369062394223175,0.0022757900536520075,1.0,0.20141910631689894,
1405,sim_1405,6,0.0018343014368694588,0.0,0.3582302047968459,0.0016175449643929124,1.0,0.20141910631689894,
1406,sim_1406,6,0.0018343014368694588,0.0,0.3708616780045351,0.002620615557485258,1.0,0.20141910631689894,
1407,sim_1407,6,0.0018343014368694588,0.0,0.3744276556776557,0.0028229176963408555,1.0,0.20141910631689894,
912,sim_912,6,0.0018343014368694588,0.0,0.36494477295548367,0.0021653890230518814,1.0,0.20141910631689894,
2277,sim_2277,6,0.0018343014368694588,0.0,0.3548492080711651,0.0015371865053410137,1.0,0.20141910631689894,
2279,sim_2279,6,0.0018343014368694588,0.0,0.3720427661510464,0.002527222849301977,1.0,0.20141910631689894,
2283,sim_2283,6,0.0018343014368694588,0.0,0.35885902358749316,0.0018330605559813585,1.0,0.20141910631689894,
2284,sim_2284,6,0.0018343014368694588,0.0,0.3617562486175625,0.0015037453480209514,1.0,0.20141910631689894,
2285,sim_2285,6,0.0018343014368694588,0.0,0.3467981340118745,0.001101408218811962,1.0,0.20141910631689894,
2286,sim_2286,6,0.0018343014368694588,0.0,0.3664575397714542,0.002347394650579555,1.0,0.20141910631689894,
2288,sim_2288,6,0.0018343014368694588,0.0,0.3771039889324418,0.0030069330914591253,1.0,0.20141910631689894,
2289,sim_2289,6,0.0018343014368694588,0.0,0.3614364640883978,0.0019301334475112083,1.0,0.20141910631689894,
2290,sim_2290,6,0.0018343014368694588,0.0,0.35255442983401597,0.0013176606204536605,1.0,0.20141910631689894,
2292,sim_2292,6,0.0018343014368694588,0.0,0.3622771070993466,0.0018193436566451204,1.0,0.20141910631689894,
2293,sim_2293,6,0.0018343014368694588,0.0,0.36449743704033877,0.0019041479664805025,1.0,0.20141910631689894,
1383,sim_1383,6,0.0018343014368694588,0.0,0.34055179593961477,0.0006256975220192046,1.0,0.20141910631689894,
1384,sim_1384,6,0.0018343014368694588,0.0,0.368895906168941,0.002197164904156189,1.0,0.20141910631689894,
1391,sim_1391,6,0.0018343014368694588,0.0,0.37417067032715623,0.0026351859365801784,1.0,0.20141910631689894,
928,sim_928,6,0.0018343014368694588,0.0,0.37183130612708876,0.0024226245697806684,1.0,0.20141910631689894,
934,sim_934,6,0.0018343014368694588,0.0,0.38623214074861256,0.003708809653034409,1.0,0.20141910631689894,
942,sim_942,6,0.0018343014368694588,0.0,0.3615962856511165,0.0019697108442079583,1.0,0.20141910631689894,
2295,sim_2295,6,0.0018343014368694588,0.0,0.36794150731158604,0.0025151603265360484,1.0,0.20141910631689894,
2296,sim_2296,6,0.0018343014368694588,0.0,0.36131669059980115,0.001740561452808099,1.0,0.20141910631689894,
2297,sim_2297,6,0.0018343014368694588,0.0,0.3467981340118745,0.000930317097739877,1.0,0.20141910631689894,
2298,sim_2298,6,0.0018343014368694588,0.0,0.3619964586100044,0.001905031453984673,1.0,0.20141910631689894,
2300,sim_2300,6,0.0018343014368694588,0.0,0.3630410654827969,0.00206405325216326,1.0,0.20141910631689894,
2301,sim_2301,6,0.0018343014368694588,0.0,0.37937833449315705,0.003338796910446486,1.0,0.20141910631689894,
385,sim_385,6,0.0018343014368694588,0.0,0.37212741751990897,0.0028893614391344983,1.0,0.20141910631689894,
386,sim_386,6,0.0018343014368694588,0.0,0.366047448522829,0.0023856400834807545,1.0,0.20141910631689894,
2305,sim_2305,6,0.0018343014368694588,0.0,0.3526304441569642,0.0014445611078466314,1.0,0.20141910631689894,
2306,sim_2306,6,0.0018343014368694588,0.0,0.35423435131037473,0.0013767763172417968,1.0,0.20141910631689894,
1365,sim_1365,6,0.0018343014368694588,0.0,0.3521748492678725,0.0012455310627445578,1.0,0.20141910631689894,
1366,sim_1366,6,0.0018343014368694588,0.0,0.3682314533378363,0.0022357968248437306,1.0,0.20141910631689894,
1369,sim_1369,6,0.0018343014368694588,0.0,0.3664164893021172,0.0021245062929385085,1.0,0.20141910631689894,
1370,sim_1370,6,0.0018343014368694588,0.0,0.36678627494954025,0.002340237971427544,1.0,0.20141910631689894,
1372,sim_1372,6,0.0018343014368694588,0.0,0.3664985994397759,0.002495934058225057,1.0,0.20141910631689894,
944,sim_944,6,0.0018343014368694588,0.0,0.35846575342465753,0.0016266067396858575,1.0,0.20141910631689894,
955,sim_955,6,0.0018343014368694588,0.0,0.3581125465294504,0.001667550883228033,1.0,0.20141910631689894,
956,sim_956,6,0.0018343014368694588,0.0,0.36111724442481785,0.001994779074977865,1.0,0.20141910631689894,
959,sim_959,6,0.0018343014368694588,0.0,0.3641322498051876,0.0017613567632166517,1.0,0.20141910631689894,
2309,sim_2309,6,0.0018343014368694588,0.0,0.3570181183147784,0.0012699572791295968,1.0,0.20141910631689894,
2310,sim_2310,6,0.0018343014368694588,0.0,0.3656791503633315,0.0021414789472090166,1.0,0.20141910631689894,
2312,sim_2312,6,0.0018343014368694588,0.0,0.35643456467255097,0.001377786072893134,1.0,0.20141910631689894,
2314,sim_2314,6,0.0018343014368694588,0.0,0.36699203410748343,0.0020992416128013747,1.0,0.20141910631689894,
2317,sim_2317,6,0.0018343014368694588,0.0,0.3538511466897447,0.0013578007957889687,1.0,0.20141910631689894,
2318,sim_2318,6,0.0018343014368694588,0.0,0.3727210574293528,0.0027947118593691467,1.0,0.20141910631689894,
2321,sim_2321,6,0.0018343014368694588,0.0,0.3508903668740614,0.0010774674201093027,1.0,0.20141910631689894,
2323,sim_2323,6,0.0018343014368694588,0.0,0.3592137052492862,0.0015941978970722035,1.0,0.20141910631689894,
2324,sim_2324,6,0.0018343014368694588,0.0,0.3683973420430229,0.0025473136792053415,1.0,0.20141910631689894,
2325,sim_2325,6,0.0018343014368694588,0.0,0.35740821678321677,0.001415416348448779,1.0,0.20141910631689894,
2326,sim_2326,6,0.0018343014368694588,0.0,0.36931240826464945,0.002530518826525549,1.0,0.20141910631689894,
2327,sim_2327,6,0.0018343014368694588,0.0,0.36881271845754876,0.0025045001228534533,1.0,0.20141910631689894,
2328,sim_2328,6,0.0018343014368694588,0.0,0.3430519140010488,0.0006681990856475526,1.0,0.20141910631689894,
2330,sim_2330,6,0.0018343014368694588,0.0,0.369062394223175,0.0021890011374121917,1.0,0.20141910631689894,
2331,sim_2331,6,0.0018343014368694588,0.0,0.35442626503413155,0.0012860433111899457,1.0,0.20141910631689894,
2332,sim_2332,6,0.0018343014368694588,0.0,0.3621968774222124,0.0017840049381427135,1.0,0.20141910631689894,
2334,sim_2334,6,0.0018343014368694588,0.0,0.3662113748320645,0.0022159827218593965,1.0,0.20141910631689894,
2337,sim_2337,6,0.0018343014368694588,0.0,0.3665807463857447,0.0021039073629382063,1.0,0.20141910631689894,
2338,sim_2338,6,0.0018343014368694588,0.0,0.3629604971149578,0.0018872442373832747,1.0,0.20141910631689894,
2339,sim_2339,6,0.0018343014368694588,0.0,0.35885902358749316,0.0018914918483052467,1.0,0.20141910631689894,
2341,sim_2341,6,0.0018343014368694588,0.0,0.3598064019359806,0.0017797803352945583,1.0,0.20141910631689894,
2342,sim_2342,6,0.0018343014368694588,0.0,0.3560465875693915,0.0013581656501862574,1.0,0.20141910631689894,
2345,sim_2345,6,0.0018343014368694588,0.0,0.3607587956325135,0.001795529505160387,1.0,0.20141910631689894,
2346,sim_2346,6,0.0018343014368694588,0.0,0.36510771291438776,0.001966193189666825,1.0,0.20141910631689894,
2347,sim_2347,6,0.0018343014368694588,0.0,0.34657766475948293,0.0008895528167837932,1.0,0.20141910631689894,
2348,sim_2348,6,0.0018343014368694588,0.0,0.3582302047968459,0.0017336454511212396,1.0,0.20141910631689894,
360,sim_360,6,0.0018343014368694588,0.0,0.3641322498051876,0.0022276592903325942,1.0,0.20141910631689894,
2352,sim_2352,6,0.0018343014368694588,0.0,0.3610773816094492,0.0016970568069869397,1.0,0.20141910631689894,
2353,sim_2353,6,0.0018343014368694588,0.0,0.3495778561504756,0.0010615465521830773,1.0,0.20141910631689894,
2354,sim_2354,6,0.0018343014368694588,0.0,0.3609976823750138,0.0016914946407369223,1.0,0.20141910631689894,
1350,sim_1350,6,0.0018343014368694588,0.0,0.36868800721370604,0.002447016141962723,1.0,0.20141910631689894,
1351,sim_1351,6,0.0018343014368694588,0.0,0.3644568245125348,0.002139897646207844,1.0,0.20141910631689894,
1355,sim_1355,6,0.0018343014368694588,0.0,0.37031586097588587,0.0026767082400214305,1.0,0.20141910631689894,
1356,sim_1356,6,0.0018343014368694588,0.0,0.36344444444444446,0.002014064716893747,1.0,0.20141910631689894,
1358,sim_1358,6,0.0018343014368694588,0.0,0.3601629597005065,0.001823170678947105,1.0,0.20141910631689894,
964,sim_964,6,0.0018343014368694588,0.0,0.36736298292902064,0.0024063502370757365,1.0,0.20141910631689894,
970,sim_970,6,0.0018343014368694588,0.0,0.3706935630099728,0.0026420163186835193,1.0,0.20141910631689894,
2355,sim_2355,6,0.0018343014368694588,0.0,0.36000440237728376,0.0017699329050058386,1.0,0.20141910631689894,
2356,sim_2356,6,0.0018343014368694588,0.0,0.3558142064614381,0.0014536626274436902,1.0,0.20141910631689894,
2358,sim_2358,6,0.0018343014368694588,0.0,0.3503641816623822,0.0011015723921433446,1.0,0.20141910631689894,
2359,sim_2359,6,0.0018343014368694588,0.0,0.345042194092827,0.0008011767669717947,1.0,0.20141910631689894,
2361,sim_2361,6,0.0018343014368694588,0.0,0.3592137052492862,0.0019277517586362561,1.0,0.20141910631689894,
2362,sim_2362,6,0.0018343014368694588,0.0,0.36580183404160144,0.0022597891373889217,1.0,0.20141910631689894,
2363,sim_2363,6,0.0018343014368694588,0.0,0.3621166832724455,0.001848061503057323,1.0,0.20141910631689894,
2364,sim_2364,6,0.0018343014368694588,0.0,0.36417279002449343,0.0021164473867921613,1.0,0.20141910631689894,
2365,sim_2365,6,0.0018343014368694588,0.0,0.35396602099339897,0.0013100396065265833,1.0,0.20141910631689894,
2368,sim_2368,6,0.0018343014368694588,0.0,0.3446422926983458,0.0007587307364973061,1.0,0.20141910631689894,
2369,sim_2369,6,0.0018343014368694588,0.0,0.35933208832253105,0.0016617224174760147,1.0,0.20141910631689894,
2371,sim_2371,6,0.0018343014368694588,0.0,0.3664575397714542,0.002220357028452271,1.0,0.20141910631689894,
2372,sim_2372,6,0.0018343014368694588,0.0,0.369562761269913,0.002534559294381957,1.0,0.20141910631689894,
2373,sim_2373,6,0.0018343014368694588,0.0,0.3630410654827969,0.001847177742059855,1.0,0.20141910631689894,
2376,sim_2376,6,0.0018343014368694588,0.0,0.3562016770118698,0.0014154764316091223,1.0,0.20141910631689894,
2377,sim_2377,6,0.0018343014368694588,0.0,0.3602422907488987,0.0017376706075464686,1.0,0.20141910631689894,
2379,sim_2379,6,0.0018343014368694588,0.0,0.3602422907488987,0.0016120315987912305,1.0,0.20141910631689894,
2380,sim_2380,6,0.0018343014368694588,0.0,0.3587409519631498,0.001507439468003902,1.0,0.20141910631689894,
2381,sim_2381,6,0.0018343014368694588,0.0,0.36674515080165937,0.002242788977791155,1.0,0.20141910631689894,
2382,sim_2382,6,0.0018343014368694588,0.0,0.36802430243024303,0.0023106597624207,1.0,0.20141910631689894,
2383,sim_2383,6,0.0018343014368694588,0.0,0.35073986703838733,0.0010287946986242418,1.0,0.20141910631689894,
2384,sim_2384,6,0.0018343014368694588,0.0,0.36559740695205095,0.0020923302365504957,1.0,0.20141910631689894,
2385,sim_2385,6,0.0018343014368694588,0.0,0.35717405547062675,0.0014059677319846605,1.0,0.20141910631689894,
2386,sim_2386,6,0.0018343014368694588,0.0,0.3479047011274197,0.0010523546589051521,1.0,0.20141910631689894,
2387,sim_2387,6,0.0018343014368694588,0.0,0.36263858093126383,0.0020129670392870763,1.0,0.20141910631689894,
2388,sim_2388,6,0.0018343014368694588,0.0,0.360838389409818,0.0017113390954745184,1.0,0.20141910631689894,
2389,sim_2389,6,0.0018343014368694588,0.0,0.36752808988764046,0.002308761785290589,1.0,0.20141910631689894,
2390,sim_2390,6,0.0018343014368694588,0.0,0.3639701791476577,0.0020289727440230055,1.0,0.20141910631689894,
2391,sim_2391,6,0.0018343014368694588,0.0,0.359925176056338,0.001966810389856771,1.0,0.20141910631689894,
2393,sim_2393,6,0.0018343014368694588,0.0,0.3617162446090899,0.0020872093168309,1.0,0.20141910631689894,
2395,sim_2395,6,0.0018343014368694588,0.0,0.345625528317836,0.0008419092546286365,1.0,0.20141910631689894,
2397,sim_2397,6,0.0018343014368694588,0.0,0.3556981296215746,0.0011604887702809175,1.0,0.20141910631689894,
2398,sim_2398,6,0.0018343014368694588,0.0,0.3562792724104128,0.0014291831230828804,1.0,0.20141910631689894,
2399,sim_2399,6,0.0018343014368694588,0.0,0.36437562660131445,0.0020051674196910085,1.0,0.20141910631689894,
2400,sim_2400,6,0.0018343014368694588,0.0,0.3680657139642174,0.002214513584266313,1.0,0.20141910631689894,
2401,sim_2401,6,0.0018343014368694588,0.0,0.3352464896997028,0.00046589184608284014,1.0,0.20141910631689894,
2402,sim_2402,6,0.0018343014368694588,0.0,0.34924193892803757,0.0011552393053528586,1.0,0.20141910631689894,
2403,sim_2403,6,0.0018343014368694588,0.0,0.3644162210338681,0.0020269800140579404,1.0,0.20141910631689894,
2404,sim_2404,6,0.0018343014368694588,0.0,0.3704836334805754,0.0025822856529062054,1.0,0.20141910631689894,
1341,sim_1341,6,0.0018343014368694588,0.0,0.36079858813148025,0.0018134938157810827,1.0,0.20141910631689894,
976,sim_976,6,0.0018343014368694588,0.0,0.3670744024239704,0.0023442704927211407,1.0,0.20141910631689894,
980,sim_980,6,0.0018343014368694588,0.0,0.3621567759078831,0.001740861382256138,1.0,0.20141910631689894,
981,sim_981,6,0.0018343014368694588,0.0,0.37511467889908257,0.0029908213624993446,1.0,0.20141910631689894,
985,sim_985,6,0.0018343014368694588,0.0,0.36163626312880043,0.0021282367218935965,1.0,0.20141910631689894,
987,sim_987,6,0.0018343014368694588,0.0,0.36401068328511016,0.0020455620553563557,1.0,0.20141910631689894,
988,sim_988,6,0.0018343014368694588,0.0,0.37580422794117646,0.002790339509156731,1.0,0.20141910631689894,
1344,sim_1344,6,0.0018343014368694588,0.0,0.3715356656065425,0.0026843715754872655,1.0,0.20141910631689894,
2405,sim_2405,6,0.0018343014368694588,0.0,0.35209903121636166,0.0013183354756921254,1.0,0.20141910631689894,
2407,sim_2407,6,0.0018343014368694588,0.0,0.3579557890129131,0.001856105467654365,1.0,0.20141910631689894,
2408,sim_2408,6,0.0018343014368694588,0.0,0.36539320822162646,0.0022858217553121136,1.0,0.20141910631689894,
2411,sim_2411,6,0.0018343014368694588,0.0,0.34894388734798376,0.0010516327844803945,1.0,0.20141910631689894,
2412,sim_2412,6,0.0018343014368694588,0.0,0.36547486033519555,0.0021454146050680603,1.0,0.20141910631689894,
2413,sim_2413,6,0.0018343014368694588,0.0,0.34823804961141275,0.00105819648880044,1.0,0.20141910631689894,
2414,sim_2414,6,0.0018343014368694588,0.0,0.360838389409818,0.0014976647321262527,1.0,0.20141910631689894,
2415,sim_2415,6,0.0018343014368694588,0.0,0.3535451794206658,0.00129152742025075,1.0,0.20141910631689894,
2416,sim_2416,6,0.0018343014368694588,0.0,0.3549647314161693,0.0016358582900277867,1.0,0.20141910631689894,
2417,sim_2417,6,0.0018343014368694588,0.0,0.36336369695623194,0.002014941290298358,1.0,0.20141910631689894,
2418,sim_2418,6,0.0018343014368694588,0.0,0.3665396683101748,0.00207137977137266,1.0,0.20141910631689894,
2419,sim_2419,6,0.0018343014368694588,0.0,0.35554347826086957,0.0015461301146519754,1.0,0.20141910631689894,
2420,sim_2420,6,0.0018343014368694588,0.0,0.35803415061295973,0.0013368110282893889,1.0,0.20141910631689894,
2421,sim_2421,6,0.0018343014368694588,0.0,0.3583872028048647,0.001590437947471666,1.0,0.20141910631689894,
2422,sim_2422,6,0.0018343014368694588,0.0,0.36344444444444446,0.001826679098534837,1.0,0.20141910631689894,
2427,sim_2427,6,0.0018343014368694588,0.0,0.3685218566922037,0.002291254515638599,1.0,0.20141910631689894,
2429,sim_2429,6,0.0018343014368694588,0.0,0.3586622807017544,0.001913248761302956,1.0,0.20141910631689894,
2430,sim_2430,6,0.0018343014368694588,0.0,0.3615163572060124,0.0016479856978324021,1.0,0.20141910631689894,
2431,sim_2431,6,0.0018343014368694588,0.0,0.3586622807017544,0.0015321286126868498,1.0,0.20141910631689894,
340,sim_340,6,0.0018343014368694588,0.0,0.3724664085629697,0.002652021659116301,1.0,0.20141910631689894,
345,sim_345,6,0.0018343014368694588,0.0,0.3748137962644666,0.0031598516705344994,1.0,0.20141910631689894,
2432,sim_2432,6,0.0018343014368694588,0.0,0.35713505841249044,0.001681092603551564,1.0,0.20141910631689894,
2433,sim_2433,6,0.0018343014368694588,0.0,0.36588366890380314,0.0023120040648879694,1.0,0.20141910631689894,
1313,sim_1313,6,0.0018343014368694588,0.0,0.35776003499945314,0.0019027250579699028,1.0,0.20141910631689894,
1314,sim_1314,6,0.0018343014368694588,0.0,0.3617962614755005,0.0018486694141865922,1.0,0.20141910631689894,
1319,sim_1319,6,0.0018343014368694588,0.0,0.37174678940788725,0.002480406757831142,1.0,0.20141910631689894,
1322,sim_1322,6,0.0018343014368694588,0.0,0.3725088258740462,0.002683882178532154,1.0,0.20141910631689894,
1328,sim_1328,6,0.0018343014368694588,0.0,0.35787746170678336,0.0016257104539345105,1.0,0.20141910631689894,
1332,sim_1332,6,0.0018343014368694588,0.0,0.3517582535756533,0.0011688832719300869,1.0,0.20141910631689894,
1334,sim_1334,6,0.0018343014368694588,0.0,0.3683973420430229,0.0024893394818933795,1.0,0.20141910631689894,
1335,sim_1335,6,0.0018343014368694588,0.0,0.3604010577346849,0.0018935842508757727,1.0,0.20141910631689894,
1338,sim_1338,6,0.0018343014368694588,0.0,0.35504178877672854,0.0013399037875383038,1.0,0.20141910631689894,
2434,sim_2434,6,0.0018343014368694588,0.0,0.3617962614755005,0.0019404324135706638,1.0,0.20141910631689894,
2435,sim_2435,6,0.0018343014368694588,0.0,0.35293482952093225,0.0012647634670602704,1.0,0.20141910631689894,
2436,sim_2436,6,0.0018343014368694588,0.0,0.36111724442481785,0.0017326702880504164,1.0,0.20141910631689894,
2438,sim_2438,6,0.0018343014368694588,0.0,0.3624376731301939,0.001521750818249685,1.0,0.20141910631689894,
2439,sim_2439,6,0.0018343014368694588,0.0,0.35562078712763645,0.001459358611095752,1.0,0.20141910631689894,
2441,sim_2441,6,0.0018343014368694588,0.0,0.36417279002449343,0.0019558565956189194,1.0,0.20141910631689894,
2442,sim_2442,6,0.0018343014368694588,0.0,0.3696045197740113,0.002341139911576011,1.0,0.20141910631689894,
2444,sim_2444,6,0.0018343014368694588,0.0,0.35209903121636166,0.0012324946402005725,1.0,0.20141910631689894,
2445,sim_2445,6,0.0018343014368694588,0.0,0.37323140118667275,0.002767913668971808,1.0,0.20141910631689894,
2446,sim_2446,6,0.0018343014368694588,0.0,0.37293353095428117,0.002720595333800336,1.0,0.20141910631689894,
2448,sim_2448,6,0.0018343014368694588,0.0,0.3615563170111639,0.001920079023630964,1.0,0.20141910631689894,
2449,sim_2449,6,0.0018343014368694588,0.0,0.37212741751990897,0.0025307635907464167,1.0,0.20141910631689894,
2451,sim_2451,6,0.0018343014368694588,0.0,0.35725207514198337,0.0016356222280290427,1.0,0.20141910631689894,
2452,sim_2452,6,0.0018343014368694588,0.0,0.358898398068905,0.0014740282836407954,1.0,0.20141910631689894,
2453,sim_2453,6,0.0018343014368694588,0.0,0.364822663395048,0.0018969842031309615,1.0,0.20141910631689894,
2455,sim_2455,6,0.0018343014368694588,0.0,0.3663344159480345,0.002067615667666787,1.0,0.20141910631689894,
2456,sim_2456,6,0.0018343014368694588,0.0,0.35585291557876414,0.0016435854312818804,1.0,0.20141910631689894,
2457,sim_2457,6,0.0018343014368694588,0.0,0.3597272627295722,0.001932375031774713,1.0,0.20141910631689894,
2458,sim_2458,6,0.0018343014368694588,0.0,0.3617562486175625,0.00157500532499456,1.0,0.20141910631689894,
2459,sim_2459,6,0.0018343014368694588,0.0,0.3639701791476577,0.0022547832885286014,1.0,0.20141910631689894,
2460,sim_2460,6,0.0018343014368694588,0.0,0.3689791314156796,0.002822772520629509,1.0,0.20141910631689894,
2461,sim_2461,6,0.0018343014368694588,0.0,0.35377460523469606,0.0014651562346265122,1.0,0.20141910631689894,
2462,sim_2462,6,0.0018343014368694588,0.0,0.35104099592187166,0.001239275279171206,1.0,0.20141910631689894,
2463,sim_2463,6,0.0018343014368694588,0.0,0.356318082788671,0.0015165353956099468,1.0,0.20141910631689894,
2464,sim_2464,6,0.0018343014368694588,0.0,0.3560853472675811,0.0013081100918789113,1.0,0.20141910631689894,
2465,sim_2465,6,0.0018343014368694588,0.0,0.36163626312880043,0.0018005762203935594,1.0,0.20141910631689894,
2466,sim_2466,6,0.0018343014368694588,0.0,0.34133361160388187,0.0005967384411560391,1.0,0.20141910631689894,
2467,sim_2467,6,0.0018343014368694588,0.0,0.32907444668008046,0.0002889733150885354,1.0,0.20141910631689894,
2469,sim_2469,6,0.0018343014368694588,0.0,0.36167624944714727,0.0016513091852409347,1.0,0.20141910631689894,
2471,sim_2471,6,0.0018343014368694588,0.0,0.3575644949715785,0.0016097352786280795,1.0,0.20141910631689894,
2472,sim_2472,6,0.0018343014368694588,0.0,0.3605202248429406,0.0015855291311446743,1.0,0.20141910631689894,
2474,sim_2474,6,0.0018343014368694588,0.0,0.3696462877161261,0.0020677053148021023,1.0,0.20141910631689894,
2476,sim_2476,6,0.0018343014368694588,0.0,0.3598855759709539,0.001892469550228823,1.0,0.20141910631689894,
2477,sim_2477,6,0.0018343014368694588,0.0,0.3628799644996672,0.0019386033130746744,1.0,0.20141910631689894,
2478,sim_2478,6,0.0018343014368694588,0.0,0.36453805862030536,0.0020079061830238416,1.0,0.20141910631689894,
2479,sim_2479,6,0.0018343014368694588,0.0,0.3589771729587357,0.001794668691727231,1.0,0.20141910631689894,
2480,sim_2480,6,0.0018343014368694588,0.0,0.363686902379364,0.0019985500254928374,1.0,0.20141910631689894,
2481,sim_2481,6,0.0018343014368694588,0.0,0.37183130612708876,0.0027541050654372803,1.0,0.20141910631689894,
2483,sim_2483,6,0.0018343014368694588,0.0,0.3615962856511165,0.0018496130919380684,1.0,0.20141910631689894,
2484,sim_2484,6,0.0018343014368694588,0.0,0.36163626312880043,0.0021204376659397384,1.0,0.20141910631689894,
2485,sim_2485,6,0.0018343014368694588,0.0,0.3507022622493835,0.0010814745713061055,1.0,0.20141910631689894,
2488,sim_2488,6,0.0018343014368694588,0.0,0.35624047048573293,0.001305738939527677,1.0,0.20141910631689894,
2490,sim_2490,6,0.0018343014368694588,0.0,0.3601629597005065,0.001746417910716722,1.0,0.20141910631689894,
2491,sim_2491,6,0.0018343014368694588,0.0,0.35740821678321677,0.0014527428693433464,1.0,0.20141910631689894,
2492,sim_2492,6,0.0018343014368694588,0.0,0.3611969964664311,0.0017848095649863433,1.0,0.20141910631689894,
2493,sim_2493,6,0.0018343014368694588,0.0,0.35209903121636166,0.0012815990579208116,1.0,0.20141910631689894,
2494,sim_2494,6,0.0018343014368694588,0.0,0.3622771070993466,0.0020207625742398776,1.0,0.20141910631689894,
2495,sim_2495,6,0.0018343014368694588,0.0,0.34797872340425534,0.0009772315901945441,1.0,0.20141910631689894,
2496,sim_2496,6,0.0018343014368694588,0.0,0.3592137052492862,0.001791875653575903,1.0,0.20141910631689894,
2497,sim_2497,6,0.0018343014368694588,0.0,0.3428721174004193,0.0007611854971452821,1.0,0.20141910631689894,
2498,sim_2498,6,0.0018343014368694588,0.0,0.35535035306898427,0.001490235376971101,1.0,0.20141910631689894,
2499,sim_2499,6,0.0018343014368694588,0.0,0.3744276556776557,0.002620052971724248,1.0,0.20141910631689894,
3246,sim_3246,6,0.0018343014368694588,0.0,0.3562792724104128,0.0016465121617356094,1.0,0.20141910631689894,
1298,sim_1298,6,0.0018343014368694588,0.0,0.3657200357781753,0.0023272811660900944,1.0,0.20141910631689894,
1301,sim_1301,6,0.0018343014368694588,0.0,0.36740424575985625,0.0024013794263417427,1.0,0.20141910631689894,
1302,sim_1302,6,0.0018343014368694588,0.0,0.3755022385489611,0.002897580829939997,1.0,0.20141910631689894,
1305,sim_1305,6,0.0018343014368694588,0.0,0.3672392500280678,0.0021669397793415116,1.0,0.20141910631689894,
1308,sim_1308,6,0.0018343014368694588,0.0,0.373188819167142,0.0028319068730240397,1.0,0.20141910631689894,
1311,sim_1311,6,0.0018343014368694588,0.0,0.37520073411332877,0.002774871429627632,1.0,0.20141910631689894,
994,sim_994,6,0.0018343014368694588,0.0,0.36752808988764046,0.002477626277224558,1.0,0.20141910631689894,
995,sim_995,6,0.0018343014368694588,0.0,0.3676106990334907,0.0020318697087349197,1.0,0.20141910631689894,
1312,sim_1312,6,0.0018343014368694588,0.0,0.3710720363017584,0.002581247479228937,1.0,0.20141910631689894,
2500,sim_2500,6,0.0018343014368694588,0.0,0.36699203410748343,0.0020300550583984204,1.0,0.20141910631689894,
2501,sim_2501,6,0.0018343014368694588,0.0,0.354579945799458,0.001220884403271952,1.0,0.20141910631689894,
2502,sim_2502,6,0.0018343014368694588,0.0,0.3662113748320645,0.002054014056096453,1.0,0.20141910631689894,
2503,sim_2503,6,0.0018343014368694588,0.0,0.3464675352187268,0.000789642278062566,1.0,0.20141910631689894,
2504,sim_2504,6,0.0018343014368694588,0.0,0.3611571160428398,0.001996475917999147,1.0,0.20141910631689894,
2506,sim_2506,6,0.0018343014368694588,0.0,0.3644568245125348,0.002203741835172813,1.0,0.20141910631689894,
2507,sim_2507,6,0.0018343014368694588,0.0,0.3638891979085549,0.0018380658471273776,1.0,0.20141910631689894,
2508,sim_2508,6,0.0018343014368694588,0.0,0.37485674994269996,0.0026073408966334898,1.0,0.20141910631689894,
2509,sim_2509,6,0.0018343014368694588,0.0,0.36364647026125624,0.002066531887531875,1.0,0.20141910631689894,
2510,sim_2510,6,0.0018343014368694588,0.0,0.357057089837354,0.001552819480959327,1.0,0.20141910631689894,
2511,sim_2511,6,0.0018343014368694588,0.0,0.35028914114371384,0.0011148572983375432,1.0,0.20141910631689894,
2512,sim_2512,6,0.0018343014368694588,0.0,0.36044077134986224,0.001806499692159374,1.0,0.20141910631689894,
2513,sim_2513,6,0.0018343014368694588,0.0,0.3664985994397759,0.002149914541327171,1.0,0.20141910631689894,
2514,sim_2514,6,0.0018343014368694588,0.0,0.3563569016232705,0.0016151741469338753,1.0,0.20141910631689894,
2517,sim_2517,6,0.0018343014368694588,0.0,0.3556981296215746,0.001249399979746531,1.0,0.20141910631689894,
2518,sim_2518,6,0.0018343014368694588,0.0,0.3609976823750138,0.001590012712636534,1.0,0.20141910631689894,
2519,sim_2519,6,0.0018343014368694588,0.0,0.3589771729587357,0.0016844578960596944,1.0,0.20141910631689894,
2520,sim_2520,6,0.0018343014368694588,0.0,0.36881271845754876,0.0022773662791522116,1.0,0.20141910631689894,
2521,sim_2521,6,0.0018343014368694588,0.0,0.35945054945054944,0.0015265047081728705,1.0,0.20141910631689894,
2523,sim_2523,6,0.0018343014368694588,0.0,0.34786770179729876,0.0010477341593863748,1.0,0.20141910631689894,
2524,sim_2524,6,0.0018343014368694588,0.0,0.35639572891697535,0.0015042515881561322,1.0,0.20141910631689894,
3247,sim_3247,6,0.0018343014368694588,0.0,0.36032165675258865,0.001772743824202711,1.0,0.20141910631689894,
2527,sim_2527,6,0.0018343014368694588,0.0,0.3521748492678725,0.0013239942318723432,1.0,0.20141910631689894,
2528,sim_2528,6,0.0018343014368694588,0.0,0.3528586839266451,0.001299506859185725,1.0,0.20141910631689894,
2529,sim_2529,6,0.0018343014368694588,0.0,0.3605997133722853,0.001787689418000544,1.0,0.20141910631689894,
2530,sim_2530,6,0.0018343014368694588,0.0,0.3762364849321371,0.0029477233025470796,1.0,0.20141910631689894,
2532,sim_2532,6,0.0018343014368694588,0.0,0.3522886375875067,0.00100896057614737,1.0,0.20141910631689894,
2533,sim_2533,6,0.0018343014368694588,0.0,0.36032165675258865,0.001701027948467758,1.0,0.20141910631689894,
2535,sim_2535,6,0.0018343014368694588,0.0,0.36255819108845044,0.0018806502811225406,1.0,0.20141910631689894,
2536,sim_2536,6,0.0018343014368694588,0.0,0.35585291557876414,0.0011656236769042047,1.0,0.20141910631689894,
2537,sim_2537,6,0.0018343014368694588,0.0,0.3660064898735594,0.0023523236876319934,1.0,0.20141910631689894,
2538,sim_2538,6,0.0018343014368694588,0.0,0.34595452141723954,0.0008402240121804125,1.0,0.20141910631689894,
2540,sim_2540,6,0.0018343014368694588,0.0,0.36167624944714727,0.0016387635744421973,1.0,0.20141910631689894,
2541,sim_2541,6,0.0018343014368694588,0.0,0.36409171861086376,0.002029338623019326,1.0,0.20141910631689894,
2542,sim_2542,6,0.0018343014368694588,0.0,0.36111724442481785,0.0018887726103817633,1.0,0.20141910631689894,
2543,sim_2543,6,0.0018343014368694588,0.0,0.35446467273515386,0.001147659876353008,1.0,0.20141910631689894,
288,sim_288,6,0.0018343014368694588,0.0,0.37387129957709453,0.0027865964404214867,1.0,0.20141910631689894,
297,sim_297,6,0.0018343014368694588,0.0,0.37374314442413165,0.00291229687505885,1.0,0.20141910631689894,
2544,sim_2544,6,0.0018343014368694588,0.0,0.3573691685786081,0.0016248910751741515,1.0,0.20141910631689894,
2545,sim_2545,6,0.0018343014368694588,0.0,0.35392772127245187,0.0011263651334996357,1.0,0.20141910631689894,
1289,sim_1289,6,0.0018343014368694588,0.0,0.35791662107451583,0.0018919394052853203,1.0,0.20141910631689894,
3264,sim_3264,6,0.0018343014368694588,0.0,0.36510771291438776,0.002314739954424215,1.0,0.20141910631689894,
1292,sim_1292,6,0.0018343014368694588,0.0,0.3666218336695808,0.002293421850184148,1.0,0.20141910631689894,
3265,sim_3265,6,0.0018343014368694588,0.0,0.35546620299934795,0.001386919691075574,1.0,0.20141910631689894,
1013,sim_1013,6,0.0018343014368694588,0.0,0.36478197836511655,0.0019105175148571663,1.0,0.20141910631689894,
1015,sim_1015,6,0.0018343014368694588,0.0,0.3715356656065425,0.0024353946076642718,1.0,0.20141910631689894,
1296,sim_1296,6,0.0018343014368694588,0.0,0.3638891979085549,0.0020418700902469105,1.0,0.20141910631689894,
2549,sim_2549,6,0.0018343014368694588,0.0,0.3562792724104128,0.0015897963641615138,1.0,0.20141910631689894,
2550,sim_2550,6,0.0018343014368694588,0.0,0.37374314442413165,0.002773463037224322,1.0,0.20141910631689894,
2551,sim_2551,6,0.0018343014368694588,0.0,0.3605997133722853,0.001855988686570837,1.0,0.20141910631689894,
2552,sim_2552,6,0.0018343014368694588,0.0,0.36163626312880043,0.0018749415753563233,1.0,0.20141910631689894,
2555,sim_2555,6,0.0018343014368694588,0.0,0.3556981296215746,0.0013820756501881557,1.0,0.20141910631689894,
2557,sim_2557,6,0.0018343014368694588,0.0,0.36580183404160144,0.0019291223609100897,1.0,0.20141910631689894,
2559,sim_2559,6,0.0018343014368694588,0.0,0.36682740832118427,0.0020977442103472074,1.0,0.20141910631689894,
2561,sim_2561,6,0.0018343014368694588,0.0,0.36392968402314196,0.0021563605077699107,1.0,0.20141910631689894,
2562,sim_2562,6,0.0018343014368694588,0.0,0.3536598551194724,0.0011041368499842708,1.0,0.20141910631689894,
1052,sim_1052,6,0.0018343014368694588,0.0,0.3619964586100044,0.001962494685640767,1.0,0.20141910631689894,
1265,sim_1265,6,0.0018343014368694588,0.0,0.3528967526162477,0.001187326258701954,1.0,0.20141910631689894,
1266,sim_1266,6,0.0018343014368694588,0.0,0.3696045197740113,0.0025210184232410727,1.0,0.20141910631689894,
1271,sim_1271,6,0.0018343014368694588,0.0,0.36514847064076805,0.002151877432549492,1.0,0.20141910631689894,
1279,sim_1279,6,0.0018343014368694588,0.0,0.3615563170111639,0.0019513478815799776,1.0,0.20141910631689894,
1024,sim_1024,6,0.0018343014368694588,0.0,0.36332333666555594,0.0019751428397102757,1.0,0.20141910631689894,
1025,sim_1025,6,0.0018343014368694588,0.0,0.3600440286186021,0.0017360777311770446,1.0,0.20141910631689894,
1028,sim_1028,6,0.0018343014368694588,0.0,0.36893751409880443,0.002463909142721695,1.0,0.20141910631689894,
1035,sim_1035,6,0.0018343014368694588,0.0,0.36032165675258865,0.0018637512411032089,1.0,0.20141910631689894,
1038,sim_1038,6,0.0018343014368694588,0.0,0.37340182648401826,0.0026468460985022858,1.0,0.20141910631689894,
2564,sim_2564,6,0.0018343014368694588,0.0,0.3508903668740614,0.0011351698508309028,1.0,0.20141910631689894,
2566,sim_2566,6,0.0018343014368694588,0.0,0.35624047048573293,0.0013511438861651065,1.0,0.20141910631689894,
2568,sim_2568,6,0.0018343014368694588,0.0,0.3600440286186021,0.0017016322878117408,1.0,0.20141910631689894,
2569,sim_2569,6,0.0018343014368694588,0.0,0.35073986703838733,0.0011916815419521533,1.0,0.20141910631689894,
2570,sim_2570,6,0.0018343014368694588,0.0,0.3698134539287733,0.002424721910213013,1.0,0.20141910631689894,
2571,sim_2571,6,0.0018343014368694588,0.0,0.34783071033602725,0.000770277928719926,1.0,0.20141910631689894,
2572,sim_2572,6,0.0018343014368694588,0.0,0.3596877061798988,0.0015051609502097427,1.0,0.20141910631689894,
2575,sim_2575,6,0.0018343014368694588,0.0,0.351078673392723,0.0010440288913837938,1.0,0.20141910631689894,
2576,sim_2576,6,0.0018343014368694588,0.0,0.3705675767531438,0.0025544045273259842,1.0,0.20141910631689894,
2577,sim_2577,6,0.0018343014368694588,0.0,0.36498549430930594,0.0020457922248133956,1.0,0.20141910631689894,
2579,sim_2579,6,0.0018343014368694588,0.0,0.3662113748320645,0.002092413145761896,1.0,0.20141910631689894,
2581,sim_2581,6,0.0018343014368694588,0.0,0.36392968402314196,0.0018997874157847157,1.0,0.20141910631689894,
2582,sim_2582,6,0.0018343014368694588,0.0,0.3467981340118745,0.0008865420886138766,1.0,0.20141910631689894,
2584,sim_2584,6,0.0018343014368694588,0.0,0.36247783687943264,0.001619367878274935,1.0,0.20141910631689894,
2585,sim_2585,6,0.0018343014368694588,0.0,0.3566288704753598,0.001332201989235111,1.0,0.20141910631689894,
2586,sim_2586,6,0.0018343014368694588,0.0,0.3574863387978142,0.0013389894801995642,1.0,0.20141910631689894,
2587,sim_2587,6,0.0018343014368694588,0.0,0.35815175736340743,0.0018174434264920877,1.0,0.20141910631689894,
2589,sim_2589,6,0.0018343014368694588,0.0,0.3574863387978142,0.0011266652359992815,1.0,0.20141910631689894,
2590,sim_2590,6,0.0018343014368694588,0.0,0.35343057806591033,0.0012894345550257846,1.0,0.20141910631689894,
2593,sim_2593,6,0.0018343014368694588,0.0,0.37183130612708876,0.0023728767992920057,1.0,0.20141910631689894,
2594,sim_2594,6,0.0018343014368694588,0.0,0.3719158612848209,0.002328798870316882,1.0,0.20141910631689894,
1254,sim_1254,6,0.0018343014368694588,0.0,0.3712826333711691,0.0024101265077769137,1.0,0.20141910631689894,
1255,sim_1255,6,0.0018343014368694588,0.0,0.36531159258431983,0.0022501898959973025,1.0,0.20141910631689894,
1256,sim_1256,6,0.0018343014368694588,0.0,0.3727210574293528,0.0023908262237154047,1.0,0.20141910631689894,
1257,sim_1257,6,0.0018343014368694588,0.0,0.3647413024085638,0.002090188202598151,1.0,0.20141910631689894,
1259,sim_1259,6,0.0018343014368694588,0.0,0.3625983815541514,0.0020065569276539975,1.0,0.20141910631689894,
1260,sim_1260,6,0.0018343014368694588,0.0,0.3756747444584817,0.002959231363958471,1.0,0.20141910631689894,
1044,sim_1044,6,0.0018343014368694588,0.0,0.36095784595012137,0.0019115500342921949,1.0,0.20141910631689894,
3266,sim_3266,6,0.0018343014368694588,0.0,0.34048089934422815,0.0005874093339580901,1.0,0.20141910631689894,
1048,sim_1048,6,0.0018343014368694588,0.0,0.3627592325607186,0.0020930414150495368,1.0,0.20141910631689894,
1049,sim_1049,6,0.0018343014368694588,0.0,0.37365775645419236,0.0027780232369923755,1.0,0.20141910631689894,
1051,sim_1051,6,0.0018343014368694588,0.0,0.36629339305711084,0.002124669958155068,1.0,0.20141910631689894,
2595,sim_2595,6,0.0018343014368694588,0.0,0.3663344159480345,0.0022477537149871722,1.0,0.20141910631689894,
2596,sim_2596,6,0.0018343014368694588,0.0,0.3484606370512411,0.0009532187911001573,1.0,0.20141910631689894,
2597,sim_2597,6,0.0018343014368694588,0.0,0.3470188839380437,0.0009542980390125153,1.0,0.20141910631689894,
2599,sim_2599,6,0.0018343014368694588,0.0,0.36111724442481785,0.0017791944293042378,1.0,0.20141910631689894,
2601,sim_2601,6,0.0018343014368694588,0.0,0.35523457862728064,0.0015478836997038419,1.0,0.20141910631689894,
2602,sim_2602,6,0.0018343014368694588,0.0,0.3649040606871932,0.00208813847874622,1.0,0.20141910631689894,
2603,sim_2603,6,0.0018343014368694588,0.0,0.3558142064614381,0.0014769973939360848,1.0,0.20141910631689894,
2605,sim_2605,6,0.0018343014368694588,0.0,0.357799168672063,0.001786224991155643,1.0,0.20141910631689894,
2606,sim_2606,6,0.0018343014368694588,0.0,0.35643456467255097,0.001614404584518608,1.0,0.20141910631689894,
2607,sim_2607,6,0.0018343014368694588,0.0,0.3537363469233265,0.0011733545308323426,1.0,0.20141910631689894,
2611,sim_2611,6,0.0018343014368694588,0.0,0.34211902520656834,0.000641465525090891,1.0,0.20141910631689894,
2612,sim_2612,6,0.0018343014368694588,0.0,0.3607190119100132,0.001731310698126278,1.0,0.20141910631689894,
2613,sim_2613,6,0.0018343014368694588,0.0,0.36494477295548367,0.002089957619132574,1.0,0.20141910631689894,
2614,sim_2614,6,0.0018343014368694588,0.0,0.33777364725320114,0.000557697849581541,1.0,0.20141910631689894,
2615,sim_2615,6,0.0018343014368694588,0.0,0.35010168040244033,0.0011177943887601906,1.0,0.20141910631689894,
2616,sim_2616,6,0.0018343014368694588,0.0,0.3644162210338681,0.0023266675815671765,1.0,0.20141910631689894,
2617,sim_2617,6,0.0018343014368694588,0.0,0.3514936600042983,0.0010439950107306174,1.0,0.20141910631689894,
2618,sim_2618,6,0.0018343014368694588,0.0,0.3650669642857143,0.0021536896223399867,1.0,0.20141910631689894,
2619,sim_2619,6,0.0018343014368694588,0.0,0.35713505841249044,0.001358248459198214,1.0,0.20141910631689894,
2620,sim_2620,6,0.0018343014368694588,0.0,0.3587016120188617,0.0016488774327690272,1.0,0.20141910631689894,
2621,sim_2621,6,0.0018343014368694588,0.0,0.3588196577446248,0.0014300125673825028,1.0,0.20141910631689894,
2622,sim_2622,6,0.0018343014368694588,0.0,0.35952956693778854,0.001630490306079734,1.0,0.20141910631689894,
2623,sim_2623,6,0.0018343014368694588,0.0,0.35362162162162164,0.001399809980152878,1.0,0.20141910631689894,
2624,sim_2624,6,0.0018343014368694588,0.0,0.34823804961141275,0.0010333866270884654,1.0,0.20141910631689894,
2626,sim_2626,6,0.0018343014368694588,0.0,0.3739995426480677,0.0028930240129019617,1.0,0.20141910631689894,
2628,sim_2628,6,0.0018343014368694588,0.0,0.3627190064315813,0.0019046531327003226,1.0,0.20141910631689894,
2629,sim_2629,6,0.0018343014368694588,0.0,0.35826944140197153,0.0016903333136127604,1.0,0.20141910631689894,
2630,sim_2630,6,0.0018343014368694588,0.0,0.366047448522829,0.0022619309448748243,1.0,0.20141910631689894,
2631,sim_2631,6,0.0018343014368694588,0.0,0.36580183404160144,0.002014815202482832,1.0,0.20141910631689894,
2632,sim_2632,6,0.0018343014368694588,0.0,0.36531159258431983,0.0021441204938164706,1.0,0.20141910631689894,
2633,sim_2633,6,0.0018343014368694588,0.0,0.3587016120188617,0.001694339543891868,1.0,0.20141910631689894,
2634,sim_2634,6,0.0018343014368694588,0.0,0.3559690934813364,0.0014970243044292125,1.0,0.20141910631689894,
2635,sim_2635,6,0.0018343014368694588,0.0,0.3615962856511165,0.0016458464400846162,1.0,0.20141910631689894,
2636,sim_2636,6,0.0018343014368694588,0.0,0.3503641816623822,0.0012181776462131875,1.0,0.20141910631689894,
2637,sim_2637,6,0.0018343014368694588,0.0,0.3612767837419925,0.0017131783328480333,1.0,0.20141910631689894,
2638,sim_2638,6,0.0018343014368694588,0.0,0.3581125465294504,0.001569010099505141,1.0,0.20141910631689894,
2639,sim_2639,6,0.0018343014368694588,0.0,0.3631216696269982,0.0016256767076879678,1.0,0.20141910631689894,
228,sim_228,6,0.0018343014368694588,0.0,0.37183130612708876,0.002912072297346556,1.0,0.20141910631689894,
2641,sim_2641,6,0.0018343014368694588,0.0,0.3655565489494859,0.0019548826652964623,1.0,0.20141910631689894,
2642,sim_2642,6,0.0018343014368694588,0.0,0.35901657337284604,0.0018961922232013718,1.0,0.20141910631689894,
2643,sim_2643,6,0.0018343014368694588,0.0,0.35893778119170416,0.0014673412973156875,1.0,0.20141910631689894,
3267,sim_3267,6,0.0018343014368694588,0.0,0.3610773816094492,0.0017543912623840174,1.0,0.20141910631689894,
2645,sim_2645,6,0.0018343014368694588,0.0,0.3696880650994575,0.002218245028372398,1.0,0.20141910631689894,
2648,sim_2648,6,0.0018343014368694588,0.0,0.3435924369747899,0.0007107925750920798,1.0,0.20141910631689894,
2649,sim_2649,6,0.0018343014368694588,0.0,0.36429446486245687,0.0021881523833067675,1.0,0.20141910631689894,
2650,sim_2650,6,0.0018343014368694588,0.0,0.36376779359430605,0.0019163517889563611,1.0,0.20141910631689894,
2653,sim_2653,6,0.0018343014368694588,0.0,0.3644568245125348,0.0018505740492097168,1.0,0.20141910631689894,
2655,sim_2655,6,0.0018343014368694588,0.0,0.359174261557044,0.0016018107785909946,1.0,0.20141910631689894,
185,sim_185,6,0.0018343014368694588,0.0,0.3725512528473804,0.002943347853392432,1.0,0.20141910631689894,
2656,sim_2656,6,0.0018343014368694588,0.0,0.358898398068905,0.0015673819883437335,1.0,0.20141910631689894,
2657,sim_2657,6,0.0018343014368694588,0.0,0.367734682405846,0.0023000555962119436,1.0,0.20141910631689894,
1239,sim_1239,6,0.0018343014368694588,0.0,0.36425389755011134,0.001965231286839479,1.0,0.20141910631689894,
1240,sim_1240,6,0.0018343014368694588,0.0,0.36380825269714157,0.0021114635217029604,1.0,0.20141910631689894,
1245,sim_1245,6,0.0018343014368694588,0.0,0.3549647314161693,0.0014963824721284306,1.0,0.20141910631689894,
1060,sim_1060,6,0.0018343014368694588,0.0,0.3724664085629697,0.0024432350038148505,1.0,0.20141910631689894,
1064,sim_1064,6,0.0018343014368694588,0.0,0.3561628919860627,0.001544577834271293,1.0,0.20141910631689894,
1065,sim_1065,6,0.0018343014368694588,0.0,0.3606792369610762,0.0020016691580018106,1.0,0.20141910631689894,
1066,sim_1066,6,0.0018343014368694588,0.0,0.3581125465294504,0.0018239436541900112,1.0,0.20141910631689894,
1068,sim_1068,6,0.0018343014368694588,0.0,0.37412787372755346,0.0026200046254040562,1.0,0.20141910631689894,
1249,sim_1249,6,0.0018343014368694588,0.0,0.3498769921916782,0.0012473531017843217,1.0,0.20141910631689894,
1251,sim_1251,6,0.0018343014368694588,0.0,0.38468775726214277,0.0036598873627985873,1.0,0.20141910631689894,
2660,sim_2660,6,0.0018343014368694588,0.0,0.3665807463857447,0.0020023063633606477,1.0,0.20141910631689894,
2663,sim_2663,6,0.0018343014368694588,0.0,0.3590559824368825,0.0015708800170064758,1.0,0.20141910631689894,
2665,sim_2665,6,0.0018343014368694588,0.0,0.3604804937183161,0.001721961678513221,1.0,0.20141910631689894,
2666,sim_2666,6,0.0018343014368694588,0.0,0.366252379352816,0.0023174177481693763,1.0,0.20141910631689894,
2667,sim_2667,6,0.0018343014368694588,0.0,0.3765830071379231,0.0026504141221218545,1.0,0.20141910631689894,
2668,sim_2668,6,0.0018343014368694588,0.0,0.36596554038934886,0.002242945442741723,1.0,0.20141910631689894,
2669,sim_2669,6,0.0018343014368694588,0.0,0.36095784595012137,0.001961357448053033,1.0,0.20141910631689894,
2672,sim_2672,6,0.0018343014368694588,0.0,0.3724664085629697,0.0028161232573252143,1.0,0.20141910631689894,
2673,sim_2673,6,0.0018343014368694588,0.0,0.35651226158038146,0.0012983724145072214,1.0,0.20141910631689894,
1225,sim_1225,6,0.0018343014368694588,0.0,0.3704836334805754,0.0024419200352699356,1.0,0.20141910631689894,
1227,sim_1227,6,0.0018343014368694588,0.0,0.36437562660131445,0.002191515900683968,1.0,0.20141910631689894,
1230,sim_1230,6,0.0018343014368694588,0.0,0.364659977703456,0.0020927695281859476,1.0,0.20141910631689894,
1072,sim_1072,6,0.0018343014368694588,0.0,0.3614764062327329,0.001917762539755255,1.0,0.20141910631689894,
1074,sim_1074,6,0.0018343014368694588,0.0,0.3691873589164786,0.0026009020061197284,1.0,0.20141910631689894,
1232,sim_1232,6,0.0018343014368694588,0.0,0.3617562486175625,0.0020343793404390283,1.0,0.20141910631689894,
1235,sim_1235,6,0.0018343014368694588,0.0,0.3567844677137871,0.0017048043467790576,1.0,0.20141910631689894,
1236,sim_1236,6,0.0018343014368694588,0.0,0.3652707984366276,0.00221013932719896,1.0,0.20141910631689894,
2675,sim_2675,6,0.0018343014368694588,0.0,0.3590559824368825,0.0018306729119559435,1.0,0.20141910631689894,
2676,sim_2676,6,0.0018343014368694588,0.0,0.3662113748320645,0.0020257848225247433,1.0,0.20141910631689894,
3207,sim_3207,6,0.0018343014368694588,0.0,0.3504768027429551,0.0011799078994211693,1.0,0.20141910631689894,
2679,sim_2679,6,0.0018343014368694588,0.0,0.3479047011274197,0.0010105446384892577,1.0,0.20141910631689894,
2680,sim_2680,6,0.0018343014368694588,0.0,0.3601233072773313,0.0017784303286924085,1.0,0.20141910631689894,
2681,sim_2681,6,0.0018343014368694588,0.0,0.36131669059980115,0.002028717905540844,1.0,0.20141910631689894,
2682,sim_2682,6,0.0018343014368694588,0.0,0.34872068230277187,0.0008409207966147146,1.0,0.20141910631689894,
2683,sim_2683,6,0.0018343014368694588,0.0,0.37762641422304316,0.00277063264307669,1.0,0.20141910631689894,
2684,sim_2684,6,0.0018343014368694588,0.0,0.35531175320443187,0.001427377934680802,1.0,0.20141910631689894,
2687,sim_2687,6,0.0018343014368694588,0.0,0.3665807463857447,0.0021267337936436135,1.0,0.20141910631689894,
2688,sim_2688,6,0.0018343014368694588,0.0,0.3574863387978142,0.0016697484322081683,1.0,0.20141910631689894,
2689,sim_2689,6,0.0018343014368694588,0.0,0.3400561388917767,0.0005738483468377513,1.0,0.20141910631689894,
2690,sim_2690,6,0.0018343014368694588,0.0,0.35717405547062675,0.001393222033895079,1.0,0.20141910631689894,
2691,sim_2691,6,0.0018343014368694588,0.0,0.36340406621486504,0.0020249322328274935,1.0,0.20141910631689894,
2692,sim_2692,6,0.0018343014368694588,0.0,0.3516826147726051,0.001198099142792878,1.0,0.20141910631689894,
2693,sim_2693,6,0.0018343014368694588,0.0,0.3566288704753598,0.0014823223758583075,1.0,0.20141910631689894,
2695,sim_2695,6,0.0018343014368694588,0.0,0.36711560044893377,0.0021768504892313106,1.0,0.20141910631689894,
2696,sim_2696,6,0.0018343014368694588,0.0,0.35236453732629536,0.00117205905390911,1.0,0.20141910631689894,
2697,sim_2697,6,0.0018343014368694588,0.0,0.357057089837354,0.0011230243761207626,1.0,0.20141910631689894,
2698,sim_2698,6,0.0018343014368694588,0.0,0.3619964586100044,0.0016538074854572729,1.0,0.20141910631689894,
2699,sim_2699,6,0.0018343014368694588,0.0,0.34820097934852035,0.0009275778300503221,1.0,0.20141910631689894,
2700,sim_2700,6,0.0018343014368694588,0.0,0.3590954001536941,0.0018230166074238918,1.0,0.20141910631689894,
2702,sim_2702,6,0.0018343014368694588,0.0,0.3498769921916782,0.0010268256222991086,1.0,0.20141910631689894,
2703,sim_2703,6,0.0018343014368694588,0.0,0.3561628919860627,0.0012701451725892368,1.0,0.20141910631689894,
2704,sim_2704,6,0.0018343014368694588,0.0,0.34879505224994667,0.0009336885803205098,1.0,0.20141910631689894,
2705,sim_2705,6,0.0018343014368694588,0.0,0.35297291464335817,0.0012647070372254266,1.0,0.20141910631689894,
2706,sim_2706,6,0.0018343014368694588,0.0,0.35725207514198337,0.0015632569891746266,1.0,0.20141910631689894,
2707,sim_2707,6,0.0018343014368694588,0.0,0.35862295800899024,0.0016176719981216814,1.0,0.20141910631689894,
1099,sim_1099,6,0.0018343014368694588,0.0,0.35434947459646843,0.0016665842236359494,1.0,0.20141910631689894,
1100,sim_1100,6,0.0018343014368694588,0.0,0.3614764062327329,0.0019107672111999324,1.0,0.20141910631689894,
1201,sim_1201,6,0.0018343014368694588,0.0,0.36682740832118427,0.002332442912848244,1.0,0.20141910631689894,
1203,sim_1203,6,0.0018343014368694588,0.0,0.36384872080088987,0.0020098571548920726,1.0,0.20141910631689894,
1208,sim_1208,6,0.0018343014368694588,0.0,0.3709878643529545,0.002595936629052068,1.0,0.20141910631689894,
1210,sim_1210,6,0.0018343014368694588,0.0,0.3681485649971863,0.0024473804317574435,1.0,0.20141910631689894,
1221,sim_1221,6,0.0018343014368694588,0.0,0.367321729365525,0.0019637993775224135,1.0,0.20141910631689894,
1224,sim_1224,6,0.0018343014368694588,0.0,0.3705675767531438,0.002512995675430096,1.0,0.20141910631689894,
2708,sim_2708,6,0.0018343014368694588,0.0,0.35658999236890876,0.001485653963181805,1.0,0.20141910631689894,
2709,sim_2709,6,0.0018343014368694588,0.0,0.36584274689632035,0.002014838791577795,1.0,0.20141910631689894,
2710,sim_2710,6,0.0018343014368694588,0.0,0.36935411020776876,0.002534132416663432,1.0,0.20141910631689894,
2712,sim_2712,6,0.0018343014368694588,0.0,0.37157787118027946,0.0025365297848368978,1.0,0.20141910631689894,
2713,sim_2713,6,0.0018343014368694588,0.0,0.35531175320443187,0.0012850121019745238,1.0,0.20141910631689894,
2714,sim_2714,6,0.0018343014368694588,0.0,0.3547722342733189,0.001030095947993832,1.0,0.20141910631689894,
2715,sim_2715,6,0.0018343014368694588,0.0,0.35415764400173233,0.0013048855743277878,1.0,0.20141910631689894,
2716,sim_2716,6,0.0018343014368694588,0.0,0.3597668279806423,0.001493194721444706,1.0,0.20141910631689894,
2717,sim_2717,6,0.0018343014368694588,0.0,0.3538128718226068,0.0012970633094689379,1.0,0.20141910631689894,
2721,sim_2721,6,0.0018343014368694588,0.0,0.3600836635843241,0.0018002160876027689,1.0,0.20141910631689894,
2724,sim_2724,6,0.0018343014368694588,0.0,0.3627592325607186,0.0017429553070378633,1.0,0.20141910631689894,
2725,sim_2725,6,0.0018343014368694588,0.0,0.3590954001536941,0.0015171472066113603,1.0,0.20141910631689894,
2726,sim_2726,6,0.0018343014368694588,0.0,0.36028196937988766,0.0018861706823167807,1.0,0.20141910631689894,
2727,sim_2727,6,0.0018343014368694588,0.0,0.3588196577446248,0.0015093360977844344,1.0,0.20141910631689894,
2728,sim_2728,6,0.0018343014368694588,0.0,0.34946581196581195,0.0009589595722102163,1.0,0.20141910631689894,
2729,sim_2729,6,0.0018343014368694588,0.0,0.3629202263397315,0.0017442776278248223,1.0,0.20141910631689894,
2730,sim_2730,6,0.0018343014368694588,0.0,0.3523265833692374,0.0013156819220485946,1.0,0.20141910631689894,
2731,sim_2731,6,0.0018343014368694588,0.0,0.3569402007856831,0.0011453580799753026,1.0,0.20141910631689894,
2734,sim_2734,6,0.0018343014368694588,0.0,0.35815175736340743,0.0017397861690079397,1.0,0.20141910631689894,
128,sim_128,6,0.0018343014368694588,0.0,0.3803046157423555,0.003434554483422494,1.0,0.20141910631689894,
138,sim_138,6,0.0018343014368694588,0.0,0.37225446682599295,0.003073665828627507,1.0,0.20141910631689894,
2736,sim_2736,6,0.0018343014368694588,0.0,0.36376779359430605,0.0019063710714110234,1.0,0.20141910631689894,
2737,sim_2737,6,0.0018343014368694588,0.0,0.3625983815541514,0.0019446754908828804,1.0,0.20141910631689894,
2738,sim_2738,6,0.0018343014368694588,0.0,0.36384872080088987,0.0021086133719468592,1.0,0.20141910631689894,
2740,sim_2740,6,0.0018343014368694588,0.0,0.35925315760571114,0.0018703763805480581,1.0,0.20141910631689894,
2741,sim_2741,6,0.0018343014368694588,0.0,0.3471293643213414,0.0009592670607767121,1.0,0.20141910631689894,
2742,sim_2742,6,0.0018343014368694588,0.0,0.35893778119170416,0.0016289453626476137,1.0,0.20141910631689894,
2743,sim_2743,6,0.0018343014368694588,0.0,0.34805277718663546,0.001016604166703693,1.0,0.20141910631689894,
2744,sim_2744,6,0.0018343014368694588,0.0,0.359925176056338,0.0014962762943307323,1.0,0.20141910631689894,
2748,sim_2748,6,0.0018343014368694588,0.0,0.3479047011274197,0.0007562598323143725,1.0,0.20141910631689894,
2749,sim_2749,6,0.0018343014368694588,0.0,0.35933208832253105,0.0015757067337752167,1.0,0.20141910631689894,
2750,sim_2750,6,0.0018343014368694588,0.0,0.36470063552235477,0.0021616207471100496,1.0,0.20141910631689894,
2751,sim_2751,6,0.0018343014368694588,0.0,0.35830868660313286,0.001567199394284101,1.0,0.20141910631689894,
2752,sim_2752,6,0.0018343014368694588,0.0,0.36596554038934886,0.002134336954127566,1.0,0.20141910631689894,
2753,sim_2753,6,0.0018343014368694588,0.0,0.36494477295548367,0.001966175529963063,1.0,0.20141910631689894,
2754,sim_2754,6,0.0018343014368694588,0.0,0.36392968402314196,0.001905107678500739,1.0,0.20141910631689894,
2755,sim_2755,6,0.0018343014368694588,0.0,0.36802430243024303,0.00218603895481714,1.0,0.20141910631689894,
2756,sim_2756,6,0.0018343014368694588,0.0,0.37459917544663307,0.002469480827153031,1.0,0.20141910631689894,
2757,sim_2757,6,0.0018343014368694588,0.0,0.3545030887612442,0.0013198742492585044,1.0,0.20141910631689894,
2758,sim_2758,6,0.0018343014368694588,0.0,0.3622771070993466,0.0016204631196435853,1.0,0.20141910631689894,
2760,sim_2760,6,0.0018343014368694588,0.0,0.36000440237728376,0.0017934012733195044,1.0,0.20141910631689894,
2761,sim_2761,6,0.0018343014368694588,0.0,0.36752808988764046,0.0023844803527135203,1.0,0.20141910631689894,
2762,sim_2762,6,0.0018343014368694588,0.0,0.36131669059980115,0.0018280966585462355,1.0,0.20141910631689894,
2763,sim_2763,6,0.0018343014368694588,0.0,0.35666775706029874,0.0013148293293165376,1.0,0.20141910631689894,
2764,sim_2764,6,0.0018343014368694588,0.0,0.34417087542087543,0.0007370904819227084,1.0,0.20141910631689894,
2765,sim_2765,6,0.0018343014368694588,0.0,0.3575254126134004,0.0013699353566138802,1.0,0.20141910631689894,
2766,sim_2766,6,0.0018343014368694588,0.0,0.35721306104619416,0.0015307574808060902,1.0,0.20141910631689894,
2767,sim_2767,6,0.0018343014368694588,0.0,0.37485674994269996,0.0028477824907367187,1.0,0.20141910631689894,
126,sim_126,6,0.0018343014368694588,0.0,0.3815022160018661,0.0034934553486108437,1.0,0.20141910631689894,
93,sim_93,6,0.0018343014368694588,0.0,0.3781065772743035,0.0031451740795323045,1.0,0.20141910631689894,
2768,sim_2768,6,0.0018343014368694588,0.0,0.35160700849188437,0.0011826828944822621,1.0,0.20141910631689894,
2769,sim_2769,6,0.0018343014368694588,0.0,0.3641322498051876,0.001775939659093586,1.0,0.20141910631689894,
2770,sim_2770,6,0.0018343014368694588,0.0,0.35236453732629536,0.0009630681798559248,1.0,0.20141910631689894,
2772,sim_2772,6,0.0018343014368694588,0.0,0.3709037305816986,0.002372119980744217,1.0,0.20141910631689894,
2773,sim_2773,6,0.0018343014368694588,0.0,0.3549647314161693,0.001537941992885361,1.0,0.20141910631689894,
2775,sim_2775,6,0.0018343014368694588,0.0,0.35062707685711225,0.0010362429523301893,1.0,0.20141910631689894,
2776,sim_2776,6,0.0018343014368694588,0.0,0.3602422907488987,0.001695742839603749,1.0,0.20141910631689894,
2777,sim_2777,6,0.0018343014368694588,0.0,0.3707355774679814,0.002502573692656203,1.0,0.20141910631689894,
2778,sim_2778,6,0.0018343014368694588,0.0,0.3636060471320587,0.0017993703936265005,1.0,0.20141910631689894,
2781,sim_2781,6,0.0018343014368694588,0.0,0.35862295800899024,0.0013263073870487382,1.0,0.20141910631689894,
2782,sim_2782,6,0.0018343014368694588,0.0,0.3619163531754813,0.0018704167894145736,1.0,0.20141910631689894,
2783,sim_2783,6,0.0018343014368694588,0.0,0.37002262443438916,0.0024352444101651102,1.0,0.20141910631689894,
2784,sim_2784,6,0.0018343014368694588,0.0,0.35729109776078644,0.001442153290607721,1.0,0.20141910631689894,
2785,sim_2785,6,0.0018343014368694588,0.0,0.370525600362483,0.0025017145716425613,1.0,0.20141910631689894,
2786,sim_2786,6,0.0018343014368694588,0.0,0.35442626503413155,0.0010524764960857527,1.0,0.20141910631689894,
2787,sim_2787,6,0.0018343014368694588,0.0,0.35247844827586206,0.0013064954433344832,1.0,0.20141910631689894,
2788,sim_2788,6,0.0018343014368694588,0.0,0.3692707157371867,0.0020803041543942143,1.0,0.20141910631689894,
2789,sim_2789,6,0.0018343014368694588,0.0,0.36752808988764046,0.0021290358243081647,1.0,0.20141910631689894,
2790,sim_2790,6,0.0018343014368694588,0.0,0.3657609303365761,0.0018763391393891765,1.0,0.20141910631689894,
2791,sim_2791,6,0.0018343014368694588,0.0,0.354579945799458,0.0013834787619799926,1.0,0.20141910631689894,
2793,sim_2793,6,0.0018343014368694588,0.0,0.3612368856985091,0.0016712542398220512,1.0,0.20141910631689894,
2794,sim_2794,6,0.0018343014368694588,0.0,0.34735053626420304,0.0009097516779312576,1.0,0.20141910631689894,
2795,sim_2795,6,0.0018343014368694588,0.0,0.3606792369610762,0.0016715640160415767,1.0,0.20141910631689894,
2796,sim_2796,6,0.0018343014368694588,0.0,0.3601233072773313,0.001770849451534287,1.0,0.20141910631689894,
2797,sim_2797,6,0.0018343014368694588,0.0,0.3583872028048647,0.0015676045270520676,1.0,0.20141910631689894,
2798,sim_2798,6,0.0018343014368694588,0.0,0.36103752759381896,0.0017547098070700977,1.0,0.20141910631689894,
2799,sim_2799,6,0.0018343014368694588,0.0,0.36543402971735,0.002134757009603575,1.0,0.20141910631689894,
2801,sim_2801,6,0.0018343014368694588,0.0,0.36498549430930594,0.0021667041180868153,1.0,0.20141910631689894,
2802,sim_2802,6,0.0018343014368694588,0.0,0.3566288704753598,0.0014055699424246923,1.0,0.20141910631689894,
2803,sim_2803,6,0.0018343014368694588,0.0,0.35952956693778854,0.001825595259568623,1.0,0.20141910631689894,
2804,sim_2804,6,0.0018343014368694588,0.0,0.36364647026125624,0.002179747375875487,1.0,0.20141910631689894,
2805,sim_2805,6,0.0018343014368694588,0.0,0.35807334428024085,0.0015866828026449276,1.0,0.20141910631689894,
2806,sim_2806,6,0.0018343014368694588,0.0,0.36163626312880043,0.0018221814399868236,1.0,0.20141910631689894,
2807,sim_2807,6,0.0018343014368694588,0.0,0.36810713481881613,0.002365483502363785,1.0,0.20141910631689894,
2808,sim_2808,6,0.0018343014368694588,0.0,0.3696880650994575,0.0023114236457956695,1.0,0.20141910631689894,
2809,sim_2809,6,0.0018343014368694588,0.0,0.36935411020776876,0.0023146823242231798,1.0,0.20141910631689894,
2810,sim_2810,6,0.0018343014368694588,0.0,0.36699203410748343,0.0024117749540981267,1.0,0.20141910631689894,
2811,sim_2811,6,0.0018343014368694588,0.0,0.3631619851226824,0.0019292884649126573,1.0,0.20141910631689894,
2813,sim_2813,6,0.0018343014368694588,0.0,0.35488770749701637,0.001203458385752012,1.0,0.20141910631689894,
2814,sim_2814,6,0.0018343014368694588,0.0,0.3650669642857143,0.002154537256337534,1.0,0.20141910631689894,
2815,sim_2815,6,0.0018343014368694588,0.0,0.35776003499945314,0.001606806837316863,1.0,0.20141910631689894,
2816,sim_2816,6,0.0018343014368694588,0.0,0.35531175320443187,0.001346419985049454,1.0,0.20141910631689894,
2817,sim_2817,6,0.0018343014368694588,0.0,0.3723816029143898,0.0027057855329199135,1.0,0.20141910631689894,
2819,sim_2819,6,0.0018343014368694588,0.0,0.3560853472675811,0.0012596127468419102,1.0,0.20141910631689894,
1188,sim_1188,6,0.0018343014368694588,0.0,0.34931653139683894,0.0011424884938134388,1.0,0.20141910631689894,
1190,sim_1190,6,0.0018343014368694588,0.0,0.3575254126134004,0.0017403778700264064,1.0,0.20141910631689894,
1191,sim_1191,6,0.0018343014368694588,0.0,0.3683973420430229,0.002560821286343581,1.0,0.20141910631689894,
1193,sim_1193,6,0.0018343014368694588,0.0,0.36453805862030536,0.002044323911690641,1.0,0.20141910631689894,
1195,sim_1195,6,0.0018343014368694588,0.0,0.35643456467255097,0.0016683819738559271,1.0,0.20141910631689894,
1196,sim_1196,6,0.0018343014368694588,0.0,0.36417279002449343,0.0019463519860165438,1.0,0.20141910631689894,
1199,sim_1199,6,0.0018343014368694588,0.0,0.3583872028048647,0.0017573331910142606,1.0,0.20141910631689894,
1090,sim_1090,6,0.0018343014368694588,0.0,0.3567455556767368,0.0016167427629638308,1.0,0.20141910631689894,
1091,sim_1091,6,0.0018343014368694588,0.0,0.3562016770118698,0.0015371557245411431,1.0,0.20141910631689894,
1092,sim_1092,6,0.0018343014368694588,0.0,0.3665807463857447,0.0021828371277067536,1.0,0.20141910631689894,
1093,sim_1093,6,0.0018343014368694588,0.0,0.35320159809955726,0.0012938340532483766,1.0,0.20141910631689894,
1094,sim_1094,6,0.0018343014368694588,0.0,0.3592137052492862,0.0018628925592542923,1.0,0.20141910631689894,
1098,sim_1098,6,0.0018343014368694588,0.0,0.3782377428307123,0.0031893215567435737,1.0,0.20141910631689894,
2820,sim_2820,6,0.0018343014368694588,0.0,0.36798290021374735,0.002179238895950859,1.0,0.20141910631689894,
2821,sim_2821,6,0.0018343014368694588,0.0,0.36510771291438776,0.0018534106989475487,1.0,0.20141910631689894,
2822,sim_2822,6,0.0018343014368694588,0.0,0.3560853472675811,0.0015213672486852593,1.0,0.20141910631689894,
2823,sim_2823,6,0.0018343014368694588,0.0,0.3614364640883978,0.0016215905259202544,1.0,0.20141910631689894,
2824,sim_2824,6,0.0018343014368694588,0.0,0.360838389409818,0.0014567502470426805,1.0,0.20141910631689894,
2825,sim_2825,6,0.0018343014368694588,0.0,0.3594110537303593,0.001782133385530256,1.0,0.20141910631689894,
2826,sim_2826,6,0.0018343014368694588,0.0,0.34456968292426,0.0008319443756330725,1.0,0.20141910631689894,
2827,sim_2827,6,0.0018343014368694588,0.0,0.360838389409818,0.0015985762651101203,1.0,0.20141910631689894,
2828,sim_2828,6,0.0018343014368694588,0.0,0.3590954001536941,0.0015950086324806097,1.0,0.20141910631689894,
2829,sim_2829,6,0.0018343014368694588,0.0,0.35504178877672854,0.0014373771890230985,1.0,0.20141910631689894,
2830,sim_2830,6,0.0018343014368694588,0.0,0.3514936600042983,0.001153617891643399,1.0,0.20141910631689894,
2831,sim_2831,6,0.0018343014368694588,0.0,0.3514936600042983,0.0011308642449613657,1.0,0.20141910631689894,
2833,sim_2833,6,0.0018343014368694588,0.0,0.3602026208567338,0.002016788523457484,1.0,0.20141910631689894,
2835,sim_2835,6,0.0018343014368694588,0.0,0.364213339271796,0.002196082878909407,1.0,0.20141910631689894,
2837,sim_2837,6,0.0018343014368694588,0.0,0.36328298533984893,0.0022172935358674845,1.0,0.20141910631689894,
2838,sim_2838,6,0.0018343014368694588,0.0,0.36324264297612435,0.0017380910815545068,1.0,0.20141910631689894,
2841,sim_2841,6,0.0018343014368694588,0.0,0.36425389755011134,0.001981863476209431,1.0,0.20141910631689894,
2843,sim_2843,6,0.0018343014368694588,0.0,0.35130490817312854,0.0011053341513869198,1.0,0.20141910631689894,
2844,sim_2844,6,0.0018343014368694588,0.0,0.3621968774222124,0.0016802002814563593,1.0,0.20141910631689894,
2845,sim_2845,6,0.0018343014368694588,0.0,0.360838389409818,0.0018080189940875861,1.0,0.20141910631689894,
2846,sim_2846,6,0.0018343014368694588,0.0,0.3502516329371453,0.0012203756316080158,1.0,0.20141910631689894,
2847,sim_2847,6,0.0018343014368694588,0.0,0.3664985994397759,0.002073405580629186,1.0,0.20141910631689894,
2848,sim_2848,6,0.0018343014368694588,0.0,0.35670665212649943,0.001663613061645158,1.0,0.20141910631689894,
2849,sim_2849,6,0.0018343014368694588,0.0,0.3582302047968459,0.001590769877167695,1.0,0.20141910631689894,
2850,sim_2850,6,0.0018343014368694588,0.0,0.3488322491201877,0.0009670089459317874,1.0,0.20141910631689894,
2852,sim_2852,6,0.0018343014368694588,0.0,0.3574863387978142,0.0017397967159646355,1.0,0.20141910631689894,
2853,sim_2853,6,0.0018343014368694588,0.0,0.35073986703838733,0.0010836204682599054,1.0,0.20141910631689894,
2854,sim_2854,6,0.0018343014368694588,0.0,0.36364647026125624,0.0020114596574483203,1.0,0.20141910631689894,
2855,sim_2855,6,0.0018343014368694588,0.0,0.36666293016477974,0.002266891513166984,1.0,0.20141910631689894,
2856,sim_2856,6,0.0018343014368694588,0.0,0.3605202248429406,0.001598806648557008,1.0,0.20141910631689894,
2857,sim_2857,6,0.0018343014368694588,0.0,0.3638891979085549,0.0020568142547940024,1.0,0.20141910631689894,
2858,sim_2858,6,0.0018343014368694588,0.0,0.3467613696597053,0.0007552589315727859,1.0,0.20141910631689894,
2859,sim_2859,6,0.0018343014368694588,0.0,0.3523265833692374,0.0011591582522662302,1.0,0.20141910631689894,
2861,sim_2861,6,0.0018343014368694588,0.0,0.36686855091969495,0.0021758972956069057,1.0,0.20141910631689894,
2862,sim_2862,6,0.0018343014368694588,0.0,0.3440260832982751,0.0007287581562081074,1.0,0.20141910631689894,
2863,sim_2863,6,0.0018343014368694588,0.0,0.3625983815541514,0.0019434577263085125,1.0,0.20141910631689894,
2864,sim_2864,6,0.0018343014368694588,0.0,0.35327789178096985,0.0014076809019201136,1.0,0.20141910631689894,
2865,sim_2865,6,0.0018343014368694588,0.0,0.3674867992360409,0.0021226442418876062,1.0,0.20141910631689894,
2866,sim_2866,6,0.0018343014368694588,0.0,0.35885902358749316,0.0017925402892958596,1.0,0.20141910631689894,
2867,sim_2867,6,0.0018343014368694588,0.0,0.3650262247517018,0.0020706487018475896,1.0,0.20141910631689894,
2868,sim_2868,6,0.0018343014368694588,0.0,0.3561628919860627,0.0016032386789891447,1.0,0.20141910631689894,
2869,sim_2869,6,0.0018343014368694588,0.0,0.35686231725943707,0.0016845550104956143,1.0,0.20141910631689894,
2870,sim_2870,6,0.0018343014368694588,0.0,0.36922903262219214,0.002437948848535254,1.0,0.20141910631689894,
2871,sim_2871,6,0.0018343014368694588,0.0,0.3719581532863316,0.002751009362187222,1.0,0.20141910631689894,
2872,sim_2872,6,0.0018343014368694588,0.0,0.35925315760571114,0.0019821474588606618,1.0,0.20141910631689894,
2873,sim_2873,6,0.0018343014368694588,0.0,0.36223698781838315,0.0018120511396060113,1.0,0.20141910631689894,
2874,sim_2874,6,0.0018343014368694588,0.0,0.3592137052492862,0.001977559294529725,1.0,0.20141910631689894,
2875,sim_2875,6,0.0018343014368694588,0.0,0.36699203410748343,0.002150561438579258,1.0,0.20141910631689894,
2877,sim_2877,6,0.0018343014368694588,0.0,0.35721306104619416,0.0013636858336845267,1.0,0.20141910631689894,
2878,sim_2878,6,0.0018343014368694588,0.0,0.36756938981908077,0.002370120164993414,1.0,0.20141910631689894,
2879,sim_2879,6,0.0018343014368694588,0.0,0.3448966680725432,0.0007571131541724738,1.0,0.20141910631689894,
2880,sim_2880,6,0.0018343014368694588,0.0,0.3562016770118698,0.001560836353555821,1.0,0.20141910631689894,
2881,sim_2881,6,0.0018343014368694588,0.0,0.3718735788994998,0.0024921178677516395,1.0,0.20141910631689894,
2882,sim_2882,6,0.0018343014368694588,0.0,0.368895906168941,0.002269954631091019,1.0,0.20141910631689894,
2883,sim_2883,6,0.0018343014368694588,0.0,0.3558916331193559,0.0013550118816532475,1.0,0.20141910631689894,
2884,sim_2884,6,0.0018343014368694588,0.0,0.3567844677137871,0.001349773985886045,1.0,0.20141910631689894,
2885,sim_2885,6,0.0018343014368694588,0.0,0.3623172352680549,0.0017313295913455981,1.0,0.20141910631689894,
2886,sim_2886,6,0.0018343014368694588,0.0,0.36617037949177206,0.0021446369293957523,1.0,0.20141910631689894,
2887,sim_2887,6,0.0018343014368694588,0.0,0.3648633575013943,0.002221463596564986,1.0,0.20141910631689894,
2889,sim_2889,6,0.0018343014368694588,0.0,0.3620365246264527,0.0018019552832331098,1.0,0.20141910631689894,
2890,sim_2890,6,0.0018343014368694588,0.0,0.34927923117992526,0.0010658464791486531,1.0,0.20141910631689894,
2891,sim_2891,6,0.0018343014368694588,0.0,0.3681485649971863,0.0022820844019932635,1.0,0.20141910631689894,
2892,sim_2892,6,0.0018343014368694588,0.0,0.3527064912659047,0.0012806274791725093,1.0,0.20141910631689894,
2893,sim_2893,6,0.0018343014368694588,0.0,0.3600440286186021,0.0016430879043520079,1.0,0.20141910631689894,
2894,sim_2894,6,0.0018343014368694588,0.0,0.3625983815541514,0.001811375684811962,1.0,0.20141910631689894,
2895,sim_2895,6,0.0018343014368694588,0.0,0.36543402971735,0.002360027649724752,1.0,0.20141910631689894,
2896,sim_2896,6,0.0018343014368694588,0.0,0.35862295800899024,0.0015996522513569643,1.0,0.20141910631689894,
2897,sim_2897,6,0.0018343014368694588,0.0,0.35519600390921924,0.0013471877322667946,1.0,0.20141910631689894,
2898,sim_2898,6,0.0018343014368694588,0.0,0.35826944140197153,0.0015770147649187,1.0,0.20141910631689894,
1175,sim_1175,6,0.0018343014368694588,0.0,0.37382857142857145,0.0024625988090017812,1.0,0.20141910631689894,
1176,sim_1176,6,0.0018343014368694588,0.0,0.3730185882084616,0.0027810610598388995,1.0,0.20141910631689894,
3235,sim_3235,6,0.0018343014368694588,0.0,0.3446786090621707,0.0007697756880661691,1.0,0.20141910631689894,
3240,sim_3240,6,0.0018343014368694588,0.0,0.35768179332968836,0.0017218790219291002,1.0,0.20141910631689894,
1104,sim_1104,6,0.0018343014368694588,0.0,0.3657200357781753,0.0022662947773837445,1.0,0.20141910631689894,
1111,sim_1111,6,0.0018343014368694588,0.0,0.3647413024085638,0.0021976440610820616,1.0,0.20141910631689894,
1112,sim_1112,6,0.0018343014368694588,0.0,0.3655565489494859,0.0021605654717692245,1.0,0.20141910631689894,
1113,sim_1113,6,0.0018343014368694588,0.0,0.3724240009108505,0.0026445669831351047,1.0,0.20141910631689894,
1114,sim_1114,6,0.0018343014368694588,0.0,0.37863178608635256,0.003066554165751631,1.0,0.20141910631689894,
1116,sim_1116,6,0.0018343014368694588,0.0,0.37174678940788725,0.0024162247746821338,1.0,0.20141910631689894,
1185,sim_1185,6,0.0018343014368694588,0.0,0.3683143790113726,0.0022146762450542335,1.0,0.20141910631689894,
2900,sim_2900,6,0.0018343014368694588,0.0,0.37002262443438916,0.00257529180691622,1.0,0.20141910631689894,
2901,sim_2901,6,0.0018343014368694588,0.0,0.3583872028048647,0.0012827685645110676,1.0,0.20141910631689894,
2902,sim_2902,6,0.0018343014368694588,0.0,0.3495031520461588,0.0010808917149118782,1.0,0.20141910631689894,
2903,sim_2903,6,0.0018343014368694588,0.0,0.34898111597140724,0.0008472432175700449,1.0,0.20141910631689894,
2904,sim_2904,6,0.0018343014368694588,0.0,0.3566288704753598,0.0014044926484293146,1.0,0.20141910631689894,
2905,sim_2905,6,0.0018343014368694588,0.0,0.3627994676131322,0.0017037533784379079,1.0,0.20141910631689894,
2906,sim_2906,6,0.0018343014368694588,0.0,0.3723816029143898,0.0026729913167328908,1.0,0.20141910631689894,
2907,sim_2907,6,0.0018343014368694588,0.0,0.37323140118667275,0.002459829078111334,1.0,0.20141910631689894,
2908,sim_2908,6,0.0018343014368694588,0.0,0.33840264845851437,0.0005446871274000356,1.0,0.20141910631689894,
2910,sim_2910,6,0.0018343014368694588,0.0,0.3586622807017544,0.001469894273375813,1.0,0.20141910631689894,
2912,sim_2912,6,0.0018343014368694588,0.0,0.3560465875693915,0.0015790391435960712,1.0,0.20141910631689894,
2913,sim_2913,6,0.0018343014368694588,0.0,0.36036135286989096,0.002031359657433557,1.0,0.20141910631689894,
2914,sim_2914,6,0.0018343014368694588,0.0,0.3615163572060124,0.0016900427323175264,1.0,0.20141910631689894,
2916,sim_2916,6,0.0018343014368694588,0.0,0.35612411540555255,0.001479434530874579,1.0,0.20141910631689894,
2917,sim_2917,6,0.0018343014368694588,0.0,0.36000440237728376,0.001701576362990814,1.0,0.20141910631689894,
2918,sim_2918,6,0.0018343014368694588,0.0,0.3619964586100044,0.0019441309577686605,1.0,0.20141910631689894,
2919,sim_2919,6,0.0018343014368694588,0.0,0.3682314533378363,0.002434625431879092,1.0,0.20141910631689894,
2920,sim_2920,6,0.0018343014368694588,0.0,0.34879505224994667,0.0010252562317535695,1.0,0.20141910631689894,
2921,sim_2921,6,0.0018343014368694588,0.0,0.3528586839266451,0.0009583341728740758,1.0,0.20141910631689894,
2922,sim_2922,6,0.0018343014368694588,0.0,0.35807334428024085,0.0014603598649294866,1.0,0.20141910631689894,
2923,sim_2923,6,0.0018343014368694588,0.0,0.35776003499945314,0.001151048327932948,1.0,0.20141910631689894,
2925,sim_2925,6,0.0018343014368694588,0.0,0.3586622807017544,0.0014061427831373026,1.0,0.20141910631689894,
2926,sim_2926,6,0.0018343014368694588,0.0,0.36765201753400023,0.002433048509426077,1.0,0.20141910631689894,
2927,sim_2927,6,0.0018343014368694588,0.0,0.36263858093126383,0.0019410496404665915,1.0,0.20141910631689894,
2928,sim_2928,6,0.0018343014368694588,0.0,0.3683973420430229,0.0025408234234933088,1.0,0.20141910631689894,
2929,sim_2929,6,0.0018343014368694588,0.0,0.35206113443116993,0.0012498235792410464,1.0,0.20141910631689894,
2930,sim_2930,6,0.0018343014368694588,0.0,0.3659246000671216,0.0020426948767722232,1.0,0.20141910631689894,
2931,sim_2931,6,0.0018343014368694588,0.0,0.37002262443438916,0.0023614548831692606,1.0,0.20141910631689894,
2932,sim_2932,6,0.0018343014368694588,0.0,0.3643350412118512,0.001907100741832854,1.0,0.20141910631689894,
2933,sim_2933,6,0.0018343014368694588,0.0,0.35733012890539656,0.0013749022080453415,1.0,0.20141910631689894,
2934,sim_2934,6,0.0018343014368694588,0.0,0.35686231725943707,0.0014119982806050629,1.0,0.20141910631689894,
2935,sim_2935,6,0.0018343014368694588,0.0,0.3587016120188617,0.0018064155015654405,1.0,0.20141910631689894,
2936,sim_2936,6,0.0018343014368694588,0.0,0.35744727352201944,0.0014842506784729548,1.0,0.20141910631689894,
2938,sim_2938,6,0.0018343014368694588,0.0,0.3554275779637075,0.0012963053926124556,1.0,0.20141910631689894,
2939,sim_2939,6,0.0018343014368694588,0.0,0.3706935630099728,0.002688505609589762,1.0,0.20141910631689894,
2940,sim_2940,6,0.0018343014368694588,0.0,0.35190962883270577,0.0011744084907701167,1.0,0.20141910631689894,
2941,sim_2941,6,0.0018343014368694588,0.0,0.34456968292426,0.0007133095878585451,1.0,0.20141910631689894,
2942,sim_2942,6,0.0018343014368694588,0.0,0.36028196937988766,0.0017133094526375495,1.0,0.20141910631689894,
2943,sim_2943,6,0.0018343014368694588,0.0,0.36860491322965966,0.0021721210796374745,1.0,0.20141910631689894,
2945,sim_2945,6,0.0018343014368694588,0.0,0.3533923941227312,0.001342730431835754,1.0,0.20141910631689894,
2946,sim_2946,6,0.0018343014368694588,0.0,0.3598855759709539,0.001865035884512993,1.0,0.20141910631689894,
2947,sim_2947,6,0.0018343014368694588,0.0,0.35010168040244033,0.0011850751046323018,1.0,0.20141910631689894,
2948,sim_2948,6,0.0018343014368694588,0.0,0.36344444444444446,0.002058996676688883,1.0,0.20141910631689894,
2950,sim_2950,6,0.0018343014368694588,0.0,0.35488770749701637,0.0012320627747682122,1.0,0.20141910631689894,
2951,sim_2951,6,0.0018343014368694588,0.0,0.3639701791476577,0.002005701304510133,1.0,0.20141910631689894,
2952,sim_2952,6,0.0018343014368694588,0.0,0.34668786433492316,0.0009426540605286512,1.0,0.20141910631689894,
2953,sim_2953,6,0.0018343014368694588,0.0,0.358898398068905,0.001439673577517805,1.0,0.20141910631689894,
2954,sim_2954,6,0.0018343014368694588,0.0,0.3579557890129131,0.0015892541402632789,1.0,0.20141910631689894,
2955,sim_2955,6,0.0018343014368694588,0.0,0.3562792724104128,0.0017443537596087545,1.0,0.20141910631689894,
2956,sim_2956,6,0.0018343014368694588,0.0,0.373188819167142,0.002752953006030264,1.0,0.20141910631689894,
2957,sim_2957,6,0.0018343014368694588,0.0,0.36877113866967304,0.0023877403581855955,1.0,0.20141910631689894,
2958,sim_2958,6,0.0018343014368694588,0.0,0.36207659951295107,0.0019527576660185626,1.0,0.20141910631689894,
2959,sim_2959,6,0.0018343014368694588,0.0,0.3596481583287521,0.0016629333521121434,1.0,0.20141910631689894,
2960,sim_2960,6,0.0018343014368694588,0.0,0.36255819108845044,0.001954940855260642,1.0,0.20141910631689894,
2962,sim_2962,6,0.0018343014368694588,0.0,0.3650262247517018,0.0023660311889258743,1.0,0.20141910631689894,
2963,sim_2963,6,0.0018343014368694588,0.0,0.35807334428024085,0.001790002671102956,1.0,0.20141910631689894,
2964,sim_2964,6,0.0018343014368694588,0.0,0.369729851927207,0.002119502291438657,1.0,0.20141910631689894,
2965,sim_2965,6,0.0018343014368694588,0.0,0.3670744024239704,0.002199038430740353,1.0,0.20141910631689894,
2966,sim_2966,6,0.0018343014368694588,0.0,0.36531159258431983,0.0021512099752634068,1.0,0.20141910631689894,
2967,sim_2967,6,0.0018343014368694588,0.0,0.3561628919860627,0.001467624210118985,1.0,0.20141910631689894,
2969,sim_2969,6,0.0018343014368694588,0.0,0.3496899722044045,0.0009644971816472881,1.0,0.20141910631689894,
2970,sim_2970,6,0.0018343014368694588,0.0,0.36131669059980115,0.0017311910314594422,1.0,0.20141910631689894,
2971,sim_2971,6,0.0018343014368694588,0.0,0.3619964586100044,0.0017665567491364138,1.0,0.20141910631689894,
2972,sim_2972,6,0.0018343014368694588,0.0,0.35073986703838733,0.0010326022781810568,1.0,0.20141910631689894,
2973,sim_2973,6,0.0018343014368694588,0.0,0.35323974082073434,0.0013075892646308006,1.0,0.20141910631689894,
2974,sim_2974,6,0.0018343014368694588,0.0,0.3591348265261309,0.0017120849822698674,1.0,0.20141910631689894,
2976,sim_2976,6,0.0018343014368694588,0.0,0.35658999236890876,0.0013883719052407853,1.0,0.20141910631689894,
2977,sim_2977,6,0.0018343014368694588,0.0,0.36457868925546144,0.0019663771110402773,1.0,0.20141910631689894,
2978,sim_2978,6,0.0018343014368694588,0.0,0.3567844677137871,0.0013301839310892022,1.0,0.20141910631689894,
2979,sim_2979,6,0.0018343014368694588,0.0,0.3549262152777778,0.00108031613617491,1.0,0.20141910631689894,
1167,sim_1167,6,0.0018343014368694588,0.0,0.366252379352816,0.0023153178558858747,1.0,0.20141910631689894,
3223,sim_3223,6,0.0018343014368694588,0.0,0.3449330380681219,0.0008125069841609151,1.0,0.20141910631689894,
1122,sim_1122,6,0.0018343014368694588,0.0,0.3751577015712811,0.00281075702351081,1.0,0.20141910631689894,
1123,sim_1123,6,0.0018343014368694588,0.0,0.36457868925546144,0.002191380369759012,1.0,0.20141910631689894,
1125,sim_1125,6,0.0018343014368694588,0.0,0.3643350412118512,0.0022581453567174074,1.0,0.20141910631689894,
1126,sim_1126,6,0.0018343014368694588,0.0,0.3615962856511165,0.0019029117039871524,1.0,0.20141910631689894,
1136,sim_1136,6,0.0018343014368694588,0.0,0.3709878643529545,0.0026631888856097382,1.0,0.20141910631689894,
1132,sim_1132,6,0.0018343014368694588,0.0,0.37421347671891086,0.0029734073835731034,1.0,0.20141910631689894,
1169,sim_1169,6,0.0018343014368694588,0.0,0.3558916331193559,0.0015766805728207737,1.0,0.20141910631689894,
1172,sim_1172,6,0.0018343014368694588,0.0,0.3587803005374575,0.0018613601222557642,1.0,0.20141910631689894,
2980,sim_2980,6,0.0018343014368694588,0.0,0.35130490817312854,0.0012214150557450707,1.0,0.20141910631689894,
2981,sim_2981,6,0.0018343014368694588,0.0,0.36384872080088987,0.0019336172759422468,1.0,0.20141910631689894,
2982,sim_2982,6,0.0018343014368694588,0.0,0.34939115573595386,0.0009906251985925948,1.0,0.20141910631689894,
2983,sim_2983,6,0.0018343014368694588,0.0,0.35949005385207167,0.0018052051160020706,1.0,0.20141910631689894,
2984,sim_2984,6,0.0018343014368694588,0.0,0.3553889613211647,0.0015650613014202251,1.0,0.20141910631689894,
2985,sim_2985,6,0.0018343014368694588,0.0,0.367321729365525,0.002170844551707087,1.0,0.20141910631689894,
2987,sim_2987,6,0.0018343014368694588,0.0,0.36392968402314196,0.0016788015194043953,1.0,0.20141910631689894,
2988,sim_2988,6,0.0018343014368694588,0.0,0.3615962856511165,0.001656457367165767,1.0,0.20141910631689894,
2989,sim_2989,6,0.0018343014368694588,0.0,0.3470188839380437,0.0009497325962948704,1.0,0.20141910631689894,
2990,sim_2990,6,0.0018343014368694588,0.0,0.3488322491201877,0.000831910844114138,1.0,0.20141910631689894,
2991,sim_2991,6,0.0018343014368694588,0.0,0.3579949655247893,0.0017332626092373504,1.0,0.20141910631689894,
2992,sim_2992,6,0.0018343014368694588,0.0,0.3605599647266314,0.0019477997155141796,1.0,0.20141910631689894,
2993,sim_2993,6,0.0018343014368694588,0.0,0.35826944140197153,0.0015174571035747337,1.0,0.20141910631689894,
2994,sim_2994,6,0.0018343014368694588,0.0,0.36139653077008066,0.0017101552465253994,1.0,0.20141910631689894,
2995,sim_2995,6,0.0018343014368694588,0.0,0.36678627494954025,0.0023028108540095035,1.0,0.20141910631689894,
2996,sim_2996,6,0.0018343014368694588,0.0,0.36547486033519555,0.0019079951636254958,1.0,0.20141910631689894,
2997,sim_2997,6,0.0018343014368694588,0.0,0.3605202248429406,0.0016224208232650786,1.0,0.20141910631689894,
2998,sim_2998,6,0.0018343014368694588,0.0,0.351154052603328,0.000840708174492193,1.0,0.20141910631689894,
2999,sim_2999,6,0.0018343014368694588,0.0,0.358898398068905,0.0018601842810345782,1.0,0.20141910631689894,
3000,sim_3000,6,0.0018343014368694588,0.0,0.3583872028048647,0.0014379554985168956,1.0,0.20141910631689894,
3001,sim_3001,6,0.0018343014368694588,0.0,0.3611571160428398,0.0018084049672764787,1.0,0.20141910631689894,
3002,sim_3002,6,0.0018343014368694588,0.0,0.34482395108581065,0.0007943050569977409,1.0,0.20141910631689894,
3003,sim_3003,6,0.0018343014368694588,0.0,0.3650669642857143,0.002141552708855137,1.0,0.20141910631689894,
3004,sim_3004,6,0.0018343014368694588,0.0,0.357838310906903,0.0015926711322151218,1.0,0.20141910631689894,
3005,sim_3005,6,0.0018343014368694588,0.0,0.3495031520461588,0.0010342757591628505,1.0,0.20141910631689894,
3006,sim_3006,6,0.0018343014368694588,0.0,0.3619163531754813,0.0017143540504825677,1.0,0.20141910631689894,
3007,sim_3007,6,0.0018343014368694588,0.0,0.34924193892803757,0.0009411712837762269,1.0,0.20141910631689894,
3008,sim_3008,6,0.0018343014368694588,0.0,0.3533923941227312,0.001241055207816739,1.0,0.20141910631689894,
3009,sim_3009,6,0.0018343014368694588,0.0,0.3573691685786081,0.0017463959716371826,1.0,0.20141910631689894,
3010,sim_3010,6,0.0018343014368694588,0.0,0.35527316172477463,0.0015582436231240777,1.0,0.20141910631689894,
3011,sim_3011,6,0.0018343014368694588,0.0,0.35187177280550774,0.0011531183222445729,1.0,0.20141910631689894,
3012,sim_3012,6,0.0018343014368694588,0.0,0.3516826147726051,0.0009338063979367185,1.0,0.20141910631689894,
3013,sim_3013,6,0.0018343014368694588,0.0,0.360838389409818,0.001889661887103729,1.0,0.20141910631689894,
3014,sim_3014,6,0.0018343014368694588,0.0,0.3570960698689956,0.0014186202782361524,1.0,0.20141910631689894,
3015,sim_3015,6,0.0018343014368694588,0.0,0.366252379352816,0.0019421762050435758,1.0,0.20141910631689894,
3016,sim_3016,6,0.0018343014368694588,0.0,0.35984598459845984,0.0017654724907303525,1.0,0.20141910631689894,
3017,sim_3017,6,0.0018343014368694588,0.0,0.35323974082073434,0.0012521424896338124,1.0,0.20141910631689894,
3018,sim_3018,6,0.0018343014368694588,0.0,0.35434947459646843,0.0013803548971613906,1.0,0.20141910631689894,
3019,sim_3019,6,0.0018343014368694588,0.0,0.35392772127245187,0.0012292536874668762,1.0,0.20141910631689894,
3020,sim_3020,6,0.0018343014368694588,0.0,0.3612767837419925,0.0018517695538905652,1.0,0.20141910631689894,
3021,sim_3021,6,0.0018343014368694588,0.0,0.3560853472675811,0.0015945269831739392,1.0,0.20141910631689894,
3022,sim_3022,6,0.0018343014368694588,0.0,0.36324264297612435,0.0018696974756275849,1.0,0.20141910631689894,
3023,sim_3023,6,0.0018343014368694588,0.0,0.37019013128112266,0.0024895084634024727,1.0,0.20141910631689894,
3025,sim_3025,6,0.0018343014368694588,0.0,0.367693345323741,0.0023385107010211004,1.0,0.20141910631689894,
3026,sim_3026,6,0.0018343014368694588,0.0,0.3522506999784622,0.0009443913607695501,1.0,0.20141910631689894,
3027,sim_3027,6,0.0018343014368694588,0.0,0.3719158612848209,0.002447141443334169,1.0,0.20141910631689894,
3028,sim_3028,6,0.0018343014368694588,0.0,0.35803415061295973,0.0015769151374186016,1.0,0.20141910631689894,
3029,sim_3029,6,0.0018343014368694588,0.0,0.36514847064076805,0.0019546943648301248,1.0,0.20141910631689894,
3031,sim_3031,6,0.0018343014368694588,0.0,0.3561628919860627,0.0014621919933588878,1.0,0.20141910631689894,
3032,sim_3032,6,0.0018343014368694588,0.0,0.3595690887105639,0.0016249531114774403,1.0,0.20141910631689894,
3033,sim_3033,6,0.0018343014368694588,0.0,0.36429446486245687,0.0017896818705159191,1.0,0.20141910631689894,
3034,sim_3034,6,0.0018343014368694588,0.0,0.35251643496066387,0.001349698137102435,1.0,0.20141910631689894,
3035,sim_3035,6,0.0018343014368694588,0.0,0.3617562486175625,0.00177888186844254,1.0,0.20141910631689894,
3036,sim_3036,6,0.0018343014368694588,0.0,0.3630410654827969,0.002026935817786401,1.0,0.20141910631689894,
3037,sim_3037,6,0.0018343014368694588,0.0,0.3671568077225278,0.002048436758548952,1.0,0.20141910631689894,
3038,sim_3038,6,0.0018343014368694588,0.0,0.3530491095520777,0.0014166069178584186,1.0,0.20141910631689894,
3039,sim_3039,6,0.0018343014368694588,0.0,0.3615563170111639,0.001852503501272108,1.0,0.20141910631689894,
3040,sim_3040,6,0.0018343014368694588,0.0,0.3607190119100132,0.0016449233566877227,1.0,0.20141910631689894,
3041,sim_3041,6,0.0018343014368694588,0.0,0.35350697071220144,0.0009758280733303795,1.0,0.20141910631689894,
3043,sim_3043,6,0.0018343014368694588,0.0,0.34643084092353316,0.0009033833133833658,1.0,0.20141910631689894,
3044,sim_3044,6,0.0018343014368694588,0.0,0.37023203169213353,0.0025991059934825094,1.0,0.20141910631689894,
3045,sim_3045,6,0.0018343014368694588,0.0,0.3627994676131322,0.002033508834736588,1.0,0.20141910631689894,
3046,sim_3046,6,0.0018343014368694588,0.0,0.3643350412118512,0.001971503039314823,1.0,0.20141910631689894,
3047,sim_3047,6,0.0018343014368694588,0.0,0.35937156668863984,0.0014993781039878212,1.0,0.20141910631689894,
3048,sim_3048,6,0.0018343014368694588,0.0,0.35362162162162164,0.0012745623019162656,1.0,0.20141910631689894,
3049,sim_3049,6,0.0018343014368694588,0.0,0.36523001339883876,0.0019647363688495676,1.0,0.20141910631689894,
3050,sim_3050,6,0.0018343014368694588,0.0,0.3600836635843241,0.0017489107585984282,1.0,0.20141910631689894,
3051,sim_3051,6,0.0018343014368694588,0.0,0.3440622699063848,0.0007045439172713896,1.0,0.20141910631689894,
3052,sim_3052,6,0.0018343014368694588,0.0,0.35377460523469606,0.0014957228778884634,1.0,0.20141910631689894,
3053,sim_3053,6,0.0018343014368694588,0.0,0.35721306104619416,0.0016320186150230885,1.0,0.20141910631689894,
3054,sim_3054,6,0.0018343014368694588,0.0,0.344605983986515,0.0008056405221471992,1.0,0.20141910631689894,
3056,sim_3056,6,0.0018343014368694588,0.0,0.36028196937988766,0.0019118896972665676,1.0,0.20141910631689894,
3057,sim_3057,6,0.0018343014368694588,0.0,0.36000440237728376,0.0015877764209779144,1.0,0.20141910631689894,
3058,sim_3058,6,0.0018343014368694588,0.0,0.3587409519631498,0.0015625030426903825,1.0,0.20141910631689894,
3059,sim_3059,6,0.0018343014368694588,0.0,0.35327789178096985,0.0012227245301351562,1.0,0.20141910631689894,
3060,sim_3060,6,0.0018343014368694588,0.0,0.3664985994397759,0.0018474954721675375,1.0,0.20141910631689894,
3061,sim_3061,6,0.0018343014368694588,0.0,0.3555821284922274,0.0014937502525894807,1.0,0.20141910631689894,
3062,sim_3062,6,0.0018343014368694588,0.0,0.3516826147726051,0.0008880849763372918,1.0,0.20141910631689894,
3063,sim_3063,6,0.0018343014368694588,0.0,0.3704836334805754,0.0021782459903503257,1.0,0.20141910631689894,
3064,sim_3064,6,0.0018343014368694588,0.0,0.36103752759381896,0.0019823993774283127,1.0,0.20141910631689894,
3065,sim_3065,6,0.0018343014368694588,0.0,0.3614764062327329,0.0014768982964287697,1.0,0.20141910631689894,
3067,sim_3067,6,0.0018343014368694588,0.0,0.3582302047968459,0.0014795573673639123,1.0,0.20141910631689894,
3068,sim_3068,6,0.0018343014368694588,0.0,0.34905559705474337,0.0009856435967362665,1.0,0.20141910631689894,
3069,sim_3069,6,0.0018343014368694588,0.0,0.35858364393773295,0.0016819935740444336,1.0,0.20141910631689894,
3070,sim_3070,6,0.0018343014368694588,0.0,0.35343057806591033,0.0013370119912199773,1.0,0.20141910631689894,
3071,sim_3071,6,0.0018343014368694588,0.0,0.35573681348559,0.0013420934012556918,1.0,0.20141910631689894,
3072,sim_3072,6,0.0018343014368694588,0.0,0.3683143790113726,0.0024363573201232965,1.0,0.20141910631689894,
3073,sim_3073,6,0.0018343014368694588,0.0,0.3650262247517018,0.0022918515908850285,1.0,0.20141910631689894,
3074,sim_3074,6,0.0018343014368694588,0.0,0.3574863387978142,0.0012372215255190468,1.0,0.20141910631689894,
3077,sim_3077,6,0.0018343014368694588,0.0,0.345042194092827,0.0008240688146475795,1.0,0.20141910631689894,
3078,sim_3078,6,0.0018343014368694588,0.0,0.36000440237728376,0.0014601406922915752,1.0,0.20141910631689894,
3079,sim_3079,6,0.0018343014368694588,0.0,0.35312533736370505,0.0009145370125427017,1.0,0.20141910631689894,
3080,sim_3080,6,0.0018343014368694588,0.0,0.3612767837419925,0.0019632460554879,1.0,0.20141910631689894,
3081,sim_3081,6,0.0018343014368694588,0.0,0.357838310906903,0.0013964923811863698,1.0,0.20141910631689894,
3082,sim_3082,6,0.0018343014368694588,0.0,0.3756747444584817,0.0030623250758573606,1.0,0.20141910631689894,
3083,sim_3083,6,0.0018343014368694588,0.0,0.3273946551896707,0.00029082761550280645,1.0,0.20141910631689894,
3084,sim_3084,6,0.0018343014368694588,0.0,0.3601233072773313,0.0015416210647205976,1.0,0.20141910631689894,
3085,sim_3085,6,0.0018343014368694588,0.0,0.34613756613756613,0.0008119214435787106,1.0,0.20141910631689894,
3086,sim_3086,6,0.0018343014368694588,0.0,0.3636060471320587,0.0021117023066707864,1.0,0.20141910631689894,
3087,sim_3087,6,0.0018343014368694588,0.0,0.37863178608635256,0.0030894264097769217,1.0,0.20141910631689894,
3088,sim_3088,6,0.0018343014368694588,0.0,0.3684803424580376,0.0019178936343488876,1.0,0.20141910631689894,
3089,sim_3089,6,0.0018343014368694588,0.0,0.35187177280550774,0.0013415070686508695,1.0,0.20141910631689894,
3090,sim_3090,6,0.0018343014368694588,0.0,0.3422980326496442,0.0006115091014455755,1.0,0.20141910631689894,
3091,sim_3091,6,0.0018343014368694588,0.0,0.35077747989276137,0.0009472395343182629,1.0,0.20141910631689894,
3092,sim_3092,6,0.0018343014368694588,0.0,0.3651892374679022,0.002106308643681539,1.0,0.20141910631689894,
3093,sim_3093,6,0.0018343014368694588,0.0,0.3495031520461588,0.0010303701939134897,1.0,0.20141910631689894,
3094,sim_3094,6,0.0018343014368694588,0.0,0.36063947078280045,0.0015467171319207414,1.0,0.20141910631689894,
3095,sim_3095,6,0.0018343014368694588,0.0,0.3527445271217513,0.001188777022250524,1.0,0.20141910631689894,
3096,sim_3096,6,0.0018343014368694588,0.0,0.3621567759078831,0.0016758780679343578,1.0,0.20141910631689894,
3097,sim_3097,6,0.0018343014368694588,0.0,0.36079858813148025,0.001964297529292565,1.0,0.20141910631689894,
3098,sim_3098,6,0.0018343014368694588,0.0,0.37019013128112266,0.0024625752045335943,1.0,0.20141910631689894,
3099,sim_3099,6,0.0018343014368694588,0.0,0.3688543076229138,0.0022062514073205317,1.0,0.20141910631689894,
3100,sim_3100,6,0.0018343014368694588,0.0,0.3575254126134004,0.0013932854374163366,1.0,0.20141910631689894,
3101,sim_3101,6,0.0018343014368694588,0.0,0.3652707984366276,0.002112596062291007,1.0,0.20141910631689894,
3102,sim_3102,6,0.0018343014368694588,0.0,0.35312533736370505,0.0013656087392388949,1.0,0.20141910631689894,
3103,sim_3103,6,0.0018343014368694588,0.0,0.3548492080711651,0.0012714705313196717,1.0,0.20141910631689894,
3104,sim_3104,6,0.0018343014368694588,0.0,0.3719581532863316,0.0024310556607876196,1.0,0.20141910631689894,
3105,sim_3105,6,0.0018343014368694588,0.0,0.36584274689632035,0.0022030040514076825,1.0,0.20141910631689894,
3106,sim_3106,6,0.0018343014368694588,0.0,0.3567455556767368,0.001319642742873908,1.0,0.20141910631689894,
3107,sim_3107,6,0.0018343014368694588,0.0,0.35949005385207167,0.002049297925737992,1.0,0.20141910631689894,
3108,sim_3108,6,0.0018343014368694588,0.0,0.35846575342465753,0.0018099738016466862,1.0,0.20141910631689894,
3109,sim_3109,6,0.0018343014368694588,0.0,0.3709878643529545,0.002270636579513412,1.0,0.20141910631689894,
3110,sim_3110,6,0.0018343014368694588,0.0,0.3576426853269189,0.0013732470047232016,1.0,0.20141910631689894,
3111,sim_3111,6,0.0018343014368694588,0.0,0.3588196577446248,0.0017959457356843628,1.0,0.20141910631689894,
3112,sim_3112,6,0.0018343014368694588,0.0,0.3672392500280678,0.0023583245099737284,1.0,0.20141910631689894,
3113,sim_3113,6,0.0018343014368694588,0.0,0.3549262152777778,0.0011996321240339105,1.0,0.20141910631689894,
3114,sim_3114,6,0.0018343014368694588,0.0,0.35255442983401597,0.00111680678670615,1.0,0.20141910631689894,
3249,sim_3249,6,0.0018343014368694588,0.0,0.3574863387978142,0.0013351767860143794,1.0,0.20141910631689894,
3116,sim_3116,6,0.0018343014368694588,0.0,0.3538511466897447,0.0014030938351442947,1.0,0.20141910631689894,
3118,sim_3118,6,0.0018343014368694588,0.0,0.35862295800899024,0.0015555427909829372,1.0,0.20141910631689894,
3119,sim_3119,6,0.0018343014368694588,0.0,0.34478760408980713,0.000753532960395493,1.0,0.20141910631689894,
3120,sim_3120,6,0.0018343014368694588,0.0,0.35858364393773295,0.0014493166522399324,1.0,0.20141910631689894,
3121,sim_3121,6,0.0018343014368694588,0.0,0.3448603057459146,0.0007606437465806633,1.0,0.20141910631689894,
3122,sim_3122,6,0.0018343014368694588,0.0,0.3522506999784622,0.0011457426829900948,1.0,0.20141910631689894,
3123,sim_3123,6,0.0018343014368694588,0.0,0.3486463440630996,0.0010146611997988901,1.0,0.20141910631689894,
3125,sim_3125,6,0.0018343014368694588,0.0,0.35729109776078644,0.0015461574475406634,1.0,0.20141910631689894,
3126,sim_3126,6,0.0018343014368694588,0.0,0.358898398068905,0.0013582707515378877,1.0,0.20141910631689894,
3127,sim_3127,6,0.0018343014368694588,0.0,0.3601629597005065,0.0016477651654662234,1.0,0.20141910631689894,
3128,sim_3128,6,0.0018343014368694588,0.0,0.3496899722044045,0.0010871927688202046,1.0,0.20141910631689894,
3129,sim_3129,6,0.0018343014368694588,0.0,0.35073986703838733,0.001200898431880611,1.0,0.20141910631689894,
3130,sim_3130,6,0.0018343014368694588,0.0,0.3707355774679814,0.0025143253101526986,1.0,0.20141910631689894,
3131,sim_3131,6,0.0018343014368694588,0.0,0.34643084092353316,0.0007949681045256228,1.0,0.20141910631689894,
3132,sim_3132,6,0.0018343014368694588,0.0,0.3727210574293528,0.002507595518382932,1.0,0.20141910631689894,
3133,sim_3133,6,0.0018343014368694588,0.0,0.36498549430930594,0.0020725946499508424,1.0,0.20141910631689894,
3134,sim_3134,6,0.0018343014368694588,0.0,0.3696880650994575,0.002524385605486614,1.0,0.20141910631689894,
3136,sim_3136,6,0.0018343014368694588,0.0,0.36690970274817725,0.0021148477693218024,1.0,0.20141910631689894,
3137,sim_3137,6,0.0018343014368694588,0.0,0.3472767809746258,0.0009373194450339722,1.0,0.20141910631689894,
3138,sim_3138,6,0.0018343014368694588,0.0,0.36223698781838315,0.0017943096426956762,1.0,0.20141910631689894,
3139,sim_3139,6,0.0018343014368694588,0.0,0.353087219343696,0.001412886737286258,1.0,0.20141910631689894,
3140,sim_3140,6,0.0018343014368694588,0.0,0.33469763634503225,0.00044446948584776617,1.0,0.20141910631689894,
3141,sim_3141,6,0.0018343014368694588,0.0,0.35010168040244033,0.0009082154782422635,1.0,0.20141910631689894,
3142,sim_3142,6,0.0018343014368694588,0.0,0.3664985994397759,0.0018008058653432974,1.0,0.20141910631689894,
3146,sim_3146,6,0.0018343014368694588,0.0,0.36543402971735,0.002069759640642316,1.0,0.20141910631689894,
3147,sim_3147,6,0.0018343014368694588,0.0,0.36943754235373844,0.002500302042601292,1.0,0.20141910631689894,
3148,sim_3148,6,0.0018343014368694588,0.0,0.3604804937183161,0.0016735140784333855,1.0,0.20141910631689894,
3149,sim_3149,6,0.0018343014368694588,0.0,0.36670403587443945,0.0024155771880957043,1.0,0.20141910631689894,
3150,sim_3150,6,0.0018343014368694588,0.0,0.3665396683101748,0.0018699119141619377,1.0,0.20141910631689894,
3151,sim_3151,6,0.0018343014368694588,0.0,0.359292618629174,0.0015986914785452902,1.0,0.20141910631689894,
3152,sim_3152,6,0.0018343014368694588,0.0,0.34805277718663546,0.0009446503849136234,1.0,0.20141910631689894,
3153,sim_3153,6,0.0018343014368694588,0.0,0.34643084092353316,0.0008280240904555886,1.0,0.20141910631689894,
3154,sim_3154,6,0.0018343014368694588,0.0,0.3458813577244369,0.0007377506950339591,1.0,0.20141910631689894,
3155,sim_3155,6,0.0018343014368694588,0.0,0.3423696880887586,0.0006714075593308947,1.0,0.20141910631689894,
3156,sim_3156,6,0.0018343014368694588,0.0,0.3621166832724455,0.0018437388540864595,1.0,0.20141910631689894,
3157,sim_3157,6,0.0018343014368694588,0.0,0.3569012547735952,0.0015606454877166568,1.0,0.20141910631689894,
3158,sim_3158,6,0.0018343014368694588,0.0,0.3712826333711691,0.002592088728833489,1.0,0.20141910631689894,
3159,sim_3159,6,0.0018343014368694588,0.0,0.36690970274817725,0.0021593462487142384,1.0,0.20141910631689894,
3160,sim_3160,6,0.0018343014368694588,0.0,0.3617162446090899,0.0017372661439192772,1.0,0.20141910631689894,
3161,sim_3161,6,0.0018343014368694588,0.0,0.36384872080088987,0.0018759014812988434,1.0,0.20141910631689894,
3162,sim_3162,6,0.0018343014368694588,0.0,0.36690970274817725,0.0021513556210764557,1.0,0.20141910631689894,
3163,sim_3163,6,0.0018343014368694588,0.0,0.35725207514198337,0.0017197567746965899,1.0,0.20141910631689894,
3164,sim_3164,6,0.0018343014368694588,0.0,0.34427954952110307,0.0006267770726979825,1.0,0.20141910631689894,
3165,sim_3165,6,0.0018343014368694588,0.0,0.37340182648401826,0.002579700104645943,1.0,0.20141910631689894,
3166,sim_3166,6,0.0018343014368694588,0.0,0.3433760235145916,0.0006154340147007585,1.0,0.20141910631689894,
3167,sim_3167,6,0.0018343014368694588,0.0,0.352402499461323,0.0011836535227742913,1.0,0.20141910631689894,
3168,sim_3168,6,0.0018343014368694588,0.0,0.3535451794206658,0.001142517533255316,1.0,0.20141910631689894,
3169,sim_3169,6,0.0018343014368694588,0.0,0.36036135286989096,0.001883979761831018,1.0,0.20141910631689894,
3170,sim_3170,6,0.0018343014368694588,0.0,0.35527316172477463,0.0013821228092487773,1.0,0.20141910631689894,
3171,sim_3171,6,0.0018343014368694588,0.0,0.3635252278284063,0.0020526933391765583,1.0,0.20141910631689894,
3172,sim_3172,6,0.0018343014368694588,0.0,0.3611571160428398,0.001985489932708579,1.0,0.20141910631689894,
3173,sim_3173,6,0.0018343014368694588,0.0,0.3618362831858407,0.0014407443382003836,1.0,0.20141910631689894,
3174,sim_3174,6,0.0018343014368694588,0.0,0.34797872340425534,0.0010187486018097204,1.0,0.20141910631689894,
3175,sim_3175,6,0.0018343014368694588,0.0,0.3683143790113726,0.002338599982600693,1.0,0.20141910631689894,
3176,sim_3176,6,0.0018343014368694588,0.0,0.35320159809955726,0.0013117377661434348,1.0,0.20141910631689894,
3177,sim_3177,6,0.0018343014368694588,0.0,0.359925176056338,0.0016474329941339333,1.0,0.20141910631689894,
3178,sim_3178,6,0.0018343014368694588,0.0,0.35535035306898427,0.0014751302292308032,1.0,0.20141910631689894,
3179,sim_3179,6,0.0018343014368694588,0.0,0.3391394504924832,0.0005425871716361839,1.0,0.20141910631689894,
3180,sim_3180,6,0.0018343014368694588,0.0,0.3622771070993466,0.002178764782081418,1.0,0.20141910631689894,
3181,sim_3181,6,0.0018343014368694588,0.0,0.369479272562973,0.002589583748838314,1.0,0.20141910631689894,
3182,sim_3182,6,0.0018343014368694588,0.0,0.3480898158986911,0.0009084227368167805,1.0,0.20141910631689894,
3183,sim_3183,6,0.0018343014368694588,0.0,0.35893778119170416,0.001536473344548884,1.0,0.20141910631689894,
3184,sim_3184,6,0.0018343014368694588,0.0,0.3530491095520777,0.0011790461305711583,1.0,0.20141910631689894,
3185,sim_3185,6,0.0018343014368694588,0.0,0.3629604971149578,0.0021214800626149,1.0,0.20141910631689894,
3186,sim_3186,6,0.0018343014368694588,0.0,0.3638891979085549,0.0018926607058199017,1.0,0.20141910631689894,
3187,sim_3187,6,0.0018343014368694588,0.0,0.353087219343696,0.001252174454226294,1.0,0.20141910631689894,
3188,sim_3188,6,0.0018343014368694588,0.0,0.35565945416983796,0.001412123044960159,1.0,0.20141910631689894,
3189,sim_3189,6,0.0018343014368694588,0.0,0.35392772127245187,0.0012476052693011922,1.0,0.20141910631689894,
3190,sim_3190,6,0.0018343014368694588,0.0,0.364659977703456,0.002095461831013514,1.0,0.20141910631689894,
3191,sim_3191,6,0.0018343014368694588,0.0,0.36425389755011134,0.0019286105141807382,1.0,0.20141910631689894,
3192,sim_3192,6,0.0018343014368694588,0.0,0.3659246000671216,0.002335071153992563,1.0,0.20141910631689894,
3193,sim_3193,6,0.0018343014368694588,0.0,0.35639572891697535,0.00138212271360478,1.0,0.20141910631689894,
3194,sim_3194,6,0.0018343014368694588,0.0,0.36328298533984893,0.0018764060766603716,1.0,0.20141910631689894,
3195,sim_3195,6,0.0018343014368694588,0.0,0.3567455556767368,0.0013590433302334256,1.0,0.20141910631689894,
3196,sim_3196,6,0.0018343014368694588,0.0,0.37094579269675665,0.0024148722607663436,1.0,0.20141910631689894,
3197,sim_3197,6,0.0018343014368694588,0.0,0.37023203169213353,0.002402592800651324,1.0,0.20141910631689894,
3198,sim_3198,6,0.0018343014368694588,0.0,0.3709878643529545,0.002375993464613101,1.0,0.20141910631689894,
3199,sim_3199,6,0.0018343014368694588,0.0,0.3574863387978142,0.0016534581512830033,1.0,0.20141910631689894,
3200,sim_3200,6,0.0018343014368694588,0.0,0.36674515080165937,0.0021090988561228564,1.0,0.20141910631689894,
3201,sim_3201,6,0.0018343014368694588,0.0,0.36547486033519555,0.0021154600512190555,1.0,0.20141910631689894,
3202,sim_3202,6,0.0018343014368694588,0.0,0.34654094713423034,0.0009427062110692959,1.0,0.20141910631689894,
3203,sim_3203,6,0.0018343014368694588,0.0,0.3618362831858407,0.0018188289019059312,1.0,0.20141910631689894,
3268,sim_3268,6,0.0018343014368694588,0.0,0.36405119643850864,0.0017904891822698205,1.0,0.20141910631689894,
3269,sim_3269,6,0.0018343014368694588,0.0,0.36336369695623194,0.0019427005720537367,1.0,0.20141910631689894,
3270,sim_3270,6,0.0018343014368694588,0.0,0.34599111487201184,0.0007063479493410447,1.0,0.20141910631689894,
3239,sim_3239,6,0.0018343014368694588,0.0,0.3283477213410962,0.00028795739031844297,1.0,0.20141910631689894,
1141,sim_1141,6,0.0018343014368694588,0.0,0.3664575397714542,0.0022232101904696108,1.0,0.20141910631689894,
1143,sim_1143,6,0.0018343014368694588,0.0,0.3611969964664311,0.0016080635788696125,1.0,0.20141910631689894,
1144,sim_1144,6,0.0018343014368694588,0.0,0.35686231725943707,0.0014689430629132114,1.0,0.20141910631689894,
1149,sim_1149,6,0.0018343014368694588,0.0,0.36235737232746207,0.002217204319083546,1.0,0.20141910631689894,
1150,sim_1150,6,0.0018343014368694588,0.0,0.3636060471320587,0.0020428832800970568,1.0,0.20141910631689894,
3250,sim_3250,6,0.0018343014368694588,0.0,0.3662113748320645,0.0021290492413688755,1.0,0.20141910631689894,
1154,sim_1154,6,0.0018343014368694588,0.0,0.3707355774679814,0.002777265041321219,1.0,0.20141910631689894,
1155,sim_1155,6,0.0018343014368694588,0.0,0.37378585304536627,0.0026515189914014916,1.0,0.20141910631689894,
1163,sim_1163,6,0.0018343014368694588,0.0,0.3650262247517018,0.002307619679881946,1.0,0.20141910631689894,
1164,sim_1164,6,0.0018343014368694588,0.0,0.37124049483600047,0.002676584370084427,1.0,0.20141910631689894,
3204,sim_3204,6,0.0018343014368694588,0.0,0.3500267522739433,0.0010191392813267703,1.0,0.20141910631689894,
3205,sim_3205,6,0.0018343014368694588,0.0,0.3607587956325135,0.00159894448509493,1.0,0.20141910631689894,
3206,sim_3206,6,0.0018343014368694588,0.0,0.35854433848514744,0.0015546116415783334,1.0,0.20141910631689894,
3248,sim_3248,6,0.0018343014368694588,0.0,0.35670665212649943,0.0015194423956708327,1.0,0.20141910631689894,
3208,sim_3208,6,0.0018343014368694588,0.0,0.3681485649971863,0.00217024249147031,1.0,0.20141910631689894,
3209,sim_3209,6,0.0018343014368694588,0.0,0.35312533736370505,0.001241157346008061,1.0,0.20141910631689894,
3211,sim_3211,6,0.0018343014368694588,0.0,0.35396602099339897,0.001056175995379721,1.0,0.20141910631689894,
3212,sim_3212,6,0.0018343014368694588,0.0,0.3689791314156796,0.0023409142262749787,1.0,0.20141910631689894,
3213,sim_3213,6,0.0018343014368694588,0.0,0.3688543076229138,0.0022608900194284213,1.0,0.20141910631689894,
3214,sim_3214,6,0.0018343014368694588,0.0,0.35937156668863984,0.0017424806775002302,1.0,0.20141910631689894,
3215,sim_3215,6,0.0018343014368694588,0.0,0.3566288704753598,0.0013908673762512266,1.0,0.20141910631689894,
3216,sim_3216,6,0.0018343014368694588,0.0,0.3617162446090899,0.0017787506821926196,1.0,0.20141910631689894,
3217,sim_3217,6,0.0018343014368694588,0.0,0.36364647026125624,0.0018613493488412484,1.0,0.20141910631689894,
3218,sim_3218,6,0.0018343014368694588,0.0,0.3567844677137871,0.0014070981782654665,1.0,0.20141910631689894,
3219,sim_3219,6,0.0018343014368694588,0.0,0.35320159809955726,0.0009787292843471337,1.0,0.20141910631689894,
3220,sim_3220,6,0.0018343014368694588,0.0,0.36699203410748343,0.001981627451185215,1.0,0.20141910631689894,
3221,sim_3221,6,0.0018343014368694588,0.0,0.36255819108845044,0.0020765270746192447,1.0,0.20141910631689894,
3222,sim_3222,6,0.0018343014368694588,0.0,0.359174261557044,0.0016094035163421725,1.0,0.20141910631689894,
3243,sim_3243,6,0.0018343014368694588,0.0,0.3618362831858407,0.001601002969520252,1.0,0.20141910631689894,
3242,sim_3242,6,0.0018343014368694588,0.0,0.37006448693291094,0.0025025467826772863,1.0,0.20141910631689894,
3253,sim_3253,6,0.0018343014368694588,0.0,0.3476458709745988,0.0007824938012718477,1.0,0.20141910631689894,
3254,sim_3254,6,0.0018343014368694588,0.0,0.35562078712763645,0.0014793177511785822,1.0,0.20141910631689894,
3255,sim_3255,6,0.0018343014368694588,0.0,0.3569402007856831,0.0016367033442023131,1.0,0.20141910631689894,
3256,sim_3256,6,0.0018343014368694588,0.0,0.34909284951974384,0.0010562459385000088,1.0,0.20141910631689894,
3257,sim_3257,6,0.0018343014368694588,0.0,0.36535239584496815,0.0020576524058898756,1.0,0.20141910631689894,
3258,sim_3258,6,0.0018343014368694588,0.0,0.3569402007856831,0.0014125206968397528,1.0,0.20141910631689894,
3259,sim_3259,6,0.0018343014368694588,0.0,0.35396602099339897,0.0011521454466563896,1.0,0.20141910631689894,
3260,sim_3260,6,0.0018343014368694588,0.0,0.3596481583287521,0.0013669997887302647,1.0,0.20141910631689894,
3261,sim_3261,6,0.0018343014368694588,0.0,0.3612767837419925,0.0017639338370892387,1.0,0.20141910631689894,
3262,sim_3262,6,0.0018343014368694588,0.0,0.3583872028048647,0.0015532240226592594,1.0,0.20141910631689894,
3263,sim_3263,6,0.0018343014368694588,0.0,0.36344444444444446,0.0022640636892218096,1.0,0.20141910631689894,
3236,sim_3236,6,0.0018343014368694588,0.0,0.3468349061605344,0.000985828483642737,1.0,0.20141910631689894,
3237,sim_3237,6,0.0018343014368694588,0.0,0.35854433848514744,0.0017104229307002006,1.0,0.20141910631689894,
3238,sim_3238,6,0.0018343014368694588,0.0,0.35554347826086957,0.0013742272917973504,1.0,0.20141910631689894,
3245,sim_3245,6,0.0018343014368694588,0.0,0.36819000450247635,0.002220020986330223,1.0,0.20141910631689894,
